condition,parameter,fixed_value,profile_sse,reference_sse,relative_sse,delta_sse,conditional_gaussian_lr,n_observations,converged,optimized_D,optimized_alpha,optimized_beta
nordholt_h2o2,D_abs,0.0010000000000000002,414.6655687016355,88.32837226155871,4.694590855514968,326.3371964400768,54.12438374481801,35,True,-0.0010000000000000002,1.2091395086773942e-08,999.999239663252
nordholt_h2o2,D_abs,0.0012589254117941675,414.6636416757205,88.32837226155871,4.694569038901963,326.33526941416176,54.124221093108225,35,True,-0.0012589254117941675,1.2091395086773942e-08,999.999239663252
nordholt_h2o2,D_abs,0.001584893192461114,414.6612157019176,88.32837226155871,4.69454157350505,326.33284344035894,54.12401632634561,35,True,-0.0015848931924611136,1.0000008272548792e-08,999.99982385829
nordholt_h2o2,D_abs,0.001995262314968879,414.65816159467215,88.32837226155871,4.694506996764108,326.32978933311347,54.1237585396436,35,True,-0.00199526231496888,1.0000008272548792e-08,999.99982385829
nordholt_h2o2,D_abs,0.0025118864315095794,414.6543167217737,88.32837226155871,4.694463467456367,326.32594446021494,54.12343400442927,35,True,-0.00251188643150958,1.0000008272548792e-08,999.99982385829
nordholt_h2o2,D_abs,0.0031622776601683794,414.6494763457865,88.32837226155871,4.694408667669354,326.32110408422784,54.12302543724083,35,True,-0.003162277660168379,1.0000008272548792e-08,999.99982385829
nordholt_h2o2,D_abs,0.003981071705534973,414.6433827245033,88.32837226155871,4.694339679402875,326.31501046294454,54.122511079152275,35,True,-0.003981071705534972,1.0000008272548792e-08,999.99982385829
nordholt_h2o2,D_abs,0.005011872336272725,414.6357113907281,88.32837226155871,4.694252829237081,326.30733912916935,54.121863536765055,35,True,-0.005011872336272726,1.0000008272548792e-08,999.99982385829
nordholt_h2o2,D_abs,0.006309573444801929,414.62605388192594,88.32837226155871,4.6941434928080845,326.29768162036726,54.12104832298758,35,True,-0.00630957344480193,1.0000008272548792e-08,999.99982385829
nordholt_h2o2,D_abs,0.007943282347242814,414.61389600191296,88.32837226155871,4.694005848700063,326.2855237403543,54.12002201980346,35,True,-0.007943282347242812,1.0000008272548792e-08,999.99982385829
nordholt_h2o2,D_abs,0.01,414.5985904599108,88.32837226155871,4.693832568681306,326.27021819835204,54.11872996504334,35,True,-0.010000000000000004,1.2091395086773942e-08,999.9999999999989
nordholt_h2o2,D_abs,0.012589254117941675,414.5793224346379,88.32837226155871,4.693614427841851,326.2509501730792,54.117103339745725,35,True,-0.012589254117941677,1.2091395086773942e-08,999.9999993092243
nordholt_h2o2,D_abs,0.01584893192461114,414.55506623706714,88.32837226155871,4.693339813955625,326.2266939755084,54.11505550063347,35,True,-0.01584893192461114,1.2091395086773942e-08,999.9999993092243
nordholt_h2o2,D_abs,0.0199526231496888,414.52453077585676,88.32837226155871,4.692994110073299,326.1961585142981,54.11247736182341,35,True,-0.019952623149688802,1.0002441869940079e-08,999.9999999999989
nordholt_h2o2,D_abs,0.025118864315095808,414.486090940095,88.32837226155871,4.692558917679535,326.1577186785363,54.10923157891693,35,True,-0.025118864315095805,1.0002441869940079e-08,999.9999993092243
nordholt_h2o2,D_abs,0.03162277660168379,414.4377012750338,88.32837226155871,4.692011079382256,326.1093290134751,54.10514522430878,35,True,-0.0316227766016838,1.0002441869940079e-08,999.9999989406498
nordholt_h2o2,D_abs,0.039810717055349734,414.37678740096993,88.32837226155871,4.691321449623389,326.0484151394112,54.10000056135897,35,True,-0.03981071705534973,1.0002441869940079e-08,999.9999989406498
nordholt_h2o2,D_abs,0.05011872336272725,414.300109467778,88.32837226155871,4.690453348794304,325.97173720621925,54.093523422489724,35,True,-0.05011872336272725,1.0000000602237158e-08,999.9999999999989
nordholt_h2o2,D_abs,0.06309573444801933,414.2035904922109,88.32837226155871,4.689360619775351,325.8752182306522,54.08536856654812,35,True,-0.06309573444801932,1.0000122399246367e-08,999.999999999998
nordholt_h2o2,D_abs,0.07943282347242818,414.08210062431687,88.32837226155871,4.687985185531706,325.7537283627581,54.07510122654119,35,True,-0.07943282347242818,1.0000122399246367e-08,999.9999993092243
nordholt_h2o2,D_abs,0.1,413.9291861523988,88.32837226155871,4.686253981072675,325.6008138908401,54.06217385063835,35,True,-0.10000000000000002,1.0000122399246367e-08,999.9999993092243
nordholt_h2o2,D_abs,0.12589254117941676,413.73672928735874,88.32837226155871,4.684075101737391,325.4083570258,54.045896774895226,35,True,-0.12589254117941673,1.0000122399246367e-08,999.9999993092243
nordholt_h2o2,D_abs,0.1584893192461114,413.49452135727125,88.32837226155871,4.681332971163873,325.1661490957125,54.02540122957171,35,True,-0.1584893192461114,1.0000122399246367e-08,999.9999993092243
nordholt_h2o2,D_abs,0.19952623149688808,413.1897278696628,88.32837226155871,4.677882285050176,324.8613556081041,53.9995926513639,35,True,-0.19952623149688808,1.002486675751216e-08,999.9999999996836
nordholt_h2o2,D_abs,0.25118864315095824,412.8062188344345,88.32837226155871,4.673540429478642,324.4778465728758,53.96709172384461,35,True,-0.25118864315095824,1.002486675751216e-08,999.9999993092243
nordholt_h2o2,D_abs,0.31622776601683794,412.3237316648226,88.32837226155871,4.668078003790743,323.99535940326393,53.926159861291616,35,True,-0.316227766016838,1.002486675751216e-08,999.9999993092243
nordholt_h2o2,D_abs,0.3981071705534973,411.71682680100383,88.32837226155871,4.661206996794014,323.3884545394451,53.87460493755359,35,True,-0.3981071705534973,1.002486675751216e-08,999.9999993092243
nordholt_h2o2,D_abs,0.5011872336272725,410.9535879252365,88.32837226155871,4.652566071390032,322.62521566367775,53.809661874479865,35,True,-0.5011872336272725,1.0000001301954417e-08,999.9999999999989
nordholt_h2o2,D_abs,0.6309573444801936,409.9940094143718,88.32837226155871,4.641702308294487,321.66563715281313,53.727841151002764,35,True,-0.6309573444801936,1.0000001301954417e-08,999.9999993092243
nordholt_h2o2,D_abs,0.7943282347242822,408.78800395903613,88.32837226155871,4.628048649515805,320.45963169747745,53.62473624451356,35,True,-0.7943282347242822,1.0000003591720261e-08,999.9999999999989
nordholt_h2o2,D_abs,1.0,407.27295404923655,88.32837226155871,4.610896177767394,318.94458178767786,53.49477828672646,35,True,-1.0,1.0000003591720261e-08,999.9999993092243
nordholt_h2o2,D_abs,1.2589254117941675,405.37072416592184,88.32837226155871,4.589360290321378,317.04235190436316,53.33092254207052,35,True,-1.2589254117941675,1.0000005344366575e-08,999.9999999999989
nordholt_h2o2,D_abs,1.584893192461114,402.98404942424173,88.32837226155871,4.562339813428487,314.655677162683,53.12424631173534,35,True,-1.584893192461114,1.0000006925769754e-08,999.9999999999989
nordholt_h2o2,D_abs,1.9952623149688808,399.9922269916141,88.32837226155871,4.528468223179226,311.6638547300554,52.86343096068962,35,True,-1.9952623149688808,1.0000008352467614e-08,999.9999999999989
nordholt_h2o2,D_abs,2.5118864315095824,396.2460688662073,88.32837226155871,4.48605650393783,307.91769660464854,52.53409110724898,35,True,-2.5118864315095824,1.0000009682303295e-08,999.9999999999989
nordholt_h2o2,D_abs,3.1622776601683795,391.5621452455266,88.32837226155871,4.433027975269708,303.2337729839679,52.11790032500465,35,True,-3.1622776601683795,1.000001394505177e-08,999.9999999999989
nordholt_h2o2,D_abs,3.981071705534973,385.716484241528,88.32837226155871,4.366846963955603,297.38811197996927,51.59144305497321,35,True,-3.9810717055349736,1.0000017467929145e-08,999.999999999998
nordholt_h2o2,D_abs,5.011872336272725,378.4381410024491,88.32837226155871,4.284445997508195,290.10976874089033,50.9246939213252,35,True,-5.011872336272725,1.0000017467929145e-08,999.9999993092243
nordholt_h2o2,D_abs,6.309573444801936,369.40348018178736,88.32837226155871,4.182161073770348,281.0751079202287,50.07898406807972,35,True,-6.309573444801936,1.0000031305661168e-08,999.9999999999909
nordholt_h2o2,D_abs,7.943282347242821,358.2327476039687,88.32837226155871,4.055692847403175,269.90437534240994,49.00425374122524,35,True,-7.943282347242821,1.0000042131437954e-08,999.9999999999793
nordholt_h2o2,D_abs,10.0,344.49172867329935,88.32837226155871,3.900125405381496,256.16335641174066,47.635304774563,35,True,-10.000000000000002,1.0000057519846303e-08,999.9999999999518
nordholt_h2o2,D_abs,12.589254117941687,327.7033050058512,88.32837226155871,3.7100571041369745,239.37493274429247,45.886654395804456,35,True,-12.589254117941685,1.00000836978448e-08,999.9999999998798
nordholt_h2o2,D_abs,15.848931924611142,307.3770104157211,88.32837226155871,3.4799351844219855,219.04863815416238,43.645478395639266,35,True,-15.848931924611144,1.0000123793495493e-08,999.9999999996862
nordholt_h2o2,D_abs,17.545306483070398,297.1557454278946,88.32837226155871,3.364216251466228,208.8273731663359,42.46182584249878,35,True,-17.545306483070394,1.0000148790519835e-08,999.9999999995175
nordholt_h2o2,D_abs,18.512282074034445,291.43866140775685,88.32837226155871,3.299490910403582,203.11028914619814,41.78188654489457,35,True,-18.51228207403444,1.0000165462236583e-08,999.9999999993807
nordholt_h2o2,D_abs,19.532550652181268,285.49253226183043,88.32837226155871,3.2321724600157644,197.16416000027172,41.06040747860237,35,True,-19.53255065218127,1.000018294652662e-08,999.9999999992191
nordholt_h2o2,D_abs,19.952623149688787,283.0700242305037,88.32837226155871,3.2047463004556946,194.74165196894498,40.76215254353896,35,True,-19.952623149688787,1.0000191340817952e-08,999.999999999132
nordholt_h2o2,D_abs,20.609049357299522,279.31447989761966,88.32837226155871,3.162228316293561,190.98610763606095,40.29469298651931,35,True,-20.609049357299522,1.0000204928298624e-08,999.999999998989
nordholt_h2o2,D_abs,21.744877203949617,272.9025713857972,88.32837226155871,3.089636595789129,184.5741991242385,39.481871710845475,35,True,-21.744877203949613,1.0000228156950191e-08,999.9999999987066
nordholt_h2o2,D_abs,22.94330400287836,266.25599606911237,88.32837226155871,3.0143881207351235,177.92762380755366,38.61889025936234,35,True,-22.94330400287836,1.000025745656196e-08,999.9999999983087
nordholt_h2o2,D_abs,24.207779774119974,259.3752665922268,88.32837226155871,2.936488694981977,171.0468943306681,37.702509115098565,35,True,-24.20777977411997,1.000028928948084e-08,999.9999999978131
nordholt_h2o2,D_abs,25.11886431509582,254.50165319675128,88.32837226155871,2.8813126142879533,166.17328093519257,37.03860857083672,35,True,-25.118864315095824,1.0000316163448588e-08,999.9999999973388
nordholt_h2o2,D_abs,25.54194467888206,252.26244677463205,88.32837226155871,2.8559616838362016,163.93407451307334,36.729301992726114,35,True,-25.541944678882064,1.000032770445097e-08,999.9999999971212
nordholt_h2o2,D_abs,26.949639498808093,244.92140959147764,88.32837226155871,2.772850934762098,156.59303732991893,35.695660323500334,35,True,-26.949639498808093,1.0000374527620024e-08,999.9999999961743
nordholt_h2o2,D_abs,28.434916692784334,237.35812890931683,88.32837226155871,2.687224080236076,149.02975664775812,34.59780521273809,35,True,-28.434916692784334,1.0000427754412191e-08,999.9999999949141
nordholt_h2o2,D_abs,30.00205206312109,229.58100904988598,88.32837226155871,2.599176268866914,141.25263678832727,33.431810130701905,35,True,-30.002052063121084,1.000049162937778e-08,999.9999999932114
nordholt_h2o2,D_abs,31.622776601683793,221.75719943454754,88.32837226155871,2.5105998645359193,133.42882717298883,32.218260005579005,35,True,-31.62277660168379,1.0000566697024225e-08,999.9999999908782
nordholt_h2o2,D_abs,31.655557064693095,221.60125673014352,88.32837226155871,2.508834376274206,133.2728844685848,32.193638867520946,35,True,-31.655557064693088,1.0000569876846856e-08,999.9999999907787
nordholt_h2o2,D_abs,33.4001917924742,213.43330045646758,88.32837226155871,2.4163617532138724,125.10492819490887,30.879205040401132,35,True,-33.4001917924742,1.0000667466188373e-08,999.9999999873494
nordholt_h2o2,D_abs,35.240978684855016,205.0952630413842,88.32837226155871,2.321963575124586,116.76689077982547,29.484461870446673,35,True,-35.24097868485502,1.0000780701626435e-08,999.9999999826679
nordholt_h2o2,D_abs,37.18321698219227,196.6094935693805,88.32837226155871,2.2258928647205094,108.28112130782179,28.00553429235583,35,True,-37.18321698219226,1.0000919086704305e-08,999.9999999762446
nordholt_h2o2,D_abs,39.232497982213175,188.0031658719847,88.32837226155871,2.1284572675614144,99.67479361042598,26.438910041899167,35,True,-39.23249798221317,1.0001098679959384e-08,999.9999999666665
nordholt_h2o2,D_abs,39.81071705534978,185.63930216415096,88.32837226155871,2.101695043291801,97.31092990259225,25.996046391714508,35,True,-39.81071705534977,1.0001154150212943e-08,999.9999999635986
nordholt_h2o2,D_abs,41.394721136191805,179.3089513899667,88.32837226155871,2.0300266697884517,90.98057912840798,24.781712577797663,35,True,-41.39472113619181,1.0001314689879395e-08,999.9999999538669
nordholt_h2o2,D_abs,43.67611103223516,170.56577521174825,88.32837226155871,1.9310417575302696,82.23740295018953,23.0320869811914,35,True,-43.676111032235156,1.0001591729955171e-08,999.9999999351859
nordholt_h2o2,D_abs,46.08323531457007,161.8196650926517,88.32837226155871,1.832023628981523,73.49129283109298,21.18974074295539,35,True,-46.08323531457007,1.0001950903030719e-08,999.9999999081967
nordholt_h2o2,D_abs,48.6230235904169,153.1247043912381,88.32837226155871,1.7335845829673386,64.7963321296794,19.25669473443498,35,True,-48.6230235904169,1.0002412372369726e-08,999.999999870958
nordholt_h2o2,D_abs,50.118723362727245,148.26031910934464,88.32837226155871,1.6785129773513197,59.93194684778592,18.126789412377992,35,True,-50.11872336272724,1.0002721428481523e-08,999.9999998453972
nordholt_h2o2,D_abs,51.30278737887904,144.5441011199535,88.32837226155871,1.636440222083209,56.21572885839478,17.238315023537304,35,True,-51.302787378879046,1.0003001644165869e-08,999.9999998221048
nordholt_h2o2,D_abs,54.130241159276764,136.15138671232717,88.32837226155871,1.5414230244066374,47.823014450768454,15.144711105447046,35,True,-54.130241159276764,1.0003795247280809e-08,999.9999997591959
nordholt_h2o2,D_abs,57.113524579519314,128.03175967438904,88.32837226155871,1.4494975554996115,39.703387412830324,12.992594402699863,35,True,-57.11352457951931,1.0004854460351576e-08,999.9999996919155
nordholt_h2o2,D_abs,60.26122588844825,120.28359103209614,88.32837226155871,1.3617775121668876,31.955218770537428,10.807679421519243,35,True,-60.26122588844823,1.0006312201996479e-08,999.9999995625773
nordholt_h2o2,D_abs,63.09573444801943,114.02593135791344,88.32837226155871,1.2909321029969725,25.697559096354723,8.937758127032662,35,True,-63.095734448019414,1.0006312201996479e-08,999.9999993092243
nordholt_h2o2,D_abs,63.582406659609276,113.02011042961787,88.32837226155871,1.2795448114332026,24.69173816805916,8.627653951606437,35,True,-63.582406659609276,1.0006312201996479e-08,999.9999993092243
nordholt_h2o2,D_abs,67.08662787762657,106.37112471757666,88.32837226155871,1.2042690473519608,18.04275245601795,6.505547411253211,35,True,-67.08662787762657,1.0006312036656356e-08,440.5441905803913
nordholt_h2o2,D_abs,70.78397746227746,100.48443090481187,88.32837226155871,1.1376234875839955,12.15605864325316,4.512949926243672,35,True,-70.78397746227749,1.0006312027473938e-08,262.4984202854184
nordholt_h2o2,D_abs,74.68509930950285,95.52980624888161,88.32837226155871,1.0815302467705161,7.2014339873229005,2.7431926705835874,35,True,-74.68509930950286,1.0020429410786994e-08,202.3416361518536
nordholt_h2o2,D_abs,78.80122393295696,91.70069688162644,88.32837226155871,1.0381794041226253,3.3723246200677295,1.311401215280103,35,True,-78.80122393295694,1.0020429410786994e-08,169.6544872297175
nordholt_h2o2,D_abs,79.43282347242821,91.24020030503173,88.32837226155871,1.0329659425269435,2.9118280434730224,1.1351977039825334,35,True,-79.4328234724282,1.0020429410786994e-08,165.93696885991793
nordholt_h2o2,D_abs,83.14420079430649,89.217048614214,88.32837226155871,1.0100610520708309,0.8886763526552812,0.3503771817408756,35,True,-83.14420079430646,1.0020429410786994e-08,148.02794574893576
nordholt_h2o2,D_abs,87.72653241535198,88.32837225997125,88.32837226155871,0.9999999999820277,-1.5874661585257854e-09,0.0,35,True,-87.72653241535198,1.0020429410786994e-08,131.62085197410735
nordholt_h2o2,D_abs,92.56141037017218,88.5572517346791,88.32837226155871,1.0025912339066163,0.22887947312038648,0.09057588569387978,35,True,-92.56141037017218,46.49760947452655,999.9999999999989
nordholt_h2o2,D_abs,97.66275326090634,88.75555902047579,88.32837226155871,1.0048363481402338,0.4271867589170739,0.16886417030479042,35,True,-97.66275326090637,101.24588571737759,999.9999999999989
nordholt_h2o2,D_abs,100.0,88.8391365645438,88.32837226155871,1.005782562158766,0.5107643029850806,0.20180675621587943,35,True,-100.00000000000004,126.32977270461251,999.9999999999989
nordholt_h2o2,D_abs,103.0452467864976,88.94191716707753,88.32837226155871,1.0069461815021563,0.6135449055188218,0.24227587723812713,35,True,-103.04524678649759,159.01227868436797,999.9999999999989
nordholt_h2o2,D_abs,108.72438601974807,89.1171227267158,88.32837226155871,1.0089297520712988,0.7887504651570936,0.3111541163893032,35,True,-108.72438601974804,219.96290365635252,999.9999999999989
nordholt_h2o2,D_abs,114.71652001439179,89.28191388641702,88.32837226155871,1.0107954171512938,0.9535416248583033,0.37581469235981335,35,True,-114.7165200143918,284.27307355979053,999.9999999999989
nordholt_h2o2,D_abs,121.03889887059987,89.43697480915168,88.32837226155871,1.0125509224183387,1.108602547592966,0.4365484368131743,35,True,-121.03889887059987,352.1278149427543,999.9999999999989
nordholt_h2o2,D_abs,125.89254117941688,89.54480374896897,88.32837226155871,1.0137716959598004,1.2164314874102615,0.47872047667788226,35,True,-125.89254117941688,404.2194790509819,999.9999999999989
nordholt_h2o2,D_abs,127.70972339441028,89.58293960141987,88.32837226155871,1.0142034468397778,1.254567339861154,0.4936233033532186,35,True,-127.70972339441022,423.72238427940533,999.9999999999989
nordholt_h2o2,D_abs,134.74819749404043,89.72039599841665,88.32837226155871,1.015759644395301,1.3920237368579365,0.5472862742205187,35,True,-134.74819749404048,499.26284810878076,999.9999999999989
nordholt_h2o2,D_abs,142.17458346392164,89.84988882603321,88.32837226155871,1.0172256832716102,1.5215165644744957,0.5977651132626809,35,True,-142.17458346392164,578.9666543018299,999.9999999999989
nordholt_h2o2,D_abs,150.01026031560545,89.97192327209058,88.32837226155871,1.018607282897334,1.6435510105318656,0.6452699873141505,35,True,-150.0102603156055,663.0632572065432,999.9999999999989
nordholt_h2o2,D_abs,158.27778532346545,90.08696797900181,88.32837226155871,1.0199097489562643,1.7585957174431002,0.6899949688114417,35,True,-158.27778532346545,751.7947790446207,999.9999999999989
nordholt_h2o2,D_abs,158.48931924611142,90.08974669041253,88.32837226155871,1.0199412078334016,1.761374428853813,0.6910745189582087,35,True,-158.4893192461114,754.065075311077,999.9999999999989
nordholt_h2o2,D_abs,167.00095896237096,90.19545795706784,88.32837226155871,1.0211380063699158,1.8670856955091324,0.7321194262671001,35,True,-167.00095896237096,845.4166754165547,999.9999999999989
nordholt_h2o2,D_abs,176.204893424275,90.29779731135915,88.32837226155871,1.0222966301696192,1.969425049800435,0.7718093058552457,35,True,-176.20489342427499,944.1985034299457,999.9999999999989
nordholt_h2o2,D_abs,185.91608491096136,90.47994760582247,88.32837226155871,1.0243588247940594,2.1515753442637617,0.8423408026013435,35,True,-185.91608491096136,999.9999999999989,968.3656917345289
nordholt_h2o2,D_abs,196.16248991106582,90.80843396698018,88.32837226155871,1.0280777471827227,2.4800617054214626,0.9691777804933168,35,True,-196.1624899110658,999.9999999999989,883.016407398479
nordholt_h2o2,D_abs,199.52623149688827,90.91802746012426,88.32837226155871,1.029318497921563,2.589655198565552,1.0113925762355938,35,True,-199.5262314968882,999.9999999999989,858.4030711831819
nordholt_h2o2,D_abs,206.973605680959,91.16336886073513,88.32837226155871,1.0320961037386878,2.8349965991764208,1.1057125275496786,35,True,-206.97360568095908,999.9999999999989,808.8408210908069
nordholt_h2o2,D_abs,218.38055516117575,91.5454271798714,88.32837226155871,1.0364215351867496,3.2170549183126838,1.2520881914457254,35,True,-218.3805551611758,999.9999999999989,743.8624939258469
nordholt_h2o2,D_abs,230.4161765728504,91.9553171727498,88.32837226155871,1.0410620598832157,3.6269449111910887,1.408449122422577,35,True,-230.41617657285047,999.9999999999989,686.5437346653636
nordholt_h2o2,D_abs,243.11511795208446,92.39377993482144,88.32837226155871,1.0460260680591307,4.065407673262726,1.574940044819418,35,True,-243.11511795208452,999.9999999999989,635.6701869921221
nordholt_h2o2,D_abs,251.18864315095823,92.67510951276678,88.32837226155871,1.0492111100874413,4.346737251208069,1.681349532032246,35,True,-251.18864315095828,999.9999999999989,607.4256823495683
nordholt_h2o2,D_abs,256.5139368943951,92.86158875628053,88.32837226155871,1.0513223144348003,4.533216494721813,1.7517051628225466,35,True,-256.51393689439516,999.9999999999989,590.2700359675661
nordholt_h2o2,D_abs,270.6512057963839,93.35954831970892,88.32837226155871,1.0569599091360118,5.0311760581502085,1.9388872038547476,35,True,-270.651205796384,999.9999999999989,549.5562931412975
nordholt_h2o2,D_abs,285.56762289759655,93.88849374356171,88.32837226155871,1.0629483068649597,5.560121482002998,2.1366264044800074,35,True,-285.5676228975966,999.9999999999989,512.8848074155685
nordholt_h2o2,D_abs,301.30612944224123,94.44928946920847,88.32837226155871,1.0692972943000063,6.120917207649754,2.345059445061287,35,True,-301.30612944224123,999.9999999999989,479.7232374908299
nordholt_h2o2,D_abs,316.2277660168379,94.98257206358521,88.32837226155871,1.0753347948303862,6.654199802026497,2.5421217550643718,35,True,-316.22776601683796,999.9999999999989,452.4819518533198
nordholt_h2o2,D_abs,317.91203329804625,95.04282799098078,88.32837226155871,1.076016975718053,6.71445572942207,2.5643183406673855,35,True,-317.91203329804614,999.9999999999989,449.6277678688062
nordholt_h2o2,D_abs,335.4331393881329,95.67002843031686,88.32837226155871,1.083117756851875,7.341656168758149,2.7945292968766524,35,True,-335.4331393881329,999.9999999999989,422.22541722053234
nordholt_h2o2,D_abs,353.9198873113873,96.33183495667504,88.32837226155871,1.090610327012666,8.003462695116326,3.035811540166451,35,True,-353.9198873113872,999.9999999999989,397.20042842654516
nordholt_h2o2,D_abs,373.4254965475142,97.02921505944349,88.32837226155871,1.0985056395256527,8.700842797884775,3.2882761335041133,35,True,-373.42549654751406,999.9999999999989,374.2836805966736
nordholt_h2o2,D_abs,394.0061196647846,97.76315767661256,88.32837226155871,1.1068148905440653,9.434785415053852,3.552024788553837,35,True,-394.00611966478476,999.9999999999989,353.24437101219286
nordholt_h2o2,D_abs,398.1071705534977,97.90911301767457,88.32837226155871,1.108467307964708,9.580740756115858,3.60423901253639,35,True,-398.1071705534976,999.9999999999989,349.38241340938055
nordholt_h2o2,D_abs,415.7210039715325,98.5346711875033,88.32837226155871,1.1155494963240307,10.206298925944594,3.8271486865698954,35,True,-415.72100397153235,999.9999999999989,333.88341293936276
nordholt_h2o2,D_abs,438.6326620767599,99.34478127833665,88.32837226155871,1.1247210690598493,11.016409016777942,4.113727320536981,35,True,-438.63266207675997,999.9999999999989,316.02816458397365
nordholt_h2o2,D_abs,501.18723362727246,101.53184026011095,88.32837226155871,1.1494816179726943,13.203467998552242,4.875887581912086,35,True,-501.1872336272723,999.9999999999989,277.24746052426394
nordholt_h2o2,D_abs,630.9573444801943,105.93347871227088,88.32837226155871,1.1993142859983854,17.60510645071217,6.361248779615873,35,True,-630.9573444801943,999.9999999999989,224.91585004236157
nordholt_h2o2,D_abs,794.3282347242822,111.1988932634278,88.32837226155871,1.2589261005981716,22.870521001869093,8.05906697525033,35,True,-794.3282347242821,999.9999999999989,185.8745227618635
nordholt_h2o2,D_abs,999.9999999999998,117.41126644597773,88.32837226155871,1.3292588037091695,29.08289418441902,9.961752375588725,35,True,-999.9999999999998,999.9999999999989,156.06655061587966
nordholt_h2o2,alpha,9.999999999999982e-09,88.32837225995546,88.32837226155871,0.999999999981849,-1.6032544181143749e-09,0.0,35,True,-87.72653173461275,9.999999999999982e-09,131.6211789339591
nordholt_h2o2,alpha,1.0293887356342322e-08,88.3283722601726,88.32837226155871,0.9999999999843073,-1.3861125580660882e-09,0.0,35,True,-87.72653173461275,1.0293887356342305e-08,131.6211789339591
nordholt_h2o2,alpha,1.0861215024247188e-08,88.3283722605918,88.32837226155871,0.9999999999890533,-9.669065548223443e-10,0.0,35,True,-87.72653164141622,1.0861215024247175e-08,131.6211648277225
nordholt_h2o2,alpha,1.145980985795915e-08,88.3283722610341,88.32837226155871,0.9999999999940608,-5.246079126663972e-10,0.0,35,True,-87.7265315833392,1.1459809857959146e-08,131.62115661524703
nordholt_h2o2,alpha,1.2091395086773942e-08,88.32837226150076,88.32837226155871,0.9999999999993439,-5.795186552859377e-11,0.0,35,True,-87.7265315884013,1.2091395086773942e-08,131.62118343493532
nordholt_h2o2,alpha,1.2757788912432941e-08,88.32837226199317,88.32837226155871,1.0000000000049187,4.3445425035315566e-10,1.7215562309005189e-10,35,True,-87.726531673807,1.2757788912432951e-08,131.62116291849208
nordholt_h2o2,alpha,1.346090974334564e-08,88.32837226251269,88.32837226155871,1.0000000000108002,9.539746770315105e-10,3.78008735422332e-10,35,True,-87.7265311552841,1.3460909743345655e-08,131.62120342048803
nordholt_h2o2,alpha,1.4202781717286076e-08,88.32837226306086,88.32837226155871,1.0000000000170064,1.5021441868157126e-09,5.952238701872239e-10,35,True,-87.72653137635,1.4202781717286098e-08,131.62120344092995
nordholt_h2o2,alpha,1.498554052846203e-08,88.32837226363922,88.32837226155871,1.0000000000235543,2.080511762869719e-09,8.243994375947747e-10,35,True,-87.72653137635,1.4985540528462014e-08,131.62120344092995
nordholt_h2o2,alpha,1.5252229565390198e-08,88.32837226383626,88.32837226155871,1.000000000025785,2.2775452634959947e-09,9.02472541130539e-10,35,True,-87.72653137635,1.525222956539017e-08,131.62120344092995
nordholt_h2o2,alpha,1.5811439575731874e-08,88.32837226424948,88.32837226155871,1.0000000000304632,2.6907684969046386e-09,1.066211563466726e-09,35,True,-87.72653162839195,1.5811439575731864e-08,131.62117450392836
nordholt_h2o2,alpha,1.6682856449668406e-08,88.32837226489336,88.32837226155871,1.000000000037753,3.334648113195726e-09,1.321351916747131e-09,35,True,-87.72653162839195,1.6682856449668406e-08,131.62117450392836
nordholt_h2o2,alpha,1.7602299777144746e-08,88.32837226557271,88.32837226155871,1.000000000045444,4.013998022855958e-09,1.5905432526246962e-09,35,True,-87.72653162839195,1.7602299777144752e-08,131.62117450392836
nordholt_h2o2,alpha,1.8572416443146247e-08,88.32837226628953,88.32837226155871,1.0000000000535594,4.7308219564001774e-09,1.8745782703386373e-09,35,True,-87.72653168306532,1.8572416443146266e-08,131.62119034999554
nordholt_h2o2,alpha,1.9595999210598644e-08,88.32837226704585,88.32837226155871,1.000000000062122,5.487137855197943e-09,2.1742729838116423e-09,35,True,-87.72653161373415,1.9595999210598677e-08,131.62122608781058
nordholt_h2o2,alpha,2.0675994760148232e-08,88.32837226784383,88.32837226155871,1.0000000000711562,6.285119980020681e-09,2.4904667216498653e-09,35,True,-87.72653161373415,2.0675994760148206e-08,131.62122608781058
nordholt_h2o2,alpha,2.1815512173038993e-08,88.32837226868583,88.32837226155871,1.0000000000806888,7.1271131218964e-09,2.8241076143158123e-09,35,True,-87.72653158541296,2.1815512173038973e-08,131.6212368486775
nordholt_h2o2,alpha,2.3017831881507033e-08,88.3283722695742,88.32837226155871,1.0000000000907465,8.015490493562538e-09,3.176128249149586e-09,35,True,-87.7265316318873,2.301783188150703e-08,131.6212380178587
nordholt_h2o2,alpha,2.3263050671536238e-08,88.32837226975538,88.32837226155871,1.0000000000927975,8.196664680326649e-09,3.2479141596922356e-09,35,True,-87.72653154990229,2.3263050671536248e-08,131.62123724896065
nordholt_h2o2,alpha,2.428641511245873e-08,88.32837227051155,88.32837226155871,1.0000000001013585,8.952838470577262e-09,3.5475467006641086e-09,35,True,-87.72653154607471,2.4286415112458744e-08,131.6212277403208
nordholt_h2o2,alpha,2.562491385161887e-08,88.32837227150053,88.32837226155871,1.000000000112555,9.941814482772315e-09,3.939427672739259e-09,35,True,-87.72653155165324,2.5624913851618894e-08,131.6212268275735
nordholt_h2o2,alpha,2.7037181356833498e-08,88.32837227254403,88.32837226155871,1.000000000124369,1.0985317544509599e-08,4.352913584866546e-09,35,True,-87.72653155165324,2.703718135683354e-08,131.6212268275735
nordholt_h2o2,alpha,2.852728325079317e-08,88.32837227364504,88.32837226155871,1.000000000136834,1.2086331935279304e-08,4.789193485904417e-09,35,True,-87.72653155165324,2.852728325079313e-08,131.6212268275735
nordholt_h2o2,alpha,3.009950922511009e-08,88.32837227480675,88.32837226155871,1.0000000001499862,1.3248040886537638e-08,5.249518597200583e-09,35,True,-87.72653155165324,3.009950922511007e-08,131.6212268275735
nordholt_h2o2,alpha,3.1758385389442865e-08,88.32837227603248,88.32837226155871,1.0000000001638631,1.4473769738287956e-08,5.735210084153182e-09,35,True,-87.7265316078417,3.1758385389442845e-08,131.62121154689146
nordholt_h2o2,alpha,3.3508687301219225e-08,88.32837227732576,88.32837226155871,1.0000000001785048,1.576704278249963e-08,6.247666827771938e-09,35,True,-87.72653166415967,3.350868730121923e-08,131.6212296303936
nordholt_h2o2,alpha,3.535545371346689e-08,88.32837227869032,88.32837226155871,1.0000000001939537,1.713161168481747e-08,6.78838096780048e-09,35,True,-87.72653166415967,3.5355453713466926e-08,131.6212296303936
nordholt_h2o2,alpha,3.548133892335753e-08,88.32837227878332,88.32837226155871,1.0000000001950065,1.7224607518073753e-08,6.825225939311549e-09,35,True,-87.72653155253253,3.548133892335755e-08,131.6212295009062
nordholt_h2o2,alpha,3.730400108032936e-08,88.3283722801301,88.32837226155871,1.0000000002102538,1.8571384430288163e-08,7.358883501788136e-09,35,True,-87.72653155253253,3.7304001080329407e-08,131.6212295009062
nordholt_h2o2,alpha,3.935993886202505e-08,88.32837228164917,88.32837226155871,1.0000000002274518,2.009045374506968e-08,7.960814229140448e-09,35,True,-87.72653155253253,3.9359938862024984e-08,131.6212295009062
nordholt_h2o2,alpha,4.152918567330986e-08,88.32837228325201,88.32837226155871,1.0000000002455982,2.1693296048397315e-08,8.595937294241489e-09,35,True,-87.72653155253253,4.152918567330982e-08,131.6212295009062
nordholt_h2o2,alpha,4.381798632193078e-08,88.32837228494319,88.32837226155871,1.0000000002647447,2.3384473024634644e-08,9.266063470842139e-09,35,True,-87.72653155253253,4.3817986321930765e-08,131.6212295009062
nordholt_h2o2,alpha,4.623292978612092e-08,88.32837228672756,88.32837226155871,1.0000000002849463,2.516884478609427e-08,9.973120106110585e-09,35,True,-87.72653155253253,4.623292978612091e-08,131.6212295009062
nordholt_h2o2,alpha,4.8780968182889344e-08,88.32837228861028,88.32837226155871,1.0000000003062615,2.7051569873037806e-08,1.0719151120632298e-08,35,True,-87.72653155253253,4.878096818288937e-08,131.6212295009062
nordholt_h2o2,alpha,5.14694367817116e-08,88.32837229059675,88.32837226155871,1.000000000328751,2.9038034199402318e-08,1.1506285922165318e-08,35,True,-87.72653163582302,5.1469436781711675e-08,131.62124575467
nordholt_h2o2,alpha,5.411695265464637e-08,88.32837229255298,88.32837226155871,1.0000000003508982,3.0994272037787596e-08,1.2281436976357039e-08,35,True,-87.72653162282612,5.4116952654646406e-08,131.6212476572495
nordholt_h2o2,alpha,5.4306075121235916e-08,88.32837229269269,88.32837226155871,1.00000000035248,3.1133978950492747e-08,1.2336801578129574e-08,35,True,-87.72653156093686,5.4306075121235836e-08,131.62125808539147
nordholt_h2o2,alpha,5.729904928979576e-08,88.3283722949042,88.32837226155871,1.0000000003775174,3.33454863721272e-08,1.3213107272484507e-08,35,True,-87.72653156093686,5.729904928979569e-08,131.62125808539147
nordholt_h2o2,alpha,6.045697543386972e-08,88.32837229723754,88.32837226155871,1.000000000403934,3.5678823451235075e-08,1.4137689904800833e-08,35,True,-87.72653161230602,6.045697543386966e-08,131.6212593723792
nordholt_h2o2,alpha,8.25404185268019e-08,88.32837231355475,88.32837226155871,1.0000000005886676,5.199603947403375e-08,2.0603364563928966e-08,35,True,-87.72653162111249,8.254041852680195e-08,131.6212590387024
nordholt_h2o2,alpha,1.2589254117941662e-07,88.3283723455871,88.32837226155871,1.0000000009513181,8.402838602705742e-08,3.329613472239895e-08,35,True,-87.7265317096895,1.258925411794165e-07,131.62125562405248
nordholt_h2o2,alpha,1.9201419386388011e-07,88.32837239444343,88.32837226155871,1.00000000150444,1.328847218928786e-07,5.26553966699027e-08,35,True,-87.72653168328941,1.9201419386387998e-07,131.62154405078383
nordholt_h2o2,alpha,2.928644564625237e-07,88.32837246896,88.32837226155871,1.0000000023480708,2.0740128547913628e-07,8.21824796138836e-08,35,True,-87.72653168829478,2.9286445646252357e-07,131.62154323135354
nordholt_h2o2,alpha,4.466835921509635e-07,88.32837258261401,88.32837226155871,1.0000000036347925,3.210552961263602e-07,1.2721773611418133e-07,35,True,-87.72653175682215,4.466835921509632e-07,131.6217167827449
nordholt_h2o2,alpha,6.812920690579608e-07,88.32837275596036,88.32837226155871,1.0000000055973142,4.944016467334222e-07,1.959059953217756e-07,35,True,-87.72653175345388,6.812920690579606e-07,131.62210584110082
nordholt_h2o2,alpha,1.039122303835169e-06,88.32837302034967,88.32837226155871,1.000000008590569,7.587909607309484e-07,3.0066991100946983e-07,35,True,-87.72653183725669,1.0391223038351688e-06,131.6226268543825
nordholt_h2o2,alpha,1.584893192461111e-06,88.32837342359618,88.32837226155871,1.00000001315588,1.1620374635867847e-06,4.60455794906005e-07,35,True,-87.72653199644097,1.5848931924611111e-06,131.62338778070523
nordholt_h2o2,alpha,2.417315480804101e-06,88.32837403862376,88.32837226155871,1.0000000201188475,1.7770650515558373e-06,7.041596546073549e-07,35,True,-87.72653225444223,2.417315480804102e-06,131.624277819846
nordholt_h2o2,alpha,3.6869450645195736e-06,88.32837497664227,88.32837226155871,1.0000000307385213,2.7150835535394435e-06,1.0758482284007925e-06,35,True,-87.72653252583024,3.686945064519575e-06,131.62715443356433
nordholt_h2o2,alpha,5.623413251903491e-06,88.32837640725148,88.32837226155871,1.000000046935007,4.14569277040755e-06,1.6427252061708731e-06,35,True,-87.72653252143338,5.623413251903493e-06,131.62918386718113
nordholt_h2o2,alpha,8.576958985908945e-06,88.32837858906899,88.32837226155871,1.0000000716362152,6.327510277515103e-06,2.5072674415652976e-06,35,True,-87.72653341122361,8.57695898590895e-06,131.6344242869301
nordholt_h2o2,alpha,1.3081774742601928e-05,88.32838191641079,88.32837226155871,1.0000001093063513,9.654852078710974e-06,3.825722086537199e-06,35,True,-87.72653432212243,1.308177474260194e-05,131.6395868685596
nordholt_h2o2,alpha,1.9952623149688786e-05,88.32838699035206,88.32837226155871,1.000000166750422,1.4728793345852864e-05,5.836264280423173e-06,35,True,-87.72653626032215,1.995262314968877e-05,131.65133356657532
nordholt_h2o2,alpha,3.043219887107716e-05,88.32839472697087,88.32837226155871,1.000000254339705,2.2465412158112485e-05,8.901888545563155e-06,35,True,-87.72653928970979,3.0432198871077144e-05,131.6669401176786
nordholt_h2o2,alpha,4.641588833612772e-05,88.32840652173941,88.32837226155871,1.0000003878728865,3.4260180697742726e-05,1.3575548393863241e-05,35,True,-87.72654638122077,4.64158883361277e-05,131.68933240456414
nordholt_h2o2,alpha,7.079457843841373e-05,88.3284244990362,88.32837226155871,1.0000005914008845,5.223747749028007e-05,2.0699024836317437e-05,35,True,-87.72655296706012,7.07945784384137e-05,131.72685431302114
nordholt_h2o2,alpha,0.00010797751623277094,88.32845188976958,88.32837226155871,1.000000901502075,7.962821086948679e-05,3.1552558402313855e-05,35,True,-87.72656269805435,0.0001079775162327709,131.78125897767939
nordholt_h2o2,alpha,0.00016468978654828688,88.32849360013476,88.32837226155871,1.0000013737214095,0.00012133857605078902,4.808021630860089e-05,35,True,-87.72657796713625,0.00016468978654828685,131.86694396231746
nordholt_h2o2,alpha,0.0002511886431509577,88.32855706321202,88.32837226155871,1.0000020922116934,0.0001848016533045893,7.322733266722333e-05,35,True,-87.72660271578543,0.00025118864315095774,131.99608906492512
nordholt_h2o2,alpha,0.0003831186849557285,88.32865350036425,88.32837226155871,1.0000031840143584,0.0002812388055417614,0.00011144032513004352,35,True,-87.72663993658114,0.0003831186849557286,132.19412928816163
nordholt_h2o2,alpha,0.0005843414133735175,88.32879975991126,88.32837226155871,1.0000048398758135,0.00042749835255051494,0.00016939524354532022,35,True,-87.7266964466666,0.0005843414133735176,132.49488932382116
nordholt_h2o2,alpha,0.0008912509381337441,88.32902092710714,88.32837226155871,1.0000073437960173,0.0006486655484252424,0.0002570319168116933,35,True,-87.72678102020268,0.0008912509381337438,132.95461991081487
nordholt_h2o2,alpha,0.0013593563908785241,88.32935386770107,88.32837226155871,1.0000111131465148,0.000981606142360647,0.00038895796674882324,35,True,-87.72690873186045,0.0013593563908785237,133.65663633073953
nordholt_h2o2,alpha,0.002073321573485954,88.32985166683626,88.32837226155871,1.0000167489249454,0.0014794052775499722,0.000586207463930608,35,True,-87.72709737499012,0.0020733215734859535,134.73372340909407
nordholt_h2o2,alpha,0.0031622776601683794,88.33058832625498,88.32837226155871,1.0000250889339353,0.0022160646962703368,0.0008781016724630469,35,True,-87.72737752797691,0.003162277660168379,136.37937023377188
nordholt_h2o2,alpha,0.004823178482239299,88.33166167878623,88.32837226155871,1.0000372407771512,0.00328941722752063,0.0013034029305725716,35,True,-87.72777932488783,0.004823178482239301,138.91109588193763
nordholt_h2o2,alpha,0.007356422544596406,88.33318976554295,88.32837226155871,1.0000545408441353,0.0048175039842419665,0.0019088774893122463,35,True,-87.7283440919382,0.007356422544596408,142.81231484620136
nordholt_h2o2,alpha,0.01122018454301963,88.33529196472378,88.32837226155871,1.0000783406620986,0.0069197031650674035,0.0027418157770198984,35,True,-87.72909920052265,0.011220184543019634,148.85632176693986
nordholt_h2o2,alpha,0.017113283041617775,88.33804380760502,88.32837226155871,1.00010949535012,0.009671546046305934,0.003832127457957804,35,True,-87.73003981889325,0.01711328304161777,158.29460107024744
nordholt_h2o2,alpha,0.02610157215682533,88.34140327530886,88.32837226155871,1.0001475291960726,0.013031013750151033,0.0051631410148846495,35,True,-87.73108146122921,0.02610157215682533,173.16382820713224
nordholt_h2o2,alpha,0.03981071705534969,88.34514153722583,88.32837226155871,1.0001898515192542,0.016769275667115835,0.006644172490731472,35,True,-87.73204481613797,0.03981071705534969,196.7963961058476
nordholt_h2o2,alpha,0.060720219569098836,88.3488618491206,88.32837226155871,1.000231970623224,0.020489587561883127,0.0081180302769711,35,True,-87.73273367689715,0.06072021956909884,234.39047112806068
nordholt_h2o2,alpha,0.09261187281287918,88.3521601487595,88.32837226155871,1.0002693119616237,0.02378788720078262,0.009424649628346311,35,True,-87.7330994062979,0.09261187281287918,293.58087229784405
nordholt_h2o2,alpha,0.14125375446227525,88.35480355798622,88.32837226155871,1.0002992390298922,0.026431296427503526,0.010471799338816474,35,True,-87.73320885736796,0.14125375446227525,385.7235920600867
nordholt_h2o2,alpha,0.21544346900318823,88.35676110729267,88.32837226155871,1.0003214012101331,0.02838884573395717,0.011247235013990756,35,True,-87.73309318995867,0.21544346900318825,528.7512810359324
nordholt_h2o2,alpha,0.32859932476006476,88.35813098043596,88.32837226155871,1.0003369100790076,0.029758718877246793,0.011789866814288081,35,True,-87.73283274631372,0.32859932476006476,749.9823026620184
nordholt_h2o2,alpha,0.5011872336272715,88.35907411654661,88.32837226155871,1.0003475876912684,0.030701854987896127,0.01216345538314886,35,True,-87.73686182516806,0.5011872336272715,999.9999999998274
nordholt_h2o2,alpha,0.7644222742525995,88.36020101449763,88.32837226155871,1.0003603457430945,0.03182875293892096,0.012609829195595406,35,True,-87.76138400407292,0.7644222742525995,999.9999999999989
nordholt_h2o2,alpha,1.165914401179831,88.36191847104402,88.32837226155871,1.000379789739428,0.03354620948530851,0.013290117314600605,35,True,-87.79878583439603,1.165914401179831,999.9999999999989
nordholt_h2o2,alpha,1.7782794100389228,88.36453492271609,88.32837226155871,1.0004094116106916,0.036162661157376874,0.014326473861911004,35,True,-87.8558320250977,1.7782794100389228,999.9999999997794
nordholt_h2o2,alpha,2.7122725793320295,88.36851850968384,88.32837226155871,1.0004545113545877,0.040146248125125794,0.01590428334561807,35,True,-87.94284006450684,2.7122725793320295,999.9999999999989
nordholt_h2o2,alpha,4.136820402388494,88.37457794155489,88.32837226155871,1.0005231125493783,0.046205679996177196,0.018304152079708463,35,True,-88.075546927139,4.136820402388494,999.9999999999989
nordholt_h2o2,alpha,6.309573444801917,88.38378191041473,88.32837226155871,1.0006273142755528,0.055409648856013405,0.021949115867054957,35,True,-88.27795461771663,6.309573444801918,999.9999999999989
nordholt_h2o2,alpha,9.623506263980868,88.397732272091,88.32837226155871,1.0007852517685587,0.0693600105322929,0.027473026689305163,35,True,-88.58667165676412,9.62350626398087,999.9999999999989
nordholt_h2o2,alpha,14.677992676220676,88.4188079940091,88.32837226155871,1.0010238582477506,0.09043573245038772,0.035816706183500246,35,True,-89.05753478448364,14.677992676220674,999.9999999999989
nordholt_h2o2,alpha,22.38721138568338,88.45049241261779,88.32837226155871,1.0013825699255212,0.12212015105907881,0.048356526950780125,35,True,-89.77570759156222,22.387211385683376,999.9999999999989
nordholt_h2o2,alpha,34.145488738336006,88.49777537380689,88.32837226155871,1.0019178787960288,0.16940311224817606,0.06706147051094635,35,True,-90.87108492527399,34.145488738336006,999.9999999999989
nordholt_h2o2,alpha,52.07948328595465,88.56756472045754,88.32837226155871,1.0027079912464654,0.23919245889882745,0.09465159354643035,35,True,-92.54178801470165,52.07948328595465,999.9999999999989
nordholt_h2o2,alpha,79.43282347242788,88.6689190841909,88.32837226155871,1.0038554635833632,0.3405468226321915,0.13468176161579667,35,True,-95.09000131700762,79.43282347242791,999.9999999999989
nordholt_h2o2,alpha,121.15276586285852,88.81270531804594,88.32837226155871,1.005483323694147,0.48433305648723035,0.19139207518080387,35,True,-98.97663528995798,121.15276586285854,999.9999999999989
nordholt_h2o2,alpha,184.7849797422287,89.01004590113196,88.32837226155871,1.0077174935088204,0.6816736395732477,0.26907530970623755,35,True,-104.9047034471642,184.78497974222876,999.9999999999989
nordholt_h2o2,alpha,281.8382931264449,89.26892711726691,88.32837226155871,1.0106483888656186,0.9405548557082,0.3707232918545001,35,True,-113.94649540570113,281.8382931264448,999.9999999999989
nordholt_h2o2,alpha,429.86623470822724,89.58913975695745,88.32837226155871,1.0142736412221585,1.2607674953987384,0.4960456165247721,35,True,-127.73753921348207,429.86623470822707,999.9999999999989
nordholt_h2o2,alpha,655.6418494179785,89.9576338769034,88.32837226155871,1.018445507073538,1.6292616153446886,0.6397108247115524,35,True,-148.7724097961016,655.6418494179783,999.9999999999989
nordholt_h2o2,alpha,999.9999999999998,90.34812056388535,88.32837226155871,1.0228663593657736,2.019748302326633,0.791309485042188,35,True,-180.85586065770562,999.9999999999998,999.9999999999989
nordholt_h2o2,beta,9.999999999999982e-09,94.68050249573294,88.32837226155871,1.0719149472761056,6.352130234174226,2.4306351745723065,35,True,-85.53110168037766,1.0000013607966242e-08,9.999999999999982e-09
nordholt_h2o2,beta,1.5252229565390198e-08,94.68050249399003,88.32837226155871,1.0719149472563736,6.352130232431321,2.43063517392802,35,True,-85.53110168037766,1.0000013607966242e-08,1.525222956539017e-08
nordholt_h2o2,beta,2.3263050671536238e-08,94.6805024913332,88.32837226155871,1.0719149472262945,6.352130229774488,2.430635172945884,35,True,-85.53110148458595,1.0000013607966242e-08,2.3263050671536248e-08
nordholt_h2o2,beta,3.548133892335753e-08,94.68050248727818,88.32837226155871,1.071914947180386,6.352130225719463,2.430635171446883,35,True,-85.53110152331789,1.0000013607966242e-08,3.548133892335755e-08
nordholt_h2o2,beta,5.411695265464637e-08,94.6805024810941,88.32837226155871,1.0719149471103735,6.352130219535383,2.4306351691608477,35,True,-85.53110152331789,1.0000013607966242e-08,5.4116952654646406e-08
nordholt_h2o2,beta,8.25404185268019e-08,94.68050247166191,88.32837226155871,1.071914947003588,6.352130210103198,2.430635165674105,35,True,-85.53110007861528,1.0000003419548696e-08,8.254041852680195e-08
nordholt_h2o2,beta,1.2589254117941662e-07,94.68050245727555,88.32837226155871,1.0719149468407145,6.352130195716839,2.430635160355985,35,True,-85.53109937723057,1.0000000000000018e-08,1.258925411794165e-07
nordholt_h2o2,beta,1.9201419386388011e-07,94.6805024353331,88.32837226155871,1.0719149465922955,6.352130173774384,2.4306351522446445,35,True,-85.53109959480564,1.0000000018419772e-08,1.9201419386387998e-07
nordholt_h2o2,beta,2.928644564625237e-07,94.68050240186669,88.32837226155871,1.0719149462134092,6.3521301403079775,2.4306351398733095,35,True,-85.53109952052583,1.0000000018420412e-08,2.9286445646252357e-07
nordholt_h2o2,beta,4.466835921509635e-07,94.68050235082207,88.32837226155871,1.071914945635513,6.352130089263355,2.430635121003933,35,True,-85.53109952052583,1.000000001842066e-08,4.466835921509632e-07
nordholt_h2o2,beta,6.812920690579608e-07,94.68050227296906,88.32837226155871,1.0719149447541088,6.3521300114103525,2.430635092224458,35,True,-85.53109952052583,1.000000001842066e-08,6.812920690579606e-07
nordholt_h2o2,beta,1.039122303835169e-06,94.6805021542269,88.32837226155871,1.0719149434097823,6.352129892668188,2.4306350483297208,35,True,-85.53110022195726,1.000000001842066e-08,1.0391223038351688e-06
nordholt_h2o2,beta,1.584893192461111e-06,94.68050197311688,88.32837226155871,1.0719149413593652,6.352129711558163,2.4306349813798183,35,True,-85.53109961208803,1.0000000000000018e-08,1.5848931924611111e-06
nordholt_h2o2,beta,2.417315480804101e-06,94.68050169688402,88.32837226155871,1.071914938232025,6.35212943532531,2.430634879266393,35,True,-85.53109961208803,1.000000001842066e-08,2.417315480804102e-06
nordholt_h2o2,beta,3.6869450645195736e-06,94.68050127556735,88.32837226155871,1.0719149334621345,6.352129014008639,2.43063472352067,35,True,-85.53109961208803,1.000000001842066e-08,3.686945064519575e-06
nordholt_h2o2,beta,5.623413251903491e-06,94.68050063296558,88.32837226155871,1.0719149261869887,6.352128371406863,2.430634485973737,35,True,-85.53109961208803,1.000000001842066e-08,5.623413251903493e-06
nordholt_h2o2,beta,8.576958985908945e-06,94.68049965285468,88.32837226155871,1.0719149150907705,6.352127391295966,2.43063412366174,35,True,-85.53109961208803,1.000000001842066e-08,8.57695898590895e-06
nordholt_h2o2,beta,1.3081774742601928e-05,94.68049815796729,88.32837226155871,1.0719148981665665,6.35212589640858,2.4306335710552434,35,True,-85.53110160072244,1.0000000000000018e-08,1.308177474260194e-05
nordholt_h2o2,beta,1.9952623149688786e-05,94.68049587793081,88.32837226155871,1.0719148723533831,6.352123616372097,2.4306327282071494,35,True,-85.53110215319019,1.0000000000000018e-08,1.995262314968877e-05
nordholt_h2o2,beta,3.043219887107716e-05,94.68049240036899,88.32837226155871,1.0719148329825474,6.352120138810278,2.430631442676637,35,True,-85.5311036850327,1.000000001840336e-08,3.0432198871077144e-05
nordholt_h2o2,beta,4.641588833612772e-05,94.68048709631496,88.32837226155871,1.0719147729332803,6.35211483475625,2.430629481957051,35,True,-85.53110571530853,1.0000000018403892e-08,4.64158883361277e-05
nordholt_h2o2,beta,7.079457843841373e-05,94.68047900645746,88.32837226155871,1.071914681344844,6.352106744898748,2.430626491425069,35,True,-85.53110907015312,1.0000000000000018e-08,7.07945784384137e-05
nordholt_h2o2,beta,0.00010797751623277094,94.68046666764066,88.32837226155871,1.07191454165228,6.352094406081946,2.430621930203787,35,True,-85.53111401620347,1.0000000000000018e-08,0.0001079775162327709
nordholt_h2o2,beta,0.00016468978654828688,94.68044784823334,88.32837226155871,1.0719143285904196,6.35207558667463,2.4306149733377636,35,True,-85.53112155964881,1.0000000000000018e-08,0.00016468978654828685
nordholt_h2o2,beta,0.0002511886431509577,94.68041914453781,88.32837226155871,1.071914003624672,6.352046882979096,2.430604362599024,35,True,-85.53113054341613,1.0000008861919271e-08,0.00025118864315095774
nordholt_h2o2,beta,0.0003831186849557285,94.68037536522868,88.32837226155871,1.0719135079820148,6.352003103669972,2.4305881789341486,35,True,-85.53115176649656,1.0000008861919271e-08,0.0003831186849557286
nordholt_h2o2,beta,0.0005843414133735175,94.68030859253746,88.32837226155871,1.0719127520222986,6.351936330978745,2.430563495413325,35,True,-85.5311729406819,1.000000000000009e-08,0.0005843414133735176
nordholt_h2o2,beta,0.0008912509381337441,94.68020675051488,88.32837226155871,1.0719115990289854,6.351834488956172,2.4305258479577905,35,True,-85.53121790532091,1.0000000000000018e-08,0.0008912509381337438
nordholt_h2o2,beta,0.0013593563908785241,94.68005142154702,88.32837226155871,1.0719098404890748,6.351679159988308,2.4304684281599145,35,True,-85.53128207770821,1.0000000000000018e-08,0.0013593563908785237
nordholt_h2o2,beta,0.002073321573485954,94.67981451678014,88.32837226155871,1.0719071583976831,6.3514422552214285,2.430380852402509,35,True,-85.53135203211173,1.000000980393316e-08,0.0020733215734859535
nordholt_h2o2,beta,0.0031622776601683794,94.67945319954829,88.32837226155871,1.071903067784185,6.351080937989579,2.4302472851019274,35,True,-85.53152870185258,1.000000980393316e-08,0.003162277660168379
nordholt_h2o2,beta,0.004823178482239299,94.67890214552129,88.32837226155871,1.071896829086325,6.3505298839625794,2.4300435772601503,35,True,-85.5316867767221,1.0000009503680745e-08,0.004823178482239301
nordholt_h2o2,beta,0.007356422544596406,94.67806174803633,88.32837226155871,1.071887314618171,6.349689486477615,2.429732905697092,35,True,-85.53195972501676,1.0000009503680745e-08,0.007356422544596408
nordholt_h2o2,beta,0.01122018454301963,94.67678014649434,88.32837226155871,1.0718728051065707,6.348407884935625,2.4292591279629603,35,True,-85.53248181056682,1.0000009503680745e-08,0.011220184543019634
nordholt_h2o2,beta,0.017113283041617775,94.67482586533971,88.32837226155871,1.071850679926353,6.346453603781001,2.4285366641628907,35,True,-85.53320239910686,1.0000009503680745e-08,0.01711328304161777
nordholt_h2o2,beta,0.02610157215682533,94.67184619019382,88.32837226155871,1.0718169458602809,6.343473928635106,2.4274351013101256,35,True,-85.53431185964862,1.0000009503680745e-08,0.02610157215682533
nordholt_h2o2,beta,0.03981071705534969,94.66730393804647,88.32837226155871,1.071765521249694,6.338931676487761,2.4257557991153145,35,True,-85.53591714673037,1.0000009503680745e-08,0.03981071705534969
nordholt_h2o2,beta,0.060720219569098836,94.66038161030693,88.32837226155871,1.0716871508737624,6.332009348748215,2.4231964114558635,35,True,-85.5384461103617,1.0000009503680745e-08,0.06072021956909884
nordholt_h2o2,beta,0.09261187281287918,94.64983657899393,88.32837226155871,1.0715677664557888,6.321464317435215,2.4192972442596385,35,True,-85.5422962219998,1.0000009503680745e-08,0.09261187281287918
nordholt_h2o2,beta,0.14125375446227525,94.63378340307301,88.32837226155871,1.071386022181442,6.305411141514298,2.4133605323705463,35,True,-85.54824681525133,1.0000009503680745e-08,0.14125375446227525
nordholt_h2o2,beta,0.21544346900318823,94.60936919568299,88.32837226155871,1.0711096194043397,6.280996934124275,2.4043298514538844,35,True,-85.55721318549548,1.0000009503680745e-08,0.21544346900318825
nordholt_h2o2,beta,0.32859932476006476,94.57229553418458,88.32837226155871,1.0706898940029859,6.243923272625864,2.3906120509375617,35,True,-85.57083491882544,1.0000009503680745e-08,0.32859932476006476
nordholt_h2o2,beta,0.5011872336272715,94.51612848222817,88.32837226155871,1.0700540048711213,6.187756220669456,2.3698191664813297,35,True,-85.5913777165681,1.0000009503680745e-08,0.5011872336272715
nordholt_h2o2,beta,0.7644222742525995,94.43133586852643,88.32837226155871,1.0690940345747069,6.10296360696772,2.3384057607605286,35,True,-85.62251477605602,1.0000009503680745e-08,0.7644222742525995
nordholt_h2o2,beta,1.165914401179831,94.30402191071178,88.32837226155871,1.0676526635344068,5.97564964915307,2.2911863181312015,35,True,-85.66931579405097,1.0000009503680745e-08,1.165914401179831
nordholt_h2o2,beta,1.7782794100389228,94.11444992135954,88.32837226155871,1.065506445003504,5.786077659800824,2.2207577470717874,35,True,-85.73919355068927,1.0000009503680745e-08,1.7782794100389228
nordholt_h2o2,beta,2.7122725793320295,93.83577399646249,88.32837226155871,1.0623514460177668,5.50740173490378,2.116967878502568,35,True,-85.84205333371303,1.0000009503680745e-08,2.7122725793320295
nordholt_h2o2,beta,4.136820402388494,93.43416017145063,88.32837226155871,1.0578046190500672,5.105787909891916,1.966847620411984,35,True,-85.99071710723119,1.0000009503680745e-08,4.136820402388494
nordholt_h2o2,beta,6.309573444801917,92.87295528066284,88.32837226155871,1.0514509992966548,4.544583019104124,1.7559890008769081,35,True,-86.19914172193685,1.000000000003956e-08,6.309573444801918
nordholt_h2o2,beta,9.623506263980868,92.12570826046674,88.32837226155871,1.042991123935391,3.797335998908025,1.4732433048677631,35,True,-86.47744952973689,1.0000000000000018e-08,9.62350626398087
nordholt_h2o2,beta,14.677992676220676,91.20362617161784,88.32837226155871,1.0325518724781308,2.8752539100591292,1.1211649497769778,35,True,-86.82048848967773,1.0000000000000018e-08,14.677992676220674
nordholt_h2o2,beta,22.38721138568338,90.19461248457499,88.32837226155871,1.0211284344456155,1.866240223016277,0.7317913423855682,35,True,-87.1906645807372,1.0000000000000018e-08,22.387211385683376
nordholt_h2o2,beta,26.323597364129622,89.82047155354873,88.32837226155871,1.016892638840571,1.4920992919900158,0.5863040737903769,35,True,-87.3244005495212,1.0000000000000018e-08,26.32359736412962
nordholt_h2o2,beta,27.774371458160974,89.70174087994972,88.32837226155871,1.0155484425131733,1.3733686183910123,0.5400081405403097,35,True,-87.36615382743125,1.0000000000000018e-08,27.77437145816097
nordholt_h2o2,beta,29.30510215701338,89.58637589744849,88.32837226155871,1.0142423504892015,1.2580036358897786,0.4949658363721338,35,True,-87.40630734395782,1.0000000000000018e-08,29.305102157013383
nordholt_h2o2,beta,30.920196114128505,89.47482787954502,88.32837226155871,1.0129794718121987,1.1464556179863052,0.451358611028907,35,True,-87.44467766676988,1.0000000000000018e-08,30.920196114128508
nordholt_h2o2,beta,32.62430284711908,89.36752632999594,88.32837226155871,1.0117646690619417,1.0391540684372274,0.4093601179823304,35,True,-87.48110093538423,1.0000000000000018e-08,32.624302847119075
nordholt_h2o2,beta,34.145488738336006,89.28001089989182,88.32837226155871,1.0107738726976097,0.9516386383331081,0.3750686819383438,35,True,-87.5103781854748,1.000000000002645e-08,34.145488738336006
nordholt_h2o2,beta,34.422328122757484,89.26487137841451,88.32837226155871,1.0106024722620568,0.9364991168557992,0.369133107126967,35,True,-87.51539694137963,1.0000000000000018e-08,34.422328122757484
nordholt_h2o2,beta,36.319448079651885,89.1672262271279,88.32837226155871,1.0094969933679425,0.8388539655691858,0.3308263149965183,35,True,-87.54744728909495,1.0000000190094964e-08,36.31944807965188
nordholt_h2o2,beta,38.321124129266465,89.07490989049789,88.32837226155871,1.0084518440657837,0.7465376289391799,0.2945714524669651,35,True,-87.57713433229144,1.0000000000000515e-08,38.32112412926646
nordholt_h2o2,beta,40.43311867818239,88.98819048667565,88.32837226155871,1.0074700598258857,0.6598182251169362,0.26048039859545086,35,True,-87.60436357628815,1.0000000000024567e-08,40.43311867818239
nordholt_h2o2,beta,42.661511716860886,88.90727934939436,88.32837226155871,1.0065540332399807,0.5789070878356455,0.22864271320944438,35,True,-87.62907713475747,1.0000000000000018e-08,42.661511716860886
nordholt_h2o2,beta,45.01271832266375,88.83232622189367,88.32837226155871,1.005705459609769,0.5039539603349539,0.1991235791976614,35,True,-87.6512455716131,1.0000000000000018e-08,45.012718322663744
nordholt_h2o2,beta,47.49350712751904,88.76341577464295,88.32837226155871,1.004925297522703,0.4350435130842385,0.17196227738148995,35,True,-87.67086954905453,1.0000000000000018e-08,47.49350712751903
nordholt_h2o2,beta,50.111019803396275,88.70056565244022,88.32837226155871,1.0042137467424326,0.37219339088150605,0.14717128203273527,35,True,-87.68798292762888,1.0000000000000018e-08,50.111019803396275
nordholt_h2o2,beta,52.07948328595465,88.65914061067029,88.32837226155871,1.003744757665545,0.3307683491115796,0.1308217230617504,35,True,-87.69876004202825,1.0000000000000018e-08,52.07948328595465
nordholt_h2o2,beta,52.872791621686005,88.64372620512309,88.32837226155871,1.0035702451600776,0.31535394356437507,0.12473604373573943,35,True,-87.7026502217057,1.0000002744869083e-08,52.87279162168601
nordholt_h2o2,beta,55.786773145669706,88.59278199113908,88.32837226155871,1.0029934858167362,0.2644097295803647,0.10461549908395336,35,True,-87.71496611129861,1.0000002507884402e-08,55.7867731456697
nordholt_h2o2,beta,58.86135311852812,88.54755506750297,88.32837226155871,1.0024814541503744,0.2191828059442571,0.08674331493951938,35,True,-87.72505115893928,1.0000002507884402e-08,58.86135311852814
nordholt_h2o2,beta,62.10538261277788,88.5078099973502,88.32837226155871,1.0020314846882963,0.17943773579148115,0.07102984047685068,35,True,-87.73305360511668,1.0000002507884402e-08,62.10538261277789
nordholt_h2o2,beta,65.52820051065763,88.47326042238413,88.32837226155871,1.0016403354563852,0.1448881608254169,0.05736470514564868,35,True,-87.73913792661334,1.0000002507884402e-08,65.52820051065761
nordholt_h2o2,beta,69.13966038881617,88.44357696769396,88.32837226155871,1.0013042774726346,0.1152047061352448,0.04561996745723082,35,True,-87.74348509274714,1.0000002507884402e-08,69.1396603888162
nordholt_h2o2,beta,72.95015888469818,88.41839617644965,88.32837226155871,1.00101919590032,0.09002391489093498,0.035653690548314736,35,True,-87.7462866048062,1.0000002507884402e-08,72.95015888469818
nordholt_h2o2,beta,76.97066562628846,88.39733011731873,88.32837226155871,1.0007806988173158,0.06895785576001856,0.027313798067879588,35,True,-87.74773947503994,1.0000002507884402e-08,76.97066562628844
nordholt_h2o2,beta,79.43282347242788,88.38672083818177,88.32837226155871,1.0006605870246343,0.05834857662306092,0.023112912657314813,35,True,-87.7480441848335,1.0000002507884402e-08,79.43282347242791
nordholt_h2o2,beta,81.21275481137582,88.37997627265011,88.32837226155871,1.0005842291640854,0.051604011091399116,0.020442049903402083,35,True,-87.74804173786258,1.0000002507884402e-08,81.21275481137585
nordholt_h2o2,beta,85.68863852724725,88.36592730377633,88.32837226155871,1.0004251753004845,0.03755504221761896,0.014877972867745778,35,True,-87.74738573246704,1.0000002507884402e-08,85.68863852724724
nordholt_h2o2,beta,90.41120190673226,88.3547803027403,88.32837226155871,1.0002989757481706,0.026408041181582576,0.010462587233971365,35,True,-87.74595465426411,1.0000000014997764e-08,90.41120190673223
nordholt_h2o2,beta,95.3940402218047,88.34614517692013,88.32837226155871,1.0002012141162162,0.01777291536141945,0.007041785637986508,35,True,-87.74392098744069,1.0000000000000018e-08,95.39404022180472
nordholt_h2o2,beta,100.65149802152645,88.33965187198656,88.32837226155871,1.000127700875031,0.011279610427848752,0.004469245268888484,35,True,-87.74144066902836,1.0000000000000018e-08,100.65149802152645
nordholt_h2o2,beta,106.19871042700333,88.33495621502452,88.32837226155871,1.0000745395086226,0.006583953465806758,0.0026087855742005094,35,True,-87.73865212574313,1.0000000114796724e-08,106.19871042700329
nordholt_h2o2,beta,112.05164670223219,88.33174424756797,88.32837226155871,1.0000381755705774,0.003371986009256034,0.0013361194668094936,35,True,-87.73567558812982,1.0000000114796724e-08,112.05164670223222
nordholt_h2o2,beta,118.22715622627125,88.3297350107297,88.32837226155871,1.0000154282156017,0.0013627491709939932,0.0005399833805816962,35,True,-87.73261164217145,1.0000000114796724e-08,118.22715622627123
nordholt_h2o2,beta,121.15276586285852,88.32915013854347,88.32837226155871,1.0000088066491528,0.0007778769847561762,0.0003082313631077782,35,True,-87.73120922944948,1.0000000000016183e-08,121.15276586285854
nordholt_h2o2,beta,124.74301699907721,88.32868183414503,88.32837226155871,1.0000035047921567,0.0003095725863175858,0.00012266751052314283,35,True,-87.72954220793123,1.0000000000008687e-08,124.74301699907717
nordholt_h2o2,beta,131.6179868206481,88.32837226001324,88.32837226155871,0.9999999999825031,-1.5454730828423635e-09,0.0,35,True,-87.72653297207619,1.0000000000000018e-08,131.6179868206481
nordholt_h2o2,beta,138.87185729080483,88.32862679713749,88.32837226155871,1.000002881696699,0.00025453557877597177,0.0001008592391436689,35,True,-87.723630913442,1.0000000018416184e-08,138.8718572908048
nordholt_h2o2,beta,146.5255107850669,88.32929674329502,88.32837226155871,1.0000104664188034,0.0009244817363054381,0.00036632274107954125,35,True,-87.72087033142049,1.000000013174825e-08,146.52551078506693
nordholt_h2o2,beta,154.60098057064252,88.3302613354999,88.32837226155871,1.000021386943887,0.0018890739411858704,0.0007485350316344965,35,True,-87.71827366607447,1.0000000131748711e-08,154.6009805706425
nordholt_h2o2,beta,163.12151423559538,88.33142448710956,88.32837226155871,1.0000345554375418,0.003052225550845833,0.0012094194180757335,35,True,-87.71585211928765,1.0000000000107808e-08,163.12151423559533
nordholt_h2o2,beta,172.11164061378742,88.33271135086676,88.32837226155871,1.0000491245247358,0.0043390893080470505,0.0017193161358054923,35,True,-87.71360997666913,1.000000001842066e-08,172.11164061378744
nordholt_h2o2,beta,181.59724039825943,88.33406491224247,88.32837226155871,1.0000644487217187,0.0056926506837555735,0.002255632574618408,35,True,-87.71154497448119,1.000000001842066e-08,181.59724039825943
nordholt_h2o2,beta,184.7849797422287,88.33451087829673,88.32837226155871,1.000069497677596,0.006138616738013525,0.0024323341960465063,35,True,-87.71091215024005,1.000000001842066e-08,184.78497974222876
nordholt_h2o2,beta,191.6056206463323,88.3354427733055,88.32837226155871,1.0000800480249523,0.007070511746789521,0.0028015687448046125,35,True,-87.70965065424018,1.0000000018420412e-08,191.6056206463324
nordholt_h2o2,beta,202.16559339091188,88.33681423953152,88.32837226155871,1.0000955749297384,0.00844197797280799,0.0033449626961041838,35,True,-87.70791787491193,1.0000000000000018e-08,202.16559339091197
nordholt_h2o2,beta,213.30755858430442,88.33815777570196,88.32837226155871,1.000110785627457,0.009785514143246132,0.0038772821913874837,35,True,-87.70633571633455,1.000000001842066e-08,213.30755858430436
nordholt_h2o2,beta,225.06359161331875,88.33945885644043,88.32837226155871,1.0001255156706488,0.011086594881717815,0.00439277279756211,35,True,-87.7048923556179,1.0000000013815491e-08,225.06359161331866
nordholt_h2o2,beta,237.46753563759515,88.34070820460549,88.32837226155871,1.000139660029172,0.012335943046778652,0.004887759716635083,35,True,-87.70357597987592,1.000000001842066e-08,237.4675356375952
nordholt_h2o2,beta,250.5550990169813,88.3419003877727,88.32837226155871,1.0001531572004285,0.013528126213984137,0.005360091557166696,35,True,-87.70237498779171,1.0000000000000018e-08,250.55509901698127
nordholt_h2o2,beta,264.3639581084299,88.34303272910373,88.32837226155871,1.0001659768788855,0.01466046754501349,0.005808708718655791,35,True,-87.70127867735152,1.0000000018420626e-08,264.36395810842987
nordholt_h2o2,beta,278.9338657283485,88.34410448273546,88.32837226155871,1.0001781106203358,0.015732221176747885,0.006233316618284927,35,True,-87.70027684229584,1.000000001842066e-08,278.9338657283485
nordholt_h2o2,beta,281.8382931264449,88.34430447777882,88.32837226155871,1.000180374842332,0.015932216220107875,0.006312550186107972,35,True,-87.70009346984878,1.000000001842066e-08,281.8382931264448
nordholt_h2o2,beta,294.30676559264055,88.3451162236114,88.32837226155871,1.0001895649339387,0.016743962052686356,0.006634143907194513,35,True,-87.69936026340532,1.0000000000002966e-08,294.3067655926405
nordholt_h2o2,beta,310.52691306388937,88.34606940547809,88.32837226155871,1.0002003562781274,0.017697143919377822,0.007011767332110467,35,True,-87.69852070345365,1.000000001842066e-08,310.5269130638895
nordholt_h2o2,beta,327.64100255328805,88.3469660468297,88.32837226155871,1.0002105075050622,0.01859378527099409,0.0073669873013219415,35,True,-87.69775061119684,1.000000001842066e-08,327.64100255328816
nordholt_h2o2,beta,345.69830194408087,88.34780851151841,88.32837226155871,1.000220045376837,0.019436249959696283,0.007700740964142587,35,True,-87.69704326735088,1.000000001842066e-08,345.698301944081
nordholt_h2o2,beta,364.7507944234909,88.34859935760286,88.32837226155871,1.0002289988542328,0.020227096044152404,0.008014042329909168,35,True,-87.69639270237724,1.000000001842066e-08,364.750794423491
nordholt_h2o2,beta,384.85332813144214,88.34934123420423,88.32837226155871,1.0002373979289851,0.020968972645519557,0.008307941409450964,35,True,-87.69579376663896,1.000000001842066e-08,384.8533281314422
nordholt_h2o2,beta,406.06377405687914,88.35003681140928,88.32837226155871,1.000245272830189,0.02166454985056987,0.00858349645040488,35,True,-87.69524140773922,1.000000001842066e-08,406.06377405687925
nordholt_h2o2,beta,428.44319263623623,88.35068873253105,88.32837226155871,1.0002526534838234,0.022316470972342017,0.008841755030741407,35,True,-87.69473165051856,1.0000000000001474e-08,428.44319263623623
nordholt_h2o2,beta,429.86623470822724,88.35072765319173,88.32837226155871,1.0002530941198238,0.022355391633013255,0.008857173391854203,35,True,-87.69470147966415,1.000000001842066e-08,429.86623470822707
nordholt_h2o2,beta,452.0560095336612,88.35129958135504,88.32837226155871,1.0002595691419336,0.022927319796323786,0.009083741089231313,35,True,-87.69426051275391,1.000000001842066e-08,452.0560095336612
nordholt_h2o2,beta,476.9702011090233,88.3518718594773,88.32837226155871,1.0002660481260652,0.0234995979185868,0.009310445953843768,35,True,-87.69382465272345,1.000000001842066e-08,476.9702011090232
nordholt_h2o2,beta,503.25749010763235,88.35240797060526,88.32837226155871,1.000272117649529,0.02403570904654373,0.009522822128283986,35,True,-87.69342094827734,1.000000001842066e-08,503.25749010763235
nordholt_h2o2,beta,530.9935521350167,88.352910209889,88.32837226155871,1.0002778036966156,0.024537948330291215,0.009721779070977363,35,True,-87.69304665094197,1.000000001842066e-08,530.9935521350166
nordholt_h2o2,beta,560.2582335111608,88.35338075710446,88.32837226155871,1.0002831309454192,0.025008495545748133,0.009908180499596016,35,True,-87.69269933549933,1.000000001842066e-08,560.2582335111607
nordholt_h2o2,beta,591.135781131356,88.35382167294857,88.32837226155871,1.0002881227258948,0.025449411389857346,0.010082842927966996,35,True,-87.69237659721364,1.000000001842066e-08,591.1357811313562
nordholt_h2o2,beta,623.7150849953862,88.35423489792888,88.32837226155871,1.0002928010072865,0.025862636370163727,0.010246535230302044,35,True,-87.69207661522562,1.000000001842066e-08,623.715084995386
nordholt_h2o2,beta,655.6418494179785,88.3545961438947,88.32837226155871,1.0002968908139542,0.026223882335983717,0.01038963627091767,35,True,-87.69181615249676,1.000000001842066e-08,655.6418494179783
nordholt_h2o2,beta,658.0899341032405,88.35462225342532,88.32837226155871,1.0002971864101478,0.026249991866606592,0.010399979065481615,35,True,-87.69179737504207,1.000000001842066e-08,658.0899341032406
nordholt_h2o2,beta,999.9999999999998,88.35692666655372,88.32837226155871,1.0003232755711886,0.028554404995006166,0.011312816511498078,35,True,-87.69017271744403,1.000000001842066e-08,999.9999999999998
nordholt_bac,D_abs,0.0010000000000000002,718.0710391231595,18.033806539086143,39.81805158920971,700.0372325840733,88.42368880757049,24,True,-0.0010000000000000002,1.000049260145703e-08,999.9999999999989
nordholt_bac,D_abs,0.0012589254117941675,718.0587849027304,18.033806539086143,39.81737207540864,700.0249783636442,88.42327923277385,24,True,-0.0012589254117941675,1.000049260145703e-08,999.9999993092243
nordholt_bac,D_abs,0.001584893192461114,718.0433579143739,18.033806539086143,39.816516627152446,700.0095513752877,88.42276360410159,24,True,-0.0015848931924611136,1.000049260145703e-08,999.9999993092243
nordholt_bac,D_abs,0.001995262314968879,718.0239367420994,18.033806539086143,39.81543969576625,699.9901302030132,88.42211445884726,24,True,-0.00199526231496888,1.000049260145703e-08,999.9999993092243
nordholt_bac,D_abs,0.0025118864315095794,717.9994873395699,18.033806539086143,39.81408394192268,699.9656808004837,88.42129722195415,24,True,-0.00251188643150958,1.000049260145703e-08,999.9999993092243
nordholt_bac,D_abs,0.0031622776601683794,717.9687080069448,18.033806539086143,39.812377184530206,699.9349014678586,88.42026836353583,24,True,-0.003162277660168379,1.000049260145703e-08,999.9999993092243
nordholt_bac,D_abs,0.003981071705534973,717.9299601396871,18.033806539086143,39.81022856065683,699.8961536006009,88.41897307879876,24,True,-0.003981071705534972,1.000049260145703e-08,999.9999934138291
nordholt_bac,D_abs,0.005011872336272725,717.88118107638,18.033806539086143,39.80752369281868,699.8473745372938,88.41734236639346,24,True,-0.005011872336272726,1.0002180348804368e-08,999.9999999999989
nordholt_bac,D_abs,0.006309573444801929,717.819774427966,18.033806539086143,39.80411860758163,699.7859678888798,88.41528934893577,24,True,-0.00630957344480193,1.0002180348804368e-08,999.9999049840189
nordholt_bac,D_abs,0.007943282347242814,717.7424720855579,18.033806539086143,39.79983208369991,699.7086655464717,88.41270463869546,24,True,-0.007943282347242812,1.0002180348804368e-08,999.9999049840189
nordholt_bac,D_abs,0.01,717.6451606175383,18.033806539086143,39.79443602559045,699.6113540784521,88.40945049997663,24,True,-0.010000000000000004,1.0004137404076232e-08,999.9999999999989
nordholt_bac,D_abs,0.012589254117941675,717.5226629050347,18.033806539086143,39.78764335471212,699.4888563659485,88.40535349465218,24,True,-0.012589254117941677,1.0004137404076232e-08,999.9999993092243
nordholt_bac,D_abs,0.01584893192461114,717.3684635362,18.033806539086143,39.77909278229134,699.3346569971138,88.40019521497774,24,True,-0.01584893192461114,1.0004137404076232e-08,999.9999993092243
nordholt_bac,D_abs,0.0199526231496888,717.1743635717668,18.033806539086143,39.76832966558536,699.1405570326806,88.39370060347252,24,True,-0.019952623149688802,1.000830732570184e-08,999.9999999999926
nordholt_bac,D_abs,0.025118864315095808,716.930046671459,18.033806539086143,39.75478194897998,698.8962401323728,88.38552322723376,24,True,-0.025118864315095805,1.000830732570184e-08,999.9999993092243
nordholt_bac,D_abs,0.03162277660168379,716.6225340693933,18.033806539086143,39.7377299416071,698.5887275303071,88.37522670562454,24,True,-0.0316227766016838,1.0013432379306268e-08,999.9999999999802
nordholt_bac,D_abs,0.039810717055349734,716.2355003147001,18.033806539086143,39.716268374197334,698.2016937756139,88.36226127553218,24,True,-0.03981071705534973,1.0013432379306268e-08,999.9999049754374
nordholt_bac,D_abs,0.05011872336272725,715.7484148289009,18.033806539086143,39.689258797226245,697.7146082898147,88.34593420371746,24,True,-0.05011872336272725,1.0000049665456601e-08,999.9999999999989
nordholt_bac,D_abs,0.06309573444801933,715.1354659278821,18.033806539086143,39.65526991641563,697.101659388796,88.32537240311002,24,True,-0.06309573444801932,1.0000049665456601e-08,999.999997835175
nordholt_bac,D_abs,0.07943282347242818,714.364213753696,18.033806539086143,39.612502895902544,696.3304072146099,88.29947515494749,24,True,-0.07943282347242818,1.0000049665456601e-08,999.999997835175
nordholt_bac,D_abs,0.1,713.3939063153698,18.033806539086143,39.55869798032783,695.3600997762836,88.26685424839805,24,True,-0.10000000000000002,1.0000049665456601e-08,999.999997835175
nordholt_bac,D_abs,0.12589254117941676,712.1733783689078,18.033806539086143,39.49101798476968,694.1395718298216,88.22575807821059,24,True,-0.12589254117941673,1.0000049665456601e-08,999.999997835175
nordholt_bac,D_abs,0.1584893192461114,710.6384361533642,18.033806539086143,39.405903274671346,692.604629614278,88.17397522528748,24,True,-0.1584893192461114,1.0000049665456601e-08,999.999997835175
nordholt_bac,D_abs,0.19952623149688808,708.708612340293,18.033806539086143,39.29889182321275,690.6748058012068,88.10871169428049,24,True,-0.19952623149688808,1.0000191217027422e-08,999.999999999997
nordholt_bac,D_abs,0.25118864315095824,706.2831558360705,18.033806539086143,39.16439684019485,688.2493492969843,88.02643416529108,24,True,-0.25118864315095824,1.0000191217027422e-08,999.9999993092243
nordholt_bac,D_abs,0.31622776601683794,703.2361022342878,18.033806539086143,38.99543342167427,685.2022956952017,87.92266914052632,24,True,-0.316227766016838,1.0000191217027422e-08,999.9999993092243
nordholt_bac,D_abs,0.3981071705534973,699.4102564728387,18.033806539086143,38.78328487981446,681.3764499337525,87.79174444177728,24,True,-0.3981071705534973,1.0000191217027422e-08,999.9999993092243
nordholt_bac,D_abs,0.5011872336272725,694.6099163427124,18.033806539086143,38.517099251188455,676.5761098036262,87.62645469813285,24,True,-0.5011872336272725,1.000004525289276e-08,999.999999999997
nordholt_bac,D_abs,0.6309573444801936,688.5921856445574,18.033806539086143,38.183407599062086,670.5583791054712,87.41762556497093,24,True,-0.6309573444801936,1.000004525289276e-08,999.9999993092243
nordholt_bac,D_abs,0.7943282347242822,681.056788890306,18.033806539086143,37.765559224237876,663.0229823512199,87.15354133581349,24,True,-0.7943282347242822,1.000004525289276e-08,999.9999993092243
nordholt_bac,D_abs,1.0,671.6344386935586,18.033806539086143,37.24307662045007,653.6006321544725,86.8191855603056,24,True,-1.0,1.0000104035239939e-08,999.9999999999714
nordholt_bac,D_abs,1.2589254117941675,659.8740770798966,18.033806539086143,36.59094798703188,641.8402705408104,86.39522128942347,24,True,-1.2589254117941675,1.0000139203731455e-08,999.9999999999358
nordholt_bac,D_abs,1.584893192461114,645.2298021953129,18.033806539086143,35.7789022964649,627.1959956562267,85.85660156065899,24,True,-1.584893192461114,1.0000189217200605e-08,999.9999999998532
nordholt_bac,D_abs,1.9952623149688808,627.049147169084,18.033806539086143,34.77075934079858,609.0153406299978,85.1706428339013,24,True,-1.9952623149688808,1.0000264335402796e-08,999.9999999996427
nordholt_bac,D_abs,2.5118864315095824,604.5658319716622,18.033806539086143,33.524027811950695,586.532025432576,84.29429831638677,24,True,-2.5118864315095824,1.0000380738644206e-08,999.9999999990814
nordholt_bac,D_abs,3.1622776601683795,576.9025377561104,18.033806539086143,31.990059142851642,558.8687312170242,83.17020486603789,24,True,-3.1622776601683795,1.0000568311704992e-08,999.9999999973494
nordholt_bac,D_abs,3.981071705534973,543.0932585257603,18.033806539086143,30.115286938931607,525.0594519866742,81.72078994936649,24,True,-3.9810717055349736,1.0000896588416503e-08,999.9999999922122
nordholt_bac,D_abs,5.011872336272725,502.14132968190813,18.033806539086143,27.844444742909722,484.107523142822,79.83920342027454,24,True,-5.011872336272725,1.0000896588416503e-08,999.9999993092243
nordholt_bac,D_abs,6.309573444801936,453.1398532434759,18.033806539086143,25.127243783022116,435.10604670438977,77.37486401252889,24,True,-6.309573444801936,1.0005029914325417e-08,999.9999999725675
nordholt_bac,D_abs,7.943282347242821,395.4983831455923,18.033806539086143,21.930942992451225,377.46457660650617,74.10956547881024,24,True,-7.943282347242821,1.0005996485333447e-08,999.9999999606437
nordholt_bac,D_abs,10.0,329.3472971917761,18.033806539086143,18.262772004232982,311.31349065268995,69.71675210654325,24,True,-10.000000000000002,1.000723841539675e-08,999.9999999441227
nordholt_bac,D_abs,10.669176661841721,309.3660208016193,18.033806539086143,17.154782055086653,291.33221426253317,68.21464732261009,24,True,-10.669176661841723,1.000723841539675e-08,999.9999993092243
nordholt_bac,D_abs,11.257187673085042,292.4331171544554,18.033806539086143,16.215828672700972,274.39931061536925,66.86370825046978,24,True,-11.257187673085044,1.0008093642227489e-08,999.9999999339566
nordholt_bac,D_abs,11.877605772551014,275.2006639050628,18.033806539086143,15.260264842511088,257.1668573659767,65.40605714513269,24,True,-11.877605772551014,1.0008093642227489e-08,999.9999993092243
nordholt_bac,D_abs,12.532217014151882,257.72392419852645,18.033806539086143,14.291154983832188,239.69011765944032,63.831379519116226,24,True,-12.532217014151882,1.0009124747926422e-08,999.9999999198736
nordholt_bac,D_abs,12.589254117941687,256.2354608713777,18.033806539086143,14.208617593629922,238.20165433229158,63.69236767980555,24,True,-12.589254117941685,1.0009178909651915e-08,999.9999999199349
nordholt_bac,D_abs,13.222905886702627,240.0693360802369,18.033806539086143,13.312183179957875,222.03552954115077,62.128311467948166,24,True,-13.222905886702629,1.0009178909651915e-08,999.9999993092243
nordholt_bac,D_abs,13.951660738970025,222.31604911847396,18.033806539086143,12.327738386049013,204.2822425793878,60.28444504017532,24,True,-13.951660738970023,1.0009178909651915e-08,999.9999993092243
nordholt_bac,D_abs,14.72057950371277,204.5576500011814,18.033806539086143,11.343010115907969,186.52384346209527,58.286440929502874,24,True,-14.720579503712772,1.0009178909651915e-08,999.9999993092243
nordholt_bac,D_abs,15.531875737190985,186.90409933368068,18.033806539086143,10.364095840142687,168.87029279459455,56.120340241576855,24,True,-15.531875737190985,1.0009178909651915e-08,999.9999993092243
nordholt_bac,D_abs,15.848931924611142,180.30742852547291,18.033806539086143,9.998301142616668,162.2736219863868,55.2579646277639,24,True,-15.848931924611144,1.0009178909651915e-08,999.9999993092243
nordholt_bac,D_abs,16.387884991531582,169.48390442694267,18.033806539086143,9.39812147033996,151.45009788785654,53.77223581736913,24,True,-16.38788499153158,1.0009178909651915e-08,999.9999993092243
nordholt_bac,D_abs,17.291071538294254,152.44655572159485,18.033806539086143,8.453376462211956,134.41274918250872,51.22958262922998,24,True,-17.29107153829425,1.0009178909651915e-08,999.9999993092243
nordholt_bac,D_abs,18.244035462593718,135.96525767456532,18.033806539086143,7.539465247111124,117.93145113547918,48.48363017690323,24,True,-18.24403546259372,1.0009178909651915e-08,999.9999993092243
nordholt_bac,D_abs,19.249520148200837,120.2399884800823,18.033806539086143,6.667476897873799,102.20618194099616,45.53379629237304,24,True,-19.24952014820084,1.0009178909651915e-08,999.9999993092243
nordholt_bac,D_abs,19.952623149688787,110.25916747652064,18.033806539086143,6.114026300412336,92.2253609374345,43.454052603113055,24,True,-19.952623149688787,1.0009178909651915e-08,999.9999993092243
nordholt_bac,D_abs,20.310420175170524,105.50092694597487,18.033806539086143,5.8501751539429065,87.46712040688872,42.39531843937172,24,True,-20.310420175170528,1.0000000000881659e-08,999.9999999640374
nordholt_bac,D_abs,21.429789652732172,92.01228924597203,18.033806539086143,5.102211174692724,73.97848270688588,39.11217622641485,24,True,-21.429789652732172,1.000000001842066e-08,999.9999993092243
nordholt_bac,D_abs,22.610851011431194,80.07662316983973,18.033806539086143,4.440361661653801,62.04281663075359,35.77765988290227,24,True,-22.610851011431194,1.000000001842066e-08,999.9999993092243
nordholt_bac,D_abs,23.857004279832378,70.03961295317859,18.033806539086143,3.8837952930999906,52.00580641409245,32.56350825276077,24,True,-23.85700427983238,1.000000001842066e-08,999.9999993092243
nordholt_bac,D_abs,25.11886431509582,62.550957315538255,18.033806539086143,3.4685387790961633,44.51715077645211,29.849601699498372,24,True,-25.118864315095824,1.000000001842066e-08,999.9999993092243
nordholt_bac,D_abs,25.17183687249083,62.29545385044927,18.033806539086143,3.4543707517007705,44.26164731136313,29.75136753055493,24,True,-25.17183687249083,1.000000001842066e-08,999.9999993092243
nordholt_bac,D_abs,26.559133917367973,56.88870009717236,18.033806539086143,3.154558632636589,38.85489355808622,27.57236619932602,24,True,-26.559133917367973,1.000000000420501e-08,11.286889541595768
nordholt_bac,D_abs,28.022889152423048,51.556710079535506,18.033806539086143,2.85889226812944,33.52290354044936,25.210421543246092,24,True,-28.022889152423044,1.0000000000000195e-08,8.693125557847239
nordholt_bac,D_abs,29.5673164227492,46.404697774395174,18.033806539086143,2.573205921546207,28.37089123530903,22.68366148296691,24,True,-29.5673164227492,1.0000000004208315e-08,7.674534049003333
nordholt_bac,D_abs,31.196861811351926,41.47960247616635,18.033806539086143,2.3001024429459314,23.445795937080206,19.990887896507612,24,True,-31.196861811351926,1.0000000000020481e-08,7.141784311093086
nordholt_bac,D_abs,31.622776601683793,40.278012328494114,18.033806539086143,2.233472575032691,22.24420578940797,19.285381987557088,24,True,-31.62277660168379,1.0000000000000018e-08,7.0491056243426895
nordholt_bac,D_abs,32.91621643849187,36.84727854380442,18.033806539086143,2.0432335493863873,18.813472004718278,17.14880702836983,24,True,-32.91621643849188,1.000000001842066e-08,6.839238112040236
nordholt_bac,D_abs,34.730329966438696,32.590294579605036,18.033806539086143,1.8071777862854095,14.556488040518893,14.202393463456877,24,True,-34.73032996643869,1.000000001842066e-08,6.660548474212609
nordholt_bac,D_abs,36.64442484851318,28.795518685448343,18.033806539086143,1.5967521123750252,10.7617121463622,11.23131927312628,24,True,-36.644424848513175,1.000000001842066e-08,6.54993880630932
nordholt_bac,D_abs,38.66401136343781,25.543049016692418,18.033806539086143,1.4163980833070866,7.509242477606275,8.354810112966474,24,True,-38.66401136343781,1.0000000016261464e-08,6.474146756659391
nordholt_bac,D_abs,39.81071705534978,24.022614874835533,18.033806539086143,1.3320878663508648,5.98880833574939,6.881940856114365,24,True,-39.81071705534977,1.000000001842066e-08,6.43942378839657
nordholt_bac,D_abs,40.79490347827637,22.89511892842882,18.033806539086143,1.269566626369555,4.861312389342675,5.728214475746554,24,True,-40.79490347827637,1.000000000000112e-08,6.411366053700543
nordholt_bac,D_abs,43.04323558562889,20.884175587368855,18.033806539086143,1.1580569827066112,2.8503690482827118,3.521846059301326,24,True,-43.043235585628885,1.000000001842066e-08,6.346451171250772
nordholt_bac,D_abs,45.41548016326446,19.50289411463946,18.033806539086143,1.0814629774567694,1.469087575553317,1.8795535977040165,24,True,-45.41548016326447,1.0000000439465026e-08,6.2696721439062495
nordholt_bac,D_abs,47.91846640703074,18.672009535917418,18.033806539086143,1.0353892560313345,0.638202996831275,0.8346587711055992,24,True,-47.91846640703075,0.014234580549934128,7.131996750679037
nordholt_bac,D_abs,50.118723362727245,18.250137786800956,18.033806539086143,1.0119958727097322,0.2163312477148125,0.28618782016536837,24,True,-50.11872336272724,0.03641317089556788,8.101258767803937
nordholt_bac,D_abs,50.559399890680005,18.193851038873838,18.033806539086143,1.008874693173669,0.16004449978769486,0.21205306884362352,24,True,-50.559399890680005,0.040883014566293945,8.25603906254427
nordholt_bac,D_abs,53.3458833092086,18.033806539086086,18.033806539086143,0.9999999999999969,-5.684341886080802e-14,0.0,24,True,-53.345883309208595,0.06965535788692664,9.053152935738295
nordholt_bac,D_abs,56.28593836542519,18.19493993572073,18.033806539086143,1.008935074039158,0.16113339663458603,0.21348941908408503,24,True,-56.285938365425174,0.10357616592473352,9.728318650940652
nordholt_bac,D_abs,59.388028862755064,18.67001417117098,18.033806539086143,1.035278610242709,0.6362076320848367,0.83209389918887,24,True,-59.38802886275508,0.15072012067295348,10.4465600309014
nordholt_bac,D_abs,62.66108507075941,19.413472711336865,18.033806539086143,1.0765044345607488,1.3796661722507224,1.769259773725223,24,True,-62.66108507075939,0.22740590917414122,11.342127581476262
nordholt_bac,D_abs,63.09573444801943,19.52404621549331,18.033806539086143,1.0826358912732732,1.4902396764071675,1.9055689843013561,24,True,-63.095734448019414,0.24063612212964058,11.473499823354059
nordholt_bac,D_abs,66.11452943351313,20.32278282805042,18.033806539086143,1.1269269626466931,2.288976288964278,2.867866225871634,24,True,-66.11452943351316,0.355654142359267,12.422119063806663
nordholt_bac,D_abs,69.75830369485013,21.280297728210737,18.033806539086143,1.180022513942811,3.246491189124594,3.9728044297946807,24,True,-69.75830369485013,0.539364697462097,13.477413484044835
nordholt_bac,D_abs,73.60289751856385,22.233434683174146,18.033806539086143,1.2328753020049208,4.199628144088003,5.024378046045063,24,True,-73.60289751856384,0.7581623729003555,14.334272277118965
nordholt_bac,D_abs,77.6593786859549,23.192731298936966,18.033806539086143,1.2860696519433912,5.158924759850823,6.038178865117241,24,True,-77.65937868595493,0.9968379975607617,14.996310420842189
nordholt_bac,D_abs,79.43282347242821,23.60550683681347,18.033806539086143,1.3089586375262108,5.571700297727325,6.461565309600769,24,True,-79.4328234724282,1.1027168034760948,15.232432882514003
nordholt_bac,D_abs,81.93942495765789,24.18799003067211,18.033806539086143,1.3412581519185927,6.154183491585968,7.046594227104027,24,True,-81.9394249576579,1.2550512752015377,15.529441265142433
nordholt_bac,D_abs,86.45535769147125,25.245822118045425,18.033806539086143,1.3999164326914615,7.2120155789592815,8.073901053719228,24,True,-86.45535769147122,1.5442702902195484,15.998710568002723
nordholt_bac,D_abs,91.22017731296859,26.381961465318142,18.033806539086143,1.4629169614378617,8.348154926231999,9.130376671870144,24,True,-91.22017731296862,1.887481930142508,16.46053452142654
nordholt_bac,D_abs,96.24760074100416,27.597130289456878,18.033806539086143,1.5302997861069076,9.563323750370735,10.211127716228239,24,True,-96.24760074100416,2.322599103834189,16.965439883692227
nordholt_bac,D_abs,100.0,28.502704441804568,18.033806539086143,1.5805151497011087,10.468897902718425,10.986020112304066,24,True,-100.00000000000004,2.7196352942290165,17.375920438933637
nordholt_bac,D_abs,101.55210087585259,28.873645792793706,18.033806539086143,1.6010843706354225,10.839839253707563,11.296347152075866,24,True,-101.55210087585256,2.9066478926396733,17.556197208477755
nordholt_bac,D_abs,107.14894826366083,30.175281985912715,18.033806539086143,1.6732619328321705,12.141475446826572,12.354599388070682,24,True,-107.14894826366087,3.7122859677650206,18.25497450030946
nordholt_bac,D_abs,113.05425505715596,31.455938932072158,18.033806539086143,1.7442761662045743,13.422132392986015,13.352151963166238,24,True,-113.05425505715594,4.805250339436051,19.04567956012464
nordholt_bac,D_abs,119.28502139916185,32.676576230707084,18.033806539086143,1.8119622254949042,14.642769691620941,14.265848653112927,24,True,-119.28502139916182,6.217263107028271,19.880594331732244
nordholt_bac,D_abs,125.85918436245412,33.816594064837645,18.033806539086143,1.8751778218061825,15.782787525751502,15.08888383733131,24,True,-125.85918436245416,7.954508396260578,20.71705268518622
nordholt_bac,D_abs,125.89254117941688,33.82201250615808,18.033806539086143,1.875478282017325,15.788205967071939,15.092729055278909,24,True,-125.89254117941688,7.9639120387840014,20.721152557851596
nordholt_bac,D_abs,132.7956695868398,34.870771573638635,18.033806539086143,1.933633451044313,16.83696503455249,15.825620403254515,24,True,-132.79566958683984,10.032336942243159,21.54013429550633
nordholt_bac,D_abs,140.11444576211525,35.84020116040127,18.033806539086143,1.987389688512066,17.80639462131513,16.483729520893995,24,True,-140.11444576211528,12.492539886874496,22.355396086477946
nordholt_bac,D_abs,147.836582113746,36.72638666851176,18.033806539086143,2.0365299244456048,18.692580129425615,17.069936209311578,24,True,-147.836582113746,15.396271248723659,23.173726355858125
nordholt_bac,D_abs,155.98430905675957,37.52986628092957,18.033806539086143,2.081084001848862,19.496059741843425,17.589333904662993,24,True,-155.98430905675957,18.80505964835077,24.00106895454044
nordholt_bac,D_abs,158.48931924611142,37.75261529117812,18.033806539086143,2.0934357485400428,19.718808752091974,17.731358761848938,24,True,-158.4893192461114,19.92174071908158,24.248341943138804
nordholt_bac,D_abs,164.5810821924594,38.25130826300285,18.033806539086143,2.121088976977637,20.217501723916705,18.046311004491702,24,True,-164.5810821924594,22.76270495506259,24.834992083973184
nordholt_bac,D_abs,173.65164983219347,38.89291357127544,18.033806539086143,2.156666895975603,20.8591070321893,18.44553422808771,24,True,-173.65164983219347,27.288165563102254,25.666785439517334
nordholt_bac,D_abs,183.22212424256588,39.45890210724873,18.033806539086143,2.188051758331012,21.42509556816259,18.79227695578284,24,True,-183.22212424256583,32.38144481947416,26.485948073203783
nordholt_bac,D_abs,193.32005681718894,39.955032398151744,18.033806539086143,2.2155628824981535,21.9212258590656,19.09215586169543,24,True,-193.32005681718888,38.0346071476296,27.28358902858959
nordholt_bac,D_abs,199.52623149688827,40.217159225348574,18.033806539086143,2.2300981846612715,22.18335268626243,19.24909472397277,24,True,-199.5262314968882,41.62282060656596,27.740684284309552
nordholt_bac,D_abs,203.97451739138188,40.3877490757554,18.033806539086143,2.239557632395564,22.35394253666926,19.350680659834012,24,True,-203.97451739138185,44.239100141245494,28.05338944866244
nordholt_bac,D_abs,215.21617792814445,40.76347851432199,18.033806539086143,2.260392359537182,22.729671975235846,19.57292180712799,24,True,-215.21617792814436,50.98680070235711,28.790907720426
nordholt_bac,D_abs,227.07740081632227,41.088248601258094,18.033806539086143,2.2784013187789376,23.05444206217195,19.76337650528052,24,True,-227.07740081632218,58.26720478730639,29.49250490998588
nordholt_bac,D_abs,239.59233203515362,41.36757391454874,18.033806539086143,2.2938903012455754,23.3337673754626,19.925980744936748,24,True,-239.59233203515367,66.0641291126908,30.154644753946314
nordholt_bac,D_abs,251.18864315095823,41.580021689025386,18.033806539086143,2.30567082988861,23.546215149939243,20.04891999831618,24,True,-251.18864315095828,73.34321846708565,30.702502458378923
nordholt_bac,D_abs,252.79699945340008,41.60648151820337,18.033806539086143,2.307138064724507,23.572674979117224,20.06418776164807,24,True,-252.7969994534002,74.35448556439532,30.773800495224783
nordholt_bac,D_abs,266.729416546043,41.80957763974179,18.033806539086143,2.318400031026421,23.775771100655646,20.18105534320722,24,True,-266.729416546043,83.10949498278306,31.346753913863107
nordholt_bac,D_abs,316.2277660168379,42.26327814346532,18.033806539086143,2.3435583636690716,24.229471604379178,20.440090621419074,24,True,-316.22776601683796,113.62311070991635,32.83803540797568
nordholt_bac,D_abs,398.1071705534977,42.56462071651823,18.033806539086143,2.360268234233546,24.530814177432084,20.610606507657813,24,True,-398.1071705534976,160.72461631217573,34.104404725323384
nordholt_bac,D_abs,501.18723362727246,42.67693908409442,18.033806539086143,2.3664964460829276,24.643132545008278,20.6738536464523,24,True,-501.1872336272723,215.14359937369608,34.73747079228446
nordholt_bac,D_abs,630.9573444801943,42.71010683025389,18.033806539086143,2.368335644373515,24.67630029116775,20.69249876853937,24,True,-630.9573444801943,279.7899994093797,35.022207314472624
nordholt_bac,D_abs,794.3282347242822,42.717220034236846,18.033806539086143,2.368730081563885,24.683413495150702,20.69649554339471,24,True,-794.3282347242821,359.0527431894895,35.15586831651154
nordholt_bac,D_abs,999.9999999999998,42.71822058053313,18.033806539086143,2.36878556326677,24.684414041446985,20.697057678053092,24,True,-999.9999999999998,458.0609102705455,35.234912754761716
nordholt_bac,alpha,9.999999999999982e-09,18.40533949091443,18.033806539086143,1.0206020260349933,0.3715329518282857,0.4894241948844127,24,True,-50.97211023176518,9.999999999999982e-09,6.05865339189119
nordholt_bac,alpha,1.5252229565390198e-08,18.405339412469353,18.033806539086143,1.0206020216851033,0.3715328733832095,0.4894240925944332,24,True,-50.97211151237096,1.525222956539017e-08,6.0586537428743314
nordholt_bac,alpha,2.3263050671536238e-08,18.40533929282302,18.033806539086143,1.0206020150505453,0.3715327537368758,0.4894239365792682,24,True,-50.97211143110724,2.3263050671536248e-08,6.05865429729229
nordholt_bac,alpha,3.548133892335753e-08,18.405339110335827,18.033806539086143,1.0206020049313733,0.3715325712496842,0.4894236986215488,24,True,-50.972111942192385,3.548133892335755e-08,6.05865515206662
nordholt_bac,alpha,5.411695265464637e-08,18.40533883200238,18.033806539086143,1.020601989497391,0.37153229291623546,0.4894233356832275,24,True,-50.97211270379639,5.4116952654646406e-08,6.058656478045965
nordholt_bac,alpha,8.25404185268019e-08,18.405338407482034,18.033806539086143,1.0206019659571395,0.37153186839589125,0.4894227821216541,24,True,-50.97211606494611,8.254041852680195e-08,6.05865829505669
nordholt_bac,alpha,1.2589254117941662e-07,18.40533775999467,18.033806539086143,1.020601930053052,0.3715312209085262,0.4894219378178575,24,True,-50.97211727071558,1.258925411794165e-07,6.058661355724235
nordholt_bac,alpha,1.9201419386388011e-07,18.40533677243385,18.033806539086143,1.020601875291412,0.3715302333477055,0.4894206500685853,24,True,-50.972122393429345,1.9201419386387998e-07,6.058665806127806
nordholt_bac,alpha,2.928644564625237e-07,18.40533526618747,18.033806539086143,1.0206017917679266,0.3715287271013281,0.4894186859689872,24,True,-50.97212670942329,2.9286445646252357e-07,6.058672876501569
nordholt_bac,alpha,4.466835921509635e-07,18.405332968835435,18.033806539086143,1.020601664376517,0.3715264297492915,0.48941569029129306,24,True,-50.97213645721419,4.466835921509632e-07,6.058683365081817
nordholt_bac,alpha,6.812920690579608e-07,18.4053294648835,18.033806539086143,1.0206014700774417,0.3715229257973576,0.4894111212430412,24,True,-50.972150197960644,6.812920690579606e-07,6.05869951539034
nordholt_bac,alpha,1.039122303835169e-06,18.40532412062734,18.033806539086143,1.0206011737309024,0.3715175815411982,0.48940415249158975,24,True,-50.97216997181787,1.0391223038351688e-06,6.058724155054555
nordholt_bac,alpha,1.584893192461111e-06,18.405315969565045,18.033806539086143,1.0206007217430053,0.37150943047890195,0.489393523744326,24,True,-50.972201268866904,1.5848931924611111e-06,6.058761719568535
nordholt_bac,alpha,2.417315480804101e-06,18.40530353765653,18.033806539086143,1.0206000323761493,0.371496998570386,0.4893773128895027,24,True,-50.97224614952681,2.417315480804102e-06,6.058819669779848
nordholt_bac,alpha,3.6869450645195736e-06,18.405284576873594,18.033806539086143,1.020598980974001,0.37147803778745114,0.48935258854719943,24,True,-50.97231671643375,3.686945064519575e-06,6.058907560673837
nordholt_bac,alpha,5.623413251903491e-06,18.405255658962254,18.033806539086143,1.0205973774350434,0.37144911987611096,0.4893148803327748,24,True,-50.97242729291188,5.623413251903493e-06,6.059041205558497
nordholt_bac,alpha,8.576958985908945e-06,18.40521155621258,18.033806539086143,1.0205949318753897,0.37140501712643825,0.4892573713646874,24,True,-50.972591603223314,8.57695898590895e-06,6.059245648204367
nordholt_bac,alpha,1.3081774742601928e-05,18.405144297856868,18.033806539086143,1.020591202304732,0.37133775877072495,0.48916966775521775,24,True,-50.97284615819625,1.308177474260194e-05,6.0595570470817695
nordholt_bac,alpha,1.9952623149688786e-05,18.405041732873183,18.033806539086143,1.0205855149317717,0.3712351937870402,0.4890359243611291,24,True,-50.97323127840235,1.995262314968877e-05,6.060031907277907
nordholt_bac,alpha,3.043219887107716e-05,18.40488534260526,18.033806539086143,1.0205768428709074,0.3710788035191186,0.48883199206740546,24,True,-50.97381696120859,3.0432198871077144e-05,6.0607558006169
nordholt_bac,alpha,4.641588833612772e-05,18.404646915363816,18.033806539086143,1.0205636217441902,0.3708403762776733,0.4885210805483621,24,True,-50.974713553188266,4.64158883361277e-05,6.061859872805704
nordholt_bac,alpha,7.079457843841373e-05,18.404283499642467,18.033806539086143,1.0205434698300306,0.3704769605563243,0.48804717504693806,24,True,-50.97607888270017,7.07945784384137e-05,6.063544134619757
nordholt_bac,alpha,0.00010797751623277094,18.40372976512441,18.033806539086143,1.0205127644702465,0.3699232260382672,0.487325069871696,24,True,-50.97816096683743,0.0001079775162327709,6.066109492994703
nordholt_bac,alpha,0.00016468978654828688,18.402886487121798,18.033806539086143,1.0204660035159918,0.3690799480356546,0.486225339761895,24,True,-50.981333319060575,0.00016468978654828685,6.070019482334058
nordholt_bac,alpha,0.0002511886431509577,18.401603296715006,18.033806539086143,1.0203948487986554,0.367796757628863,0.4845518173217645,24,True,-50.986166215496574,0.00025118864315095774,6.075973943449889
nordholt_bac,alpha,0.0003831186849557285,18.39965309579312,18.033806539086143,1.0202867074077815,0.36584655670697686,0.48200816382961675,24,True,-50.99352070068253,0.0003831186849557286,6.085036067046551
nordholt_bac,alpha,0.0005843414133735175,18.39669470174036,18.033806539086143,1.0201226602862628,0.3628881626542153,0.4781490059691698,24,True,-51.004698308404464,0.0005843414133735176,6.098810344479289
nordholt_bac,alpha,0.0008912509381337441,18.39221968481544,18.033806539086143,1.0198745142880667,0.3584131457292976,0.4723102684843299,24,True,-51.02166087789078,0.0008912509381337438,6.119709681075263
nordholt_bac,alpha,0.0013593563908785241,18.385479921229035,18.033806539086143,1.0195007848942308,0.35167338214289146,0.46351394192681294,24,True,-51.047328454157494,0.0013593563908785237,6.151336522846474
nordholt_bac,alpha,0.002073321573485954,18.37539639243092,18.033806539086143,1.0189416390047448,0.3415898533447752,0.45034751492657277,24,True,-51.08601492492939,0.0020733215734859535,6.199004572401952
nordholt_bac,alpha,0.0031622776601683794,18.360462265544847,18.033806539086143,1.0181135206120082,0.32665572645870355,0.43083420678003786,24,True,-51.14397010248956,0.003162277660168379,6.270424061275889
nordholt_bac,alpha,0.004823178482239299,18.338684200644565,18.033806539086143,1.0169058962065294,0.30487766155842166,0.40234996835550746,24,True,-51.23000652743949,0.004823178482239301,6.376500595260204
nordholt_bac,alpha,0.007356422544596406,18.30767130049027,18.033806539086143,1.0151861871652308,0.27386476140412697,0.3617287512542822,24,True,-51.35604229555615,0.007356422544596408,6.532090060323777
nordholt_bac,alpha,0.01122018454301963,18.26509793269036,18.033806539086143,1.01282543389289,0.23129139360421647,0.30585322910274293,24,True,-51.537182745921555,0.011220184543019634,6.756337557341231
nordholt_bac,alpha,0.01393107702163654,18.238344064873196,18.033806539086143,1.0113418941998598,0.2045375257870532,0.2706733716731824,24,True,-51.65700862605569,0.01393107702163654,6.905215588796674
nordholt_bac,alpha,0.014698861354658078,18.231201488438405,18.033806539086143,1.0109458282656205,0.19739494935226176,0.2612725505756884,24,True,-51.68993846446438,0.014698861354658083,6.946215184315377
nordholt_bac,alpha,0.015508960634407546,18.22386492517683,18.033806539086143,1.0105390054883177,0.19005838609068704,0.2516125752703558,24,True,-51.724222423974695,0.01550896063440755,6.988941908713037
nordholt_bac,alpha,0.016363706967232505,18.21634124390299,18.033806539086143,1.0101218067534008,0.1825347048168453,0.24170218385817954,24,True,-51.75989518280189,0.0163637069672325,7.033446045455037
nordholt_bac,alpha,0.017113283041617775,18.209922744107438,18.033806539086143,1.0097658918897452,0.17611620502129455,0.23324433065982902,24,True,-51.790766825531016,0.01711328304161777,7.071998186428305
nordholt_bac,alpha,0.017265560989005797,18.20863897055535,18.033806539086143,1.0096947048361795,0.17483243146920557,0.2315523052852771,24,True,-51.796992105896955,0.017265560989005804,7.0797767336423165
nordholt_bac,alpha,0.018217118948781485,18.200768433809635,18.033806539086143,1.0092582724762862,0.16696189472349232,0.2211762569886662,24,True,-51.835546268223,0.01821711894878149,7.127983332155889
nordholt_bac,alpha,0.019221120182852693,18.192741915155956,18.033806539086143,1.008813190699664,0.15893537606981312,0.21058994921211532,24,True,-51.875587248764106,0.01922112018285269,7.1781141166827656
nordholt_bac,alpha,0.020280455000727723,18.184573802588762,18.033806539086143,1.0083602573408919,0.15076726350261893,0.19981209487958107,24,True,-51.917149746172335,0.02028045500072772,7.230216775829955
nordholt_bac,alpha,0.021398173005726433,18.176280746907274,18.033806539086143,1.0079003957102641,0.14247420782113096,0.18886442369457257,24,True,-51.96026338975584,0.021398173005726433,7.284336682498657
nordholt_bac,alpha,0.022577491874150223,18.167881819467517,18.033806539086143,1.007434663341363,0.13407528038137428,0.17777189890331774,24,True,-52.004955978600655,0.022577491874150226,7.340519467636648
nordholt_bac,alpha,0.023821806618298923,18.159398670067286,18.033806539086143,1.0069642607460014,0.1255921309811434,0.1665629349201737,24,True,-52.051257761655364,0.02382180661829892,7.398808000788965
nordholt_bac,alpha,0.02513469936000096,18.150855683490434,18.033806539086143,1.006490540094827,0.11704914440429093,0.15526961377561807,24,True,-52.09918832668776,0.02513469936000096,7.459245051795773
nordholt_bac,alpha,0.02610157215682533,18.144823662169024,18.033806539086143,1.0061560560074916,0.11101712308288114,0.14729243766779887,24,True,-52.133904318152524,0.02610157215682533,7.50307659748944
nordholt_bac,alpha,0.026519949642792674,18.142280133086302,18.033806539086143,1.006015013733515,0.10847359400015932,0.1439278981096238,24,True,-52.14877745456654,0.026519949642792674,7.521869564321417
nordholt_bac,alpha,0.027981545312433458,18.133702329617968,18.033806539086143,1.0055393624366167,0.09989579053182496,0.13257783820216276,24,True,-52.200047587948,0.027981545312433454,7.586719569081602
nordholt_bac,alpha,0.029523693997079433,18.125155763488458,18.033806539086143,1.0050654432942001,0.09134922440231463,0.12126377031948157,24,True,-52.253018959640784,0.029523693997079433,7.653831277474109
nordholt_bac,alpha,0.031150835220164614,18.11667723834627,18.033806539086143,1.0045952971204672,0.08287069926012691,0.110034503460134,24,True,-52.30771252086983,0.031150835220164614,7.723237138326855
nordholt_bac,alpha,0.0328676531808601,18.10830699398867,18.033806539086143,1.0041311552689143,0.07450045490252677,0.09894349141888253,24,True,-52.36414585407717,0.03286765318086011,7.794968357130826
nordholt_bac,alpha,0.03467909023890353,18.100088816426414,18.033806539086143,1.0036754457355752,0.06628227734027092,0.08804898695568139,24,True,-52.42233722067598,0.03467909023890353,7.869052743873322
nordholt_bac,alpha,0.036590361142618794,18.09207013295461,18.033806539086143,1.0032307984308353,0.05826359386846747,0.07741417477210963,24,True,-52.4823029204347,0.036590361142618794,7.945514979700995
nordholt_bac,alpha,0.03860696804108545,18.084302090087867,18.033806539086143,1.0028000495010458,0.05049555100172398,0.06710727995591939,24,True,-52.544058017297075,0.038606968041085446,8.02437742001763
nordholt_bac,alpha,0.03981071705534969,18.07999014556804,18.033806539086143,1.0025609460976417,0.04618360648189679,0.06138413911345973,24,True,-52.58021225339108,0.03981071705534969,8.07059855027103
nordholt_bac,alpha,0.04073471632367491,18.076839612277617,18.033806539086143,1.0023862445844811,0.04303307319147365,0.05720164857610189,24,True,-52.60761753340405,0.04073471632367492,8.10565862203919
nordholt_bac,alpha,0.042979731332551806,18.069741439427567,18.033806539086143,1.0019926408916242,0.03593490034142377,0.04777579718798297,24,True,-52.67299571547325,0.042979731332551806,8.189374087757036
nordholt_bac,alpha,0.045348475996252725,18.063070141368435,18.033806539086143,1.001622708007811,0.029263602282291856,0.038913428153648864,24,True,-52.7402073972547,0.04534847599625273,8.275535829748808
nordholt_bac,alpha,0.04784776943510529,18.05689210764146,18.033806539086143,1.0012801273267118,0.023085568555316627,0.03070340789553893,24,True,-52.8092667058011,0.04784776943510528,8.364152305898719
nordholt_bac,alpha,0.05048480659204903,18.051277511172138,18.033806539086143,1.0009687900359876,0.01747097208599513,0.023239705482910364,24,True,-52.88018852017762,0.050484806592049035,8.4552286168453
nordholt_bac,alpha,0.05326717894537077,18.046300244687664,18.033806539086143,1.0006927935915495,0.012493705601521299,0.0166212893004028,24,True,-52.95299001885801,0.05326717894537078,8.548765946430219
nordholt_bac,alpha,0.056202896362982604,18.042037829040414,18.033806539086143,1.0004564366339648,0.008231289954270693,0.010951979962815973,24,True,-53.02768814428661,0.056202896362982604,8.644761952093258
nordholt_bac,alpha,0.05930041016115566,18.03857129293829,18.033806539086143,1.000264212319336,0.004764753852146697,0.006340258113790265,24,True,-53.104302682664176,0.05930041016115566,8.743210470448082
nordholt_bac,alpha,0.060720219569098836,18.037317045497957,18.033806539086143,1.0001946625302987,0.0035105064118141627,0.004671446064162127,24,True,-53.138707053285486,0.06072021956909884,8.787406451145328
nordholt_bac,alpha,0.0625686374340918,18.03598502394651,18.033806539086143,1.0001208000571395,0.00217848486036587,0.002899026273604547,24,True,-53.18285589062547,0.0625686374340918,8.844101645680139
nordholt_bac,alpha,0.06601698672437208,18.03436659100421,18.033806539086143,1.0000310556685221,0.0005600519180681829,0.0007453244713161268,24,True,-53.26337257100002,0.06601698672437206,8.947421888297503
nordholt_bac,alpha,0.0696553851081827,18.033806539086072,18.033806539086143,0.9999999999999961,-7.105427357601002e-14,0.0,24,True,-53.34588167068307,0.06965538510818271,9.053153886725516
nordholt_bac,alpha,0.07349430677329036,18.034398157024324,18.033806539086143,1.0000328060488448,0.000591617938180633,0.000787332257715882,24,True,-53.43041517527156,0.07349430677329036,9.16127673457902
nordholt_bac,alpha,0.07754480317203773,18.036237219881034,18.033806539086143,1.0001347846773017,0.0024306807948910603,0.0032346142719159587,24,True,-53.51701031735817,0.07754480317203773,9.271765875277026
nordholt_bac,alpha,0.08181853483616251,18.039421707615197,18.033806539086143,1.000311369012243,0.005615168529054415,0.007471693127332082,24,True,-53.605709756554056,0.08181853483616251,9.384593182140355
nordholt_bac,alpha,0.08632780494502897,18.044051502116005,18.033806539086143,1.0005680976452562,0.01024496302986222,0.013630472133069886,24,True,-53.69655975730715,0.08632780494502895,9.499727296951209
nordholt_bac,alpha,0.09108559474390741,18.050228064964937,18.033806539086143,1.0009105967640943,0.016421525878794085,0.02184437813697636,24,True,-53.789615886903114,0.09108559474390741,9.617133182699908
nordholt_bac,alpha,0.09261187281287918,18.05247105900235,18.033806539086143,1.0010349739460582,0.018664519916207212,0.024826529514763638,24,True,-53.818897319453306,0.09261187281287918,9.65395508484772
nordholt_bac,alpha,0.09610560091426346,18.05805409853844,18.033806539086143,1.0013445613603398,0.024247559452298617,0.0322477979316163,24,True,-53.88493825572785,0.09610560091426347,9.736772829264519
nordholt_bac,alpha,0.10140227500363859,18.06763319326668,18.033806539086143,1.0018757356694064,0.033826654180536764,0.04497548817644326,24,True,-53.98259466248707,0.1014022750036386,9.858605075635055
nordholt_bac,alpha,0.10699086502863213,18.07906946401603,18.033806539086143,1.002509893007435,0.045262924929886594,0.06016196367573563,24,True,-54.082661121330915,0.10699086502863213,9.982585899086775
nordholt_bac,alpha,0.11288745937075109,18.09246717866621,18.033806539086143,1.0032528151753723,0.05866063958006862,0.07794086919944251,24,True,-54.185222802893435,0.11288745937075109,10.10866797064869
nordholt_bac,alpha,0.1191090330914946,18.107930382003186,18.033806539086143,1.0041102716033017,0.07412384291704299,0.09844434030287265,24,True,-54.29036977462501,0.11910903309149462,10.236802388470728
nordholt_bac,alpha,0.12567349680000478,18.125562518052263,18.033806539086143,1.005087998408281,0.09175597896611976,0.12180235879410632,24,True,-54.39820541256518,0.12567349680000475,10.36693677727674
nordholt_bac,alpha,0.1325997482139633,18.14546605393151,18.033806539086143,1.0061916775364845,0.11165951484536762,0.14814210860853078,24,True,-54.5088411824629,0.13259974821396334,10.499016727658333
nordholt_bac,alpha,0.13990772656216724,18.167742108224157,18.033806539086143,1.0074269161559277,0.1339355691380142,0.17758733788698094,24,True,-54.622398023987664,0.13990772656216724,10.632985731821814
nordholt_bac,alpha,0.14125375446227525,18.171974964268514,18.033806539086143,1.0076616339918534,0.13816842518237138,0.18317838557297883,24,True,-54.64298262815639,0.14125375446227525,10.657090242951732
nordholt_bac,alpha,0.14761846998539715,18.192490086748887,18.033806539086143,1.0087992264594174,0.1586835476627435,0.21025773301134953,24,True,-54.73901040135791,0.14761846998539715,10.768785287513714
nordholt_bac,alpha,0.15575417610082304,18.21980732846415,18.033806539086143,1.0103140060294464,0.18600078937800646,0.2462683102451949,24,True,-54.8588200890457,0.15575417610082304,10.906355369674717
nordholt_bac,alpha,0.16433826590430048,18.249788764077433,18.033806539086143,1.0119765189075958,0.21598222499128994,0.2857288304546261,24,True,-54.98198277398796,0.16433826590430048,11.045633532475785
nordholt_bac,alpha,0.1733954511945176,18.282526589755186,18.033806539086143,1.0137918775012902,0.2487200506690428,0.3287432421599012,24,True,-55.1086635044369,0.1733954511945176,11.18655680473641
nordholt_bac,alpha,0.182951805713094,18.318109958153386,18.033806539086143,1.0157650254510078,0.28430341906724266,0.3754091579016713,24,True,-55.23903935653322,0.182951805713094,11.329060604272971
nordholt_bac,alpha,0.19303484020542724,18.356624688811443,18.033806539086143,1.017900721571213,0.32281814972530043,0.42581736859505076,24,True,-55.373307751667845,0.19303484020542724,11.473078522125014
nordholt_bac,alpha,0.20367358161837446,18.398152999798565,18.033806539086143,1.0202035249697696,0.36434646071242227,0.48005140022280013,24,True,-55.51167192840148,0.20367358161837443,11.61854379518694
nordholt_bac,alpha,0.21489865666275906,18.44277326235833,18.033806539086143,1.0226777814426367,0.4089667232721865,0.5381871168682177,24,True,-55.65433907887315,0.21489865666275906,11.76539012334946
nordholt_bac,alpha,0.21544346900318823,18.444956863459037,18.033806539086143,1.022798865202517,0.411150324372894,0.541028518401978,24,True,-55.66118523500998,0.21544346900318825,11.77235345668145
nordholt_bac,alpha,0.22674237998126365,18.49055978018903,18.033806539086143,1.0253276112346514,0.45675324110288784,0.6002923737428303,24,True,-55.80155191351812,0.22674237998126362,11.913548011473692
nordholt_bac,alpha,0.23923884717552643,18.541582594917244,18.033806539086143,1.0281568982527653,0.5077760558311013,0.6664267235159781,24,True,-55.95355244735284,0.23923884717552643,12.062948711480438
nordholt_bac,alpha,0.252424032960245,18.59590731928298,18.033806539086143,1.0311692808159247,0.5621007801968361,0.7366411789213625,24,True,-56.11059573084182,0.252424032960245,12.213524017633354
nordholt_bac,alpha,0.2663358947268539,18.653594999552407,18.033806539086143,1.0343681440256633,0.619788460466264,0.8109780342968471,24,True,-56.272956371344215,0.2663358947268539,12.365204659867162
nordholt_bac,alpha,0.281014481814913,18.714702008723044,18.033806539086143,1.0377566138441787,0.6808954696369014,0.8894707484291526,24,True,-56.44092219285619,0.281014481814913,12.517920929738354
nordholt_bac,alpha,0.29650205080577824,18.779279972170528,18.033806539086143,1.0413375529713407,0.7454734330843849,0.9721438908070725,24,True,-56.61479248180445,0.29650205080577824,12.671604424898794
nordholt_bac,alpha,0.31284318717045884,18.847375727516095,18.033806539086143,1.0451135586192875,0.8135691884299519,1.0590131531515217,24,True,-56.794888339782226,0.31284318717045884,12.82618580511422
nordholt_bac,alpha,0.32859932476006476,18.912868323900785,18.033806539086143,1.0487452154324368,0.8790617848146418,1.142265999041141,24,True,-56.965573066469204,0.32859932476006476,12.968500783679858
nordholt_bac,alpha,0.3300849336218604,18.919031320667962,18.033806539086143,1.0490869622929135,0.8852247815818188,1.1500854278887704,24,True,-56.98153135786153,0.3300849336218604,12.981597864081285
nordholt_bac,alpha,0.3482769255409135,18.994284040187893,18.033806539086143,1.053259831695545,0.9604775011017495,1.245358955042307,24,True,-57.175064058820595,0.34827692554091355,13.137773641830405
nordholt_bac,alpha,0.5011872336272715,19.60187143149836,18.033806539086143,1.0869514092331878,1.5680648924122167,2.001045730140535,24,True,-58.69921803888933,0.5011872336272715,14.212518063347318
nordholt_bac,alpha,0.7644222742525995,20.521855183234404,18.033806539086143,1.1379658054308008,2.488048644148261,3.1018148952202997,24,True,-61.04999176649428,0.7644222742525995,15.475509236234076
nordholt_bac,alpha,1.165914401179831,21.675897106836562,18.033806539086143,1.2019590572770433,3.6420905677504187,4.414866560816778,24,True,-64.19399455570014,1.165914401179831,16.74328013881479
nordholt_bac,alpha,1.7782794100389228,23.079845339805644,18.033806539086143,1.2798099663419815,5.046038800719501,5.921078474744609,24,True,-68.17017243193673,1.7782794100389228,18.031545774087437
nordholt_bac,alpha,2.7122725793320295,24.769495638096824,18.033806539086143,1.3735034577648302,6.735689099010681,7.6167538568262625,24,True,-72.86898321991578,2.7122725793320295,19.383351561889413
nordholt_bac,alpha,4.136820402388494,26.764382864103876,18.033806539086143,1.484122767209199,8.730576325017733,9.475772845281565,24,True,-78.31986034488676,4.136820402388494,20.83694163720648
nordholt_bac,alpha,6.309573444801917,29.01997563967096,18.033806539086143,1.6091985669677444,10.986169100584817,11.417670493642959,24,True,-84.90284215423912,6.309573444801918,22.40974296511389
nordholt_bac,alpha,9.623506263980868,31.42591151857263,18.033806539086143,1.7426111037878045,13.392104979486486,13.32923094625594,24,True,-93.27361626567168,9.62350626398087,24.110755595038007
nordholt_bac,alpha,14.677992676220676,33.84727441447579,18.033806539086143,1.8768790904524693,15.813467875389648,15.110648139560109,24,True,-104.2380007754375,14.677992676220674,25.954483433349147
nordholt_bac,alpha,22.38721138568338,36.16237020399266,18.033806539086143,2.005254416232923,18.128563664906515,16.698502646347272,24,True,-118.86334301982274,22.387211385683376,27.95195517162942
nordholt_bac,alpha,34.145488738336006,38.2605846099011,18.033806539086143,2.1216033634926608,20.22677807081496,18.052130552755102,24,True,-139.1260661270518,34.145488738336006,30.055456852499834
nordholt_bac,alpha,52.07948328595465,40.03037471732175,18.033806539086143,2.219740720327716,21.996568178235606,19.137369514037353,24,True,-168.90664887788148,52.07948328595465,32.10346076844141
nordholt_bac,alpha,79.43282347242788,41.37679349377066,18.033806539086143,2.294401539912905,23.34298695468452,19.931329022026112,24,True,-215.43087140034106,79.43282347242791,33.822911319301625
nordholt_bac,alpha,121.15276586285852,42.2373424379844,18.033806539086143,2.342120192231183,24.20353589889826,20.42535802071614,24,True,-293.0241123102472,121.15276586285854,34.85080531943608
nordholt_bac,alpha,184.7849797422287,42.6216740291846,18.033806539086143,2.363431920865246,24.587867490098454,20.642754395127646,24,True,-424.9692259122912,184.78497974222876,35.08763042222509
nordholt_bac,alpha,281.8382931264449,42.71034841000375,18.033806539086143,2.368349040311269,24.67654187091761,20.69263451855335,24,True,-631.5627905617208,281.8382931264448,35.11437019171066
nordholt_bac,alpha,429.86623470822724,42.718129338569966,18.033806539086143,2.3687805037712626,24.684322799483823,20.697006416333274,24,True,-941.1892529313396,429.86623470822707,35.21995951248892
nordholt_bac,alpha,655.6418494179785,43.24642628582477,18.033806539086143,2.3980753143876337,25.212619746738625,20.991995118710754,24,True,-999.9999999999989,655.6418494179783,41.461117946723846
nordholt_bac,alpha,999.9999999999998,44.83461151874909,18.033806539086143,2.4861424248716086,26.80080497966295,21.857574773387043,24,True,-999.9999999999989,999.9999999999998,51.88790122631472
nordholt_bac,beta,9.999999999999982e-09,43.339527023448355,18.033806539086143,2.4032378815595616,25.30572048436221,21.043606690303374,24,True,-53.78495140659222,1.0000000488411759e-08,9.999999999999982e-09
nordholt_bac,beta,1.5252229565390198e-08,43.339526979457204,18.033806539086143,2.4032378791201903,25.30572044037106,21.043606665942523,24,True,-53.78495176749544,1.0000000488411759e-08,1.525222956539017e-08
nordholt_bac,beta,2.3263050671536238e-08,43.33952691236399,18.033806539086143,2.4032378753997774,25.30572037327785,21.04360662878852,24,True,-53.78495176749544,1.0000000488411759e-08,2.3263050671536248e-08
nordholt_bac,beta,3.548133892335753e-08,43.33952681003455,18.033806539086143,2.4032378697254653,25.305720270948406,21.04360657212185,24,True,-53.78494880564808,1.0000000013649863e-08,3.548133892335755e-08
nordholt_bac,beta,5.411695265464637e-08,43.339526653954664,18.033806539086143,2.4032378610706155,25.30572011486852,21.04360648568996,24,True,-53.784949303363334,1.000000001842066e-08,5.4116952654646406e-08
nordholt_bac,beta,8.25404185268019e-08,43.33952641589734,18.033806539086143,2.403237847870001,25.305719876811196,21.043606353861662,24,True,-53.78494875901264,1.0000000006456507e-08,8.254041852680195e-08
nordholt_bac,beta,1.2589254117941662e-07,43.33952605280931,18.033806539086143,2.403237827736258,25.30571951372317,21.04360615279549,24,True,-53.78494875901264,1.000000001842066e-08,1.258925411794165e-07
nordholt_bac,beta,1.9201419386388011e-07,43.339525499016354,18.033806539086143,2.403237797027658,25.30571895993021,21.043605846123217,24,True,-53.78494889363071,1.000000001842066e-08,1.9201419386387998e-07
nordholt_bac,beta,2.928644564625237e-07,43.33952465436632,18.033806539086143,2.403237750190623,25.30571811528018,21.04360537838388,24,True,-53.78494889363071,1.000000001842066e-08,2.9286445646252357e-07
nordholt_bac,beta,4.466835921509635e-07,43.33952336608094,18.033806539086143,2.403237678753382,25.305716826994797,21.043604664973895,24,True,-53.78494890039618,1.000000001842066e-08,4.466835921509632e-07
nordholt_bac,beta,6.812920690579608e-07,43.33952140115926,18.033806539086143,2.4032375697957042,25.305714862073117,21.04360357686499,24,True,-53.78494889763953,1.000000001842066e-08,6.812920690579606e-07
nordholt_bac,beta,1.039122303835169e-06,43.33951840421595,18.033806539086143,2.403237403610972,25.30571186512981,21.043601917256403,24,True,-53.78494889763953,1.000000001842066e-08,1.0391223038351688e-06
nordholt_bac,beta,1.584893192461111e-06,43.339513833209566,18.033806539086143,2.403237150142223,25.305707294123422,21.043599385983256,24,True,-53.78494889763953,1.000000001842066e-08,1.5848931924611111e-06
nordholt_bac,beta,2.417315480804101e-06,43.33950686140318,18.033806539086143,2.4032367635457286,25.305700322317037,21.04359552522544,24,True,-53.78494309827467,1.000000001842066e-08,2.417315480804102e-06
nordholt_bac,beta,3.6869450645195736e-06,43.33949622785447,18.033806539086143,2.4032361739004595,25.305689688768325,21.043589636713577,24,True,-53.78494309827467,1.000000001842066e-08,3.686945064519575e-06
nordholt_bac,beta,5.623413251903491e-06,43.33948000932096,18.033806539086143,2.4032352745599086,25.305673470234815,21.043580655416818,24,True,-53.7849430941608,1.000000001842066e-08,5.623413251903493e-06
nordholt_bac,beta,8.576958985908945e-06,43.33945527245067,18.033806539086143,2.4032339028655723,25.305648733364528,21.043566956935518,24,True,-53.7849430286299,1.000000001842066e-08,8.57695898590895e-06
nordholt_bac,beta,1.3081774742601928e-05,43.33941754324015,18.033806539086143,2.4032318107276516,25.30561100415401,21.043546063699992,24,True,-53.78494936618338,1.000000001842066e-08,1.308177474260194e-05
nordholt_bac,beta,1.9952623149688786e-05,43.33935999782598,18.033806539086143,2.4032286197532975,25.305553458739837,21.043514196846782,24,True,-53.78494936618338,1.000000001842066e-08,1.995262314968877e-05
nordholt_bac,beta,3.043219887107716e-05,43.339272228374426,18.033806539086143,2.4032237528134552,25.305465689288283,21.043465592784095,24,True,-53.784948863248665,1.000000001842066e-08,3.0432198871077144e-05
nordholt_bac,beta,4.641588833612772e-05,43.339138360700616,18.033806539086143,2.403216329662191,25.305331821614473,21.04339146073323,24,True,-53.78494732118659,1.000000001842066e-08,4.64158883361277e-05
nordholt_bac,beta,7.079457843841373e-05,43.338934183358006,18.033806539086143,2.403205007740656,25.305127644271863,21.043278392777772,24,True,-53.78494120869222,1.000000001842066e-08,7.07945784384137e-05
nordholt_bac,beta,0.00010797751623277094,43.33862276902883,18.033806539086143,2.4031877393770134,25.304816229942688,21.043105938819373,24,True,-53.78494283267417,1.000000001842066e-08,0.0001079775162327709
nordholt_bac,beta,0.00016468978654828688,43.33814779658381,18.033806539086143,2.403161401485233,25.30434125749767,21.04284290782258,24,True,-53.78494283267417,1.000000001842066e-08,0.00016468978654828685
nordholt_bac,beta,0.0002511886431509577,43.33742336661382,18.033806539086143,2.4031212308219607,25.303616827527676,21.042441726289027,24,True,-53.784930924126044,1.000000001842066e-08,0.00025118864315095774
nordholt_bac,beta,0.0003831186849557285,43.33631847012748,18.033806539086143,2.4030599627539053,25.302511931041337,21.041829833572468,24,True,-53.78492627129278,1.000000001842066e-08,0.0003831186849557286
nordholt_bac,beta,0.0005843414133735175,43.334633304864994,18.033806539086143,2.4029665179640416,25.30082676577885,21.040896557417618,24,True,-53.78490753473024,1.000000001366404e-08,0.0005843414133735176
nordholt_bac,beta,0.0008912509381337441,43.33206316430909,18.033806539086143,2.4028240000463557,25.298256625222947,21.03947309544496,24,True,-53.78490753473024,1.000000001842066e-08,0.0008912509381337438
nordholt_bac,beta,0.0013593563908785241,43.32814338791845,18.033806539086143,2.4026066429186663,25.29433684883231,21.037301980531158,24,True,-53.78486717682833,1.0000000521486743e-08,0.0013593563908785237
nordholt_bac,beta,0.002073321573485954,43.32216546210277,18.033806539086143,2.4022751585033975,25.288358923016624,21.033990504283516,24,True,-53.78483838675019,1.0000000006611334e-08,0.0020733215734859535
nordholt_bac,beta,0.0031622776601683794,43.31304920480058,18.033806539086143,2.4017696491821994,25.279242665714435,21.028939667232983,24,True,-53.78475217794822,1.000000001842066e-08,0.003162277660168379
nordholt_bac,beta,0.004823178482239299,43.299148165364755,18.033806539086143,2.400998816945217,25.265341626278612,21.02123578811539,24,True,-53.78469133623213,1.000000001842066e-08,0.004823178482239301
nordholt_bac,beta,0.007356422544596406,43.277953623992076,18.033806539086143,2.399823549742104,25.244147084905933,21.009485129047512,24,True,-53.78455717973546,1.000000001842066e-08,0.007356422544596408
nordholt_bac,beta,0.01122018454301963,43.24564500272672,18.033806539086143,2.398031991138249,25.211838463640575,20.9915615345897,24,True,-53.78435800032547,1.000000001842066e-08,0.011220184543019634
nordholt_bac,beta,0.017113283041617775,43.196408511874566,18.033806539086143,2.395301758297754,25.162601972788423,20.964221232961094,24,True,-53.78405789079592,1.000000001842066e-08,0.01711328304161777
nordholt_bac,beta,0.02610157215682533,43.12140809747048,18.033806539086143,2.391142879569542,25.087601558384335,20.922514654426422,24,True,-53.78357154847067,1.0000000012947777e-08,0.02610157215682533
nordholt_bac,beta,0.03981071705534969,43.00723954646374,18.033806539086143,2.3848120724402047,24.973433007377594,20.858887814717058,24,True,-53.782813258820525,1.000000001419453e-08,0.03981071705534969
nordholt_bac,beta,0.060720219569098836,42.833627631550456,18.033806539086143,2.3751850469679616,24.799821092464313,20.76180837514206,24,True,-53.7816064059187,1.000000001842066e-08,0.06072021956909884
nordholt_bac,beta,0.09261187281287918,42.57004159014659,18.033806539086143,2.3605688293195923,24.536235051060444,20.613662864815552,24,True,-53.77966688492426,1.000000001842066e-08,0.09261187281287918
nordholt_bac,beta,0.14125375446227525,42.170830200562335,18.033806539086143,2.3384319948848318,24.137023661476192,20.387534810507468,24,True,-53.77652586189803,1.000000001842066e-08,0.14125375446227525
nordholt_bac,beta,0.21544346900318823,41.56849245673156,18.033806539086143,2.305031517701866,23.53468591764542,20.042264399483948,24,True,-53.771224306130534,1.0000000011499619e-08,0.21544346900318825
nordholt_bac,beta,0.32859932476006476,40.66501833560764,18.033806539086143,2.2549326038000364,22.631211796521498,19.514882041389797,24,True,-53.76193044647993,1.0000000018405882e-08,0.32859932476006476
nordholt_bac,beta,0.5011872336272715,39.32240496376172,18.033806539086143,2.1804827992656493,21.288598424675577,18.709111676009506,24,True,-53.74492454073636,1.0000000011163284e-08,0.5011872336272715
nordholt_bac,beta,0.7644222742525995,37.356818806443314,18.033806539086143,2.071488275394151,19.32301226735717,17.4784157414382,24,True,-53.71224545297343,1.0000000025441321e-08,0.7644222742525995
nordholt_bac,beta,1.165914401179831,34.54962418209911,18.033806539086143,1.915825375370246,16.515817643012966,15.603564844601458,24,True,-53.64621697549787,1.0000000025441321e-08,1.165914401179831
nordholt_bac,beta,1.7782794100389228,30.710003289112347,18.033806539086143,1.7029129830439318,12.676196750026204,12.77616729840583,24,True,-53.50575632172493,1.0000000025441321e-08,1.7782794100389228
nordholt_bac,beta,1.8106307437861078,30.521949599628552,18.033806539086143,1.6924851408090598,12.48814306054241,12.62875071197775,24,True,-53.49693242209407,1.000000002222075e-08,1.8106307437861078
nordholt_bac,beta,1.9104201510090388,29.951214567383268,18.033806539086143,1.6608370785428774,11.917408028297125,12.175721746858823,24,True,-53.46883891020132,1.0000000008699513e-08,1.9104201510090388
nordholt_bac,beta,2.015709258172489,29.364282265272657,18.033806539086143,1.6282908548247452,11.330475726186513,11.70074182506504,24,True,-53.43769233214801,1.000000001842066e-08,2.015709258172489
nordholt_bac,beta,2.126801170588712,28.761965983136445,18.033806539086143,1.5948915677230031,10.728159444050302,11.203338031369874,24,True,-53.403124732463304,1.000000001842066e-08,2.126801170588712
nordholt_bac,beta,2.244015698632291,28.145312395157717,18.033806539086143,1.5606972567968986,10.111505856071574,10.683184341359997,24,True,-53.36474060269911,1.0000000212958524e-08,2.244015698632291
nordholt_bac,beta,2.367690278407304,27.515634749347416,18.033806539086143,1.5257807435002995,9.481828210261273,10.140149808049722,24,True,-53.322083949526636,1.0000000004453274e-08,2.367690278407304
nordholt_bac,beta,2.498180943155274,26.87454994912148,18.033806539086143,1.4902316874074295,8.840743410035337,9.57435846656648,24,True,-53.274631579643476,1.000000001842066e-08,2.498180943155274
nordholt_bac,beta,2.6358633482003837,26.22401991717699,18.033806539086143,1.454158879898125,8.190213378090846,8.98626345715795,24,True,-53.221819705824295,1.000000001842066e-08,2.6358633482003837
nordholt_bac,beta,2.7122725793320295,25.874446896870154,18.033806539086143,1.4347745630291835,7.840640357784011,8.664185710461297,24,True,-53.191277877298475,1.000000001842066e-08,2.7122725793320295
nordholt_bac,beta,2.781133852382565,25.56639765902664,18.033806539086143,1.417692798445769,7.5325911199404985,8.37673824920945,24,True,-53.16297970096471,1.000000001842066e-08,2.781133852382565
nordholt_bac,beta,2.9344106590916788,24.904478469833677,18.033806539086143,1.3809884461084887,6.870671930747534,7.747188193669361,24,True,-53.09740216087179,1.000000001842066e-08,2.9344106590916788
nordholt_bac,beta,3.0961350201875812,24.241556752609185,18.033806539086143,1.3442285021783102,6.207750213523042,7.099685859636223,24,True,-53.02426300647029,1.000000001842066e-08,3.0961350201875812
nordholt_bac,beta,3.266772506271919,23.581488937653695,18.033806539086143,1.3076268111529092,5.547682398567552,6.4371335940336625,24,True,-52.94262580976447,1.000000001842066e-08,3.266772506271919
nordholt_bac,beta,3.446814346968485,22.928763012368243,18.033806539086143,1.2714322382616705,4.8949564732821,5.763456280911721,24,True,-52.85144751443247,1.000000001842066e-08,3.4468143469684844
nordholt_bac,beta,3.6367788450705394,22.288575187468453,18.033806539086143,1.2359329207153578,4.25476864838231,5.083826071124851,24,True,-52.749612900444966,1.000000012457557e-08,3.63677884507054
nordholt_bac,beta,3.8372128686261204,21.666914242393194,18.033806539086143,1.2014609447779492,3.6331077033070507,4.404918486706384,24,True,-52.63585770914086,1.000000012457557e-08,3.8372128686261204
nordholt_bac,beta,4.048693425256742,21.070654115495195,18.033806539086143,1.1683974800232577,3.036847576409052,3.735195234081856,24,True,-52.50878197357261,1.000000012457557e-08,4.048693425256742
nordholt_bac,beta,4.136820402388494,20.84020437353204,18.033806539086143,1.1556187169005812,2.806397834445896,3.471261268167334,24,True,-52.45370420645459,1.000000012457557e-08,4.136820402388494
nordholt_bac,beta,4.271829323241623,20.50765534345845,18.033806539086143,1.1371784042936544,2.473848804372306,3.08520264887104,24,True,-52.366906319440254,1.000000012457557e-08,4.271829323241623
nordholt_bac,beta,4.507262924149359,19.986876029106483,18.033806539086143,1.1083004570214998,1.95306949002034,2.467865331888302,24,True,-52.208650732451716,1.000000012457557e-08,4.507262924149359
nordholt_bac,beta,4.755671992062485,19.518493157629024,18.033806539086143,1.082327966384967,1.4846866185428809,1.898741898164984,24,True,-52.03236289954269,1.000000012457557e-08,4.755671992062485
nordholt_bac,beta,5.017771644718483,19.11403533230025,18.033806539086143,1.0599002096907737,1.0802287932141077,1.3961942853888334,24,True,-51.8364242292081,1.0000000067883495e-08,5.017771644718483
nordholt_bac,beta,5.294316412184134,18.786528416296257,18.033806539086143,1.0417394894183143,0.7527218772101136,0.9814056460381864,24,True,-51.61930675244002,1.0000000935898248e-08,5.294316412184134
nordholt_bac,beta,5.58610240898973,18.55065619785332,18.033806539086143,1.0286600423292203,0.5168496587671783,0.6781686124877475,24,True,-51.379679335211385,1.0000000935898248e-08,5.58610240898973
nordholt_bac,beta,5.893969625976256,18.422934716551758,18.033806539086143,1.0215777061055982,0.389128177465615,0.5123568712866321,24,True,-51.121082288197556,3.7265182174715136e-05,5.893969625976256
nordholt_bac,beta,6.21880434845328,18.35446461795876,18.033806539086143,1.017780942596763,0.32065807887261855,0.42299306119894,24,True,-51.3935788572773,0.004868103271486593,6.21880434845328
nordholt_bac,beta,6.309573444801917,18.33614154758903,18.033806539086143,1.0167649025094958,0.30233500850288664,0.39902214485883947,24,True,-51.4679675976876,0.006294631222727556,6.309573444801918
nordholt_bac,beta,6.561541707628955,18.2873593045477,18.033806539086143,1.0140598583505933,0.25355276546155636,0.33508644793476783,24,True,-51.67017374700201,0.010438601308950898,6.561541707628955
nordholt_bac,beta,6.9231683726571145,18.223283910605048,18.033806539086143,1.01050678741109,0.18947737151890465,0.2508473933469718,24,True,-51.948989220165664,0.0168839208116613,6.9231683726571145
nordholt_bac,beta,7.304725391051369,18.16426587097549,18.033806539086143,1.0072341538990448,0.1304593318893481,0.1729947101263412,24,True,-52.228554120814906,0.02436969364250133,7.30472539105137
nordholt_bac,beta,7.707311185643077,18.112726322029676,18.033806539086143,1.004376213239977,0.07891978294353308,0.1047999711380032,24,True,-52.507947773166244,0.03310057513271049,7.707311185643078
nordholt_bac,beta,8.132084716710901,18.071512914126334,18.033806539086143,1.0020908716614247,0.03770637504019092,0.050128531954108047,24,True,-52.78688689591621,0.043331362649670815,8.1320847167109
nordholt_bac,beta,8.580268818384972,18.043935602986657,18.033806539086143,1.000561670875118,0.010129063900514268,0.01347631672971137,24,True,-53.06580086244556,0.055381677214575833,8.580268818384974
nordholt_bac,beta,9.053153718930538,18.033806539086033,18.033806539086143,0.9999999999999939,-1.1013412404281553e-13,0.0,24,True,-53.34588120207718,0.06965537461782635,9.053153718930538
nordholt_bac,beta,9.55210075504519,18.045484564469856,18.033806539086143,1.0006475629733746,0.011678025383712765,0.015536481478664313,24,True,-53.629139844912395,0.08666655691511166,9.552100755045188
nordholt_bac,beta,9.623506263980868,18.049101133567728,18.033806539086143,1.000848106829162,0.015294594481584767,0.020345937354705405,24,True,-53.66886793038804,0.0892795741513484,9.62350626398087
nordholt_bac,beta,10.078546290862445,18.08392415442006,18.033806539086143,1.002779092435382,0.05011761533391734,0.0666057095462247,24,True,-53.91849872897331,0.10707476363006978,10.078546290862443
nordholt_bac,beta,10.63400585294356,18.154727920411275,18.033806539086143,1.0067052610918859,0.12092138132513242,0.16038913960208384,24,True,-54.21789808200869,0.13173285167505694,10.634005852943561
nordholt_bac,beta,11.220078493161452,18.26420096206087,18.033806539086143,1.012775695606769,0.2303944229747259,0.3046745973871932,24,True,-54.53249835265409,0.16175322050524132,11.220078493161452
nordholt_bac,beta,11.83845139203652,18.419404313866092,18.033806539086143,1.021381940298861,0.3855977747799493,0.5077572901012282,24,True,-54.868883581744804,0.19859919097424353,11.838451392036522
nordholt_bac,beta,12.490904715776368,18.628203345021127,18.033806539086143,1.0329601409800366,0.5943968059349842,0.7782864888223495,24,True,-55.23539960733258,0.24421335780862594,12.490904715776368
nordholt_bac,beta,13.179316741001918,18.89930507949903,18.033806539086143,1.04799311440638,0.8654985404128865,1.12504837570432,24,True,-55.64238981742552,0.301195735821545,13.179316741001918
nordholt_bac,beta,13.905669261912822,19.2422757644674,18.033806539086143,1.067011322471606,1.2084692253812577,1.5566780103444313,24,True,-56.10251754292675,0.37305409206490414,13.905669261912818
nordholt_bac,beta,14.672053295458392,19.667525994915366,18.033806539086143,1.0905920473466502,1.6337194558292225,2.081297075638412,24,True,-56.63068144992532,0.4645457713888147,14.672053295458396
nordholt_bac,beta,14.677992676220676,19.671074851720952,18.033806539086143,1.090788836460357,1.6372683126348093,2.085627304051834,24,True,-56.63498631589066,0.4653262107938662,14.677992676220674
nordholt_bac,beta,15.480675100937905,20.186243163695465,18.033806539086143,1.1193556457392493,2.1524366246093223,2.706076882676032,24,True,-57.24338487259916,0.5821341568019166,15.480675100937905
nordholt_bac,beta,16.333862531359593,20.81023302114727,18.033806539086143,1.15395676315167,2.776426482061126,3.4367208106650526,24,True,-57.956337732086055,0.7345444216062704,16.333862531359596
nordholt_bac,beta,17.23407173484242,21.551585218050832,18.033806539086143,1.1950657877659006,3.5177786789646888,4.276829673405734,24,True,-58.780333547600655,0.9333776560903431,17.234071734842416
nordholt_bac,beta,18.18389422535269,22.421969052928286,18.033806539086143,1.2433297986385359,4.388162513842143,5.2270344495721375,24,True,-59.71447884715459,1.1936258063265723,18.18389422535269
nordholt_bac,beta,19.1860643431306,23.431190810144365,18.033806539086143,1.2992925680643201,5.397384271058222,6.2836785104788735,24,True,-60.74218095325024,1.5340724913690587,19.1860643431306
nordholt_bac,beta,20.243467126283704,24.58457438627844,18.033806539086143,1.3632493136151973,6.550767847192297,7.4369052319775015,24,True,-61.8353939838036,1.9777647390851696,20.2434671262837
nordholt_bac,beta,21.359146616208115,25.879184333412613,18.033806539086143,1.4350372605651802,7.84537779432647,8.668579546203205,24,True,-62.972408817743066,2.553198920323682,21.35914661620811
nordholt_bac,beta,22.38721138568338,27.118234129405632,18.033806539086143,1.5037443187953727,9.084427590319489,9.790997046598202,24,True,-64.00680815018741,3.193690819214675,22.387211385683376
nordholt_bac,beta,22.536314620746786,27.30004197434933,18.033806539086143,1.5138258201439456,9.266235435263187,9.951362454165118,24,True,-64.15723303999368,3.296153824075562,22.53631462074679
nordholt_bac,beta,23.77835996031243,28.818455904260077,18.033806539086143,1.5980240134992842,10.784649365173934,11.250428986854105,24,True,-65.42690972681619,4.251208428139796,23.778359960312425
nordholt_bac,beta,25.08885822359241,30.394257854640536,18.033806539086143,1.6854044535059516,12.360451315554393,12.528133602134073,24,True,-66.84430786558362,5.4719871060336525,25.088858223592407
nordholt_bac,beta,26.47158206092066,31.981952879352036,18.033806539086143,1.7734443812533385,13.948146340265893,13.750167209576437,24,True,-68.48028296048972,7.019713943285073,26.471582060920664
nordholt_bac,beta,27.930512044948657,33.5385724295231,18.033806539086143,1.8597611301214865,15.504765890436957,14.890753315490134,24,True,-70.39772461402006,8.96138517308962,27.930512044948664
nordholt_bac,beta,29.469848129881278,35.03002396053287,18.033806539086143,1.942464220441172,16.99621742144673,15.93497721011336,24,True,-72.6419694098583,11.3689020651696,29.469848129881278
nordholt_bac,beta,31.094021742266396,36.4338734491003,18.033806539086143,2.02030965398981,18.400066910014154,16.878019049259404,24,True,-75.24071291673432,14.319999920011496,31.094021742266392
nordholt_bac,beta,32.80770853814476,37.73867576568321,18.033806539086143,2.09266278219682,19.70486922659707,17.722495524487478,24,True,-78.21386372712055,17.90233642076982,32.807708538144766
nordholt_bac,beta,34.145488738336006,38.64429328767207,18.033806539086143,2.142880550698774,20.610486748585927,18.291623415519886,24,True,-80.68969477187295,21.04407262836024,34.145488738336006
nordholt_bac,beta,34.61584186328558,38.94134820640785,18.033806539086143,2.1593526647858337,20.90754166732171,18.475403629214462,24,True,-81.59265240863505,22.223222089192944,34.615841863285574
nordholt_bac,beta,36.523626955256844,40.04412731554053,18.033806539086143,2.220503321289913,22.010320776454385,19.145613395725448,24,True,-85.4455586412656,27.428454941191386,36.523626955256844
nordholt_bac,beta,38.53655592821537,41.05201268283598,18.033806539086143,2.276391986010308,23.018206143749836,19.74220145458186,24,True,-89.91571788135494,33.738082625912796,38.53655592821538
nordholt_bac,beta,40.66042358355449,41.97096171431046,18.033806539086143,2.3273490055104764,23.93715517522432,20.273516494927538,24,True,-95.27666682208074,41.51197810134789,40.66042358355448
nordholt_bac,beta,42.90134409192488,42.80670345579502,18.033806539086143,2.373692063459622,24.772896916708874,20.746717816027783,24,True,-102.05379481593718,51.39269778878151,42.90134409192488
nordholt_bac,beta,45.26576859465269,43.56382115933461,18.033806539086143,2.415675307645958,25.530014620248465,21.167493084250477,24,True,-111.3695514237148,64.69371130263244,45.2657685946527
nordholt_bac,beta,52.07948328595465,44.834934093870366,18.033806539086143,2.486160312116909,26.801127554784223,21.85774744746178,24,True,-999.9999999999989,993.7926074283736,52.07948328595465
nordholt_bac,beta,79.43282347242788,48.15414252058321,18.033806539086143,2.6702150994142473,30.120335981497064,23.57181673789484,24,True,-534.3654839764499,999.9999999999989,79.43282347242791
nordholt_bac,beta,121.15276586285852,50.74142223871281,18.033806539086143,2.8136834078116992,32.707615699626665,24.827866710114534,24,True,-317.6106025440709,999.9999999999962,121.15276586285854
nordholt_bac,beta,184.7849797422287,52.52833119109776,18.033806539086143,2.9127700287373504,34.49452465201162,25.658508679769497,24,True,-202.85554808184955,999.9999999999944,184.78497974222876
nordholt_bac,beta,281.8382931264449,53.708510884230456,18.033806539086143,2.97821265675794,35.67470434514431,26.191760183187345,24,True,-136.91353526651343,999.9999999999989,281.8382931264448
nordholt_bac,beta,429.86623470822724,54.4646001267435,18.033806539086143,3.0201388713302384,36.430793587657355,26.527267541129685,24,True,-97.12534914390596,999.999999999997,429.86623470822707
nordholt_bac,beta,655.6418494179785,54.93346248359137,18.033806539086143,3.0461379501066284,36.89965594450523,26.732989017262632,24,True,-72.386505027174,999.9999999999926,655.6418494179783
nordholt_bac,beta,999.9999999999998,55.212760832114796,18.033806539086143,3.061625437338904,37.17895429302865,26.85470312655291,24,True,-56.71195424531685,999.9999999999989,999.9999999999998
nordholt_ddac,D_abs,0.0010000000000000002,4570.236726065495,151.0224248359915,30.261974213622352,4419.214301229503,300.0704914173828,88,True,-0.0010000000000000002,1.0000000236708949e-08,999.999999997583
nordholt_ddac,D_abs,0.0012589254117941675,4570.197465959087,151.0224248359915,30.261714251524335,4419.175041123095,300.06973545999796,88,True,-0.0012589254117941675,1.0000000236708949e-08,999.9999993092243
nordholt_ddac,D_abs,0.001584893192461114,4570.148040668371,151.0224248359915,30.261386980320943,4419.1256158323795,300.06878376171045,88,True,-0.0015848931924611136,1.0000000236708949e-08,999.9999993092243
nordholt_ddac,D_abs,0.001995262314968879,4570.085818317913,151.0224248359915,30.260974972961602,4419.063393481922,300.06758563769637,88,True,-0.00199526231496888,1.0000000236708949e-08,999.9999999999199
nordholt_ddac,D_abs,0.0025118864315095794,4570.007485660051,151.0224248359915,30.260456290666923,4418.9850608240595,300.0660772780631,88,True,-0.00251188643150958,1.0000000236708949e-08,999.9999999997901
nordholt_ddac,D_abs,0.0031622776601683794,4569.9088717013165,151.0224248359915,30.259803315065174,4418.886446865325,300.0641783485697,88,True,-0.003162277660168379,1.0000000236708949e-08,999.9999999990591
nordholt_ddac,D_abs,0.003981071705534973,4569.78472569109,151.0224248359915,30.258981278136808,4418.762300855098,300.0617877106814,88,True,-0.003981071705534972,1.0000000236708949e-08,999.999999998544
nordholt_ddac,D_abs,0.005011872336272725,4569.628437673155,151.0224248359915,30.25794641183728,4418.606012837163,300.05877803263456,88,True,-0.005011872336272726,1.0000000392368937e-08,999.9999999999989
nordholt_ddac,D_abs,0.006309573444801929,4569.431686755901,151.0224248359915,30.25664361910655,4418.409261919909,300.0549890038974,88,True,-0.00630957344480193,1.0000000236708949e-08,999.9999999894891
nordholt_ddac,D_abs,0.007943282347242814,4569.183998429467,151.0224248359915,30.255003542629808,4418.161573593475,300.05021879066544,88,True,-0.007943282347242812,1.0000000236708949e-08,999.9999993092243
nordholt_ddac,D_abs,0.01,4568.8721874493285,151.0224248359915,30.25293887587269,4417.849762613337,300.0442132757716,88,True,-0.010000000000000004,1.000203286712881e-08,999.9999999999989
nordholt_ddac,D_abs,0.012589254117941675,4568.479656766602,151.0224248359915,30.250339720924984,4417.45723193061,300.036652507468,88,True,-0.012589254117941677,1.0000000236708949e-08,999.9999999500931
nordholt_ddac,D_abs,0.01584893192461114,4567.98551540637,151.0224248359915,30.247067747502705,4416.963090570378,300.02713363142055,88,True,-0.01584893192461114,1.0000000236708949e-08,999.9999999074666
nordholt_ddac,D_abs,0.0199526231496888,4567.363468691727,151.0224248359915,30.242948844529728,4416.341043855735,300.0151493906283,88,True,-0.019952623149688802,1.0000000236708949e-08,999.9999993092243
nordholt_ddac,D_abs,0.025118864315095808,4566.580422306257,151.0224248359915,30.23776387689118,4415.557997470265,300.0000610382337,88,True,-0.025118864315095805,1.0000000236708949e-08,999.9999984513603
nordholt_ddac,D_abs,0.03162277660168379,4565.594726795134,151.0224248359915,30.23123706133916,4414.572301959142,299.98106420475216,88,True,-0.0316227766016838,1.0000000236708949e-08,999.9999992192687
nordholt_ddac,D_abs,0.039810717055349734,4564.353970506271,151.0224248359915,30.223021352379316,4413.331545670279,299.9571458766844,88,True,-0.03981071705534973,1.0000000236708949e-08,999.9999985943464
nordholt_ddac,D_abs,0.05011872336272725,4562.792205796033,151.0224248359915,30.212680075499843,4411.769780960041,299.9270301552557,88,True,-0.05011872336272725,1.000000000000009e-08,999.9999999999989
nordholt_ddac,D_abs,0.06309573444801933,4560.8264645228255,151.0224248359915,30.199663854396636,4409.804039686834,299.88910984293886,88,True,-0.06309573444801932,1.000000157960077e-08,999.9999999999989
nordholt_ddac,D_abs,0.07943282347242818,4558.352383190118,151.0224248359915,30.18328164271255,4407.329958354127,299.8413601132196,88,True,-0.07943282347242818,1.0000000236708949e-08,999.9999884451547
nordholt_ddac,D_abs,0.1,4555.238714151107,151.0224248359915,30.162664379796844,4404.216289315115,299.78122950539057,88,True,-0.10000000000000002,1.015067579224574e-08,999.9999999999944
nordholt_ddac,D_abs,0.12589254117941676,4551.320445457809,151.0224248359915,30.13671943355755,4400.298020621817,299.70550218396323,88,True,-0.12589254117941673,1.0000000236708949e-08,999.9999785510144
nordholt_ddac,D_abs,0.1584893192461114,4546.390186546158,151.0224248359915,30.104073560489322,4395.367761710166,299.6101237213484,88,True,-0.1584893192461114,1.0000000000000409e-08,999.9999999999944
nordholt_ddac,D_abs,0.19952623149688808,4540.187398393073,151.0224248359915,30.06300159280094,4389.164973557081,299.4899804799234,88,True,-0.19952623149688808,1.000000001842066e-08,999.9999993092243
nordholt_ddac,D_abs,0.25118864315095824,4532.3849538544955,151.0224248359915,30.011337447247385,4381.362529018504,299.3386198157123,88,True,-0.25118864315095824,1.000000001842066e-08,999.9999993092243
nordholt_ddac,D_abs,0.31622776601683794,4522.57240636661,151.0224248359915,29.946363338279518,4371.549981530618,299.14789456266124,88,True,-0.316227766016838,1.0000010063042596e-08,999.9999999999989
nordholt_ddac,D_abs,0.3981071705534973,4510.235224817847,151.0224248359915,29.86467228105963,4359.212799981855,298.90751024458115,88,True,-0.3981071705534973,1.0000000236708949e-08,999.9999999999989
nordholt_ddac,D_abs,0.5011872336272725,4494.729124621728,151.0224248359915,29.761998123808095,4343.706699785736,298.6044467091849,88,True,-0.5011872336272725,1.0000000236708949e-08,999.9999999999989
nordholt_ddac,D_abs,0.6309573444801936,4475.248501821606,151.0224248359915,29.633006533179895,4324.226076985614,298.2222166584563,88,True,-0.6309573444801936,1.0000000236708949e-08,999.9999999999989
nordholt_ddac,D_abs,0.7943282347242822,4450.787881653284,151.0224248359915,29.471039724642118,4299.765456817292,297.7399107680039,88,True,-0.7943282347242822,1.0000000236708949e-08,999.9999999999989
nordholt_ddac,D_abs,1.0,4420.095267491615,151.0224248359915,29.26780756097503,4269.072842655623,297.130961066227,88,True,-1.0,1.0000000236708949e-08,999.9999999999989
nordholt_ddac,D_abs,1.2589254117941675,4381.6163939469025,151.0224248359915,29.013018422299098,4230.593969110911,296.36152835254126,88,True,-1.2589254117941675,1.0000000000003393e-08,999.9999999970928
nordholt_ddac,D_abs,1.584893192461114,4333.429273871984,151.0224248359915,28.693945806909372,4182.406849035992,295.3883814656347,88,True,-1.584893192461114,1.0000000000007195e-08,999.9999999939113
nordholt_ddac,D_abs,1.9952623149688808,4273.1692916190395,151.0224248359915,28.294932333788502,4122.146866783048,294.1560792840473,88,True,-1.9952623149688808,1.0000000236708949e-08,999.9999999999989
nordholt_ddac,D_abs,2.5118864315095824,4197.94677773912,151.0224248359915,27.79684396074317,4046.9243529031287,292.5931789140789,88,True,-2.5118864315095824,1.0000507580411987e-08,999.9999999253404
nordholt_ddac,D_abs,3.1622776601683795,4104.262064980032,151.0224248359915,27.17650752487394,3953.2396401440405,290.6070557425184,88,True,-3.1622776601683795,1.0000000236708949e-08,999.9999999999989
nordholt_ddac,D_abs,3.981071705534973,3987.9283830462145,151.0224248359915,26.406200187667864,3836.905958210223,288.07669775909136,88,True,-3.9810717055349736,1.0000000236708949e-08,999.9999993092243
nordholt_ddac,D_abs,5.011872336272725,3844.022070844063,151.0224248359915,25.45331976372796,3692.9996460080715,284.84246358235964,88,True,-5.011872336272725,1.0000000236708949e-08,999.9999993092243
nordholt_ddac,D_abs,6.309573444801936,3666.8948343094767,151.0224248359915,24.28046588638528,3515.8724094734853,280.6911495589599,88,True,-6.309573444801936,1.0000738622965906e-08,999.9999999444833
nordholt_ddac,D_abs,7.943282347242821,3450.3079450575133,151.0224248359915,22.846328608512977,3299.285520221522,275.3335579141643,88,True,-7.943282347242821,1.0000000236708949e-08,999.9999999999944
nordholt_ddac,D_abs,10.0,3187.7894193795505,151.0224248359915,21.108053475114378,3036.766994543559,268.3696091071855,88,True,-10.000000000000002,1.0000000236708949e-08,999.9999999999891
nordholt_ddac,D_abs,12.589254117941687,2873.3820089342876,151.0224248359915,19.026194368516762,2722.359584098296,259.231867899339,88,True,-12.589254117941685,1.0000000236708949e-08,999.999999999982
nordholt_ddac,D_abs,13.669468128821709,2747.513705640908,151.0224248359915,18.192753219428667,2596.4912808049166,255.290053922945,88,True,-13.669468128821707,1.0000000236708949e-08,999.9999999999784
nordholt_ddac,D_abs,14.4228343943119,2661.5771403233475,151.0224248359915,17.623721399082207,2510.554715487356,252.49363051738422,88,True,-14.422834394311897,1.0000000236708949e-08,999.9999999999758
nordholt_ddac,D_abs,15.217720982658099,2572.5497999090894,151.0224248359915,17.03422390881915,2421.527375073098,249.49975524758864,88,True,-15.217720982658099,1.0000000236708949e-08,999.9999999999723
nordholt_ddac,D_abs,15.848931924611142,2503.0576846405106,151.0224248359915,16.5740795604282,2352.0352598045192,247.08992024030823,88,True,-15.848931924611144,1.0000000236708949e-08,999.9999999999704
nordholt_ddac,D_abs,16.05641620605192,2480.4477120722977,151.0224248359915,16.42436687641609,2329.4252872363063,246.29140952159264,88,True,-16.05641620605192,1.0000000236708949e-08,999.9999999999695
nordholt_ddac,D_abs,16.94133449258017,2385.30889671731,151.0224248359915,15.794402051931863,2234.2864718813184,242.8496907533862,88,True,-16.941334492580168,1.0000000236708949e-08,999.999999999966
nordholt_ddac,D_abs,17.875023336858224,2287.196968905148,151.0224248359915,15.144750664605047,2136.1745440691566,239.15355033930192,88,True,-17.875023336858224,1.0000000000394086e-08,999.9999999999989
nordholt_ddac,D_abs,18.86017063373404,2186.2052111463117,151.0224248359915,14.476030387675895,2035.1827863103204,235.1794900290508,88,True,-18.860170633734036,1.0000000000469936e-08,999.9999999999989
nordholt_ddac,D_abs,19.899612416175124,2082.4611715992946,151.0224248359915,13.789085785510476,1931.4387467633032,230.90121068437264,88,True,-19.899612416175124,1.0000000000659012e-08,999.999999999997
nordholt_ddac,D_abs,19.952623149688787,2077.247734325829,151.0224248359915,13.754564837517966,1926.2253094898374,230.68062663358435,88,True,-19.952623149688787,1.0000000236708949e-08,999.9999999999536
nordholt_ddac,D_abs,20.996341019614082,1976.1318513048852,151.0224248359915,13.085022661044809,1825.1094264688936,226.28920756766493,88,True,-20.996341019614082,1.0000000000822932e-08,999.9999999999909
nordholt_ddac,D_abs,22.15351369625638,1867.429550932285,151.0224248359915,12.365246770208403,1716.4071260962937,221.31030749767922,88,True,-22.153513696256375,1.0000000001070522e-08,999.9999999999686
nordholt_ddac,D_abs,23.37446170414884,1756.6184557034267,151.0224248359915,11.631507424219237,1605.5960308674353,215.9271464489376,88,True,-23.374461704148835,1.0000000001501608e-08,999.9999999998781
nordholt_ddac,D_abs,24.662699897174715,1644.0220462898444,151.0224248359915,10.885946561083443,1492.9996214538528,210.0975932916943,88,True,-24.66269989717471,1.0000000001930775e-08,999.9999999997084
nordholt_ddac,D_abs,25.11886431509582,1605.2156344192772,151.0224248359915,10.628988616508586,1454.1932095832858,207.99548383386414,88,True,-25.118864315095824,1.0000000002384315e-08,999.9999999995122
nordholt_ddac,D_abs,26.02193684358262,1530.0314336516594,151.0224248359915,10.13115393500836,1379.009008815668,203.7741397480449,88,True,-26.021936843582615,1.0000000003187584e-08,999.9999999986302
nordholt_ddac,D_abs,27.456085502178684,1415.1147271274758,151.0224248359915,9.370229147520794,1264.0923022914844,196.90330452288526,88,True,-27.456085502178688,1.0000000005342163e-08,999.9999999924645
nordholt_ddac,D_abs,28.969274486916355,1299.8275577218358,151.0224248359915,8.606851327764288,1148.8051328858442,189.42515258555974,88,True,-28.96927448691635,1.000000000718659e-08,999.9999999503461
nordholt_ddac,D_abs,30.565859952312195,1184.8248926198658,151.0224248359915,7.845357362700082,1033.8024677838744,181.27313055041816,88,True,-30.56585995231219,1.0000000236708949e-08,999.999999604493
nordholt_ddac,D_abs,31.622776601683793,1112.4444939511102,151.0224248359915,7.366088149883775,961.4220691151187,175.7260370872017,88,True,-31.62277660168379,1.0000000015531878e-08,999.9999999971292
nordholt_ddac,D_abs,32.25043813390341,1070.8742926516807,151.0224248359915,7.090829681847825,919.8518678156892,172.3746072500977,88,True,-32.25043813390341,1.0000000236708949e-08,999.9999999623321
nordholt_ddac,D_abs,34.027858579848406,958.8707819155981,151.0224248359915,6.349194716989348,807.8483570796066,162.6528630003722,88,True,-34.02785857984841,1.0000000236708949e-08,999.9999999999989
nordholt_ddac,D_abs,35.903238111761354,849.8535182523979,151.0224248359915,5.627333286267443,698.8310934164064,152.03193883060644,88,True,-35.90323811176135,1.000000096852577e-08,999.9999999941662
nordholt_ddac,D_abs,37.88197555497116,745.0244749708207,151.0224248359915,4.933204295851481,594.0020501348292,140.4470087251931,88,True,-37.88197555497116,1.0000000236708949e-08,999.9999999999962
nordholt_ddac,D_abs,39.81071705534978,652.9205762398343,151.0224248359915,4.3233352725523915,501.8981514038428,128.83438992224603,88,True,-39.81071705534977,1.0000000236708949e-08,999.9999999999865
nordholt_ddac,D_abs,39.969767280610114,645.7693684092824,151.0224248359915,4.275983312482103,494.7469435732909,127.86523996885006,88,True,-39.969767280610114,1.0000000236708949e-08,999.9999999999856
nordholt_ddac,D_abs,42.172623604274605,553.6810928624539,151.0224248359915,3.6662177386156043,402.65866802646235,114.32612767060996,88,True,-42.1726236042746,1.0000000236708949e-08,999.9999999963306
nordholt_ddac,D_abs,44.496886088466404,470.5859544174152,151.0224248359915,3.116000520640996,319.5635295814237,100.01642596834374,88,True,-44.4968860884664,1.0000000236708949e-08,999.9999999999962
nordholt_ddac,D_abs,46.94924579862433,398.57302868143245,151.0224248359915,2.639164542049155,247.55060384544095,85.40069170412995,88,True,-46.94924579862433,1.0000000236708949e-08,999.999999999998
nordholt_ddac,D_abs,49.536762565301885,336.23982699029807,151.0224248359915,2.2264231775873706,185.21740215430657,70.43487805360414,88,True,-49.536762565301885,1.0000000236708949e-08,28.20403369003172
nordholt_ddac,D_abs,50.118723362727245,323.1263488856669,151.0224248359915,2.1395918469497373,172.1039240496754,66.93412749046094,88,True,-50.11872336272724,1.0000000236708949e-08,27.911420713960823
nordholt_ddac,D_abs,52.266885307942374,279.578614425883,151.0224248359915,1.8512390774383471,128.55618958989152,54.19525641038437,88,True,-52.266885307942374,1.0000000236708949e-08,27.25250985424952
nordholt_ddac,D_abs,55.147473478759736,232.65587879957138,151.0224248359915,1.5405386256526659,81.63345396357988,38.02762587291016,88,True,-55.14747347875975,1.0000000236708949e-08,26.785603373428994
nordholt_ddac,D_abs,58.18681968845703,196.18564681045066,151.0224248359915,1.2990497737240405,45.16322197445916,23.023708743991858,88,True,-58.18681968845704,1.0000004675540888e-08,26.460938296603814
nordholt_ddac,D_abs,61.39367357891799,170.54888577105788,151.0224248359915,1.1292951093605594,19.526460935066382,10.700240412917587,88,True,-61.393673578917976,1.0000000236708949e-08,26.163063595705434
nordholt_ddac,D_abs,63.09573444801943,161.6594173110468,151.0224248359915,1.070433198822009,10.636992475055308,5.989581422246213,88,True,-63.095734448019414,1.0000000236708949e-08,25.995669994463583
nordholt_ddac,D_abs,64.7772670115953,155.70877341767226,151.0224248359915,1.0310308127204955,4.686348581680761,2.6891999934871467,88,True,-64.77726701159527,1.0000000000000018e-08,25.813457677295197
nordholt_ddac,D_abs,68.34734064410854,151.02242483597294,151.0224248359915,0.9999999999998771,-1.8559376258053817e-11,0.0,88,True,-68.34734064410854,1.0000000000000018e-08,25.353347683343245
nordholt_ddac,D_abs,72.11417197155947,155.1649085050534,151.0224248359915,1.0274295931452604,4.142483669061903,2.3812925447621387,88,True,-72.11417197155946,1.0000000000000053e-08,24.76602990160228
nordholt_ddac,D_abs,76.08860491329048,165.40594422671256,151.0224248359915,1.095240951178882,14.383519390721062,8.005745950438426,88,True,-76.08860491329051,0.05487647522813565,27.714378057843877
nordholt_ddac,D_abs,79.43282347242821,173.12284081352183,151.0224248359915,1.1463386381296097,22.100415977530332,12.018430194528834,88,True,-79.4328234724282,0.207018968078506,31.878790856560965
nordholt_ddac,D_abs,80.28208103025959,174.79412757389298,151.0224248359915,1.1574051189001717,23.771702737901478,12.863886895716998,88,True,-80.28208103025958,0.25993701134426644,32.771025674878025
nordholt_ddac,D_abs,84.70667246290084,181.74733236266866,151.0224248359915,1.203445995255632,30.724907526677157,16.29664116610832,88,True,-84.70667246290081,0.6280497710148981,36.56867174503706
nordholt_ddac,D_abs,89.37511668429111,186.5182548878268,151.0224248359915,1.23503681715072,35.4958300518353,18.57686873624214,88,True,-89.37511668429114,1.1642795857442043,39.45462690152214
nordholt_ddac,D_abs,94.3008531686702,189.6178077507542,151.0224248359915,1.2555606093378304,38.595382914762695,20.02723126890638,88,True,-94.3008531686702,1.857027454524371,41.71539165430684
nordholt_ddac,D_abs,99.4980620808756,191.50911584851195,151.0224248359915,1.268083968698612,40.48669101252045,20.90062261704042,88,True,-99.49806208087564,2.690116427211936,43.534076497249
nordholt_ddac,D_abs,100.0,191.63812594550973,151.0224248359915,1.2689382133390215,40.61570110951823,20.95988384993715,88,True,-100.00000000000004,2.7748612124245167,43.68643096133392
nordholt_ddac,D_abs,104.98170509807039,192.5477359026443,151.0224248359915,1.2749612258692626,41.52531106665279,21.376587501722803,88,True,-104.98170509807042,3.6472444195460536,45.02401946478099
nordholt_ddac,D_abs,110.76756848128187,192.9913931949014,151.0224248359915,1.2778989173593769,41.968968358909905,21.579118741772465,88,True,-110.76756848128184,4.71415463426398,46.25947949470237
nordholt_ddac,D_abs,116.87230852074418,193.02301791190132,151.0224248359915,1.2781083214729332,42.00059307590982,21.593537763560995,88,True,-116.87230852074413,5.879626812383367,47.29269522702878
nordholt_ddac,D_abs,123.31349948587355,192.77218256607287,151.0224248359915,1.27644740690279,41.74975773008137,21.479106513426515,88,True,-123.31349948587356,7.135555986012998,48.16242140295153
nordholt_ddac,D_abs,125.89254117941688,192.62052925142527,151.0224248359915,1.275443229444957,41.59810441543377,21.409849924141895,88,True,-125.89254117941688,7.643133526928642,48.46089029089166
nordholt_ddac,D_abs,130.10968421791304,192.33164067716288,151.0224248359915,1.2735303441593702,41.30921584117138,21.277770142322602,88,True,-130.10968421791304,8.47688585654882,48.898799680093155
nordholt_ddac,D_abs,137.2804275108934,191.76892745271567,151.0224248359915,1.2698043198615991,40.74650261672417,21.019927258000006,88,True,-137.28042751089333,9.9017524111334,49.52644408613196
nordholt_ddac,D_abs,144.84637243458178,191.13398729178857,151.0224248359915,1.2656000425059903,40.11156245579707,20.728078942286782,88,True,-144.84637243458178,11.411815630428427,50.06639225796964
nordholt_ddac,D_abs,152.82929976156095,190.46399870429138,151.0224248359915,1.261163690830239,39.44157386829988,20.419067582443976,88,True,-152.82929976156092,13.012376767102449,50.53703109545191
nordholt_ddac,D_abs,158.48931924611142,190.00418106948862,151.0224248359915,1.2581189930954348,38.98175623349712,20.20636137617244,88,True,-158.4893192461114,14.15306137456855,50.82484900486076
nordholt_ddac,D_abs,161.252190669517,189.78641805059308,151.0224248359915,1.2566770680360801,38.763993214601584,20.10544709442226,88,True,-161.25219066951706,14.712076204702981,50.95432603051697
nordholt_ddac,D_abs,170.13929289924195,189.12099895122049,151.0224248359915,1.252270973377653,38.098574115228985,19.79636398696506,88,True,-170.139292899242,16.522094231729035,51.33165857414123
nordholt_ddac,D_abs,179.51619055880678,188.48128852494537,151.0224248359915,1.248035109551669,37.45886368895387,19.49819539404891,88,True,-179.51619055880684,18.45499496712294,51.679590303336894
nordholt_ddac,D_abs,189.4098777748558,187.87589262928344,151.0224248359915,1.244026460529384,36.85346779329194,19.21508728592519,88,True,-189.40987777485586,20.52345085884609,52.005769800595736
nordholt_ddac,D_abs,199.52623149688827,187.32609523393236,151.0224248359915,1.2403859588227788,36.30367039794086,18.957187770544596,88,True,-199.5262314968882,22.67015475745564,52.30599995778553
nordholt_ddac,D_abs,199.84883640305048,187.30964043236307,151.0224248359915,1.240277002807888,36.28721559637157,18.949457474680255,88,True,-199.8488364030505,22.739128577600443,52.31509927088907
nordholt_ddac,D_abs,210.86311802137305,186.78466340847424,151.0224248359915,1.236800850014957,35.762238572482744,18.702471578587822,88,True,-210.8631180213731,25.11200624271574,52.61018643813134
nordholt_ddac,D_abs,222.484430442332,186.3013412540994,151.0224248359915,1.2336005163234558,35.27891641810791,18.474468529174494,88,True,-222.484430442332,27.65022109851354,52.891980622271895
nordholt_ddac,D_abs,234.74622899312163,185.85905783769175,151.0224248359915,1.2306719219978914,34.83663300170025,18.265306248275486,88,True,-234.7462289931216,30.360415420190737,53.16046056096527
nordholt_ddac,D_abs,247.68381282650932,185.45673869824432,151.0224248359915,1.2280079524590342,34.43431386225282,18.074610897008228,88,True,-247.68381282650924,33.248388588367256,53.41522975028826
nordholt_ddac,D_abs,251.18864315095823,185.35781944685394,151.0224248359915,1.227352955351831,34.33539461086244,18.027660775241795,88,True,-251.18864315095828,34.03487982881919,53.4796449108603
nordholt_ddac,D_abs,261.3344265397119,185.09318117762746,151.0224248359915,1.2256006442661505,34.070756341635956,17.90193201967544,88,True,-261.3344265397119,36.31987889519849,53.65595396681594
nordholt_ddac,D_abs,275.73736739379865,184.76721640366472,151.0224248359915,1.223442257693317,33.74479156767322,17.746819941047704,88,True,-275.73736739379854,39.581292792944126,53.88261454757116
nordholt_ddac,D_abs,290.9340984422851,184.47775099402546,151.0224248359915,1.2215255528731315,33.455326158033955,17.608846706389965,88,True,-290.934098442285,43.04032388586245,54.095617991937054
nordholt_ddac,D_abs,306.9683678945898,184.223730589817,151.0224248359915,1.219843548333181,33.201305753825494,17.487589807658907,88,True,-306.9683678945899,46.706465295875795,54.295813281401884
nordholt_ddac,D_abs,316.2277660168379,184.09787506159105,151.0224248359915,1.219010191774626,33.07545022559955,17.4274505883191,88,True,-316.22776601683796,48.830612191360764,54.4016349248886
nordholt_ddac,D_abs,323.88633505797657,184.0040568518121,151.0224248359915,1.2183889713838076,32.981632015820594,17.3825934336913,88,True,-323.88633505797645,50.59133315295724,54.48442690502845
nordholt_ddac,D_abs,341.7367032205427,183.81748147424798,151.0224248359915,1.2171535563269595,32.79505663825648,17.29331842979395,88,True,-341.7367032205428,54.70882235580495,54.6629559360595
nordholt_ddac,D_abs,398.1071705534977,183.4528334703483,151.0224248359915,1.2147390274628145,32.43040863435681,17.118575012852336,88,True,-398.1071705534976,67.84987188410638,55.12996675545537
nordholt_ddac,D_abs,501.18723362727246,183.2630063213016,151.0224248359915,1.2134820806931352,32.24058148531009,17.027470191104623,88,True,-501.1872336272723,92.4363758106081,55.76186605360023
nordholt_ddac,D_abs,630.9573444801943,183.2856922566819,151.0224248359915,1.2136322963674295,32.2632674206904,17.0383629446392,88,True,-630.9573444801943,123.8779551596812,56.28994072073283
nordholt_ddac,D_abs,794.3282347242822,183.33751203739416,151.0224248359915,1.213975422765834,32.31508720140266,17.063239388244718,88,True,-794.3282347242821,163.15713740825635,56.65534443932427
nordholt_ddac,D_abs,999.9999999999998,183.36357674053977,151.0224248359915,1.2141480110630614,32.34115190454827,17.0757492713668,88,True,-999.9999999999998,211.82575969777028,56.87242811009058
nordholt_ddac,alpha,9.999999999999982e-09,151.02242483590908,151.0224248359915,0.9999999999994542,-8.242295734817162e-11,0.0,88,True,-68.34735773049373,9.999999999999982e-09,25.35334403472445
nordholt_ddac,alpha,1.0000000236708947e-08,151.02242483590618,151.0224248359915,0.999999999999435,-8.532197171007283e-11,0.0,88,True,-68.34735356369227,1.0000000236708949e-08,25.353345750597544
nordholt_ddac,alpha,1.0551130885116976e-08,151.02242489836667,151.0224248359915,1.0000000004130192,6.237516458895698e-08,3.634568734116543e-08,88,True,-68.34735519351584,1.0551130885116986e-08,25.353346451926875
nordholt_ddac,alpha,1.1132636031967483e-08,151.02242496427095,151.0224248359915,1.0000000008494065,1.2827945283788722e-07,7.474777593708523e-08,88,True,-68.34735512184429,1.1132636031967498e-08,25.35334645379354
nordholt_ddac,alpha,1.1746189708923005e-08,151.02242503380805,151.0224248359915,1.000000001309849,1.9781654714279284e-07,1.1526670277373504e-07,88,True,-68.34735434256619,1.1746189708923026e-08,25.353347439548212
nordholt_ddac,alpha,1.2393558208659459e-08,151.02242510717602,151.0224248359915,1.0000000017956574,2.7118451839669433e-07,1.580178511064869e-07,88,True,-68.34735462377621,1.2393558208659446e-08,25.353347360115553
nordholt_ddac,alpha,1.3076605169653243e-08,151.02242518458604,151.0224248359915,1.0000000023082303,3.485945399006596e-07,2.0312426384099835e-07,88,True,-68.34735489181635,1.3076605169653237e-08,25.353346769885565
nordholt_ddac,alpha,1.3797296941206503e-08,151.02242526626424,151.0224248359915,1.0000000028490652,4.302727347749169e-07,2.507177377689716e-07,88,True,-68.34735489181635,1.3797296941206505e-08,25.353346769885565
nordholt_ddac,alpha,1.4557708244155416e-08,151.0224253524455,151.0224248359915,1.0000000034197174,5.164540084479086e-07,3.0093513052223817e-07,88,True,-68.34735488403287,1.4557708244155426e-08,25.353346765195287
nordholt_ddac,alpha,1.5252229565390198e-08,151.02242543115736,151.0224248359915,1.0000000039409105,5.95165857930624e-07,3.46800122157919e-07,88,True,-68.34735488403287,1.525222956539017e-08,25.353346765195287
nordholt_ddac,alpha,1.5360028143557416e-08,151.02242544337503,151.0224248359915,1.0000000040218102,6.073835265851812e-07,3.5391929848911296e-07,88,True,-68.34735519919421,1.5360028143557436e-08,25.353346992800265
nordholt_ddac,alpha,1.620656635055154e-08,151.02242553931592,151.0224248359915,1.000000004657086,7.033244173726416e-07,4.098235714571911e-07,88,True,-68.34735519727782,1.6206566350551568e-08,25.353346991061347
nordholt_ddac,alpha,1.7099759871533574e-08,151.02242564054472,151.0224248359915,1.0000000053273759,8.045532240430475e-07,4.688090756435237e-07,88,True,-68.3473551627121,1.7099759871533554e-08,25.353347404611483
nordholt_ddac,alpha,1.804218002378764e-08,151.0224257473519,151.0224248359915,1.000000006034603,9.113603880450682e-07,5.310450658732654e-07,88,True,-68.34735508969104,1.8042180023787628e-08,25.353347389779614
nordholt_ddac,alpha,1.90365398377707e-08,151.022425860044,151.0224248359915,1.0000000067807975,1.0240524943583296e-06,5.967101761347922e-07,88,True,-68.34735504721327,1.9036539837770704e-08,25.353347361756597
nordholt_ddac,alpha,2.0085701867359683e-08,151.02242597895133,151.0224248359915,1.0000000075681466,1.1429598316681222e-06,6.659968942224456e-07,88,True,-68.34735509080024,2.00857018673597e-08,25.353347409736713
nordholt_ddac,alpha,2.119268643054521e-08,151.0224261044086,151.0224248359915,1.0000000083988658,1.2684170940246986e-06,7.391001895000126e-07,88,True,-68.34735508382497,2.1192686430545228e-08,25.353347410139296
nordholt_ddac,alpha,2.236068030429519e-08,151.02242623678046,151.0224248359915,1.0000000092753707,1.4007889603817603e-06,8.162326172626996e-07,88,True,-68.34735525816828,2.2360680304295228e-08,25.35334710352992
nordholt_ddac,alpha,2.3263050671536238e-08,151.02242633904913,151.0224248359915,1.0000000099525461,1.5030576321350964e-06,8.758240542520797e-07,88,True,-68.34735553467145,2.3263050671536248e-08,25.353347427934143
nordholt_ddac,alpha,2.3593045898619083e-08,151.0224263764478,151.0224248359915,1.0000000102001827,1.540456310067384e-06,8.976160728885991e-07,88,True,-68.34735519743268,2.3593045898619053e-08,25.353347292603665
nordholt_ddac,alpha,2.4893330936242807e-08,151.02242652381298,151.0224248359915,1.000000011175966,1.6878214808002667e-06,9.834849963862479e-07,88,True,-68.34735494075328,2.4893330936242794e-08,25.353348116300413
nordholt_ddac,alpha,2.6265278665760306e-08,151.02242667930113,151.0224248359915,1.000000012205536,1.8433096329317777e-06,1.0740871539914507e-06,88,True,-68.34735499920743,2.6265278665760296e-08,25.35334791619433
nordholt_ddac,alpha,2.771283863766307e-08,151.0224268433578,151.0224248359915,1.0000000132918427,2.007366305178948e-06,1.1696821531327889e-06,88,True,-68.34735553320434,2.771283863766308e-08,25.353348255566893
nordholt_ddac,alpha,2.9240178074269814e-08,151.02242701645628,151.0224248359915,1.00000001443802,2.180464775847213e-06,1.2705457412149043e-06,88,True,-68.34735478236637,2.9240178074269847e-08,25.35334922959871
nordholt_ddac,alpha,3.085169386628767e-08,151.02242719909313,151.0224248359915,1.0000000156473559,2.36310162904374e-06,1.3769673045078595e-06,88,True,-68.34735478323383,3.085169386628771e-08,25.353348722690555
nordholt_ddac,alpha,3.255202523054062e-08,151.02242739179735,151.0224248359915,1.0000000169233534,2.5558058496244485e-06,1.4892550853068312e-06,88,True,-68.34735492104096,3.255202523054057e-08,25.353348871981144
nordholt_ddac,alpha,3.434606706530428e-08,151.0224275951233,151.0224248359915,1.0000000182696829,2.759131803031778e-06,1.6077320785475714e-06,88,True,-68.3473554798035,3.434606706530425e-08,25.35334961719143
nordholt_ddac,alpha,3.548133892335753e-08,151.02242772378523,151.0224248359915,1.000000019121622,2.88779372681347e-06,1.6827027255019895e-06,88,True,-68.34735539909595,3.548133892335755e-08,25.353349104003975
nordholt_ddac,alpha,3.623898404169392e-08,151.0224278096524,151.0224248359915,1.0000000196901944,2.9736609121755464e-06,1.7327370869620333e-06,88,True,-68.34735577541703,3.623898404169392e-08,25.35334913295343
nordholt_ddac,alpha,3.823622547167215e-08,151.0224280360057,151.0224248359915,1.000000021189,3.200014191406808e-06,1.8646319899300532e-06,88,True,-68.34735579521616,3.823622547167215e-08,25.3533491904784
nordholt_ddac,alpha,4.034354099547794e-08,151.02242827483383,151.0224248359915,1.0000000227704087,3.4388423273412627e-06,2.003795940121247e-06,88,True,-68.34735565602216,4.0343540995477965e-08,25.353349161439066
nordholt_ddac,alpha,4.25669971336381e-08,151.02242852682565,151.0224248359915,1.0000000244389808,3.6908341485286655e-06,2.150630287555616e-06,88,True,-68.34735565602216,4.256699713363817e-08,25.353349161439066
nordholt_ddac,alpha,4.491299475121071e-08,151.02242879270537,151.0224248359915,1.0000000261995123,3.956713868547013e-06,2.305557055488899e-06,88,True,-68.34735531156251,4.491299475121065e-08,25.35334957088896
nordholt_ddac,alpha,4.738828748453646e-08,151.0224290732383,151.0224248359915,1.0000000280570704,4.237246798766137e-06,2.4690221644995973e-06,88,True,-68.3473557051094,4.7388287484536406e-08,25.353350984386935
nordholt_ddac,alpha,5.0000001183544735e-08,151.0224293692312,151.0224248359915,1.000000030016997,4.533239689408219e-06,2.641495706047284e-06,88,True,-68.34735578380247,5.000000118354471e-08,25.353350591628327
nordholt_ddac,alpha,5.411695265464637e-08,151.0224298358184,151.0224248359915,1.0000000331065197,4.999826899165782e-06,2.913373689585921e-06,88,True,-68.34735587548768,5.4116952654646406e-08,25.353351697710707
nordholt_ddac,alpha,8.25404185268019e-08,151.02243305713847,151.0224248359915,1.0000000544365977,8.221146970299742e-06,4.790420464926e-06,88,True,-68.34735628913575,8.254041852680195e-08,25.353354114386416
nordholt_ddac,alpha,1.2589254117941662e-07,151.0224379703675,151.0224248359915,1.0000000869697068,1.3134375990375702e-05,7.653333862918908e-06,88,True,-68.34735730575065,1.258925411794165e-07,25.353359309130553
nordholt_ddac,alpha,1.9201419386388011e-07,151.02244546413147,151.0224248359915,1.0000001365899136,2.0628139964173897e-05,1.2019911576066215e-05,88,True,-68.34735947249789,1.9201419386387998e-07,25.353364783956096
nordholt_ddac,alpha,2.928644564625237e-07,151.022456893784,151.0224248359915,1.0000002122717375,3.205779250947671e-05,1.867991091922263e-05,88,True,-68.3473633408264,2.9286445646252357e-07,25.353375262608512
nordholt_ddac,alpha,4.466835921509635e-07,151.0224743265341,151.0224248359915,1.000000327703271,4.9490542608054966e-05,2.8837883119667403e-05,88,True,-68.34736516225983,4.466835921509632e-07,25.35339085280776
nordholt_ddac,alpha,6.812920690579608e-07,151.02250091531738,151.0224248359915,1.000000503761782,7.607932587916366e-05,4.4331025655750134e-05,88,True,-68.3473738046432,6.812920690579606e-07,25.353413096548007
nordholt_ddac,alpha,1.039122303835169e-06,151.02254146902692,151.0224248359915,1.0000007722895163,0.00011663303541809,6.796145119475099e-05,88,True,-68.34738421161785,1.0391223038351688e-06,25.353450073869173
nordholt_ddac,alpha,1.584893192461111e-06,151.02260332221994,151.0224248359915,1.0000011818524874,0.00017848622843530393,0.00010400295743584074,88,True,-68.34739955106703,1.5848931924611111e-06,25.353503797650344
nordholt_ddac,alpha,2.417315480804101e-06,151.0226976615258,151.0224248359915,1.0000018065233331,0.00027282553429586187,0.00015897390972200047,88,True,-68.34742310115035,2.417315480804102e-06,25.353587635926033
nordholt_ddac,alpha,3.6869450645195736e-06,151.02284154860547,151.0224248359915,1.0000027592764082,0.00041671261396913906,0.00024281598892780432,88,True,-68.34745933213796,3.686945064519575e-06,25.353714869250837
nordholt_ddac,alpha,5.623413251903491e-06,151.0230610052354,151.0224248359915,1.0000042124157693,0.0006361692439043054,0.00037069180694593654,88,True,-68.34751482808264,5.623413251903493e-06,25.35390835605374
nordholt_ddac,alpha,8.576958985908945e-06,151.0233957179393,151.0224248359915,1.0000064287270507,0.0009708819478078112,0.0005657261620140245,88,True,-68.34759575853579,8.57695898590895e-06,25.35420690521547
nordholt_ddac,alpha,1.3081774742601928e-05,151.0239062118403,151.0224248359915,1.0000098089793645,0.0014813758488116946,0.0008631859505993204,88,True,-68.34771925973638,1.308177474260194e-05,25.354661179284452
nordholt_ddac,alpha,1.9952623149688786e-05,151.02468478791675,151.0224248359915,1.0000149643467036,0.0022599519252537448,0.0013168526570180785,88,True,-68.34789763290546,1.995262314968877e-05,25.355357902633457
nordholt_ddac,alpha,3.043219887107716e-05,151.02587219479543,151.0224248359915,1.0000228268007727,0.0034473588039247716,0.002008735541581967,88,True,-68.34819469856792,3.0432198871077144e-05,25.356410461521207
nordholt_ddac,alpha,4.641588833612772e-05,151.027683033549,151.0224248359915,1.0000348173296993,0.0052581975575094475,0.003063871675936606,88,True,-68.34863444826578,4.64158883361277e-05,25.35801860289983
nordholt_ddac,alpha,7.079457843841373e-05,151.0304444512858,151.0224248359915,1.0000531021489227,0.00801961529430173,0.004672865036711136,88,True,-68.34930273743751,7.07945784384137e-05,25.36047352442587
nordholt_ddac,alpha,0.00010797751623277094,151.03465503134464,151.0224248359915,1.0000809826445736,0.012230195353140516,0.007126184177748218,88,True,-68.35032439584255,0.0001079775162327709,25.3642153671498
nordholt_ddac,alpha,0.00016468978654828688,151.04107432057265,151.0224248359915,1.0001234881813175,0.01864948458114668,0.010866289040609142,88,True,-68.35188073771947,0.00016468978654828685,25.369916129372044
nordholt_ddac,alpha,0.0002511886431509577,151.05085869826206,151.0224248359915,1.0001882757630296,0.02843386227056044,0.016566707640776897,88,True,-68.3542410597509,0.00025118864315095774,25.378607695192684
nordholt_ddac,alpha,0.0003831186849557285,151.065767030882,151.0224248359915,1.0002869917824295,0.043342194890499286,0.025251653518566505,88,True,-68.35786286832888,0.0003831186849557286,25.391821586809236
nordholt_ddac,alpha,0.0005843414133735175,151.08847069955715,151.0224248359915,1.0004373248783243,0.06604586356564823,0.03847617661099757,88,True,-68.36336670914002,0.0005843414133735176,25.411918728501007
nordholt_ddac,alpha,0.0008912509381337441,151.1230180732763,151.0224248359915,1.0006660814603796,0.10059323728481218,0.05859565593904554,88,True,-68.37173747820853,0.0008912509381337438,25.44242872188944
nordholt_ddac,alpha,0.0013593563908785241,151.17552371727052,151.0224248359915,1.001013749325276,0.15309888127902127,0.08916475290249821,88,True,-68.38444931413378,0.0013593563908785237,25.48863385044069
nordholt_ddac,alpha,0.002073321573485954,151.25517591957407,151.0224248359915,1.0015411690272842,0.23275108358257057,0.13551847276757661,88,True,-68.40375816068541,0.0020733215734859535,25.558330463791364
nordholt_ddac,alpha,0.0031622776601683794,151.37567539928165,151.0224248359915,1.0023390603327538,0.35325056329014615,0.20559695107502546,88,True,-68.43294924006082,0.003162277660168379,25.662911498301007
nordholt_ddac,alpha,0.004823178482239299,151.5572140211869,151.0224248359915,1.0035411243447863,0.5347891851953932,0.3110685007018019,88,True,-68.47692345113717,0.004823178482239301,25.818560088073397
nordholt_ddac,alpha,0.007356422544596406,151.82903254020238,151.0224248359915,1.0053409796928294,0.8066077042108759,0.46875551746590777,88,True,-68.5427731262321,0.007356422544596408,26.047499706499774
nordholt_ddac,alpha,0.01122018454301963,152.23238535370052,151.0224248359915,1.0080117937387314,1.2099605177090211,0.7022285352157814,88,True,-68.64057193286074,0.011220184543019634,26.378661889838277
nordholt_ddac,alpha,0.017113283041617775,152.8232955406733,151.0224248359915,1.0119245251600055,1.800870704681813,1.0431509618322057,88,True,-68.78415526945611,0.01711328304161777,26.846868043853835
nordholt_ddac,alpha,0.02610157215682533,153.67379817254715,151.0224248359915,1.017556156573668,2.6513733365556504,1.5315368241757727,88,True,-68.99181624780563,0.02610157215682533,27.489345026333478
nordholt_ddac,alpha,0.03981071705534969,154.86975704103924,151.0224248359915,1.025475237927254,3.847332205047735,2.213741366999488,88,True,-69.28684925045569,0.03981071705534969,28.339042596501304
nordholt_ddac,alpha,0.060720219569098836,156.50358377877404,151.0224248359915,1.0362936759142558,5.4811589427825425,3.1372505671492856,88,True,-69.69799574438187,0.06072021956909884,29.416260746648963
nordholt_ddac,alpha,0.09261187281287918,158.66193107721978,151.0224248359915,1.0505852442081014,7.6395062412282755,4.342569821015879,88,True,-70.26054829821958,0.09261187281287918,30.722203251547658
nordholt_ddac,alpha,0.14125375446227525,161.41070106236296,151.0224248359915,1.068786315923963,10.38827622637146,5.854087404301612,88,True,-71.01941020855467,0.14125375446227525,32.23789209862229
nordholt_ddac,alpha,0.21544346900318823,164.77992195916653,151.0224248359915,1.0910957239503702,13.757497123175028,7.672054952751692,88,True,-72.03507332571158,0.21544346900318825,33.928725032218594
nordholt_ddac,alpha,0.32859932476006476,168.74829047954069,151.0224248359915,1.1173724078579672,17.725865643549184,9.76622808246904,88,True,-73.39412656535092,0.32859932476006476,35.75094777547667
nordholt_ddac,alpha,0.5011872336272715,173.22439940132216,151.0224248359915,1.1470111116904773,22.20197456533066,12.070038262645856,88,True,-75.22591020119343,0.5011872336272715,37.65617772776612
nordholt_ddac,alpha,0.7644222742525995,178.02275009035543,151.0224248359915,1.1787835500832804,27.00032525436393,14.474505494708449,88,True,-77.73039480115708,0.7644222742525995,39.591558295286795
nordholt_ddac,alpha,1.165914401179831,182.83915090071667,151.0224248359915,1.210675507953721,31.816726064725174,16.823705788514395,88,True,-81.22517761028043,1.165914401179831,41.49605208485916
nordholt_ddac,alpha,1.7782794100389228,187.2411186577085,151.0224248359915,1.239823283602088,36.21869382171701,18.91725934884266,88,True,-86.22869277690654,1.7782794100389228,43.294151720244265
nordholt_ddac,alpha,2.7122725793320295,190.70038016881819,151.0224248359915,1.262728898545474,39.677955332826684,20.528215093061707,88,True,-93.59605833708308,2.7122725793320295,44.89454316619005
nordholt_ddac,alpha,4.136820402388494,192.6985992252059,151.0224248359915,1.2759601723682705,41.676174389214395,21.4455094970983,88,True,-104.68649231110344,4.136820402388494,46.212281030518135
nordholt_ddac,alpha,6.309573444801917,192.92368081794558,151.0224248359915,1.2774505576073112,41.90125598195408,21.548237910032462,88,True,-121.35384115068798,6.309573444801918,47.24187601445669
nordholt_ddac,alpha,9.623506263980868,191.52240353284117,151.0224248359915,1.2681719535415494,40.49997869684967,20.906728204503974,88,True,-145.19826233975883,9.62350626398087,48.162953840994064
nordholt_ddac,alpha,14.677992676220676,189.2378353092634,151.0224248359915,1.2530446092014043,38.2154104732719,19.850712393311518,88,True,-176.23277094434218,14.677992676220674,49.31306259172069
nordholt_ddac,alpha,22.38721138568338,186.96150470777707,151.0224248359915,1.2379718105494264,35.939079871785566,18.785747538731695,88,True,-215.61587607730587,22.387211385683376,50.769289947965206
nordholt_ddac,alpha,34.145488738336006,185.11544029853445,151.0224248359915,1.2257480337742395,34.09301546254295,17.912514175403555,88,True,-268.8946678375583,34.145488738336006,52.320077484865756
nordholt_ddac,alpha,52.07948328595465,183.8607097581645,151.0224248359915,1.2174397938440928,32.83828492217299,17.314010921722446,88,True,-343.77463475692036,52.07948328595465,53.84818784047198
nordholt_ddac,alpha,79.43282347242788,183.31104074318128,151.0224248359915,1.2138001422123557,32.28861590718978,17.05053253926296,88,True,-451.5561476809964,79.43282347242791,55.27797448270518
nordholt_ddac,alpha,121.15276586285852,183.2809269692781,151.0224248359915,1.2136007428586777,32.25850213328661,17.036074982399526,88,True,-617.3877552564113,121.15276586285854,56.3207035794628
nordholt_ddac,alpha,184.7849797422287,183.35294445152533,151.0224248359915,1.21407760900836,32.33051961553383,17.070646466450942,88,True,-883.4764150502343,184.78497974222876,56.810120433013864
nordholt_ddac,alpha,281.8382931264449,184.98557493514386,151.0224248359915,1.2248881259590152,33.96315009915236,17.85075723890779,88,True,-999.9999999999989,281.8382931264448,62.091121564883025
nordholt_ddac,alpha,429.86623470822724,192.36851815017417,151.0224248359915,1.2737745295712475,41.34609331418267,21.294641555346324,88,True,-999.9999999999989,429.86623470822707,72.29060752956383
nordholt_ddac,alpha,655.6418494179785,203.68030454869873,151.0224248359915,1.3486758987606844,52.65787971270723,26.322849995465276,88,True,-999.9999999999989,655.6418494179783,86.92948849434663
nordholt_ddac,alpha,999.9999999999998,216.6212056551215,151.0224248359915,1.4343645050751204,65.59878081913001,31.74352698147646,88,True,-999.9999999999989,999.9999999999998,108.47114051317841
nordholt_ddac,beta,9.999999999999982e-09,687.5408239598931,151.0224248359915,4.552574392223897,536.5183991239016,133.3809728633256,88,True,-72.40715582531831,1.0000000000000018e-08,9.999999999999982e-09
nordholt_ddac,beta,1.5252229565390198e-08,687.5408237175961,151.0224248359915,4.552574390619519,536.5183988816046,133.38097283231343,88,True,-72.40734349295612,1.0000000000000018e-08,1.525222956539017e-08
nordholt_ddac,beta,2.3263050671536238e-08,687.5408233521915,151.0224248359915,4.5525743881999805,536.5183985162,133.38097278554443,88,True,-72.40734345329909,1.000000001842066e-08,2.3263050671536248e-08
nordholt_ddac,beta,3.548133892335753e-08,687.5408227948496,151.0224248359915,4.552574384509523,536.5183979588581,133.3809727142089,88,True,-72.40734345329909,1.000000001842066e-08,3.548133892335755e-08
nordholt_ddac,beta,5.411695265464637e-08,687.5408219448689,151.0224248359915,4.552574378881347,536.5183971088774,133.38097260541784,88,True,-72.40730284455873,1.000000001842066e-08,5.4116952654646406e-08
nordholt_ddac,beta,8.25404185268019e-08,687.5408206484304,151.0224248359915,4.552574370296936,536.5183958124389,133.38097243948354,88,True,-72.40730147322598,1.000000001842066e-08,8.254041852680195e-08
nordholt_ddac,beta,1.2589254117941662e-07,687.5408186710677,151.0224248359915,4.552574357203763,536.5183938350762,133.38097218639615,88,True,-72.40730147322598,1.000000001842066e-08,1.258925411794165e-07
nordholt_ddac,beta,1.9201419386388011e-07,687.5408156551482,151.0224248359915,4.552574337233753,536.5183908191567,133.3809718003814,88,True,-72.40730147322598,1.000000001842066e-08,1.9201419386387998e-07
nordholt_ddac,beta,2.928644564625237e-07,687.5408110551991,151.0224248359915,4.552574306775037,536.5183862192076,133.38097121162284,88,True,-72.40730147322598,1.000000001842066e-08,2.9286445646252357e-07
nordholt_ddac,beta,4.466835921509635e-07,687.5408040392321,151.0224248359915,4.552574260318578,536.5183792032406,133.38097031363236,88,True,-72.4073011544829,1.000000001842066e-08,4.466835921509632e-07
nordholt_ddac,beta,6.812920690579608e-07,687.5407933383156,151.0224248359915,4.552574189462105,536.518368502324,133.38096894399632,88,True,-72.40733155912079,1.0000000013818014e-08,6.812920690579606e-07
nordholt_ddac,beta,1.039122303835169e-06,687.5407770171304,151.0224248359915,4.552574081390834,536.5183521811389,133.38096685500855,88,True,-72.40733231996911,1.000000001842066e-08,1.0391223038351688e-06
nordholt_ddac,beta,1.584893192461111e-06,687.5407521235959,151.0224248359915,4.55257391655747,536.5183272876044,133.38096366882507,88,True,-72.40733354932662,1.000000001842066e-08,1.5848931924611111e-06
nordholt_ddac,beta,2.417315480804101e-06,687.5407141554253,151.0224248359915,4.552573665149968,536.5182893194338,133.38095880918715,88,True,-72.40733354932662,1.000000001842066e-08,2.417315480804102e-06
nordholt_ddac,beta,3.6869450645195736e-06,687.5406562455033,151.0224248359915,4.552573281697496,536.5182314095118,133.38095139715577,88,True,-72.40733354932662,1.000000001842066e-08,3.686945064519575e-06
nordholt_ddac,beta,5.623413251903491e-06,687.5405679199671,151.0224248359915,4.552572696847026,536.5181430839756,133.38094009215496,88,True,-72.40733354932662,1.000000001842066e-08,5.623413251903493e-06
nordholt_ddac,beta,8.576958985908945e-06,687.5404332038471,151.0224248359915,4.552571804819765,536.5180083678556,133.38092284950733,88,True,-72.40733354932662,1.000000001842066e-08,8.57695898590895e-06
nordholt_ddac,beta,1.3081774742601928e-05,687.540227731763,151.0224248359915,4.552570444279539,536.5178028957715,133.38089655062336,88,True,-72.40733354932662,1.000000001842066e-08,1.308177474260194e-05
nordholt_ddac,beta,1.9952623149688786e-05,687.5399143411045,151.0224248359915,4.552568369152888,536.517489505113,133.38085643895695,88,True,-72.40733101129494,1.000000001842066e-08,1.995262314968877e-05
nordholt_ddac,beta,3.043219887107716e-05,687.5394363506663,151.0224248359915,4.552565204123333,536.5170115146748,133.3807952597115,88,True,-72.40732085918692,1.000000001842066e-08,3.0432198871077144e-05
nordholt_ddac,beta,4.641588833612772e-05,687.538707309121,151.0224248359915,4.552560376750536,536.5162824731295,133.3807019476968,88,True,-72.40732070055462,1.000000001842066e-08,4.64158883361277e-05
nordholt_ddac,beta,7.079457843841373e-05,687.5375953592713,151.0224248359915,4.55255301393769,536.5151705232798,133.38055962601388,88,True,-72.40732070055462,1.000000001842066e-08,7.07945784384137e-05
nordholt_ddac,beta,0.00010797751623277094,687.5358993902862,151.0224248359915,4.552541784022749,536.5134745542947,133.38034255358644,88,True,-72.40731868829876,1.000000001842066e-08,0.0001079775162327709
nordholt_ddac,beta,0.00016468978654828688,687.5333126650155,151.0224248359915,4.552524655935489,536.510887829024,133.38001146941727,88,True,-72.40731725581011,1.000000001842066e-08,0.00016468978654828685
nordholt_ddac,beta,0.0002511886431509577,687.529367345262,151.0224248359915,4.552498531869757,536.5069425092705,133.37950649150847,88,True,-72.40733815563179,1.000000001842066e-08,0.00025118864315095774
nordholt_ddac,beta,0.0003831186849557285,687.5233498833329,151.0224248359915,4.552458687045814,536.5009250473414,133.37873628591106,88,True,-72.40734621033943,1.000000001842066e-08,0.0003831186849557286
nordholt_ddac,beta,0.0005843414133735175,687.5141719827564,151.0224248359915,4.552397915272439,536.4917471467649,133.37756154669427,88,True,-72.40734621033943,1.000000001842066e-08,0.0005843414133735176
nordholt_ddac,beta,0.0008912509381337441,687.5001738021571,151.0224248359915,4.552305225854861,536.4777489661656,133.37576979827134,88,True,-72.40736711084227,1.000000001842066e-08,0.0008912509381337438
nordholt_ddac,beta,0.0013593563908785241,687.4788238372643,151.0224248359915,4.552163856353504,536.4563990012728,133.3730369610223,88,True,-72.4073664763333,1.000000001842066e-08,0.0013593563908785237
nordholt_ddac,beta,0.002073321573485954,687.4462612682294,151.0224248359915,4.551948242221561,536.4238364322379,133.36886872508472,88,True,-72.40742637746145,1.000000001842066e-08,0.0020733215734859535
nordholt_ddac,beta,0.0031622776601683794,687.3965981553858,151.0224248359915,4.551619396271051,536.3741733193943,133.36251112006508,88,True,-72.40744010069626,1.0000000000000018e-08,0.003162277660168379
nordholt_ddac,beta,0.004823178482239299,687.320855638764,151.0224248359915,4.551117864682586,536.2984308027725,133.35281408530193,88,True,-72.40761896889758,1.0000000000000018e-08,0.004823178482239301
nordholt_ddac,beta,0.007356422544596406,687.2053425872114,151.0224248359915,4.550352991176694,536.1829177512199,133.33802331801985,88,True,-72.40773339978799,1.0000000000000018e-08,0.007356422544596408
nordholt_ddac,beta,0.01122018454301963,687.029185422808,151.0224248359915,4.549186560664175,536.0067605868165,133.3154626411682,88,True,-72.4079406541959,1.0000000000000018e-08,0.011220184543019634
nordholt_ddac,beta,0.017113283041617775,686.7605669406181,151.0224248359915,4.547407894466214,535.7381421046266,133.2810491849704,88,True,-72.40835118522243,1.0000000000000018e-08,0.01711328304161777
nordholt_ddac,beta,0.02610157215682533,686.3510045190038,151.0224248359915,4.544695963294012,535.3285796830123,133.22855309518425,88,True,-72.40866216463095,1.0000000000000018e-08,0.02610157215682533
nordholt_ddac,beta,0.03981071705534969,685.7266577121584,151.0224248359915,4.540561830184154,534.7042328761669,133.14846648739677,88,True,-72.4093561773807,1.0000000000000018e-08,0.03981071705534969
nordholt_ddac,beta,0.060720219569098836,684.7751507232508,151.0224248359915,4.534261395067046,533.7527258872593,133.02627383071865,88,True,-72.41047257342996,1.0000000000000018e-08,0.06072021956909884
nordholt_ddac,beta,0.09261187281287918,683.325660716109,151.0224248359915,4.52466354886165,532.3032358801175,132.83980340794028,88,True,-72.41205795922356,1.0000000000000018e-08,0.09261187281287918
nordholt_ddac,beta,0.14125375446227525,681.1189826781218,151.0224248359915,4.510051956971348,530.0965578421303,132.55516329800693,88,True,-72.41438958078673,1.0000000000000018e-08,0.14125375446227525
nordholt_ddac,beta,0.21544346900318823,677.7628819625021,151.0224248359915,4.48782942466024,526.7404571265106,132.1204861253287,88,True,-72.41793088595006,1.0000000000000018e-08,0.21544346900318825
nordholt_ddac,beta,0.32859932476006476,672.6663443200636,151.0224248359915,4.45408253145565,521.6439194840721,131.45625665938354,88,True,-72.42295161092889,1.0000000000000018e-08,0.32859932476006476
nordholt_ddac,beta,0.5011872336272715,664.9447427600827,151.0224248359915,4.402953690368861,513.9223179240912,130.44025358965274,88,True,-72.43013184369862,1.0000000000000018e-08,0.5011872336272715
nordholt_ddac,beta,0.7644222742525995,653.2878369482315,151.0224248359915,4.325767101526108,502.26541211224,128.8838750470765,88,True,-72.4393897696313,1.0000000000000018e-08,0.7644222742525995
nordholt_ddac,beta,1.165914401179831,635.7877117451696,151.0224248359915,4.209889441489416,484.76528690917814,126.49440200501158,88,True,-72.45033654572663,1.0000000000000018e-08,1.165914401179831
nordholt_ddac,beta,1.7782794100389228,609.743921685405,151.0224248359915,4.037439620954169,458.7214968494135,122.8137445809577,88,True,-72.45905443752963,1.0000000000000018e-08,1.7782794100389228
nordholt_ddac,beta,2.7122725793320295,571.5215604749728,151.0224248359915,3.7843489872158935,420.49913563898133,117.116900912219,88,True,-72.45515476561086,1.0000000000000018e-08,2.7122725793320295
nordholt_ddac,beta,4.136820402388494,516.6884424573764,151.0224248359915,3.4212696758014163,365.66601762138487,108.24103245230256,88,True,-72.41138943239203,1.0000000000000018e-08,4.136820402388494
nordholt_ddac,beta,5.070670810816843,482.99424182409865,151.0224248359915,3.198162407659819,331.97181698810715,102.3067229585341,88,True,-72.35948159108604,1.0000000000000018e-08,5.070670810816842
nordholt_ddac,beta,5.350131013384686,473.2550472502095,151.0224248359915,3.1336740074472957,322.232622414218,100.51413860212394,88,True,-72.34054676057241,1.0000000000000018e-08,5.350131013384686
nordholt_ddac,beta,5.6449931238524975,463.1501221247247,151.0224248359915,3.066763910245118,312.1276972887332,98.6148156177075,88,True,-72.31903777083467,1.0000000000000018e-08,5.6449931238524975
nordholt_ddac,beta,5.9561059885489485,452.67815789496234,151.0224248359915,2.9974234514282583,301.65573305897084,96.60227017070419,88,True,-72.29454037828697,1.0000000000000018e-08,5.9561059885489485
nordholt_ddac,beta,6.284365236324352,441.83980511605046,151.0224248359915,2.9256569386690954,290.81738028005896,94.46967638970878,88,True,-72.26669777697283,1.0000000000000018e-08,6.284365236324351
nordholt_ddac,beta,6.309573444801917,441.0164171698609,151.0224248359915,2.9202048480469,289.9939923338694,94.30553151890393,88,True,-72.26444812577348,1.0000000000000018e-08,6.309573444801918
nordholt_ddac,beta,6.630715856878756,430.637990243622,151.0224248359915,2.851483749590762,279.6155654076305,92.20987359757007,88,True,-72.23520392691616,1.0000000000000018e-08,6.630715856878756
nordholt_ddac,beta,6.996154921189585,419.07826898056317,151.0224248359915,2.774940671464367,268.05584414457167,89.81538432392851,88,True,-72.19968342021657,1.0000000000000018e-08,6.996154921189585
nordholt_ddac,beta,7.3817344518704,407.16921933542176,151.0224248359915,2.6960845038583012,256.14679449943026,87.27844723135416,88,True,-72.15964215390044,1.0000000000000018e-08,7.3817344518704
nordholt_ddac,beta,7.788564451723892,394.9228776033457,151.0224248359915,2.6149949455004915,243.90045276735418,84.59107048726548,88,True,-72.11468398762628,1.0000000000000018e-08,7.788564451723892
nordholt_ddac,beta,8.217816099207756,382.35522045896,151.0224248359915,2.5317777864723934,231.3327956229685,81.74511297690306,88,True,-72.06436485828934,1.0000000000000018e-08,8.217816099207756
nordholt_ddac,beta,8.670725120012424,369.4866962515572,151.0224248359915,2.446568426197733,218.4642714155657,78.73240323273178,88,True,-72.0080529991858,1.0000000000000018e-08,8.670725120012424
nordholt_ddac,beta,9.148595344456835,356.3428083170919,151.0224248359915,2.359535735862246,205.3203834811004,75.54490922817706,88,True,-71.94519513369063,1.0000007591635822e-08,9.148595344456833
nordholt_ddac,beta,9.623506263980868,343.71920499054744,151.0224248359915,2.2759481273315685,192.69678015455594,72.37091178675735,88,True,-71.87927725988159,1.0000007591635822e-08,9.62350626398087
nordholt_ddac,beta,9.65280246094312,342.954752699585,151.0224248359915,2.2708862811071246,191.9323278635935,72.17497650002397,88,True,-71.87508567496744,1.0000000000000018e-08,9.65280246094312
nordholt_ddac,beta,10.18479797627573,329.3601119660804,151.0224248359915,2.1808689161477934,178.3376871300889,68.61565768427384,88,True,-71.79715579546257,1.0000000000000018e-08,10.184797976275728
nordholt_ddac,beta,10.746113394245857,315.6036057777013,151.0224248359915,2.0897797537050735,164.58118094170982,64.86116378908271,88,True,-71.71061314999085,1.0000000000000018e-08,10.746113394245857
nordholt_ddac,beta,11.338364624510437,301.7378974041874,151.0224248359915,1.997967505367968,150.71547256819588,60.907476653277115,88,True,-71.61466607193857,1.0000000000000018e-08,11.338364624510437
nordholt_ddac,beta,11.963256634457993,287.82445333231334,151.0224248359915,1.9058391735193443,136.80202849632184,56.753173190202695,88,True,-71.5084889803971,1.0000000000000018e-08,11.963256634457991
nordholt_ddac,beta,12.622588357453074,273.9344503345701,151.0224248359915,1.8138660575213221,122.9120254985786,52.400524948258,88,True,-71.39117259023652,1.0000000000000018e-08,12.622588357453072
nordholt_ddac,beta,13.31825787158903,260.1497206330163,151.0224248359915,1.7225900121490942,109.12729579702477,47.85695017229929,88,True,-71.26176352405349,1.0000000000000018e-08,13.318257871589031
nordholt_ddac,beta,14.052267863857779,246.56372087005903,151.0224248359915,1.632629863663123,95.54129603406753,43.13690726012589,88,True,-71.11922984163314,1.0000000000000018e-08,14.052267863857782
nordholt_ddac,beta,14.677992676220676,235.74996381034336,151.0224248359915,1.5610262122751963,84.72753897435186,39.190222136448625,88,True,-70.99314540702136,1.0000000000000018e-08,14.677992676220674
nordholt_ddac,beta,14.826731395466663,233.2825041690218,151.0224248359915,1.5446878463404605,82.26007933303029,38.26432268850838,88,True,-70.9626040625915,1.0000000000000018e-08,14.826731395466659
nordholt_ddac,beta,15.643877984899595,220.4256662907734,151.0224248359915,1.4595558674822826,69.40324145478189,33.27563263968511,88,True,-70.79057350086674,1.0000000000000018e-08,15.643877984899596
nordholt_ddac,beta,16.506060026234362,208.12722633828884,151.0224248359915,1.3781213390283757,57.104801502297335,28.223467638273505,88,True,-70.60218824989182,1.0000000000000018e-08,16.506060026234362
nordholt_ddac,beta,17.415759561193,196.53638909763202,151.0224248359915,1.301372225423265,45.513964261640524,23.180895388265796,88,True,-70.39613345395358,1.0000000000000018e-08,17.415759561192996
nordholt_ddac,beta,18.375595424420695,185.81811919701505,151.0224248359915,1.2304008454294868,34.79569436102355,18.245920606020775,88,True,-70.17120746970153,1.0000000000000018e-08,18.3755954244207
nordholt_ddac,beta,19.3883307825628,176.15343544705664,151.0224248359915,1.166405821111382,25.131010611065136,13.545582417362013,88,True,-69.92616380417495,1.0000000000000018e-08,19.388330782562804
nordholt_ddac,beta,20.456881088843584,167.73930421883387,151.0224248359915,1.1106913718343265,16.716879382842365,9.238475746492584,88,True,-69.65972185729139,1.0000000000000018e-08,20.456881088843588
nordholt_ddac,beta,21.58432247604607,160.78796708019425,151.0224248359915,1.0646628621862482,9.765542244202749,5.513920519167111,88,True,-69.37048215030721,1.0000000000000018e-08,21.58432247604607
nordholt_ddac,beta,22.38721138568338,157.0075809739694,151.0224248359915,1.0396309100749621,5.985156137977896,3.420186528418483,88,True,-69.1597472032599,1.0000000000000018e-08,22.387211385683376
nordholt_ddac,beta,22.773900612054824,155.52546537318455,151.0224248359915,1.0298170324180882,4.503040537193044,2.5855410268977823,88,True,-69.05687402778003,1.0000000000000018e-08,22.773900612054824
nordholt_ddac,beta,24.029040043454728,152.1889903777162,151.0224248359915,1.0077244524645368,1.166565541724708,0.6771399033592819,88,True,-68.71683126621943,1.000000719895281e-08,24.029040043454724
nordholt_ddac,beta,25.35335405408421,151.02242483594307,151.0224248359915,0.9999999999996794,-4.843059286940843e-11,0.0,88,True,-68.34735330431826,1.0000000000001191e-08,25.353354054084214
nordholt_ddac,beta,26.75065506692342,152.10389149081652,151.0224248359915,1.0071609673596453,1.0814666548250216,0.6279195456800784,88,True,-68.19478023393303,0.00492976468785921,26.75065506692342
nordholt_ddac,beta,28.224965619262484,153.90532597529983,151.0224248359915,1.019089225606324,2.8829011393083306,1.6640194856495052,88,True,-68.47241326701621,0.02090724437089825,28.224965619262484
nordholt_ddac,beta,29.780529942744742,156.0325085819348,151.0224248359915,1.0331744358586759,5.010083745943291,2.8719714539326526,88,True,-68.79784776687528,0.04247707840278335,29.78052994274474
nordholt_ddac,beta,31.421826181621753,158.53089899977311,151.0224248359915,1.0497176109570199,7.508474163781614,4.269864372608216,88,True,-69.18296090741458,0.07201276291852708,31.42182618162175
nordholt_ddac,beta,33.15357928439377,161.4475930470177,151.0224248359915,1.0690305974251693,10.425168211026204,5.874198361479917,88,True,-69.64424024067931,0.11304738547654851,33.15357928439377
nordholt_ddac,beta,34.145488738336006,163.2449939385239,151.0224248359915,1.0809321471020343,12.22256910253239,6.8484915882919095,88,True,-69.93844282817001,0.14233143548922192,34.145488738336006
nordholt_ddac,beta,34.98077460594792,164.82774337964156,151.0224248359915,1.0914123750737181,13.80531854365006,7.697590069036113,88,True,-70.20561701143583,0.17094894277044276,34.98077460594793
nordholt_ddac,beta,36.90867225935199,168.70786452117596,151.0224248359915,1.1171047260325122,17.685439685184463,9.74514395464741,88,True,-70.90352749578918,0.2540980008665363,36.908672259351995
nordholt_ddac,beta,38.94282225861945,173.10392000971518,151.0224248359915,1.1462133533990326,22.08149517372368,12.008812042929662,88,True,-71.79860433752133,0.3761479864949274,38.94282225861945
nordholt_ddac,beta,41.08908049603877,177.9907785236364,151.0224248359915,1.1785718492927935,26.968353687644907,14.45869992748862,88,True,-73.00346002744222,0.5609048563619438,41.08908049603877
nordholt_ddac,beta,43.35362560006212,183.2668466345666,151.0224248359915,1.2135075094549181,32.244421798575104,17.029314229534833,88,True,-74.76230413591651,0.8550751272383579,43.353625600062124
nordholt_ddac,beta,45.74297672228416,188.68593244230874,151.0224248359915,1.2493901660446742,37.66350760631724,19.59368972915583,88,True,-77.77356138129439,1.375453174886119,45.742976722284155
nordholt_ddac,beta,48.264012304715585,187.9500238560753,151.0224248359915,1.244517322908745,36.92759902008379,19.249803082554084,88,True,-293.2295132827359,28.980907401787427,48.264012304715585
nordholt_ddac,beta,50.92398988137864,185.06867472600555,151.0224248359915,1.2254383739831212,34.04624989001405,17.890279993884647,88,True,-370.80563741887664,47.410257894122104,50.92398988137863
nordholt_ddac,beta,52.07948328595465,184.27052321796322,151.0224248359915,1.2201533872739676,33.248098381971715,17.509938874199012,88,True,-400.8828665471593,56.39360918444159,52.07948328595465
nordholt_ddac,beta,53.73056697122928,183.5584931559397,151.0224248359915,1.2154386565788622,32.536068319948185,17.169244035383024,88,True,-446.4363478429434,71.36295803762897,53.73056697122929
nordholt_ddac,beta,56.691823122552165,183.29128373115947,151.0224248359915,1.2136693205013198,32.268858895167966,17.041047509062473,88,True,-581.046189561934,115.51321128821213,56.691823122552165
nordholt_ddac,beta,59.81628317228996,183.90320551126547,151.0224248359915,1.217721180884111,32.88078067527397,17.33434802459884,88,True,-999.999999999998,247.83303628301223,59.816283172289936
nordholt_ddac,beta,63.11294178726534,185.4548609571791,151.0224248359915,1.2279955189342298,34.43243612118761,18.07371989649008,88,True,-999.9999999999989,290.71530333629903,63.11294178726536
nordholt_ddac,beta,66.59128935794516,187.73143249755276,151.0224248359915,1.2430699129710492,36.70900766156126,19.147396954194736,88,True,-999.9999999999989,338.29735178405895,66.59128935794513
nordholt_ddac,beta,70.2613393192889,190.4993606910537,151.0224248359915,1.2613978413996045,39.47693585506221,20.435404349575382,88,True,-999.9999999999989,390.5196149538123,70.26133931928892
nordholt_ddac,beta,74.13365697733329,193.57813524429451,151.0224248359915,1.281784049319285,42.555710408303014,21.84625485157163,88,True,-999.9999999999989,447.3390328757543,74.1336569773333
nordholt_ddac,beta,78.21938992449799,196.83260750742286,151.0224248359915,1.303333645458154,45.81018267143136,23.31342858337642,88,True,-999.9999999999989,508.7446805925618,78.21938992449796
nordholt_ddac,beta,79.43282347242788,197.78423928366556,151.0224248359915,1.309634906858745,46.761814447674055,23.73785931575747,88,True,-999.9999999999989,527.2144876656575,79.43282347242791
nordholt_ddac,beta,82.5303001311718,200.16402060587183,151.0224248359915,1.3253927078925365,49.141595769880325,24.790374297959524,88,True,-999.9999999999989,574.7636196788562,82.53030013117181
nordholt_ddac,beta,87.07879780596498,203.50166572439832,151.0224248359915,1.3474930358547654,52.47924088840682,26.245635291992638,88,True,-999.9999999999989,645.4612147970017,87.078797805965
nordholt_ddac,beta,91.87797712210343,206.79590908711197,151.0224248359915,1.3693059776499403,55.773484251120465,27.658754272616754,88,True,-999.9999999999944,720.938841162777,91.87797712210342
nordholt_ddac,beta,96.94165391281402,210.01269783423305,151.0224248359915,1.3906060511364737,58.99027299824155,29.017090091490918,88,True,-999.9999999999989,801.3308192405678,96.94165391281403
nordholt_ddac,beta,102.28440544421792,213.12937649778308,151.0224248359915,1.411243242380984,62.106951661791584,30.313452230837527,88,True,-999.9999999999989,886.8014138876338,102.2844054442179
nordholt_ddac,beta,107.92161238023033,216.13156448445466,151.0224248359915,1.43112232980745,65.10913964846316,31.5443904565179,88,True,-999.9999999999989,977.5423001570837,107.9216123802303
nordholt_ddac,beta,113.86950306027407,219.1197061807598,151.0224248359915,1.4509084092559175,68.0972813447683,32.75270674826457,88,True,-935.8336052785214,999.9999999999989,113.86950306027403
nordholt_ddac,beta,120.14520021727367,222.0221157185465,151.0224248359915,1.4701268103704452,70.999690882555,33.91068231127383,88,True,-859.6633577302696,999.9999999999989,120.14520021727364
nordholt_ddac,beta,121.15276586285852,222.46291668184872,151.0224248359915,1.4730455885835545,71.44049184585722,34.085223610348976,88,True,-848.6230237927311,999.9999999999989,121.15276586285854
nordholt_ddac,beta,126.76677027042105,224.80150083712493,151.0224248359915,1.4885306012087716,73.77907600113343,35.005472452084355,88,True,-792.1809641962559,999.9999999999989,126.76677027042109
nordholt_ddac,beta,184.7849797422287,240.9312179534123,151.0224248359915,1.5953340586013014,89.9087931174208,41.10331767840488,88,True,-478.558312993335,999.9999999999962,184.78497974222876
nordholt_ddac,beta,281.8382931264449,253.04294454295794,151.0224248359915,1.6755322583236196,102.02051970696644,45.41951752478012,88,True,-302.1285750463022,999.9999999999989,281.8382931264448
nordholt_ddac,beta,429.86623470822724,260.6987808347577,151.0224248359915,1.7262256325037384,109.67635599876621,48.042483261152775,88,True,-206.38324940197532,999.9999999999989,429.86623470822707
nordholt_ddac,beta,655.6418494179785,265.38677556694097,151.0224248359915,1.7572673452644383,114.36435073094947,49.61087627865568,88,True,-150.5104177422839,999.9999999999989,655.6418494179783
nordholt_ddac,beta,999.9999999999998,268.147708301648,151.0224248359915,1.7755489530303403,117.12528346565648,50.521648709518885,88,True,-116.47035117280642,999.9999999999989,999.9999999999998
