condition,method,time_h,log_relative_abundance
nordholt_h2o2,NLLS,0.0,0.0
nordholt_h2o2,NLLS,0.000668002672010688,-0.0585438089214342
nordholt_h2o2,NLLS,0.001336005344021376,-0.11708928963528033
nordholt_h2o2,NLLS,0.002004008016032064,-0.17563639365472614
nordholt_h2o2,NLLS,0.002672010688042752,-0.2341850739043348
nordholt_h2o2,NLLS,0.00334001336005344,-0.29273528467867155
nordholt_h2o2,NLLS,0.004008016032064128,-0.3512869816021568
nordholt_h2o2,NLLS,0.004676018704074816,-0.40984012159011396
nordholt_h2o2,NLLS,0.005344021376085504,-0.46839466281097086
nordholt_h2o2,NLLS,0.0060120240480961915,-0.5269505646495841
nordholt_h2o2,NLLS,0.00668002672010688,-0.5855077876716476
nordholt_h2o2,NLLS,0.007348029392117568,-0.6440662935891561
nordholt_h2o2,NLLS,0.008016032064128256,-0.7026260452268922
nordholt_h2o2,NLLS,0.008684034736138943,-0.7611870064898993
nordholt_h2o2,NLLS,0.009352037408149633,-0.8197491423319225
nordholt_h2o2,NLLS,0.01002004008016032,-0.8783124187247736
nordholt_h2o2,NLLS,0.010688042752171008,-0.9368768026286073
nordholt_h2o2,NLLS,0.011356045424181695,-0.9954422619630706
nordholt_h2o2,NLLS,0.012024048096192383,-1.0540087655793002
nordholt_h2o2,NLLS,0.012692050768203072,-1.112576283232752
nordholt_h2o2,NLLS,0.01336005344021376,-1.17114478555682
nordholt_h2o2,NLLS,0.014028056112224447,-1.2297142440372444
nordholt_h2o2,NLLS,0.014696058784235137,-1.288284630987259
nordholt_h2o2,NLLS,0.015364061456245824,-1.3468559195234835
nordholt_h2o2,NLLS,0.01603206412825651,-1.4054280835425073
nordholt_h2o2,NLLS,0.0167000668002672,-1.4640010976981768
nordholt_h2o2,NLLS,0.017368069472277887,-1.5225749373795339
nordholt_h2o2,NLLS,0.018036072144288574,-1.58114957868943
nordholt_h2o2,NLLS,0.018704074816299265,-1.6397249984237274
nordholt_h2o2,NLLS,0.019372077488309953,-1.698301174051133
nordholt_h2o2,NLLS,0.02004008016032064,-1.7568780836936326
nordholt_h2o2,NLLS,0.020708082832331328,-1.815455706107478
nordholt_h2o2,NLLS,0.021376085504342016,-1.8740340206647428
nordholt_h2o2,NLLS,0.022044088176352703,-1.9326130073354117
nordholt_h2o2,NLLS,0.02271209084836339,-1.9911926466699956
nordholt_h2o2,NLLS,0.023380093520374078,-2.049772919782657
nordholt_h2o2,NLLS,0.024048096192384766,-2.1083538083348428
nordholt_h2o2,NLLS,0.024716098864395457,-2.166935294519347
nordholt_h2o2,NLLS,0.025384101536406144,-2.2255173610449037
nordholt_h2o2,NLLS,0.026052104208416832,-2.284099991121193
nordholt_h2o2,NLLS,0.02672010688042752,-2.3426831684442844
nordholt_h2o2,NLLS,0.027388109552438207,-2.401266877182518
nordholt_h2o2,NLLS,0.028056112224448895,-2.459851101962753
nordholt_h2o2,NLLS,0.028724114896459582,-2.518435827857135
nordholt_h2o2,NLLS,0.029392117568470273,-2.5770210403701026
nordholt_h2o2,NLLS,0.03006012024048096,-2.6356067254258724
nordholt_h2o2,NLLS,0.03072812291249165,-2.694192869356234
nordholt_h2o2,NLLS,0.03139612558450233,-2.752779458888748
nordholt_h2o2,NLLS,0.03206412825651302,-2.811366481135246
nordholt_h2o2,NLLS,0.032732130928523714,-2.8699539235806855
nordholt_h2o2,NLLS,0.0334001336005344,-2.9285417740723436
nordholt_h2o2,NLLS,0.03406813627254509,-2.987130020809268
nordholt_h2o2,NLLS,0.034736138944555774,-3.045718652332125
nordholt_h2o2,NLLS,0.035404141616566465,-3.104307657513275
nordholt_h2o2,NLLS,0.03607214428857715,-3.162897025547115
nordholt_h2o2,NLLS,0.03674014696058784,-3.221486745940821
nordholt_h2o2,NLLS,0.03740814963259853,-3.2800768085052194
nordholt_h2o2,NLLS,0.038076152304609215,-3.3386672033459894
nordholt_h2o2,NLLS,0.038744154976619906,-3.397257920855153
nordholt_h2o2,NLLS,0.03941215764863059,-3.4558489517027438
nordholt_h2o2,NLLS,0.04008016032064128,-3.5144402868287727
nordholt_h2o2,NLLS,0.040748162992651965,-3.573031917435381
nordholt_h2o2,NLLS,0.041416165664662656,-3.6316238349792727
nordholt_h2o2,NLLS,0.04208416833667334,-3.690216031164314
nordholt_h2o2,NLLS,0.04275217100868403,-3.7488084979344
nordholt_h2o2,NLLS,0.04342017368069472,-3.807401227466475
nordholt_h2o2,NLLS,0.044088176352705406,-3.865994212163791
nordholt_h2o2,NLLS,0.0447561790247161,-3.9245874446493687
nordholt_h2o2,NLLS,0.04542418169672678,-3.983180917759627
nordholt_h2o2,NLLS,0.04609218436873747,-4.041774624538173
nordholt_h2o2,NLLS,0.046760187040748157,-4.100368558229836
nordholt_h2o2,NLLS,0.04742818971275885,-4.158962712274854
nordholt_h2o2,NLLS,0.04809619238476953,-4.2175570803031786
nordholt_h2o2,NLLS,0.04876419505678022,-4.276151656128987
nordholt_h2o2,NLLS,0.049432197728790914,-4.3347464337453525
nordholt_h2o2,NLLS,0.0501002004008016,-4.393341407319115
nordholt_h2o2,NLLS,0.05076820307281229,-4.45193657118576
nordholt_h2o2,NLLS,0.05143620574482297,-4.510531919844637
nordholt_h2o2,NLLS,0.052104208416833664,-4.569127447954109
nordholt_h2o2,NLLS,0.05277221108884435,-4.627723150327063
nordholt_h2o2,NLLS,0.05344021376085504,-4.686319021926339
nordholt_h2o2,NLLS,0.05410821643286573,-4.744915057860446
nordholt_h2o2,NLLS,0.054776219104876414,-4.803511253379378
nordholt_h2o2,NLLS,0.055444221776887105,-4.86210760387036
nordholt_h2o2,NLLS,0.05611222444889779,-4.920704104854118
nordholt_h2o2,NLLS,0.05678022712090848,-4.979300751980829
nordholt_h2o2,NLLS,0.057448229792919164,-5.037897541026454
nordholt_h2o2,NLLS,0.058116232464929855,-5.0964944678890785
nordholt_h2o2,NLLS,0.058784235136940546,-5.155091528585375
nordholt_h2o2,NLLS,0.05945223780895123,-5.21368871924721
nordholt_h2o2,NLLS,0.06012024048096192,-5.272286036118242
nordholt_h2o2,NLLS,0.060788243152972606,-5.330883475550751
nordholt_h2o2,NLLS,0.0614562458249833,-5.38948103400248
nordholt_h2o2,NLLS,0.06212424849699398,-5.4480787080335595
nordholt_h2o2,NLLS,0.06279225116900466,-5.506676494303579
nordholt_h2o2,NLLS,0.06346025384101536,-5.565274389568685
nordholt_h2o2,NLLS,0.06412825651302605,-5.623872390678796
nordholt_h2o2,NLLS,0.06479625918503673,-5.682470494574917
nordholt_h2o2,NLLS,0.06546426185704743,-5.74106869828643
nordholt_h2o2,NLLS,0.06613226452905811,-5.799666998928657
nordholt_h2o2,NLLS,0.0668002672010688,-5.858265393700272
nordholt_h2o2,NLLS,0.06746826987307948,-5.9168638798809035
nordholt_h2o2,NLLS,0.06813627254509018,-5.975462454828839
nordholt_h2o2,NLLS,0.06880427521710086,-6.03406111597874
nordholt_h2o2,NLLS,0.06947227788911155,-6.092659860839394
nordholt_h2o2,NLLS,0.07014028056112225,-6.151258686991633
nordholt_h2o2,NLLS,0.07080828323313293,-6.209857592086161
nordholt_h2o2,NLLS,0.07147628590514361,-6.268456573841614
nordholt_h2o2,NLLS,0.0721442885771543,-6.3270556300425875
nordholt_h2o2,NLLS,0.072812291249165,-6.385654758537711
nordholt_h2o2,NLLS,0.07348029392117568,-6.444253957237721
nordholt_h2o2,NLLS,0.07414829659318636,-6.5028532241138555
nordholt_h2o2,NLLS,0.07481629926519706,-6.561452557195921
nordholt_h2o2,NLLS,0.07548430193720775,-6.6200519545706555
nordholt_h2o2,NLLS,0.07615230460921843,-6.67865141438014
nordholt_h2o2,NLLS,0.07682030728122911,-6.7372509348201275
nordholt_h2o2,NLLS,0.07748830995323981,-6.795850514138522
nordholt_h2o2,NLLS,0.0781563126252505,-6.854450150633851
nordholt_h2o2,NLLS,0.07882431529726118,-6.913049842653874
nordholt_h2o2,NLLS,0.07949231796927186,-6.971649588594028
nordholt_h2o2,NLLS,0.08016032064128256,-7.030249386896169
nordholt_h2o2,NLLS,0.08082832331329325,-7.088849236047172
nordholt_h2o2,NLLS,0.08149632598530393,-7.147449134577628
nordholt_h2o2,NLLS,0.08216432865731463,-7.206049081060636
nordholt_h2o2,NLLS,0.08283233132932531,-7.264649074110486
nordholt_h2o2,NLLS,0.083500334001336,-7.323249112381543
nordholt_h2o2,NLLS,0.08416833667334668,-7.381849194567057
nordholt_h2o2,NLLS,0.08483633934535738,-7.4404493193980406
nordholt_h2o2,NLLS,0.08550434201736806,-7.499049485642179
nordholt_h2o2,NLLS,0.08617234468937875,-7.557649692102768
nordholt_h2o2,NLLS,0.08684034736138944,-7.616249937617685
nordholt_h2o2,NLLS,0.08750835003340013,-7.674850221058386
nordholt_h2o2,NLLS,0.08817635270541081,-7.733450541328981
nordholt_h2o2,NLLS,0.0888443553774215,-7.7920508973652
nordholt_h2o2,NLLS,0.0895123580494322,-7.850651288133539
nordholt_h2o2,NLLS,0.09018036072144288,-7.909251712630402
nordholt_h2o2,NLLS,0.09084836339345356,-7.967852169881146
nordholt_h2o2,NLLS,0.09151636606546426,-8.026452658939311
nordholt_h2o2,NLLS,0.09218436873747494,-8.085053178885783
nordholt_h2o2,NLLS,0.09285237140948563,-8.143653728828014
nordholt_h2o2,NLLS,0.09352037408149631,-8.20225430789925
nordholt_h2o2,NLLS,0.09418837675350701,-8.260854915257802
nordholt_h2o2,NLLS,0.0948563794255177,-8.31945555008627
nordholt_h2o2,NLLS,0.09552438209752838,-8.378056211590906
nordholt_h2o2,NLLS,0.09619238476953906,-8.436656899000866
nordholt_h2o2,NLLS,0.09686038744154976,-8.495257611567597
nordholt_h2o2,NLLS,0.09752839011356045,-8.553858348564203
nordholt_h2o2,NLLS,0.09819639278557113,-8.612459109284712
nordholt_h2o2,NLLS,0.09886439545758183,-8.671059893043669
nordholt_h2o2,NLLS,0.09953239812959251,-8.729660699175344
nordholt_h2o2,NLLS,0.1002004008016032,-8.78826152703328
nordholt_h2o2,NLLS,0.10086840347361388,-8.846862375989664
nordholt_h2o2,NLLS,0.10153640614562458,-8.905463245434861
nordholt_h2o2,NLLS,0.10220440881763526,-8.964064134776882
nordholt_h2o2,NLLS,0.10287241148964595,-9.022665043440725
nordholt_h2o2,NLLS,0.10354041416165664,-9.081265970868136
nordholt_h2o2,NLLS,0.10420841683366733,-9.139866916516906
nordholt_h2o2,NLLS,0.10487641950567801,-9.198467879860596
nordholt_h2o2,NLLS,0.1055444221776887,-9.257068860387806
nordholt_h2o2,NLLS,0.1062124248496994,-9.315669857602092
nordholt_h2o2,NLLS,0.10688042752171008,-9.374270871021253
nordholt_h2o2,NLLS,0.10754843019372076,-9.432871900177052
nordholt_h2o2,NLLS,0.10821643286573146,-9.491472944614772
nordholt_h2o2,NLLS,0.10888443553774214,-9.550074003892869
nordholt_h2o2,NLLS,0.10955243820975283,-9.60867507758256
nordholt_h2o2,NLLS,0.11022044088176351,-9.66727616526731
nordholt_h2o2,NLLS,0.11088844355377421,-9.725877266542803
nordholt_h2o2,NLLS,0.1115564462257849,-9.784478381016333
nordholt_h2o2,NLLS,0.11222444889779558,-9.84307950830656
nordholt_h2o2,NLLS,0.11289245156980628,-9.901680648043127
nordholt_h2o2,NLLS,0.11356045424181696,-9.9602817998664
nordholt_h2o2,NLLS,0.11422845691382764,-10.018882963427151
nordholt_h2o2,NLLS,0.11489645958583833,-10.077484138386216
nordholt_h2o2,NLLS,0.11556446225784903,-10.136085324414244
nordholt_h2o2,NLLS,0.11623246492985971,-10.194686521191421
nordholt_h2o2,NLLS,0.1169004676018704,-10.25328772840713
nordholt_h2o2,NLLS,0.11756847027388109,-10.311888945759748
nordholt_h2o2,NLLS,0.11823647294589178,-10.370490172956401
nordholt_h2o2,NLLS,0.11890447561790246,-10.429091409712644
nordholt_h2o2,NLLS,0.11957247828991314,-10.487692655752229
nordholt_h2o2,NLLS,0.12024048096192384,-10.546293910806952
nordholt_h2o2,NLLS,0.12090848363393453,-10.604895174616308
nordholt_h2o2,NLLS,0.12157648630594521,-10.663496446927319
nordholt_h2o2,NLLS,0.1222444889779559,-10.722097727494369
nordholt_h2o2,NLLS,0.1229124916499666,-10.780699016078882
nordholt_h2o2,NLLS,0.12358049432197728,-10.839300312449202
nordholt_h2o2,NLLS,0.12424849699398796,-10.897901616380368
nordholt_h2o2,NLLS,0.12491649966599866,-10.956502927653908
nordholt_h2o2,NLLS,0.12558450233800933,-11.015104246057671
nordholt_h2o2,NLLS,0.12625250501002003,-11.073705571385645
nordholt_h2o2,NLLS,0.12692050768203073,-11.132306903437717
nordholt_h2o2,NLLS,0.1275885103540414,-11.190908242019633
nordholt_h2o2,NLLS,0.1282565130260521,-11.249509586942713
nordholt_h2o2,NLLS,0.1289245156980628,-11.308110938023727
nordholt_h2o2,NLLS,0.12959251837007346,-11.366712295084778
nordholt_h2o2,NLLS,0.13026052104208416,-11.425313657953017
nordholt_h2o2,NLLS,0.13092852371409486,-11.48391502646066
nordholt_h2o2,NLLS,0.13159652638610553,-11.542516400444804
nordholt_h2o2,NLLS,0.13226452905811623,-11.60111777974719
nordholt_h2o2,NLLS,0.1329325317301269,-11.659719164214149
nordholt_h2o2,NLLS,0.1336005344021376,-11.718320553696465
nordholt_h2o2,NLLS,0.1342685370741483,-11.77692194804919
nordholt_h2o2,NLLS,0.13493653974615896,-11.83552334713162
nordholt_h2o2,NLLS,0.13560454241816966,-11.894124750807075
nordholt_h2o2,NLLS,0.13627254509018036,-11.952726158942863
nordholt_h2o2,NLLS,0.13694054776219103,-12.011327571410112
nordholt_h2o2,NLLS,0.13760855043420173,-12.069928988083644
nordholt_h2o2,NLLS,0.13827655310621242,-12.128530408841947
nordholt_h2o2,NLLS,0.1389445557782231,-12.18713183356696
nordholt_h2o2,NLLS,0.1396125584502338,-12.245733262144139
nordholt_h2o2,NLLS,0.1402805611222445,-12.304334694462094
nordholt_h2o2,NLLS,0.14094856379425516,-12.362936130412754
nordholt_h2o2,NLLS,0.14161656646626586,-12.42153756989123
nordholt_h2o2,NLLS,0.14228456913827653,-12.480139012795497
nordholt_h2o2,NLLS,0.14295257181028723,-12.538740459026599
nordholt_h2o2,NLLS,0.14362057448229792,-12.597341908488438
nordholt_h2o2,NLLS,0.1442885771543086,-12.655943361087619
nordholt_h2o2,NLLS,0.1449565798263193,-12.714544816733552
nordholt_h2o2,NLLS,0.14562458249833,-12.773146275338169
nordholt_h2o2,NLLS,0.14629258517034066,-12.831747736815943
nordholt_h2o2,NLLS,0.14696058784235136,-12.890349201083888
nordholt_h2o2,NLLS,0.14762859051436206,-12.948950668061448
nordholt_h2o2,NLLS,0.14829659318637273,-13.007552137670206
nordholt_h2o2,NLLS,0.14896459585838343,-13.06615360983426
nordholt_h2o2,NLLS,0.14963259853039412,-13.124755084479693
nordholt_h2o2,NLLS,0.1503006012024048,-13.183356561534813
nordholt_h2o2,NLLS,0.1509686038744155,-13.241958040930049
nordholt_h2o2,NLLS,0.15163660654642616,-13.300559522597752
nordholt_h2o2,NLLS,0.15230460921843686,-13.359161006472242
nordholt_h2o2,NLLS,0.15297261189044756,-13.417762492489784
nordholt_h2o2,NLLS,0.15364061456245823,-13.476363980588447
nordholt_h2o2,NLLS,0.15430861723446893,-13.534965470708071
nordholt_h2o2,NLLS,0.15497661990647962,-13.593566962790346
nordholt_h2o2,NLLS,0.1556446225784903,-13.652168456778451
nordholt_h2o2,NLLS,0.156312625250501,-13.710769952617396
nordholt_h2o2,NLLS,0.1569806279225117,-13.769371450253708
nordholt_h2o2,NLLS,0.15764863059452236,-13.827972949635406
nordholt_h2o2,NLLS,0.15831663326653306,-13.886574450712054
nordholt_h2o2,NLLS,0.15898463593854373,-13.945175953434758
nordholt_h2o2,NLLS,0.15965263861055443,-14.00377745775588
nordholt_h2o2,NLLS,0.16032064128256512,-14.062378963629259
nordholt_h2o2,NLLS,0.1609886439545758,-14.120980471010048
nordholt_h2o2,NLLS,0.1616566466265865,-14.17958197985468
nordholt_h2o2,NLLS,0.1623246492985972,-14.238183490120859
nordholt_h2o2,NLLS,0.16299265197060786,-14.29678500176751
nordholt_h2o2,NLLS,0.16366065464261856,-14.35538651475477
nordholt_h2o2,NLLS,0.16432865731462926,-14.413988029043885
nordholt_h2o2,NLLS,0.16499665998663993,-14.472589544597218
nordholt_h2o2,NLLS,0.16566466265865062,-14.531191061378292
nordholt_h2o2,NLLS,0.16633266533066132,-14.589792579351585
nordholt_h2o2,NLLS,0.167000668002672,-14.648394098482676
nordholt_h2o2,NLLS,0.1676686706746827,-14.706995618738144
nordholt_h2o2,NLLS,0.16833667334669336,-14.765597140085372
nordholt_h2o2,NLLS,0.16900467601870406,-14.824198662492963
nordholt_h2o2,NLLS,0.16967267869071476,-14.8828001859302
nordholt_h2o2,NLLS,0.17034068136272543,-14.941401710367371
nordholt_h2o2,NLLS,0.17100868403473612,-15.000003235775548
nordholt_h2o2,NLLS,0.17167668670674682,-15.0586047621267
nordholt_h2o2,NLLS,0.1723446893787575,-15.117206289393573
nordholt_h2o2,NLLS,0.1730126920507682,-15.17580781754968
nordholt_h2o2,NLLS,0.1736806947227789,-15.2344093465694
nordholt_h2o2,NLLS,0.17434869739478956,-15.293010876427697
nordholt_h2o2,NLLS,0.17501670006680026,-15.351612407100378
nordholt_h2o2,NLLS,0.17568470273881093,-15.410213938563937
nordholt_h2o2,NLLS,0.17635270541082163,-15.468815470795484
nordholt_h2o2,NLLS,0.17702070808283232,-15.527417003772822
nordholt_h2o2,NLLS,0.177688710754843,-15.586018537474468
nordholt_h2o2,NLLS,0.1783567134268537,-15.644620071879414
nordholt_h2o2,NLLS,0.1790247160988644,-15.70322160696737
nordholt_h2o2,NLLS,0.17969271877087506,-15.761823142718615
nordholt_h2o2,NLLS,0.18036072144288576,-15.820424679113989
nordholt_h2o2,NLLS,0.18102872411489646,-15.879026216134868
nordholt_h2o2,NLLS,0.18169672678690713,-15.937627753763158
nordholt_h2o2,NLLS,0.18236472945891782,-15.996229291981335
nordholt_h2o2,NLLS,0.18303273213092852,-16.05483083077234
nordholt_h2o2,NLLS,0.1837007348029392,-16.113432370119604
nordholt_h2o2,NLLS,0.1843687374749499,-16.172033910007116
nordholt_h2o2,NLLS,0.18503674014696056,-16.230635450419168
nordholt_h2o2,NLLS,0.18570474281897126,-16.28923699134073
nordholt_h2o2,NLLS,0.18637274549098196,-16.347838532756985
nordholt_h2o2,NLLS,0.18704074816299263,-16.40644007465365
nordholt_h2o2,NLLS,0.18770875083500332,-16.465041617016883
nordholt_h2o2,NLLS,0.18837675350701402,-16.52364315983319
nordholt_h2o2,NLLS,0.1890447561790247,-16.582244703089483
nordholt_h2o2,NLLS,0.1897127588510354,-16.640846246773
nordholt_h2o2,NLLS,0.1903807615230461,-16.699447790871478
nordholt_h2o2,NLLS,0.19104876419505676,-16.758049335372863
nordholt_h2o2,NLLS,0.19171676686706746,-16.816650880265534
nordholt_h2o2,NLLS,0.19238476953907813,-16.875252425538207
nordholt_h2o2,NLLS,0.19305277221108882,-16.933853971179847
nordholt_h2o2,NLLS,0.19372077488309952,-16.992455517179856
nordholt_h2o2,NLLS,0.1943887775551102,-17.051057063527814
nordholt_h2o2,NLLS,0.1950567802271209,-17.109658610213792
nordholt_h2o2,NLLS,0.1957247828991316,-17.16826015722781
nordholt_h2o2,NLLS,0.19639278557114226,-17.226861704560594
nordholt_h2o2,NLLS,0.19706078824315296,-17.285463252202835
nordholt_h2o2,NLLS,0.19772879091516365,-17.34406480014561
nordholt_h2o2,NLLS,0.19839679358717432,-17.40266634838021
nordholt_h2o2,NLLS,0.19906479625918502,-17.46126789689828
nordholt_h2o2,NLLS,0.19973279893119572,-17.51986944569154
nordholt_h2o2,NLLS,0.2004008016032064,-17.57847099475212
nordholt_h2o2,NLLS,0.2010688042752171,-17.637072544072225
nordholt_h2o2,NLLS,0.20173680694722776,-17.69567409364437
nordholt_h2o2,NLLS,0.20240480961923846,-17.754275643461305
nordholt_h2o2,NLLS,0.20307281229124916,-17.812877193515906
nordholt_h2o2,NLLS,0.20374081496325983,-17.871478743801404
nordholt_h2o2,NLLS,0.20440881763527052,-17.93008029431105
nordholt_h2o2,NLLS,0.20507682030728122,-17.98868184503834
nordholt_h2o2,NLLS,0.2057448229792919,-18.04728339597703
nordholt_h2o2,NLLS,0.2064128256513026,-18.105884947121048
nordholt_h2o2,NLLS,0.2070808283233133,-18.16448649846437
nordholt_h2o2,NLLS,0.20774883099532396,-18.22308805000133
nordholt_h2o2,NLLS,0.20841683366733466,-18.281689601726214
nordholt_h2o2,NLLS,0.20908483633934535,-18.340291153633775
nordholt_h2o2,NLLS,0.20975283901135602,-18.398892705718605
nordholt_h2o2,NLLS,0.21042084168336672,-18.45749425797557
nordholt_h2o2,NLLS,0.2110888443553774,-18.51609581039972
nordholt_h2o2,NLLS,0.2117568470273881,-18.5746973629863
nordholt_h2o2,NLLS,0.2124248496993988,-18.63329891573048
nordholt_h2o2,NLLS,0.21309285237140946,-18.69190046862779
nordholt_h2o2,NLLS,0.21376085504342016,-18.750502021673846
nordholt_h2o2,NLLS,0.21442885771543085,-18.809103574864267
nordholt_h2o2,NLLS,0.21509686038744152,-18.86770512819492
nordholt_h2o2,NLLS,0.21576486305945222,-18.926306681661767
nordholt_h2o2,NLLS,0.21643286573146292,-18.9849082352608
nordholt_h2o2,NLLS,0.2171008684034736,-19.04350978898828
nordholt_h2o2,NLLS,0.2177688710754843,-19.1021113428405
nordholt_h2o2,NLLS,0.21843687374749496,-19.160712896813852
nordholt_h2o2,NLLS,0.21910487641950566,-19.21931445090482
nordholt_h2o2,NLLS,0.21977287909151635,-19.277916005109923
nordholt_h2o2,NLLS,0.22044088176352702,-19.33651755942593
nordholt_h2o2,NLLS,0.22110888443553772,-19.39511911384964
nordholt_h2o2,NLLS,0.22177688710754842,-19.453720668377944
nordholt_h2o2,NLLS,0.2224448897795591,-19.512322223007846
nordholt_h2o2,NLLS,0.2231128924515698,-19.57092377773633
nordholt_h2o2,NLLS,0.2237808951235805,-19.629525332560657
nordholt_h2o2,NLLS,0.22444889779559116,-19.688126887477964
nordholt_h2o2,NLLS,0.22511690046760185,-19.746728442485594
nordholt_h2o2,NLLS,0.22578490313961255,-19.80532999758098
nordholt_h2o2,NLLS,0.22645290581162322,-19.863931552761525
nordholt_h2o2,NLLS,0.22712090848363392,-19.922533108024794
nordholt_h2o2,NLLS,0.2277889111556446,-19.981134663368426
nordholt_h2o2,NLLS,0.2284569138276553,-20.039736218790022
nordholt_h2o2,NLLS,0.229124916499666,-20.09833777428739
nordholt_h2o2,NLLS,0.22979291917167666,-20.15693932985834
nordholt_h2o2,NLLS,0.23046092184368736,-20.215540885500744
nordholt_h2o2,NLLS,0.23112892451569805,-20.274142441212483
nordholt_h2o2,NLLS,0.23179692718770872,-20.33274399699165
nordholt_h2o2,NLLS,0.23246492985971942,-20.391345552836214
nordholt_h2o2,NLLS,0.23313293253173012,-20.449947108744308
nordholt_h2o2,NLLS,0.2338009352037408,-20.508548664714127
nordholt_h2o2,NLLS,0.2344689378757515,-20.56715022074383
nordholt_h2o2,NLLS,0.23513694054776219,-20.625751776831734
nordholt_h2o2,NLLS,0.23580494321977286,-20.68435333297619
nordholt_h2o2,NLLS,0.23647294589178355,-20.74295488917545
nordholt_h2o2,NLLS,0.23714094856379422,-20.801556445428062
nordholt_h2o2,NLLS,0.23780895123580492,-20.860158001732376
nordholt_h2o2,NLLS,0.23847695390781562,-20.91875955808692
nordholt_h2o2,NLLS,0.2391449565798263,-20.97736111449032
nordholt_h2o2,NLLS,0.239812959251837,-21.03596267094111
nordholt_h2o2,NLLS,0.24048096192384769,-21.0945642274379
nordholt_h2o2,NLLS,0.24114896459585836,-21.153165783979393
nordholt_h2o2,NLLS,0.24181696726786905,-21.21176734056428
nordholt_h2o2,NLLS,0.24248496993987975,-21.270368897191275
nordholt_h2o2,NLLS,0.24315297261189042,-21.32897045385924
nordholt_h2o2,NLLS,0.24382097528390112,-21.387572010566974
nordholt_h2o2,NLLS,0.2444889779559118,-21.44617356731326
nordholt_h2o2,NLLS,0.2451569806279225,-21.504775124097048
nordholt_h2o2,NLLS,0.2458249832999332,-21.563376680917226
nordholt_h2o2,NLLS,0.24649298597194386,-21.621978237772762
nordholt_h2o2,NLLS,0.24716098864395455,-21.680579794662616
nordholt_h2o2,NLLS,0.24782899131596525,-21.739181351585813
nordholt_h2o2,NLLS,0.24849699398797592,-21.79778290854138
nordholt_h2o2,NLLS,0.24916499665998662,-21.856384465528414
nordholt_h2o2,NLLS,0.24983299933199732,-21.914986022545914
nordholt_h2o2,NLLS,0.250501002004008,-21.97358757959312
nordholt_h2o2,NLLS,0.25116900467601866,-22.03218913666906
nordholt_h2o2,NLLS,0.2518370073480294,-22.090790693772995
nordholt_h2o2,NLLS,0.25250501002004005,-22.149392250904093
nordholt_h2o2,NLLS,0.2531730126920507,-22.20799380806148
nordholt_h2o2,NLLS,0.25384101536406145,-22.266595365244545
nordholt_h2o2,NLLS,0.2545090180360721,-22.325196922452452
nordholt_h2o2,NLLS,0.2551770207080828,-22.383798479684486
nordholt_h2o2,NLLS,0.2558450233800935,-22.442400036939972
nordholt_h2o2,NLLS,0.2565130260521042,-22.50100159421824
nordholt_h2o2,NLLS,0.25718102872411486,-22.55960315151863
nordholt_h2o2,NLLS,0.2578490313961256,-22.61820470884046
nordholt_h2o2,NLLS,0.25851703406813625,-22.67680626618315
nordholt_h2o2,NLLS,0.2591850367401469,-22.735407823546165
nordholt_h2o2,NLLS,0.25985303941215765,-22.794009380928753
nordholt_h2o2,NLLS,0.2605210420841683,-22.852610938330482
nordholt_h2o2,NLLS,0.261189044756179,-22.9112124957507
nordholt_h2o2,NLLS,0.2618570474281897,-22.969814053188955
nordholt_h2o2,NLLS,0.2625250501002004,-23.028415610644736
nordholt_h2o2,NLLS,0.26319305277221106,-23.08701716811745
nordholt_h2o2,NLLS,0.2638610554442218,-23.14561872560672
nordholt_h2o2,NLLS,0.26452905811623245,-23.204220283111937
nordholt_h2o2,NLLS,0.2651970607882431,-23.262821840632775
nordholt_h2o2,NLLS,0.2658650634602538,-23.321423398168662
nordholt_h2o2,NLLS,0.2665330661322645,-23.38002495571923
nordholt_h2o2,NLLS,0.2672010688042752,-23.438626513284092
nordholt_h2o2,NLLS,0.26786907147628586,-23.497228070862665
nordholt_h2o2,NLLS,0.2685370741482966,-23.555829628454823
nordholt_h2o2,NLLS,0.26920507682030725,-23.614431186059935
nordholt_h2o2,NLLS,0.2698730794923179,-23.673032743677755
nordholt_h2o2,NLLS,0.27054108216432865,-23.73163430130782
nordholt_h2o2,NLLS,0.2712090848363393,-23.79023585894987
nordholt_h2o2,NLLS,0.27187708750835,-23.848837416603526
nordholt_h2o2,NLLS,0.2725450901803607,-23.90743897426841
nordholt_h2o2,NLLS,0.2732130928523714,-23.96604053194425
nordholt_h2o2,NLLS,0.27388109552438206,-24.024642089630742
nordholt_h2o2,NLLS,0.2745490981963928,-24.08324364732753
nordholt_h2o2,NLLS,0.27521710086840345,-24.141845205034326
nordholt_h2o2,NLLS,0.2758851035404141,-24.2004467627509
nordholt_h2o2,NLLS,0.27655310621242485,-24.25904832047686
nordholt_h2o2,NLLS,0.2772211088844355,-24.317649878212006
nordholt_h2o2,NLLS,0.2778891115564462,-24.37625143595606
nordholt_h2o2,NLLS,0.2785571142284569,-24.43485299370885
nordholt_h2o2,NLLS,0.2792251169004676,-24.49345455146998
nordholt_h2o2,NLLS,0.27989311957247826,-24.552056109239263
nordholt_h2o2,NLLS,0.280561122244489,-24.610657667016472
nordholt_h2o2,NLLS,0.28122912491649965,-24.669259224801355
nordholt_h2o2,NLLS,0.2818971275885103,-24.727860782593712
nordholt_h2o2,NLLS,0.282565130260521,-24.786462340393378
nordholt_h2o2,NLLS,0.2832331329325317,-24.8450638982001
nordholt_h2o2,NLLS,0.2839011356045424,-24.903665456013595
nordholt_h2o2,NLLS,0.28456913827655306,-24.96226701383379
nordholt_h2o2,NLLS,0.2852371409485638,-25.020868571660408
nordholt_h2o2,NLLS,0.28590514362057445,-25.079470129493284
nordholt_h2o2,NLLS,0.2865731462925851,-25.138071687332268
nordholt_h2o2,NLLS,0.28724114896459585,-25.19667324517718
nordholt_h2o2,NLLS,0.2879091516366065,-25.255274803027856
nordholt_h2o2,NLLS,0.2885771543086172,-25.313876360883985
nordholt_h2o2,NLLS,0.2892451569806279,-25.372477918745663
nordholt_h2o2,NLLS,0.2899131596526386,-25.431079476612524
nordholt_h2o2,NLLS,0.29058116232464926,-25.489681034484494
nordholt_h2o2,NLLS,0.29124916499666,-25.548282592361485
nordholt_h2o2,NLLS,0.29191716766867065,-25.606884150243204
nordholt_h2o2,NLLS,0.2925851703406813,-25.66548570812963
nordholt_h2o2,NLLS,0.29325317301269205,-25.72408726602059
nordholt_h2o2,NLLS,0.2939211756847027,-25.782688823915926
nordholt_h2o2,NLLS,0.2945891783567134,-25.841290381815664
nordholt_h2o2,NLLS,0.2952571810287241,-25.899891939719474
nordholt_h2o2,NLLS,0.2959251837007348,-25.95849349762732
nordholt_h2o2,NLLS,0.29659318637274545,-26.017095055539034
nordholt_h2o2,NLLS,0.2972611890447562,-26.07569661345467
nordholt_h2o2,NLLS,0.29792919171676685,-26.134298171373946
nordholt_h2o2,NLLS,0.2985971943887775,-26.192899729296844
nordholt_h2o2,NLLS,0.29926519706078825,-26.251501287223167
nordholt_h2o2,NLLS,0.2999331997327989,-26.31010284515291
nordholt_h2o2,NLLS,0.3006012024048096,-26.368704403085893
nordholt_h2o2,NLLS,0.30126920507682026,-26.427305961022128
nordholt_h2o2,NLLS,0.301937207748831,-26.48590751896147
nordholt_h2o2,NLLS,0.30260521042084165,-26.544509076903804
nordholt_h2o2,NLLS,0.3032732130928523,-26.603110634849088
nordholt_h2o2,NLLS,0.30394121576486305,-26.661712192797182
nordholt_h2o2,NLLS,0.3046092184368737,-26.720313750748026
nordholt_h2o2,NLLS,0.3052772211088844,-26.778915308701546
nordholt_h2o2,NLLS,0.3059452237808951,-26.8375168666577
nordholt_h2o2,NLLS,0.3066132264529058,-26.89611842461636
nordholt_h2o2,NLLS,0.30728122912491646,-26.95471998257748
nordholt_h2o2,NLLS,0.3079492317969272,-27.013321540541014
nordholt_h2o2,NLLS,0.30861723446893785,-27.071923098506726
nordholt_h2o2,NLLS,0.3092852371409485,-27.13052465647481
nordholt_h2o2,NLLS,0.30995323981295925,-27.18912621444508
nordholt_h2o2,NLLS,0.3106212424849699,-27.247727772417427
nordholt_h2o2,NLLS,0.3112892451569806,-27.306329330391787
nordholt_h2o2,NLLS,0.3119572478289913,-27.364930888368242
nordholt_h2o2,NLLS,0.312625250501002,-27.423532446346528
nordholt_h2o2,NLLS,0.31329325317301265,-27.482134004326817
nordholt_h2o2,NLLS,0.3139612558450234,-27.540735562308868
nordholt_h2o2,NLLS,0.31462925851703405,-27.5993371202927
nordholt_h2o2,NLLS,0.3152972611890447,-27.657938678278263
nordholt_h2o2,NLLS,0.31596526386105545,-27.71654023626549
nordholt_h2o2,NLLS,0.3166332665330661,-27.775141794254306
nordholt_h2o2,NLLS,0.3173012692050768,-27.833743352244756
nordholt_h2o2,NLLS,0.31796927187708746,-27.892344910236787
nordholt_h2o2,NLLS,0.3186372745490982,-27.95094646823023
nordholt_h2o2,NLLS,0.31930527722110885,-28.00954802622518
nordholt_h2o2,NLLS,0.3199732798931195,-28.06814958422151
nordholt_h2o2,NLLS,0.32064128256513025,-28.12675114221919
nordholt_h2o2,NLLS,0.3213092852371409,-28.185352700218196
nordholt_h2o2,NLLS,0.3219772879091516,-28.243954258218515
nordholt_h2o2,NLLS,0.3226452905811623,-28.302555816219996
nordholt_h2o2,NLLS,0.323313293253173,-28.361157374222827
nordholt_h2o2,NLLS,0.32398129592518365,-28.419758932226703
nordholt_h2o2,NLLS,0.3246492985971944,-28.478360490231836
nordholt_h2o2,NLLS,0.32531730126920505,-28.536962048237978
nordholt_h2o2,NLLS,0.3259853039412157,-28.595563606245275
nordholt_h2o2,NLLS,0.32665330661322645,-28.65416516425364
nordholt_h2o2,NLLS,0.3273213092852371,-28.712766722262945
nordholt_h2o2,NLLS,0.3279893119572478,-28.77136828027327
nordholt_h2o2,NLLS,0.3286573146292585,-28.829969838284565
nordholt_h2o2,NLLS,0.3293253173012692,-28.88857139629675
nordholt_h2o2,NLLS,0.32999331997327985,-28.94717295430987
nordholt_h2o2,NLLS,0.3306613226452906,-29.00577451232391
nordholt_h2o2,NLLS,0.33132932531730125,-29.06437607033875
nordholt_h2o2,NLLS,0.3319973279893119,-29.122977628354402
nordholt_h2o2,NLLS,0.33266533066132264,-29.181579186370904
nordholt_h2o2,NLLS,0.3333333333333333,-29.240180744388223
nordholt_h2o2,NN,0.0,8.760353553682876e-17
nordholt_h2o2,NN,0.000668002672010688,0.016249428904854795
nordholt_h2o2,NN,0.001336005344021376,0.03180118360384087
nordholt_h2o2,NN,0.002004008016032064,0.04666835627732973
nordholt_h2o2,NN,0.002672010688042752,0.06086135106496256
nordholt_h2o2,NN,0.00334001336005344,0.07438770793927814
nordholt_h2o2,NN,0.004008016032064128,0.08725192678339729
nordholt_h2o2,NN,0.004676018704074816,0.09945529129274791
nordholt_h2o2,NN,0.005344021376085504,0.11099569230354321
nordholt_h2o2,NN,0.0060120240480961915,0.12186745014525452
nordholt_h2o2,NN,0.00668002672010688,0.13206113562288427
nordholt_h2o2,NN,0.007348029392117568,0.14156338926187673
nordholt_h2o2,NN,0.008016032064128256,0.15035673850161282
nordholt_h2o2,NN,0.008684034736138943,0.15841941261465087
nordholt_h2o2,NN,0.009352037408149633,0.16572515527589632
nordholt_h2o2,NN,0.01002004008016032,0.1722430349334985
nordholt_h2o2,NN,0.010688042752171008,0.17793725347458494
nordholt_h2o2,NN,0.011356045424181695,0.18276695417638578
nordholt_h2o2,NN,0.012024048096192383,0.18668603063889533
nordholt_h2o2,NN,0.012692050768203072,0.18964293936996823
nordholt_h2o2,NN,0.01336005344021376,0.19158052000538361
nordholt_h2o2,NN,0.014028056112224447,0.19243582886493474
nordholt_h2o2,NN,0.014696058784235137,0.19213999373621565
nordholt_h2o2,NN,0.015364061456245824,0.19061810048998057
nordholt_h2o2,NN,0.01603206412825651,0.187789125383927
nordholt_h2o2,NN,0.0167000668002672,0.183565930675028
nordholt_h2o2,NN,0.017368069472277887,0.17785534533085454
nordholt_h2o2,NN,0.018036072144288574,0.1705583570049504
nordholt_h2o2,NN,0.018704074816299265,0.16157044569071854
nordholt_h2o2,NN,0.019372077488309953,0.15078209311115243
nordholt_h2o2,NN,0.02004008016032064,0.1380795042884145
nordholt_h2o2,NN,0.020708082832331328,0.12334557804878421
nordholt_h2o2,NN,0.021376085504342016,0.10646116049097064
nordholt_h2o2,NN,0.022044088176352703,0.08730660863038735
nordholt_h2o2,NN,0.02271209084836339,0.0657636795007334
nordholt_h2o2,NN,0.023380093520374078,0.04171774209784858
nordholt_h2o2,NN,0.024048096192384766,0.015060285228294659
nordholt_h2o2,NN,0.024716098864395457,-0.01430833624817574
nordholt_h2o2,NN,0.025384101536406144,-0.04647601004831581
nordholt_h2o2,NN,0.026052104208416832,-0.08151596199089264
nordholt_h2o2,NN,0.02672010688042752,-0.11948400880180994
nordholt_h2o2,NN,0.027388109552438207,-0.1604161719996673
nordholt_h2o2,NN,0.028056112224448895,-0.20432687977277048
nordholt_h2o2,NN,0.028724114896459582,-0.2512079909983384
nordholt_h2o2,NN,0.029392117568470273,-0.30102886204519264
nordholt_h2o2,NN,0.03006012024048096,-0.353737639594438
nordholt_h2o2,NN,0.03072812291249165,-0.40926390100687576
nordholt_h2o2,NN,0.03139612558450233,-0.46752268084075793
nordholt_h2o2,NN,0.03206412825651302,-0.5284198247397359
nordholt_h2o2,NN,0.032732130928523714,-0.591858509995157
nordholt_h2o2,NN,0.0334001336005344,-0.657746677472595
nordholt_h2o2,NN,0.03406813627254509,-0.7260050441795775
nordholt_h2o2,NN,0.034736138944555774,-0.7965753194280663
nordholt_h2o2,NN,0.035404141616566465,-0.8694282363157408
nordholt_h2o2,NN,0.03607214428857715,-0.9445710349960401
nordholt_h2o2,NN,0.03674014696058784,-1.0220540903673516
nordholt_h2o2,NN,0.03740814963259853,-1.1019764550448716
nordholt_h2o2,NN,0.038076152304609215,-1.184490176137761
nordholt_h2o2,NN,0.038744154976619906,-1.2698033274356793
nordholt_h2o2,NN,0.03941215764863059,-1.3581817637697629
nordholt_h2o2,NN,0.04008016032064128,-1.449949640592386
nordholt_h2o2,NN,0.040748162992651965,-1.545488741805906
nordholt_h2o2,NN,0.041416165664662656,-1.6452366191953463
nordholt_h2o2,NN,0.04208416833667334,-1.7496834679957172
nordholt_h2o2,NN,0.04275217100868403,-1.8593675489011952
nordholt_h2o2,NN,0.04342017368069472,-1.9748688234547918
nordholt_h2o2,NN,0.044088176352705406,-2.0968003058419518
nordholt_h2o2,NN,0.0447561790247161,-2.225796461897499
nordholt_h2o2,NN,0.04542418169672678,-2.362497825182561
nordholt_h2o2,NN,0.04609218436873747,-2.507530883504572
nordholt_h2o2,NN,0.046760187040748157,-2.6614822719874653
nordholt_h2o2,NN,0.04742818971275885,-2.824866472978148
nordholt_h2o2,NN,0.04809619238476953,-2.9980866759549927
nordholt_h2o2,NN,0.04876419505678022,-3.18138930505888
nordholt_h2o2,NN,0.049432197728790914,-3.374814052450824
nordholt_h2o2,NN,0.0501002004008016,-3.578143029807767
nordholt_h2o2,NN,0.05076820307281229,-3.7908546495123945
nordholt_h2o2,NN,0.05143620574482297,-4.012089615619202
nordholt_h2o2,NN,0.052104208416833664,-4.240637278603082
nordholt_h2o2,NN,0.05277221108884435,-4.474949874320409
nordholt_h2o2,NN,0.05344021376085504,-4.713189353612549
nordholt_h2o2,NN,0.05410821643286573,-4.9533067119825995
nordholt_h2o2,NN,0.054776219104876414,-5.193147812903681
nordholt_h2o2,NN,0.055444221776887105,-5.430574174762266
nordholt_h2o2,NN,0.05611222444889779,-5.663583731894224
nordholt_h2o2,NN,0.05678022712090848,-5.89041633970254
nordholt_h2o2,NN,0.057448229792919164,-6.10963188976284
nordholt_h2o2,NN,0.058116232464929855,-6.320154350198353
nordholt_h2o2,NN,0.058784235136940546,-6.521281203677757
nordholt_h2o2,NN,0.05945223780895123,-6.712662994991035
nordholt_h2o2,NN,0.06012024048096192,-6.894260981509401
nordholt_h2o2,NN,0.060788243152972606,-7.066291954275259
nordholt_h2o2,NN,0.0614562458249833,-7.229168562385789
nordholt_h2o2,NN,0.06212424849699398,-7.3834416442102775
nordholt_h2o2,NN,0.06279225116900466,-7.529748863661284
nordholt_h2o2,NN,0.06346025384101536,-7.66877189698561
nordholt_h2o2,NN,0.06412825651302605,-7.801202801151084
nordholt_h2o2,NN,0.06479625918503673,-7.927719100068722
nordholt_h2o2,NN,0.06546426185704743,-8.048966500562388
nordholt_h2o2,NN,0.06613226452905811,-8.165547887644523
nordholt_h2o2,NN,0.0668002672010688,-8.278017229818266
nordholt_h2o2,NN,0.06746826987307948,-8.386877148129152
nordholt_h2o2,NN,0.06813627254509018,-8.492579092190775
nordholt_h2o2,NN,0.06880427521710086,-8.595525272858273
nordholt_h2o2,NN,0.06947227788911155,-8.696071695843962
nordholt_h2o2,NN,0.07014028056112225,-8.794531809332192
nordholt_h2o2,NN,0.07080828323313293,-8.891180416956505
nordholt_h2o2,NN,0.07147628590514361,-8.986257616162392
nordholt_h2o2,NN,0.0721442885771543,-9.079972604472403
nordholt_h2o2,NN,0.072812291249165,-9.17250725694505
nordholt_h2o2,NN,0.07348029392117568,-9.26401942162834
nordholt_h2o2,NN,0.07414829659318636,-9.354645910040295
nordholt_h2o2,NN,0.07481629926519706,-9.444505180001238
nordholt_h2o2,NN,0.07548430193720775,-9.533699721170905
nordholt_h2o2,NN,0.07615230460921843,-9.622318161481376
nordholt_h2o2,NN,0.07682030728122911,-9.710437116871285
nordholt_h2o2,NN,0.07748830995323981,-9.798122808477315
nordholt_h2o2,NN,0.0781563126252505,-9.885432471566983
nordholt_h2o2,NN,0.07882431529726118,-9.972415579602393
nordholt_h2o2,NN,0.07949231796927186,-10.059114905327553
nordholt_h2o2,NN,0.08016032064128256,-10.145567438960615
nordholt_h2o2,NN,0.08082832331329325,-10.231805181639286
nordholt_h2o2,NN,0.08149632598530393,-10.317855830337919
nordholt_h2o2,NN,0.08216432865731463,-10.403743368625808
nordholt_h2o2,NN,0.08283233132932531,-10.489488575912551
nordholt_h2o2,NN,0.083500334001336,-10.575109466250742
nordholt_h2o2,NN,0.08416833667334668,-10.660621666345909
nordholt_h2o2,NN,0.08483633934535738,-10.746038741157447
nordholt_h2o2,NN,0.08550434201736806,-10.831372474354836
nordholt_h2o2,NN,0.08617234468937875,-10.91663310990966
nordholt_h2o2,NN,0.08684034736138944,-11.001829560244394
nordholt_h2o2,NN,0.08750835003340013,-11.086969585610692
nordholt_h2o2,NN,0.08817635270541081,-11.172059948720596
nordholt_h2o2,NN,0.0888443553774215,-11.2571065480922
nordholt_h2o2,NN,0.0895123580494322,-11.342114533086363
nordholt_h2o2,NN,0.09018036072144288,-11.42708840319246
nordholt_h2o2,NN,0.09084836339345356,-11.51203209376126
nordholt_h2o2,NN,0.09151636606546426,-11.596949050073176
nordholt_h2o2,NN,0.09218436873747494,-11.681842291363887
nordholt_h2o2,NN,0.09285237140948563,-11.766714466200755
nordholt_h2o2,NN,0.09352037408149631,-11.851567900407145
nordholt_h2o2,NN,0.09418837675350701,-11.936404638563237
nordholt_h2o2,NN,0.0948563794255177,-12.021226479967465
nordholt_h2o2,NN,0.09552438209752838,-12.106035009818573
nordholt_h2o2,NN,0.09619238476953906,-12.19083162627193
nordholt_h2o2,NN,0.09686038744154976,-12.2756175639324
nordholt_h2o2,NN,0.09752839011356045,-12.360393914267652
nordholt_h2o2,NN,0.09819639278557113,-12.445161643358643
nordholt_h2o2,NN,0.09886439545758183,-12.529921607346083
nordholt_h2o2,NN,0.09953239812959251,-12.614674565882208
nordholt_h2o2,NN,0.1002004008016032,-12.699421193854578
nordholt_h2o2,NN,0.10086840347361388,-12.78416209161187
nordholt_h2o2,NN,0.10153640614562458,-12.868897793890305
nordholt_h2o2,NN,0.10220440881763526,-12.953628777612115
nordholt_h2o2,NN,0.10287241148964595,-13.038355468704342
nordholt_h2o2,NN,0.10354041416165664,-13.123078248065921
nordholt_h2o2,NN,0.10420841683366733,-13.207797456794042
nordholt_h2o2,NN,0.10487641950567801,-13.292513400765626
nordholt_h2o2,NN,0.1055444221776887,-13.377226354657074
nordholt_h2o2,NN,0.1062124248496994,-13.461936565474298
nordholt_h2o2,NN,0.10688042752171008,-13.546644255655496
nordholt_h2o2,NN,0.10754843019372076,-13.631349625800947
nordholt_h2o2,NN,0.10821643286573146,-13.716052857076816
nordholt_h2o2,NN,0.10888443553774214,-13.800754113333964
nordholt_h2o2,NN,0.10955243820975283,-13.885453542977338
nordholt_h2o2,NN,0.11022044088176351,-13.970151280616852
nordholt_h2o2,NN,0.11088844355377421,-14.054847448526791
nordholt_h2o2,NN,0.1115564462257849,-14.13954215793718
nordholt_h2o2,NN,0.11222444889779558,-14.224235510177667
nordholt_h2o2,NN,0.11289245156980628,-14.30892759769176
nordholt_h2o2,NN,0.11356045424181696,-14.393618504937038
nordholt_h2o2,NN,0.11422845691382764,-14.478308309185035
nordholt_h2o2,NN,0.11489645958583833,-14.56299708123266
nordholt_h2o2,NN,0.11556446225784903,-14.647684886035698
nordholt_h2o2,NN,0.11623246492985971,-14.732371783273395
nordholt_h2o2,NN,0.1169004676018704,-14.817057827852393
nordholt_h2o2,NN,0.11756847027388109,-14.901743070356789
nordholt_h2o2,NN,0.11823647294589178,-14.986427557450646
nordholt_h2o2,NN,0.11890447561790246,-15.071111332238445
nordholt_h2o2,NN,0.11957247828991314,-15.155794434588042
nordholt_h2o2,NN,0.12024048096192384,-15.240476901420577
nordholt_h2o2,NN,0.12090848363393453,-15.325158766970839
nordholt_h2o2,NN,0.12157648630594521,-15.40984006302153
nordholt_h2o2,NN,0.1222444889779559,-15.494520819114095
nordholt_h2o2,NN,0.1229124916499666,-15.579201062738893
nordholt_h2o2,NN,0.12358049432197728,-15.663880819506758
nordholt_h2o2,NN,0.12424849699398796,-15.748560113304077
nordholt_h2o2,NN,0.12491649966599866,-15.83323896643306
nordholt_h2o2,NN,0.12558450233800933,-15.917917399738784
nordholt_h2o2,NN,0.12625250501002003,-16.002595432724426
nordholt_h2o2,NN,0.12692050768203073,-16.08727308365587
nordholt_h2o2,NN,0.1275885103540414,-16.17195036965677
nordholt_h2o2,NN,0.1282565130260521,-16.256627306795114
nordholt_h2o2,NN,0.1289245156980628,-16.341303910162026
nordholt_h2o2,NN,0.12959251837007346,-16.425980193943705
nordholt_h2o2,NN,0.13026052104208416,-16.510656171487117
nordholt_h2o2,NN,0.13092852371409486,-16.595331855360012
nordholt_h2o2,NN,0.13159652638610553,-16.68000725740592
nordholt_h2o2,NN,0.13226452905811623,-16.764682388794526
nordholt_h2o2,NN,0.1329325317301269,-16.84935726006787
nordholt_h2o2,NN,0.1336005344021376,-16.934031881182825
nordholt_h2o2,NN,0.1342685370741483,-17.018706261550136
nordholt_h2o2,NN,0.13493653974615896,-17.10338041007032
nordholt_h2o2,NN,0.13560454241816966,-17.18805433516683
nordholt_h2o2,NN,0.13627254509018036,-17.27272804481659
nordholt_h2o2,NN,0.13694054776219103,-17.357401546578213
nordholt_h2o2,NN,0.13760855043420173,-17.4420748476181
nordholt_h2o2,NN,0.13827655310621242,-17.526747954734574
nordholt_h2o2,NN,0.1389445557782231,-17.611420874380254
nordholt_h2o2,NN,0.1396125584502338,-17.696093612682816
nordholt_h2o2,NN,0.1402805611222445,-17.780766175464226
nordholt_h2o2,NN,0.14094856379425516,-17.86543856825864
nordholt_h2o2,NN,0.14161656646626586,-17.95011079632907
nordholt_h2o2,NN,0.14228456913827653,-18.034782864682857
nordholt_h2o2,NN,0.14295257181028723,-18.1194547780861
nordholt_h2o2,NN,0.14362057448229792,-18.20412654107714
nordholt_h2o2,NN,0.1442885771543086,-18.288798157979112
nordholt_h2o2,NN,0.1449565798263193,-18.37346963291172
nordholt_h2o2,NN,0.14562458249833,-18.458140969802155
nordholt_h2o2,NN,0.14629258517034066,-18.542812172395436
nordholt_h2o2,NN,0.14696058784235136,-18.627483244263992
nordholt_h2o2,NN,0.14762859051436206,-18.712154188816697
nordholt_h2o2,NN,0.14829659318637273,-18.796825009307316
nordholt_h2o2,NN,0.14896459585838343,-18.881495708842465
nordholt_h2o2,NN,0.14963259853039412,-18.966166290389065
nordholt_h2o2,NN,0.1503006012024048,-19.050836756781337
nordholt_h2o2,NN,0.1509686038744155,-19.135507110727442
nordholt_h2o2,NN,0.15163660654642616,-19.22017735481563
nordholt_h2o2,NN,0.15230460921843686,-19.304847491520157
nordholt_h2o2,NN,0.15297261189044756,-19.38951752320674
nordholt_h2o2,NN,0.15364061456245823,-19.4741874521378
nordholt_h2o2,NN,0.15430861723446893,-19.558857280477334
nordholt_h2o2,NN,0.15497661990647962,-19.643527010295593
nordholt_h2o2,NN,0.1556446225784903,-19.728196643573398
nordholt_h2o2,NN,0.156312625250501,-19.812866182206346
nordholt_h2o2,NN,0.1569806279225117,-19.89753562800868
nordholt_h2o2,NN,0.15764863059452236,-19.982204982717
nordholt_h2o2,NN,0.15831663326653306,-20.066874247993802
nordholt_h2o2,NN,0.15898463593854373,-20.151543425430752
nordholt_h2o2,NN,0.15965263861055443,-20.236212516551877
nordholt_h2o2,NN,0.16032064128256512,-20.320881522816528
nordholt_h2o2,NN,0.1609886439545758,-20.405550445622197
nordholt_h2o2,NN,0.1616566466265865,-20.490219286307283
nordholt_h2o2,NN,0.1623246492985972,-20.574888046153536
nordholt_h2o2,NN,0.16299265197060786,-20.65955672638856
nordholt_h2o2,NN,0.16366065464261856,-20.7442253281881
nordholt_h2o2,NN,0.16432865731462926,-20.82889385267822
nordholt_h2o2,NN,0.16499665998663993,-20.913562300937386
nordholt_h2o2,NN,0.16566466265865062,-20.998230673998467
nordholt_h2o2,NN,0.16633266533066132,-21.082898972850607
nordholt_h2o2,NN,0.167000668002672,-21.167567198441017
nordholt_h2o2,NN,0.1676686706746827,-21.252235351676738
nordholt_h2o2,NN,0.16833667334669336,-21.336903433426155
nordholt_h2o2,NN,0.16900467601870406,-21.42157144452069
nordholt_h2o2,NN,0.16967267869071476,-21.506239385756203
nordholt_h2o2,NN,0.17034068136272543,-21.59090725789438
nordholt_h2o2,NN,0.17100868403473612,-21.675575061664183
nordholt_h2o2,NN,0.17167668670674682,-21.76024279776305
nordholt_h2o2,NN,0.1723446893787575,-21.844910466858128
nordholt_h2o2,NN,0.1730126920507682,-21.929578069587496
nordholt_h2o2,NN,0.1736806947227789,-22.014245606561257
nordholt_h2o2,NN,0.17434869739478956,-22.098913078362582
nordholt_h2o2,NN,0.17501670006680026,-22.183580485548788
nordholt_h2o2,NN,0.17568470273881093,-22.268247828652278
nordholt_h2o2,NN,0.17635270541082163,-22.352915108181467
nordholt_h2o2,NN,0.17702070808283232,-22.43758232462173
nordholt_h2o2,NN,0.177688710754843,-22.522249478436194
nordholt_h2o2,NN,0.1783567134268537,-22.606916570066602
nordholt_h2o2,NN,0.1790247160988644,-22.691583599934074
nordholt_h2o2,NN,0.17969271877087506,-22.77625056843987
nordholt_h2o2,NN,0.18036072144288576,-22.860917475966094
nordholt_h2o2,NN,0.18102872411489646,-22.945584322876407
nordholt_h2o2,NN,0.18169672678690713,-23.03025110951666
nordholt_h2o2,NN,0.18236472945891782,-23.114917836215533
nordholt_h2o2,NN,0.18303273213092852,-23.199584503285156
nordholt_h2o2,NN,0.1837007348029392,-23.284251111021675
nordholt_h2o2,NN,0.1843687374749499,-23.368917659705815
nordholt_h2o2,NN,0.18503674014696056,-23.453584149603405
nordholt_h2o2,NN,0.18570474281897126,-23.538250580965904
nordholt_h2o2,NN,0.18637274549098196,-23.622916954030888
nordholt_h2o2,NN,0.18704074816299263,-23.707583269022514
nordholt_h2o2,NN,0.18770875083500332,-23.79224952615198
nordholt_h2o2,NN,0.18837675350701402,-23.876915725617955
nordholt_h2o2,NN,0.1890447561790247,-23.961581867607
nordholt_h2o2,NN,0.1897127588510354,-24.04624795229397
nordholt_h2o2,NN,0.1903807615230461,-24.130913979842404
nordholt_h2o2,NN,0.19104876419505676,-24.215579950404877
nordholt_h2o2,NN,0.19171676686706746,-24.300245864123365
nordholt_h2o2,NN,0.19238476953907813,-24.384911721129587
nordholt_h2o2,NN,0.19305277221108882,-24.469577521545354
nordholt_h2o2,NN,0.19372077488309952,-24.55424326548283
nordholt_h2o2,NN,0.1943887775551102,-24.638908953044893
nordholt_h2o2,NN,0.1950567802271209,-24.723574584325405
nordholt_h2o2,NN,0.1957247828991316,-24.80824015940947
nordholt_h2o2,NN,0.19639278557114226,-24.89290567837374
nordholt_h2o2,NN,0.19706078824315296,-24.97757114128666
nordholt_h2o2,NN,0.19772879091516365,-25.062236548208702
nordholt_h2o2,NN,0.19839679358717432,-25.146901899192628
nordholt_h2o2,NN,0.19906479625918502,-25.23156719428372
nordholt_h2o2,NN,0.19973279893119572,-25.31623243351999
nordholt_h2o2,NN,0.2004008016032064,-25.400897616932387
nordholt_h2o2,NN,0.2010688042752171,-25.485562744545035
nordholt_h2o2,NN,0.20173680694722776,-25.570227816375407
nordholt_h2o2,NN,0.20240480961923846,-25.654892832434523
nordholt_h2o2,NN,0.20307281229124916,-25.739557792727126
nordholt_h2o2,NN,0.20374081496325983,-25.824222697251866
nordholt_h2o2,NN,0.20440881763527052,-25.908887546001484
nordholt_h2o2,NN,0.20507682030728122,-25.993552338962964
nordholt_h2o2,NN,0.2057448229792919,-26.07821707611767
nordholt_h2o2,NN,0.2064128256513026,-26.16288175744156
nordholt_h2o2,NN,0.2070808283233133,-26.247546382905266
nordholt_h2o2,NN,0.20774883099532396,-26.33221095247426
nordholt_h2o2,NN,0.20841683366733466,-26.416875466109026
nordholt_h2o2,NN,0.20908483633934535,-26.501539923765147
nordholt_h2o2,NN,0.20975283901135602,-26.58620432539343
nordholt_h2o2,NN,0.21042084168336672,-26.670868670940095
nordholt_h2o2,NN,0.2110888443553774,-26.755532960346784
nordholt_h2o2,NN,0.2117568470273881,-26.84019719355079
nordholt_h2o2,NN,0.2124248496993988,-26.92486137048508
nordholt_h2o2,NN,0.21309285237140946,-27.009525491078456
nordholt_h2o2,NN,0.21376085504342016,-27.094189555255628
nordholt_h2o2,NN,0.21442885771543085,-27.178853562937324
nordholt_h2o2,NN,0.21509686038744152,-27.26351751404038
nordholt_h2o2,NN,0.21576486305945222,-27.348181408477846
nordholt_h2o2,NN,0.21643286573146292,-27.43284524615906
nordholt_h2o2,NN,0.2171008684034736,-27.51750902698973
nordholt_h2o2,NN,0.2177688710754843,-27.602172750872047
nordholt_h2o2,NN,0.21843687374749496,-27.686836417704736
nordholt_h2o2,NN,0.21910487641950566,-27.771500027383127
nordholt_h2o2,NN,0.21977287909151635,-27.85616357979926
nordholt_h2o2,NN,0.22044088176352702,-27.940827074841938
nordholt_h2o2,NN,0.22110888443553772,-28.025490512396804
nordholt_h2o2,NN,0.22177688710754842,-28.110153892346386
nordholt_h2o2,NN,0.2224448897795591,-28.19481721457021
nordholt_h2o2,NN,0.2231128924515698,-28.279480478944805
nordholt_h2o2,NN,0.2237808951235805,-28.364143685343812
nordholt_h2o2,NN,0.22444889779559116,-28.448806833638006
nordholt_h2o2,NN,0.22511690046760185,-28.533469923695375
nordholt_h2o2,NN,0.22578490313961255,-28.61813295538118
nordholt_h2o2,NN,0.22645290581162322,-28.702795928557975
nordholt_h2o2,NN,0.22712090848363392,-28.787458843085684
nordholt_h2o2,NN,0.2277889111556446,-28.872121698821648
nordholt_h2o2,NN,0.2284569138276553,-28.95678449562069
nordholt_h2o2,NN,0.229124916499666,-29.04144723333509
nordholt_h2o2,NN,0.22979291917167666,-29.12610991181472
nordholt_h2o2,NN,0.23046092184368736,-29.210772530907057
nordholt_h2o2,NN,0.23112892451569805,-29.29543509045717
nordholt_h2o2,NN,0.23179692718770872,-29.380097590307827
nordholt_h2o2,NN,0.23246492985971942,-29.464760030299523
nordholt_h2o2,NN,0.23313293253173012,-29.549422410270484
nordholt_h2o2,NN,0.2338009352037408,-29.634084730056728
nordholt_h2o2,NN,0.2344689378757515,-29.718746989492125
nordholt_h2o2,NN,0.23513694054776219,-29.80340918840834
nordholt_h2o2,NN,0.23580494321977286,-29.88807132663499
nordholt_h2o2,NN,0.23647294589178355,-29.972733403999573
nordholt_h2o2,NN,0.23714094856379422,-30.057395420327563
nordholt_h2o2,NN,0.23780895123580492,-30.142057375442395
nordholt_h2o2,NN,0.23847695390781562,-30.22671926916553
nordholt_h2o2,NN,0.2391449565798263,-30.31138110131644
nordholt_h2o2,NN,0.239812959251837,-30.396042871712687
nordholt_h2o2,NN,0.24048096192384769,-30.48070458016991
nordholt_h2o2,NN,0.24114896459585836,-30.565366226501858
nordholt_h2o2,NN,0.24181696726786905,-30.65002781052041
nordholt_h2o2,NN,0.24248496993987975,-30.73468933203564
nordholt_h2o2,NN,0.24315297261189042,-30.819350790855744
nordholt_h2o2,NN,0.24382097528390112,-30.904012186787174
nordholt_h2o2,NN,0.2444889779559118,-30.98867351963459
nordholt_h2o2,NN,0.2451569806279225,-31.073334789200885
nordholt_h2o2,NN,0.2458249832999332,-31.157995995287234
nordholt_h2o2,NN,0.24649298597194386,-31.242657137693072
nordholt_h2o2,NN,0.24716098864395455,-31.32731821621616
nordholt_h2o2,NN,0.24782899131596525,-31.411979230652555
nordholt_h2o2,NN,0.24849699398797592,-31.496640180796664
nordholt_h2o2,NN,0.24916499665998662,-31.58130106644123
nordholt_h2o2,NN,0.24983299933199732,-31.665961887377374
nordholt_h2o2,NN,0.250501002004008,-31.750622643394593
nordholt_h2o2,NN,0.25116900467601866,-31.835283334280778
nordholt_h2o2,NN,0.2518370073480294,-31.919943959822245
nordholt_h2o2,NN,0.25250501002004005,-32.004604519803706
nordholt_h2o2,NN,0.2531730126920507,-32.08926501400833
nordholt_h2o2,NN,0.25384101536406145,-32.17392544221773
nordholt_h2o2,NN,0.2545090180360721,-32.25858580421198
nordholt_h2o2,NN,0.2551770207080828,-32.343246099769615
nordholt_h2o2,NN,0.2558450233800935,-32.42790632866768
nordholt_h2o2,NN,0.2565130260521042,-32.512566490681685
nordholt_h2o2,NN,0.25718102872411486,-32.59722658558566
nordholt_h2o2,NN,0.2578490313961256,-32.68188661315215
nordholt_h2o2,NN,0.25851703406813625,-32.76654657315221
nordholt_h2o2,NN,0.2591850367401469,-32.85120646535545
nordholt_h2o2,NN,0.25985303941215765,-32.93586628953003
nordholt_h2o2,NN,0.2605210420841683,-33.02052604544261
nordholt_h2o2,NN,0.261189044756179,-33.105185732858445
nordholt_h2o2,NN,0.2618570474281897,-33.189845351541386
nordholt_h2o2,NN,0.2625250501002004,-33.27450490125379
nordholt_h2o2,NN,0.26319305277221106,-33.35916438175664
nordholt_h2o2,NN,0.2638610554442218,-33.4438237928095
nordholt_h2o2,NN,0.26452905811623245,-33.52848313417053
nordholt_h2o2,NN,0.2651970607882431,-33.61314240559646
nordholt_h2o2,NN,0.2658650634602538,-33.69780160684269
nordholt_h2o2,NN,0.2665330661322645,-33.782460737663186
nordholt_h2o2,NN,0.2672010688042752,-33.86711979781053
nordholt_h2o2,NN,0.26786907147628586,-33.95177878703595
nordholt_h2o2,NN,0.2685370741482966,-34.03643770508929
nordholt_h2o2,NN,0.26920507682030725,-34.12109655171903
nordholt_h2o2,NN,0.2698730794923179,-34.205755326672275
nordholt_h2o2,NN,0.27054108216432865,-34.290414029694794
nordholt_h2o2,NN,0.2712090848363393,-34.37507266053099
nordholt_h2o2,NN,0.27187708750835,-34.459731218923906
nordholt_h2o2,NN,0.2725450901803607,-34.54438970461528
nordholt_h2o2,NN,0.2732130928523714,-34.62904811734542
nordholt_h2o2,NN,0.27388109552438206,-34.71370645685341
nordholt_h2o2,NN,0.2745490981963928,-34.79836472287689
nordholt_h2o2,NN,0.27521710086840345,-34.88302291515222
nordholt_h2o2,NN,0.2758851035404141,-34.96768103341442
nordholt_h2o2,NN,0.27655310621242485,-35.0523390773972
nordholt_h2o2,NN,0.2772211088844355,-35.13699704683289
nordholt_h2o2,NN,0.2778891115564462,-35.22165494145254
nordholt_h2o2,NN,0.2785571142284569,-35.30631276098588
nordholt_h2o2,NN,0.2792251169004676,-35.39097050516128
nordholt_h2o2,NN,0.27989311957247826,-35.4756281737058
nordholt_h2o2,NN,0.280561122244489,-35.560285766345224
nordholt_h2o2,NN,0.28122912491649965,-35.64494328280398
nordholt_h2o2,NN,0.2818971275885103,-35.72960072280518
nordholt_h2o2,NN,0.282565130260521,-35.81425808607063
nordholt_h2o2,NN,0.2832331329325317,-35.898915372320836
nordholt_h2o2,NN,0.2839011356045424,-35.98357258127496
nordholt_h2o2,NN,0.28456913827655306,-36.068229712650876
nordholt_h2o2,NN,0.2852371409485638,-36.15288676616514
nordholt_h2o2,NN,0.28590514362057445,-36.23754374153297
nordholt_h2o2,NN,0.2865731462925851,-36.32220063846832
nordholt_h2o2,NN,0.28724114896459585,-36.406857456683795
nordholt_h2o2,NN,0.2879091516366065,-36.49151419589071
nordholt_h2o2,NN,0.2885771543086172,-36.576170855799056
nordholt_h2o2,NN,0.2892451569806279,-36.66082743611751
nordholt_h2o2,NN,0.2899131596526386,-36.74548393655345
nordholt_h2o2,NN,0.29058116232464926,-36.83014035681292
nordholt_h2o2,NN,0.29124916499666,-36.91479669660069
nordholt_h2o2,NN,0.29191716766867065,-36.999452955620136
nordholt_h2o2,NN,0.2925851703406813,-37.08410913357343
nordholt_h2o2,NN,0.29325317301269205,-37.16876523016134
nordholt_h2o2,NN,0.2939211756847027,-37.25342124508335
nordholt_h2o2,NN,0.2945891783567134,-37.33807717803762
nordholt_h2o2,NN,0.2952571810287241,-37.42273302872102
nordholt_h2o2,NN,0.2959251837007348,-37.50738879682905
nordholt_h2o2,NN,0.29659318637274545,-37.59204448205591
nordholt_h2o2,NN,0.2972611890447562,-37.67670008409449
nordholt_h2o2,NN,0.29792919171676685,-37.761355602636336
nordholt_h2o2,NN,0.2985971943887775,-37.84601103737169
nordholt_h2o2,NN,0.29926519706078825,-37.930666387989454
nordholt_h2o2,NN,0.2999331997327989,-38.01532165417719
nordholt_h2o2,NN,0.3006012024048096,-38.099976835621135
nordholt_h2o2,NN,0.30126920507682026,-38.1846319320062
nordholt_h2o2,NN,0.301937207748831,-38.26928694301598
nordholt_h2o2,NN,0.30260521042084165,-38.353941868332655
nordholt_h2o2,NN,0.3032732130928523,-38.43859670763717
nordholt_h2o2,NN,0.30394121576486305,-38.52325146060907
nordholt_h2o2,NN,0.3046092184368737,-38.607906126926544
nordholt_h2o2,NN,0.3052772211088844,-38.69256070626646
nordholt_h2o2,NN,0.3059452237808951,-38.777215198304354
nordholt_h2o2,NN,0.3066132264529058,-38.86186960271437
nordholt_h2o2,NN,0.30728122912491646,-38.94652391916932
nordholt_h2o2,NN,0.3079492317969272,-39.03117814734067
nordholt_h2o2,NN,0.30861723446893785,-39.115832286898495
nordholt_h2o2,NN,0.3092852371409485,-39.20048633751154
nordholt_h2o2,NN,0.30995323981295925,-39.28514029884718
nordholt_h2o2,NN,0.3106212424849699,-39.36979417057141
nordholt_h2o2,NN,0.3112892451569806,-39.45444795234886
nordholt_h2o2,NN,0.3119572478289913,-39.53910164384279
nordholt_h2o2,NN,0.312625250501002,-39.62375524471507
nordholt_h2o2,NN,0.31329325317301265,-39.70840875462623
nordholt_h2o2,NN,0.3139612558450234,-39.79306217323537
nordholt_h2o2,NN,0.31462925851703405,-39.877715500200225
nordholt_h2o2,NN,0.3152972611890447,-39.96236873517716
nordholt_h2o2,NN,0.31596526386105545,-40.047021877821116
nordholt_h2o2,NN,0.3166332665330661,-40.13167492778565
nordholt_h2o2,NN,0.3173012692050768,-40.216327884722936
nordholt_h2o2,NN,0.31796927187708746,-40.30098074828373
nordholt_h2o2,NN,0.3186372745490982,-40.38563351811737
nordholt_h2o2,NN,0.31930527722110885,-40.47028619387183
nordholt_h2o2,NN,0.3199732798931195,-40.554938775193605
nordholt_h2o2,NN,0.32064128256513025,-40.63959126172785
nordholt_h2o2,NN,0.3213092852371409,-40.724243653118236
nordholt_h2o2,NN,0.3219772879091516,-40.808895949007045
nordholt_h2o2,NN,0.3226452905811623,-40.89354814903513
nordholt_h2o2,NN,0.323313293253173,-40.97820025284189
nordholt_h2o2,NN,0.32398129592518365,-41.062852260065306
nordholt_h2o2,NN,0.3246492985971944,-41.14750417034191
nordholt_h2o2,NN,0.32531730126920505,-41.23215598330683
nordholt_h2o2,NN,0.3259853039412157,-41.31680769859369
nordholt_h2o2,NN,0.32665330661322645,-41.40145931583471
nordholt_h2o2,NN,0.3273213092852371,-41.48611083466062
nordholt_h2o2,NN,0.3279893119572478,-41.57076225470072
nordholt_h2o2,NN,0.3286573146292585,-41.65541357558282
nordholt_h2o2,NN,0.3293253173012692,-41.74006479693328
nordholt_h2o2,NN,0.32999331997327985,-41.824715918376995
nordholt_h2o2,NN,0.3306613226452906,-41.909366939537364
nordholt_h2o2,NN,0.33132932531730125,-41.994017860036315
nordholt_h2o2,NN,0.3319973279893119,-42.07866867949431
nordholt_h2o2,NN,0.33266533066132264,-42.163319397530294
nordholt_h2o2,NN,0.3333333333333333,-42.24797001376173
nordholt_h2o2,PINN-network,0.0,8.760353553682876e-17
nordholt_h2o2,PINN-network,0.000668002672010688,-0.05857993552627044
nordholt_h2o2,PINN-network,0.001336005344021376,-0.11716692353854116
nordholt_h2o2,PINN-network,0.002004008016032064,-0.17576051870942755
nordholt_h2o2,PINN-network,0.002672010688042752,-0.23436030405530542
nordholt_h2o2,PINN-network,0.00334001336005344,-0.29296588907936705
nordholt_h2o2,PINN-network,0.004008016032064128,-0.351576908040778
nordholt_h2o2,PINN-network,0.004676018704074816,-0.41019301834104405
nordholt_h2o2,PINN-network,0.005344021376085504,-0.46881389901935455
nordholt_h2o2,PINN-network,0.0060120240480961915,-0.5274392493492739
nordholt_h2o2,PINN-network,0.00668002672010688,-0.5860687875296896
nordholt_h2o2,PINN-network,0.007348029392117568,-0.6447022494634504
nordholt_h2o2,PINN-network,0.008016032064128256,-0.7033393876176041
nordholt_h2o2,PINN-network,0.008684034736138943,-0.7619799699595802
nordholt_h2o2,PINN-network,0.009352037408149633,-0.8206237789640646
nordholt_h2o2,PINN-network,0.01002004008016032,-0.879270610685687
nordholt_h2o2,PINN-network,0.010688042752171008,-0.9379202738930162
nordholt_h2o2,PINN-network,0.011356045424181695,-0.9965725892596479
nordholt_h2o2,PINN-network,0.012024048096192383,-1.055227388608468
nordholt_h2o2,PINN-network,0.012692050768203072,-1.113884514205501
nordholt_h2o2,PINN-network,0.01336005344021376,-1.1725438180999324
nordholt_h2o2,PINN-network,0.014028056112224447,-1.2312051615072013
nordholt_h2o2,PINN-network,0.014696058784235137,-1.2898684142322436
nordholt_h2o2,PINN-network,0.015364061456245824,-1.3485334541301601
nordholt_h2o2,PINN-network,0.01603206412825651,-1.4072001666018221
nordholt_h2o2,PINN-network,0.0167000668002672,-1.465868444122041
nordholt_h2o2,PINN-network,0.017368069472277887,-1.5245381857981424
nordholt_h2o2,PINN-network,0.018036072144288574,-1.5832092969569156
nordholt_h2o2,PINN-network,0.018704074816299265,-1.641881688758011
nordholt_h2o2,PINN-network,0.019372077488309953,-1.700555277832107
nordholt_h2o2,PINN-network,0.02004008016032064,-1.759229985942124
nordholt_h2o2,PINN-network,0.020708082832331328,-1.817905739666011
nordholt_h2o2,PINN-network,0.021376085504342016,-1.8765824700996692
nordholt_h2o2,PINN-network,0.022044088176352703,-1.9352601125787132
nordholt_h2o2,PINN-network,0.02271209084836339,-1.9939386064177662
nordholt_h2o2,PINN-network,0.023380093520374078,-2.052617894666239
nordholt_h2o2,PINN-network,0.024048096192384766,-2.111297923879441
nordholt_h2o2,PINN-network,0.024716098864395457,-2.1699786439040714
nordholt_h2o2,PINN-network,0.025384101536406144,-2.2286600076771377
nordholt_h2o2,PINN-network,0.026052104208416832,-2.2873419710374043
nordholt_h2o2,PINN-network,0.02672010688042752,-2.3460244925486586
nordholt_h2o2,PINN-network,0.027388109552438207,-2.404707533333898
nordholt_h2o2,PINN-network,0.028056112224448895,-2.4633910569198787
nordholt_h2o2,PINN-network,0.028724114896459582,-2.522075029091202
nordholt_h2o2,PINN-network,0.029392117568470273,-2.5807594177535136
nordholt_h2o2,PINN-network,0.03006012024048096,-2.6394441928050867
nordholt_h2o2,PINN-network,0.03072812291249165,-2.698129326016283
nordholt_h2o2,PINN-network,0.03139612558450233,-2.7568147909164935
nordholt_h2o2,PINN-network,0.03206412825651302,-2.8155005626879244
nordholt_h2o2,PINN-network,0.032732130928523714,-2.8741866180659503
nordholt_h2o2,PINN-network,0.0334001336005344,-2.9328729352455043
nordholt_h2o2,PINN-network,0.03406813627254509,-2.991559493793184
nordholt_h2o2,PINN-network,0.034736138944555774,-3.0502462745647207
nordholt_h2o2,PINN-network,0.035404141616566465,-3.1089332596274173
nordholt_h2o2,PINN-network,0.03607214428857715,-3.1676204321873636
nordholt_h2o2,PINN-network,0.03674014696058784,-3.226307776520954
nordholt_h2o2,PINN-network,0.03740814963259853,-3.2849952779105895
nordholt_h2o2,PINN-network,0.038076152304609215,-3.3436829225843225
nordholt_h2o2,PINN-network,0.038744154976619906,-3.402370697658973
nordholt_h2o2,PINN-network,0.03941215764863059,-3.461058591086822
nordholt_h2o2,PINN-network,0.04008016032064128,-3.519746591605411
nordholt_h2o2,PINN-network,0.040748162992651965,-3.578434688690372
nordholt_h2o2,PINN-network,0.041416165664662656,-3.6371228725111093
nordholt_h2o2,PINN-network,0.04208416833667334,-3.6958111338890394
nordholt_h2o2,PINN-network,0.04275217100868403,-3.7544994642584246
nordholt_h2o2,PINN-network,0.04342017368069472,-3.8131878556294874
nordholt_h2o2,PINN-network,0.044088176352705406,-3.8718763005536965
nordholt_h2o2,PINN-network,0.0447561790247161,-3.930564792091169
nordholt_h2o2,PINN-network,0.04542418169672678,-3.989253323779973
nordholt_h2o2,PINN-network,0.04609218436873747,-4.047941889607238
nordholt_h2o2,PINN-network,0.046760187040748157,-4.1066304839820065
nordholt_h2o2,PINN-network,0.04742818971275885,-4.165319101709656
nordholt_h2o2,PINN-network,0.04809619238476953,-4.2240077379678675
nordholt_h2o2,PINN-network,0.04876419505678022,-4.282696388283979
nordholt_h2o2,PINN-network,0.049432197728790914,-4.341385048513715
nordholt_h2o2,PINN-network,0.0501002004008016,-4.400073714821086
nordholt_h2o2,PINN-network,0.05076820307281229,-4.458762383659597
nordholt_h2o2,PINN-network,0.05143620574482297,-4.5174510517544
nordholt_h2o2,PINN-network,0.052104208416833664,-4.576139716085698
nordholt_h2o2,PINN-network,0.05277221108884435,-4.634828373872903
nordholt_h2o2,PINN-network,0.05344021376085504,-4.693517022559895
nordholt_h2o2,PINN-network,0.05410821643286573,-4.752205659801065
nordholt_h2o2,PINN-network,0.054776219104876414,-4.810894283448182
nordholt_h2o2,PINN-network,0.055444221776887105,-4.869582891538049
nordholt_h2o2,PINN-network,0.05611222444889779,-4.928271482280911
nordholt_h2o2,PINN-network,0.05678022712090848,-4.986960054049416
nordholt_h2o2,PINN-network,0.057448229792919164,-5.045648605368407
nordholt_h2o2,PINN-network,0.058116232464929855,-5.10433713490517
nordholt_h2o2,PINN-network,0.058784235136940546,-5.163025641460315
nordholt_h2o2,PINN-network,0.05945223780895123,-5.221714123959148
nordholt_h2o2,PINN-network,0.06012024048096192,-5.280402581443658
nordholt_h2o2,PINN-network,0.060788243152972606,-5.3390910130647935
nordholt_h2o2,PINN-network,0.0614562458249833,-5.397779418075391
nordholt_h2o2,PINN-network,0.06212424849699398,-5.456467795823343
nordholt_h2o2,PINN-network,0.06279225116900466,-5.515156145745299
nordholt_h2o2,PINN-network,0.06346025384101536,-5.573844467360662
nordholt_h2o2,PINN-network,0.06412825651302605,-5.632532760265975
nordholt_h2o2,PINN-network,0.06479625918503673,-5.691221024129626
nordholt_h2o2,PINN-network,0.06546426185704743,-5.749909258686847
nordholt_h2o2,PINN-network,0.06613226452905811,-5.808597463735067
nordholt_h2o2,PINN-network,0.0668002672010688,-5.867285639129444
nordholt_h2o2,PINN-network,0.06746826987307948,-5.925973784778778
nordholt_h2o2,PINN-network,0.06813627254509018,-5.984661900641574
nordholt_h2o2,PINN-network,0.06880427521710086,-6.043349986722391
nordholt_h2o2,PINN-network,0.06947227788911155,-6.102038043068345
nordholt_h2o2,PINN-network,0.07014028056112225,-6.160726069765996
nordholt_h2o2,PINN-network,0.07080828323313293,-6.219414066938103
nordholt_h2o2,PINN-network,0.07147628590514361,-6.27810203474092
nordholt_h2o2,PINN-network,0.0721442885771543,-6.336789973361489
nordholt_h2o2,PINN-network,0.072812291249165,-6.395477883014992
nordholt_h2o2,PINN-network,0.07348029392117568,-6.454165763942532
nordholt_h2o2,PINN-network,0.07414829659318636,-6.512853616408801
nordholt_h2o2,PINN-network,0.07481629926519706,-6.571541440700005
nordholt_h2o2,PINN-network,0.07548430193720775,-6.630229237121926
nordholt_h2o2,PINN-network,0.07615230460921843,-6.688917005998089
nordholt_h2o2,PINN-network,0.07682030728122911,-6.747604747667985
nordholt_h2o2,PINN-network,0.07748830995323981,-6.806292462485489
nordholt_h2o2,PINN-network,0.0781563126252505,-6.864980150817327
nordholt_h2o2,PINN-network,0.07882431529726118,-6.923667813041646
nordholt_h2o2,PINN-network,0.07949231796927186,-6.982355449546742
nordholt_h2o2,PINN-network,0.08016032064128256,-7.04104306072972
nordholt_h2o2,PINN-network,0.08082832331329325,-7.099730646995409
nordholt_h2o2,PINN-network,0.08149632598530393,-7.158418208755204
nordholt_h2o2,PINN-network,0.08216432865731463,-7.217105746426137
nordholt_h2o2,PINN-network,0.08283233132932531,-7.27579326042983
nordholt_h2o2,PINN-network,0.083500334001336,-7.334480751191651
nordholt_h2o2,PINN-network,0.08416833667334668,-7.393168219139894
nordholt_h2o2,PINN-network,0.08483633934535738,-7.451855664705034
nordholt_h2o2,PINN-network,0.08550434201736806,-7.5105430883189
nordholt_h2o2,PINN-network,0.08617234468937875,-7.56923049041415
nordholt_h2o2,PINN-network,0.08684034736138944,-7.627917871423549
nordholt_h2o2,PINN-network,0.08750835003340013,-7.686605231779439
nordholt_h2o2,PINN-network,0.08817635270541081,-7.745292571913174
nordholt_h2o2,PINN-network,0.0888443553774215,-7.803979892254665
nordholt_h2o2,PINN-network,0.0895123580494322,-7.862667193231843
nordholt_h2o2,PINN-network,0.09018036072144288,-7.921354475270387
nordholt_h2o2,PINN-network,0.09084836339345356,-7.98004173879312
nordholt_h2o2,PINN-network,0.09151636606546426,-8.038728984219865
nordholt_h2o2,PINN-network,0.09218436873747494,-8.097416211966976
nordholt_h2o2,PINN-network,0.09285237140948563,-8.156103422447066
nordholt_h2o2,PINN-network,0.09352037408149631,-8.214790616068747
nordholt_h2o2,PINN-network,0.09418837675350701,-8.273477793236395
nordholt_h2o2,PINN-network,0.0948563794255177,-8.332164954349865
nordholt_h2o2,PINN-network,0.09552438209752838,-8.390852099804297
nordholt_h2o2,PINN-network,0.09619238476953906,-8.449539229989977
nordholt_h2o2,PINN-network,0.09686038744154976,-8.508226345292128
nordholt_h2o2,PINN-network,0.09752839011356045,-8.566913446090718
nordholt_h2o2,PINN-network,0.09819639278557113,-8.625600532760437
nordholt_h2o2,PINN-network,0.09886439545758183,-8.684287605670448
nordholt_h2o2,PINN-network,0.09953239812959251,-8.742974665184375
nordholt_h2o2,PINN-network,0.1002004008016032,-8.80166171166015
nordholt_h2o2,PINN-network,0.10086840347361388,-8.860348745450002
nordholt_h2o2,PINN-network,0.10153640614562458,-8.919035766900318
nordholt_h2o2,PINN-network,0.10220440881763526,-8.977722776351632
nordholt_h2o2,PINN-network,0.10287241148964595,-9.036409774138543
nordholt_h2o2,PINN-network,0.10354041416165664,-9.09509676058978
nordholt_h2o2,PINN-network,0.10420841683366733,-9.15378373602802
nordholt_h2o2,PINN-network,0.10487641950567801,-9.212470700769977
nordholt_h2o2,PINN-network,0.1055444221776887,-9.271157655126379
nordholt_h2o2,PINN-network,0.1062124248496994,-9.329844599401959
nordholt_h2o2,PINN-network,0.10688042752171008,-9.38853153389546
nordholt_h2o2,PINN-network,0.10754843019372076,-9.447218458899586
nordholt_h2o2,PINN-network,0.10821643286573146,-9.505905374701141
nordholt_h2o2,PINN-network,0.10888443553774214,-9.564592281581
nordholt_h2o2,PINN-network,0.10955243820975283,-9.623279179814036
nordholt_h2o2,PINN-network,0.11022044088176351,-9.681966069669354
nordholt_h2o2,PINN-network,0.11088844355377421,-9.740652951410157
nordholt_h2o2,PINN-network,0.1115564462257849,-9.799339825293814
nordholt_h2o2,PINN-network,0.11222444889779558,-9.858026691571999
nordholt_h2o2,PINN-network,0.11289245156980628,-9.916713550490662
nordholt_h2o2,PINN-network,0.11356045424181696,-9.975400402290086
nordholt_h2o2,PINN-network,0.11422845691382764,-10.034087247204985
nordholt_h2o2,PINN-network,0.11489645958583833,-10.09277408546451
nordholt_h2o2,PINN-network,0.11556446225784903,-10.151460917292312
nordholt_h2o2,PINN-network,0.11623246492985971,-10.210147742906669
nordholt_h2o2,PINN-network,0.1169004676018704,-10.268834562520452
nordholt_h2o2,PINN-network,0.11756847027388109,-10.327521376341316
nordholt_h2o2,PINN-network,0.11823647294589178,-10.386208184571633
nordholt_h2o2,PINN-network,0.11890447561790246,-10.444894987408604
nordholt_h2o2,PINN-network,0.11957247828991314,-10.5035817850444
nordholt_h2o2,PINN-network,0.12024048096192384,-10.562268577666195
nordholt_h2o2,PINN-network,0.12090848363393453,-10.62095536545618
nordholt_h2o2,PINN-network,0.12157648630594521,-10.679642148591658
nordholt_h2o2,PINN-network,0.1222444889779559,-10.738328927245245
nordholt_h2o2,PINN-network,0.1229124916499666,-10.797015701584742
nordholt_h2o2,PINN-network,0.12358049432197728,-10.855702471773338
nordholt_h2o2,PINN-network,0.12424849699398796,-10.914389237969635
nordholt_h2o2,PINN-network,0.12491649966599866,-10.973076000327794
nordholt_h2o2,PINN-network,0.12558450233800933,-11.031762758997496
nordholt_h2o2,PINN-network,0.12625250501002003,-11.090449514124172
nordholt_h2o2,PINN-network,0.12692050768203073,-11.149136265848878
nordholt_h2o2,PINN-network,0.1275885103540414,-11.207823014308563
nordholt_h2o2,PINN-network,0.1282565130260521,-11.266509759636044
nordholt_h2o2,PINN-network,0.1289245156980628,-11.325196501960047
nordholt_h2o2,PINN-network,0.12959251837007346,-11.383883241405412
nordholt_h2o2,PINN-network,0.13026052104208416,-11.442569978093058
nordholt_h2o2,PINN-network,0.13092852371409486,-11.501256712140064
nordholt_h2o2,PINN-network,0.13159652638610553,-11.559943443659776
nordholt_h2o2,PINN-network,0.13226452905811623,-11.618630172761911
nordholt_h2o2,PINN-network,0.1329325317301269,-11.677316899552553
nordholt_h2o2,PINN-network,0.1336005344021376,-11.73600362413427
nordholt_h2o2,PINN-network,0.1342685370741483,-11.794690346606204
nordholt_h2o2,PINN-network,0.13493653974615896,-11.853377067064056
nordholt_h2o2,PINN-network,0.13560454241816966,-11.912063785600273
nordholt_h2o2,PINN-network,0.13627254509018036,-11.970750502304028
nordholt_h2o2,PINN-network,0.13694054776219103,-12.02943721726136
nordholt_h2o2,PINN-network,0.13760855043420173,-12.088123930555154
nordholt_h2o2,PINN-network,0.13827655310621242,-12.146810642265281
nordholt_h2o2,PINN-network,0.1389445557782231,-12.205497352468646
nordholt_h2o2,PINN-network,0.1396125584502338,-12.264184061239273
nordholt_h2o2,PINN-network,0.1402805611222445,-12.32287076864829
nordholt_h2o2,PINN-network,0.14094856379425516,-12.381557474764097
nordholt_h2o2,PINN-network,0.14161656646626586,-12.440244179652332
nordholt_h2o2,PINN-network,0.14228456913827653,-12.498930883376032
nordholt_h2o2,PINN-network,0.14295257181028723,-12.557617585995672
nordholt_h2o2,PINN-network,0.14362057448229792,-12.616304287569093
nordholt_h2o2,PINN-network,0.1442885771543086,-12.67499098815177
nordholt_h2o2,PINN-network,0.1449565798263193,-12.73367768779671
nordholt_h2o2,PINN-network,0.14562458249833,-12.79236438655462
nordholt_h2o2,PINN-network,0.14629258517034066,-12.851051084473855
nordholt_h2o2,PINN-network,0.14696058784235136,-12.909737781600583
nordholt_h2o2,PINN-network,0.14762859051436206,-12.968424477978763
nordholt_h2o2,PINN-network,0.14829659318637273,-13.02711117365025
nordholt_h2o2,PINN-network,0.14896459585838343,-13.085797868654803
nordholt_h2o2,PINN-network,0.14963259853039412,-13.144484563030163
nordholt_h2o2,PINN-network,0.1503006012024048,-13.203171256812135
nordholt_h2o2,PINN-network,0.1509686038744155,-13.261857950034573
nordholt_h2o2,PINN-network,0.15163660654642616,-13.320544642729491
nordholt_h2o2,PINN-network,0.15230460921843686,-13.379231334927042
nordholt_h2o2,PINN-network,0.15297261189044756,-13.437918026655696
nordholt_h2o2,PINN-network,0.15364061456245823,-13.496604717942105
nordholt_h2o2,PINN-network,0.15430861723446893,-13.55529140881127
nordholt_h2o2,PINN-network,0.15497661990647962,-13.613978099286658
nordholt_h2o2,PINN-network,0.1556446225784903,-13.672664789390026
nordholt_h2o2,PINN-network,0.156312625250501,-13.731351479141663
nordholt_h2o2,PINN-network,0.1569806279225117,-13.790038168560347
nordholt_h2o2,PINN-network,0.15764863059452236,-13.84872485766343
nordholt_h2o2,PINN-network,0.15831663326653306,-13.907411546466815
nordholt_h2o2,PINN-network,0.15898463593854373,-13.966098234985038
nordholt_h2o2,PINN-network,0.15965263861055443,-14.024784923231365
nordholt_h2o2,PINN-network,0.16032064128256512,-14.083471611217739
nordholt_h2o2,PINN-network,0.1609886439545758,-14.142158298954739
nordholt_h2o2,PINN-network,0.1616566466265865,-14.200844986451981
nordholt_h2o2,PINN-network,0.1623246492985972,-14.259531673717701
nordholt_h2o2,PINN-network,0.16299265197060786,-14.318218360759055
nordholt_h2o2,PINN-network,0.16366065464261856,-14.376905047582106
nordholt_h2o2,PINN-network,0.16432865731462926,-14.435591734191894
nordholt_h2o2,PINN-network,0.16499665998663993,-14.494278420592348
nordholt_h2o2,PINN-network,0.16566466265865062,-14.552965106786415
nordholt_h2o2,PINN-network,0.16633266533066132,-14.611651792776124
nordholt_h2o2,PINN-network,0.167000668002672,-14.670338478562519
nordholt_h2o2,PINN-network,0.1676686706746827,-14.729025164145773
nordholt_h2o2,PINN-network,0.16833667334669336,-14.787711849525175
nordholt_h2o2,PINN-network,0.16900467601870406,-14.846398534699178
nordholt_h2o2,PINN-network,0.16967267869071476,-14.905085219665429
nordholt_h2o2,PINN-network,0.17034068136272543,-14.963771904420792
nordholt_h2o2,PINN-network,0.17100868403473612,-15.022458588961346
nordholt_h2o2,PINN-network,0.17167668670674682,-15.081145273282475
nordholt_h2o2,PINN-network,0.1723446893787575,-15.139831957378927
nordholt_h2o2,PINN-network,0.1730126920507682,-15.198518641244588
nordholt_h2o2,PINN-network,0.1736806947227789,-15.25720532487289
nordholt_h2o2,PINN-network,0.17434869739478956,-15.31589200825652
nordholt_h2o2,PINN-network,0.17501670006680026,-15.37457869138772
nordholt_h2o2,PINN-network,0.17568470273881093,-15.433265374257928
nordholt_h2o2,PINN-network,0.17635270541082163,-15.491952056858281
nordholt_h2o2,PINN-network,0.17702070808283232,-15.550638739179163
nordholt_h2o2,PINN-network,0.177688710754843,-15.609325421210622
nordholt_h2o2,PINN-network,0.1783567134268537,-15.66801210294215
nordholt_h2o2,PINN-network,0.1790247160988644,-15.726698784362764
nordholt_h2o2,PINN-network,0.17969271877087506,-15.785385465461129
nordholt_h2o2,PINN-network,0.18036072144288576,-15.844072146225395
nordholt_h2o2,PINN-network,0.18102872411489646,-15.902758826643371
nordholt_h2o2,PINN-network,0.18169672678690713,-15.961445506702427
nordholt_h2o2,PINN-network,0.18236472945891782,-16.020132186389635
nordholt_h2o2,PINN-network,0.18303273213092852,-16.07881886569163
nordholt_h2o2,PINN-network,0.1837007348029392,-16.137505544594948
nordholt_h2o2,PINN-network,0.1843687374749499,-16.19619222308547
nordholt_h2o2,PINN-network,0.18503674014696056,-16.254878901149112
nordholt_h2o2,PINN-network,0.18570474281897126,-16.313565578771314
nordholt_h2o2,PINN-network,0.18637274549098196,-16.37225225593735
nordholt_h2o2,PINN-network,0.18704074816299263,-16.430938932632223
nordholt_h2o2,PINN-network,0.18770875083500332,-16.4896256088407
nordholt_h2o2,PINN-network,0.18837675350701402,-16.54831228454739
nordholt_h2o2,PINN-network,0.1890447561790247,-16.606998959736625
nordholt_h2o2,PINN-network,0.1897127588510354,-16.66568563439262
nordholt_h2o2,PINN-network,0.1903807615230461,-16.72437230849939
nordholt_h2o2,PINN-network,0.19104876419505676,-16.783058982040796
nordholt_h2o2,PINN-network,0.19171676686706746,-16.841745655000604
nordholt_h2o2,PINN-network,0.19238476953907813,-16.900432327362342
nordholt_h2o2,PINN-network,0.19305277221108882,-16.959118999109553
nordholt_h2o2,PINN-network,0.19372077488309952,-17.01780567022556
nordholt_h2o2,PINN-network,0.1943887775551102,-17.07649234069365
nordholt_h2o2,PINN-network,0.1950567802271209,-17.13517901049709
nordholt_h2o2,PINN-network,0.1957247828991316,-17.193865679618938
nordholt_h2o2,PINN-network,0.19639278557114226,-17.252552348042215
nordholt_h2o2,PINN-network,0.19706078824315296,-17.31123901575007
nordholt_h2o2,PINN-network,0.19772879091516365,-17.369925682725338
nordholt_h2o2,PINN-network,0.19839679358717432,-17.428612348951066
nordholt_h2o2,PINN-network,0.19906479625918502,-17.48729901441015
nordholt_h2o2,PINN-network,0.19973279893119572,-17.54598567908548
nordholt_h2o2,PINN-network,0.2004008016032064,-17.604672342959958
nordholt_h2o2,PINN-network,0.2010688042752171,-17.663359006016538
nordholt_h2o2,PINN-network,0.20173680694722776,-17.722045668238096
nordholt_h2o2,PINN-network,0.20240480961923846,-17.780732329607606
nordholt_h2o2,PINN-network,0.20307281229124916,-17.83941899010808
nordholt_h2o2,PINN-network,0.20374081496325983,-17.898105649722456
nordholt_h2o2,PINN-network,0.20440881763527052,-17.956792308433844
nordholt_h2o2,PINN-network,0.20507682030728122,-18.01547896622538
nordholt_h2o2,PINN-network,0.2057448229792919,-18.074165623080166
nordholt_h2o2,PINN-network,0.2064128256513026,-18.132852278981495
nordholt_h2o2,PINN-network,0.2070808283233133,-18.19153893391264
nordholt_h2o2,PINN-network,0.20774883099532396,-18.250225587857
nordholt_h2o2,PINN-network,0.20841683366733466,-18.30891224079801
nordholt_h2o2,PINN-network,0.20908483633934535,-18.36759889271924
nordholt_h2o2,PINN-network,0.20975283901135602,-18.426285543604354
nordholt_h2o2,PINN-network,0.21042084168336672,-18.484972193437088
nordholt_h2o2,PINN-network,0.2110888443553774,-18.543658842201268
nordholt_h2o2,PINN-network,0.2117568470273881,-18.60234548988092
nordholt_h2o2,PINN-network,0.2124248496993988,-18.661032136460072
nordholt_h2o2,PINN-network,0.21309285237140946,-18.719718781922925
nordholt_h2o2,PINN-network,0.21376085504342016,-18.77840542625379
nordholt_h2o2,PINN-network,0.21442885771543085,-18.837092069437123
nordholt_h2o2,PINN-network,0.21509686038744152,-18.89577871145747
nordholt_h2o2,PINN-network,0.21576486305945222,-18.954465352299593
nordholt_h2o2,PINN-network,0.21643286573146292,-19.013151991948288
nordholt_h2o2,PINN-network,0.2171008684034736,-19.071838630388612
nordholt_h2o2,PINN-network,0.2177688710754843,-19.130525267605616
nordholt_h2o2,PINN-network,0.21843687374749496,-19.189211903584688
nordholt_h2o2,PINN-network,0.21910487641950566,-19.24789853831114
nordholt_h2o2,PINN-network,0.21977287909151635,-19.306585171770642
nordholt_h2o2,PINN-network,0.22044088176352702,-19.365271803948925
nordholt_h2o2,PINN-network,0.22110888443553772,-19.42395843483193
nordholt_h2o2,PINN-network,0.22177688710754842,-19.48264506440564
nordholt_h2o2,PINN-network,0.2224448897795591,-19.54133169265638
nordholt_h2o2,PINN-network,0.2231128924515698,-19.600018319570488
nordholt_h2o2,PINN-network,0.2237808951235805,-19.658704945134556
nordholt_h2o2,PINN-network,0.22444889779559116,-19.717391569335373
nordholt_h2o2,PINN-network,0.22511690046760185,-19.776078192159744
nordholt_h2o2,PINN-network,0.22578490313961255,-19.83476481359486
nordholt_h2o2,PINN-network,0.22645290581162322,-19.893451433627927
nordholt_h2o2,PINN-network,0.22712090848363392,-19.952138052246394
nordholt_h2o2,PINN-network,0.2277889111556446,-20.01082466943788
nordholt_h2o2,PINN-network,0.2284569138276553,-20.069511285190195
nordholt_h2o2,PINN-network,0.229124916499666,-20.12819789949132
nordholt_h2o2,PINN-network,0.22979291917167666,-20.18688451232939
nordholt_h2o2,PINN-network,0.23046092184368736,-20.245571123692812
nordholt_h2o2,PINN-network,0.23112892451569805,-20.304257733570047
nordholt_h2o2,PINN-network,0.23179692718770872,-20.362944341949852
nordholt_h2o2,PINN-network,0.23246492985971942,-20.42163094882117
nordholt_h2o2,PINN-network,0.23313293253173012,-20.480317554172977
nordholt_h2o2,PINN-network,0.2338009352037408,-20.539004157994626
nordholt_h2o2,PINN-network,0.2344689378757515,-20.597690760275576
nordholt_h2o2,PINN-network,0.23513694054776219,-20.656377361005465
nordholt_h2o2,PINN-network,0.23580494321977286,-20.71506396017413
nordholt_h2o2,PINN-network,0.23647294589178355,-20.773750557771617
nordholt_h2o2,PINN-network,0.23714094856379422,-20.832437153788117
nordholt_h2o2,PINN-network,0.23780895123580492,-20.891123748214092
nordholt_h2o2,PINN-network,0.23847695390781562,-20.94981034104003
nordholt_h2o2,PINN-network,0.2391449565798263,-21.008496932256815
nordholt_h2o2,PINN-network,0.239812959251837,-21.067183521855398
nordholt_h2o2,PINN-network,0.24048096192384769,-21.12587010982692
nordholt_h2o2,PINN-network,0.24114896459585836,-21.184556696162723
nordholt_h2o2,PINN-network,0.24181696726786905,-21.243243280854337
nordholt_h2o2,PINN-network,0.24248496993987975,-21.301929863893612
nordholt_h2o2,PINN-network,0.24315297261189042,-21.360616445272225
nordholt_h2o2,PINN-network,0.24382097528390112,-21.41930302498248
nordholt_h2o2,PINN-network,0.2444889779559118,-21.47798960301662
nordholt_h2o2,PINN-network,0.2451569806279225,-21.53667617936709
nordholt_h2o2,PINN-network,0.2458249832999332,-21.59536275402647
nordholt_h2o2,PINN-network,0.24649298597194386,-21.654049326987767
nordholt_h2o2,PINN-network,0.24716098864395455,-21.712735898243928
nordholt_h2o2,PINN-network,0.24782899131596525,-21.77142246778814
nordholt_h2o2,PINN-network,0.24849699398797592,-21.830109035613873
nordholt_h2o2,PINN-network,0.24916499665998662,-21.888795601714637
nordholt_h2o2,PINN-network,0.24983299933199732,-21.94748216608421
nordholt_h2o2,PINN-network,0.250501002004008,-22.00616872871655
nordholt_h2o2,PINN-network,0.25116900467601866,-22.064855289605713
nordholt_h2o2,PINN-network,0.2518370073480294,-22.123541848746072
nordholt_h2o2,PINN-network,0.25250501002004005,-22.182228406132065
nordholt_h2o2,PINN-network,0.2531730126920507,-22.240914961758357
nordholt_h2o2,PINN-network,0.25384101536406145,-22.29960151561979
nordholt_h2o2,PINN-network,0.2545090180360721,-22.358288067711367
nordholt_h2o2,PINN-network,0.2551770207080828,-22.4169746180282
nordholt_h2o2,PINN-network,0.2558450233800935,-22.475661166565736
nordholt_h2o2,PINN-network,0.2565130260521042,-22.534347713319402
nordholt_h2o2,PINN-network,0.25718102872411486,-22.593034258284955
nordholt_h2o2,PINN-network,0.2578490313961256,-22.65172080145825
nordholt_h2o2,PINN-network,0.25851703406813625,-22.710407342835275
nordholt_h2o2,PINN-network,0.2591850367401469,-22.769093882412285
nordholt_h2o2,PINN-network,0.25985303941215765,-22.827780420185583
nordholt_h2o2,PINN-network,0.2605210420841683,-22.886466956151693
nordholt_h2o2,PINN-network,0.261189044756179,-22.94515349030732
nordholt_h2o2,PINN-network,0.2618570474281897,-23.003840022649374
nordholt_h2o2,PINN-network,0.2625250501002004,-23.062526553174816
nordholt_h2o2,PINN-network,0.26319305277221106,-23.12121308188078
nordholt_h2o2,PINN-network,0.2638610554442218,-23.179899608764643
nordholt_h2o2,PINN-network,0.26452905811623245,-23.238586133823862
nordholt_h2o2,PINN-network,0.2651970607882431,-23.297272657056098
nordholt_h2o2,PINN-network,0.2658650634602538,-23.355959178459084
nordholt_h2o2,PINN-network,0.2665330661322645,-23.414645698030895
nordholt_h2o2,PINN-network,0.2672010688042752,-23.473332215769503
nordholt_h2o2,PINN-network,0.26786907147628586,-23.5320187316732
nordholt_h2o2,PINN-network,0.2685370741482966,-23.590705245740395
nordholt_h2o2,PINN-network,0.26920507682030725,-23.649391757969596
nordholt_h2o2,PINN-network,0.2698730794923179,-23.708078268359575
nordholt_h2o2,PINN-network,0.27054108216432865,-23.766764776909014
nordholt_h2o2,PINN-network,0.2712090848363393,-23.825451283617006
nordholt_h2o2,PINN-network,0.27187708750835,-23.884137788482683
nordholt_h2o2,PINN-network,0.2725450901803607,-23.94282429150516
nordholt_h2o2,PINN-network,0.2732130928523714,-24.001510792683902
nordholt_h2o2,PINN-network,0.27388109552438206,-24.060197292018533
nordholt_h2o2,PINN-network,0.2745490981963928,-24.11888378950858
nordholt_h2o2,PINN-network,0.27521710086840345,-24.17757028515395
nordholt_h2o2,PINN-network,0.2758851035404141,-24.236256778954512
nordholt_h2o2,PINN-network,0.27655310621242485,-24.29494327091032
nordholt_h2o2,PINN-network,0.2772211088844355,-24.353629761021566
nordholt_h2o2,PINN-network,0.2778891115564462,-24.41231624928862
nordholt_h2o2,PINN-network,0.2785571142284569,-24.47100273571192
nordholt_h2o2,PINN-network,0.2792251169004676,-24.529689220291942
nordholt_h2o2,PINN-network,0.27989311957247826,-24.58837570302953
nordholt_h2o2,PINN-network,0.280561122244489,-24.6470621839254
nordholt_h2o2,PINN-network,0.28122912491649965,-24.70574866298049
nordholt_h2o2,PINN-network,0.2818971275885103,-24.76443514019592
nordholt_h2o2,PINN-network,0.282565130260521,-24.823121615572777
nordholt_h2o2,PINN-network,0.2832331329325317,-24.881808089112425
nordholt_h2o2,PINN-network,0.2839011356045424,-24.940494560816255
nordholt_h2o2,PINN-network,0.28456913827655306,-24.999181030685754
nordholt_h2o2,PINN-network,0.2852371409485638,-25.057867498722583
nordholt_h2o2,PINN-network,0.28590514362057445,-25.11655396492848
nordholt_h2o2,PINN-network,0.2865731462925851,-25.175240429305244
nordholt_h2o2,PINN-network,0.28724114896459585,-25.23392689185496
nordholt_h2o2,PINN-network,0.2879091516366065,-25.29261335257955
nordholt_h2o2,PINN-network,0.2885771543086172,-25.35129981148125
nordholt_h2o2,PINN-network,0.2892451569806279,-25.4099862685623
nordholt_h2o2,PINN-network,0.2899131596526386,-25.468672723825154
nordholt_h2o2,PINN-network,0.29058116232464926,-25.527359177272206
nordholt_h2o2,PINN-network,0.29124916499666,-25.58604562890608
nordholt_h2o2,PINN-network,0.29191716766867065,-25.644732078729376
nordholt_h2o2,PINN-network,0.2925851703406813,-25.703418526744912
nordholt_h2o2,PINN-network,0.29325317301269205,-25.76210497295557
nordholt_h2o2,PINN-network,0.2939211756847027,-25.82079141736429
nordholt_h2o2,PINN-network,0.2945891783567134,-25.879477859974106
nordholt_h2o2,PINN-network,0.2952571810287241,-25.938164300788095
nordholt_h2o2,PINN-network,0.2959251837007348,-25.996850739809634
nordholt_h2o2,PINN-network,0.29659318637274545,-26.055537177041877
nordholt_h2o2,PINN-network,0.2972611890447562,-26.114223612488345
nordholt_h2o2,PINN-network,0.29792919171676685,-26.172910046152456
nordholt_h2o2,PINN-network,0.2985971943887775,-26.231596478037833
nordholt_h2o2,PINN-network,0.29926519706078825,-26.290282908148075
nordholt_h2o2,PINN-network,0.2999331997327989,-26.348969336486928
nordholt_h2o2,PINN-network,0.3006012024048096,-26.40765576305828
nordholt_h2o2,PINN-network,0.30126920507682026,-26.466342187865955
nordholt_h2o2,PINN-network,0.301937207748831,-26.5250286109139
nordholt_h2o2,PINN-network,0.30260521042084165,-26.58371503220622
nordholt_h2o2,PINN-network,0.3032732130928523,-26.642401451746967
nordholt_h2o2,PINN-network,0.30394121576486305,-26.70108786954043
nordholt_h2o2,PINN-network,0.3046092184368737,-26.75977428559085
nordholt_h2o2,PINN-network,0.3052772211088844,-26.818460699902474
nordholt_h2o2,PINN-network,0.3059452237808951,-26.877147112479832
nordholt_h2o2,PINN-network,0.3066132264529058,-26.935833523327354
nordholt_h2o2,PINN-network,0.30728122912491646,-26.994519932449617
nordholt_h2o2,PINN-network,0.3079492317969272,-27.05320633985117
nordholt_h2o2,PINN-network,0.30861723446893785,-27.111892745536686
nordholt_h2o2,PINN-network,0.3092852371409485,-27.170579149510967
nordholt_h2o2,PINN-network,0.30995323981295925,-27.229265551778813
nordholt_h2o2,PINN-network,0.3106212424849699,-27.28795195234496
nordholt_h2o2,PINN-network,0.3112892451569806,-27.34663835121448
nordholt_h2o2,PINN-network,0.3119572478289913,-27.40532474839231
nordholt_h2o2,PINN-network,0.312625250501002,-27.464011143883475
nordholt_h2o2,PINN-network,0.31329325317301265,-27.52269753769308
nordholt_h2o2,PINN-network,0.3139612558450234,-27.581383929826234
nordholt_h2o2,PINN-network,0.31462925851703405,-27.640070320288253
nordholt_h2o2,PINN-network,0.3152972611890447,-27.698756709084307
nordholt_h2o2,PINN-network,0.31596526386105545,-27.75744309621972
nordholt_h2o2,PINN-network,0.3166332665330661,-27.81612948169989
nordholt_h2o2,PINN-network,0.3173012692050768,-27.874815865530227
nordholt_h2o2,PINN-network,0.31796927187708746,-27.933502247716117
nordholt_h2o2,PINN-network,0.3186372745490982,-27.992188628263193
nordholt_h2o2,PINN-network,0.31930527722110885,-28.05087500717691
nordholt_h2o2,PINN-network,0.3199732798931195,-28.109561384462925
nordholt_h2o2,PINN-network,0.32064128256513025,-28.168247760126913
nordholt_h2o2,PINN-network,0.3213092852371409,-28.226934134174552
nordholt_h2o2,PINN-network,0.3219772879091516,-28.285620506611476
nordholt_h2o2,PINN-network,0.3226452905811623,-28.344306877443596
nordholt_h2o2,PINN-network,0.323313293253173,-28.402993246676733
nordholt_h2o2,PINN-network,0.32398129592518365,-28.461679614316584
nordholt_h2o2,PINN-network,0.3246492985971944,-28.520365980369224
nordholt_h2o2,PINN-network,0.32531730126920505,-28.579052344840537
nordholt_h2o2,PINN-network,0.3259853039412157,-28.637738707736467
nordholt_h2o2,PINN-network,0.32665330661322645,-28.696425069063032
nordholt_h2o2,PINN-network,0.3273213092852371,-28.75511142882629
nordholt_h2o2,PINN-network,0.3279893119572478,-28.813797787032318
nordholt_h2o2,PINN-network,0.3286573146292585,-28.87248414368722
nordholt_h2o2,PINN-network,0.3293253173012692,-28.9311704987971
nordholt_h2o2,PINN-network,0.32999331997327985,-28.98985685236823
nordholt_h2o2,PINN-network,0.3306613226452906,-29.048543204406805
nordholt_h2o2,PINN-network,0.33132932531730125,-29.10722955491892
nordholt_h2o2,PINN-network,0.3319973279893119,-29.165915903911017
nordholt_h2o2,PINN-network,0.33266533066132264,-29.22460225138927
nordholt_h2o2,PINN-network,0.3333333333333333,-29.28328859736012
nordholt_h2o2,PINN-implied-ODE,0.0,0.0
nordholt_h2o2,PINN-implied-ODE,0.000668002672010688,-0.058682865868786405
nordholt_h2o2,PINN-implied-ODE,0.001336005344021376,-0.1173657391310096
nordholt_h2o2,PINN-implied-ODE,0.002004008016032064,-0.17604861880916287
nordholt_h2o2,PINN-implied-ODE,0.002672010688042752,-0.23473150405497845
nordholt_h2o2,PINN-implied-ODE,0.00334001336005344,-0.29341439413234066
nordholt_h2o2,PINN-implied-ODE,0.004008016032064128,-0.35209728840245696
nordholt_h2o2,PINN-implied-ODE,0.004676018704074816,-0.4107801863109928
nordholt_h2o2,PINN-implied-ODE,0.005344021376085504,-0.4694630873769014
nordholt_h2o2,PINN-implied-ODE,0.0060120240480961915,-0.5281459911827395
nordholt_h2o2,PINN-implied-ODE,0.00668002672010688,-0.5868288973662535
nordholt_h2o2,PINN-implied-ODE,0.007348029392117568,-0.6455118056130834
nordholt_h2o2,PINN-implied-ODE,0.008016032064128256,-0.7041947156504335
nordholt_h2o2,PINN-implied-ODE,0.008684034736138943,-0.7628776272415736
nordholt_h2o2,PINN-implied-ODE,0.009352037408149633,-0.8215605401810736
nordholt_h2o2,PINN-implied-ODE,0.01002004008016032,-0.8802434542906632
nordholt_h2o2,PINN-implied-ODE,0.010688042752171008,-0.9389263694156407
nordholt_h2o2,PINN-implied-ODE,0.011356045424181695,-0.9976092854217605
nordholt_h2o2,PINN-implied-ODE,0.012024048096192383,-1.0562922021925227
nordholt_h2o2,PINN-implied-ODE,0.012692050768203072,-1.1149751196268336
nordholt_h2o2,PINN-implied-ODE,0.01336005344021376,-1.1736580376369625
nordholt_h2o2,PINN-implied-ODE,0.014028056112224447,-1.2323409561467789
nordholt_h2o2,PINN-implied-ODE,0.014696058784235137,-1.2910238750902188
nordholt_h2o2,PINN-implied-ODE,0.015364061456245824,-1.3497067944099517
nordholt_h2o2,PINN-implied-ODE,0.01603206412825651,-1.408389714056225
nordholt_h2o2,PINN-implied-ODE,0.0167000668002672,-1.4670726339858677
nordholt_h2o2,PINN-implied-ODE,0.017368069472277887,-1.5257555541614132
nordholt_h2o2,PINN-implied-ODE,0.018036072144288574,-1.5844384745503528
nordholt_h2o2,PINN-implied-ODE,0.018704074816299265,-1.6431213951244694
nordholt_h2o2,PINN-implied-ODE,0.019372077488309953,-1.7018043158592844
nordholt_h2o2,PINN-implied-ODE,0.02004008016032064,-1.7604872367335478
nordholt_h2o2,PINN-implied-ODE,0.020708082832331328,-1.8191701577288244
nordholt_h2o2,PINN-implied-ODE,0.021376085504342016,-1.8778530788291137
nordholt_h2o2,PINN-implied-ODE,0.022044088176352703,-1.9365360000205332
nordholt_h2o2,PINN-implied-ODE,0.02271209084836339,-1.9952189212910347
nordholt_h2o2,PINN-implied-ODE,0.023380093520374078,-2.0539018426301596
nordholt_h2o2,PINN-implied-ODE,0.024048096192384766,-2.1125847640288375
nordholt_h2o2,PINN-implied-ODE,0.024716098864395457,-2.1712676854791955
nordholt_h2o2,PINN-implied-ODE,0.025384101536406144,-2.229950606974398
nordholt_h2o2,PINN-implied-ODE,0.026052104208416832,-2.2886335285085186
nordholt_h2o2,PINN-implied-ODE,0.02672010688042752,-2.3473164500764097
nordholt_h2o2,PINN-implied-ODE,0.027388109552438207,-2.405999371673608
nordholt_h2o2,PINN-implied-ODE,0.028056112224448895,-2.464682293296237
nordholt_h2o2,PINN-implied-ODE,0.028724114896459582,-2.5233652149409362
nordholt_h2o2,PINN-implied-ODE,0.029392117568470273,-2.5820481366047874
nordholt_h2o2,PINN-implied-ODE,0.03006012024048096,-2.6407310582852603
nordholt_h2o2,PINN-implied-ODE,0.03072812291249165,-2.6994139799801524
nordholt_h2o2,PINN-implied-ODE,0.03139612558450233,-2.758096901687559
nordholt_h2o2,PINN-implied-ODE,0.03206412825651302,-2.8167798234058283
nordholt_h2o2,PINN-implied-ODE,0.032732130928523714,-2.875462745133523
nordholt_h2o2,PINN-implied-ODE,0.0334001336005344,-2.934145666869395
nordholt_h2o2,PINN-implied-ODE,0.03406813627254509,-2.9928285886123627
nordholt_h2o2,PINN-implied-ODE,0.034736138944555774,-3.0515115103614914
nordholt_h2o2,PINN-implied-ODE,0.035404141616566465,-3.1101944321159647
nordholt_h2o2,PINN-implied-ODE,0.03607214428857715,-3.1688773538750783
nordholt_h2o2,PINN-implied-ODE,0.03674014696058784,-3.2275602756382122
nordholt_h2o2,PINN-implied-ODE,0.03740814963259853,-3.286243197404841
nordholt_h2o2,PINN-implied-ODE,0.038076152304609215,-3.344926119174502
nordholt_h2o2,PINN-implied-ODE,0.038744154976619906,-3.403609040946794
nordholt_h2o2,PINN-implied-ODE,0.03941215764863059,-3.4622919627213635
nordholt_h2o2,PINN-implied-ODE,0.04008016032064128,-3.520974884497919
nordholt_h2o2,PINN-implied-ODE,0.040748162992651965,-3.5796578062761903
nordholt_h2o2,PINN-implied-ODE,0.041416165664662656,-3.638340728055955
nordholt_h2o2,PINN-implied-ODE,0.04208416833667334,-3.697023649837011
nordholt_h2o2,PINN-implied-ODE,0.04275217100868403,-3.755706571619193
nordholt_h2o2,PINN-implied-ODE,0.04342017368069472,-3.81438949340235
nordholt_h2o2,PINN-implied-ODE,0.044088176352705406,-3.8730724151863507
nordholt_h2o2,PINN-implied-ODE,0.0447561790247161,-3.931755336971087
nordholt_h2o2,PINN-implied-ODE,0.04542418169672678,-3.9904382587564613
nordholt_h2o2,PINN-implied-ODE,0.04609218436873747,-4.049121180542389
nordholt_h2o2,PINN-implied-ODE,0.046760187040748157,-4.107804102328791
nordholt_h2o2,PINN-implied-ODE,0.04742818971275885,-4.166487024115612
nordholt_h2o2,PINN-implied-ODE,0.04809619238476953,-4.2251699459027945
nordholt_h2o2,PINN-implied-ODE,0.04876419505678022,-4.283852867690292
nordholt_h2o2,PINN-implied-ODE,0.049432197728790914,-4.3425357894780605
nordholt_h2o2,PINN-implied-ODE,0.0501002004008016,-4.401218711266065
nordholt_h2o2,PINN-implied-ODE,0.05076820307281229,-4.459901633054274
nordholt_h2o2,PINN-implied-ODE,0.05143620574482297,-4.518584554842663
nordholt_h2o2,PINN-implied-ODE,0.052104208416833664,-4.577267476631204
nordholt_h2o2,PINN-implied-ODE,0.05277221108884435,-4.635950398419878
nordholt_h2o2,PINN-implied-ODE,0.05344021376085504,-4.694633320208669
nordholt_h2o2,PINN-implied-ODE,0.05410821643286573,-4.7533162419975605
nordholt_h2o2,PINN-implied-ODE,0.054776219104876414,-4.811999163786541
nordholt_h2o2,PINN-implied-ODE,0.055444221776887105,-4.870682085575599
nordholt_h2o2,PINN-implied-ODE,0.05611222444889779,-4.929365007364716
nordholt_h2o2,PINN-implied-ODE,0.05678022712090848,-4.988047929153897
nordholt_h2o2,PINN-implied-ODE,0.057448229792919164,-5.046730850943122
nordholt_h2o2,PINN-implied-ODE,0.058116232464929855,-5.105413772732399
nordholt_h2o2,PINN-implied-ODE,0.058784235136940546,-5.164096694521702
nordholt_h2o2,PINN-implied-ODE,0.05945223780895123,-5.222779616311046
nordholt_h2o2,PINN-implied-ODE,0.06012024048096192,-5.281462538100418
nordholt_h2o2,PINN-implied-ODE,0.060788243152972606,-5.340145459889805
nordholt_h2o2,PINN-implied-ODE,0.0614562458249833,-5.398828381679225
nordholt_h2o2,PINN-implied-ODE,0.06212424849699398,-5.457511303468655
nordholt_h2o2,PINN-implied-ODE,0.06279225116900466,-5.516194225258104
nordholt_h2o2,PINN-implied-ODE,0.06346025384101536,-5.574877147047571
nordholt_h2o2,PINN-implied-ODE,0.06412825651302605,-5.633560068837043
nordholt_h2o2,PINN-implied-ODE,0.06479625918503673,-5.69224299062653
nordholt_h2o2,PINN-implied-ODE,0.06546426185704743,-5.750925912416026
nordholt_h2o2,PINN-implied-ODE,0.06613226452905811,-5.809608834205523
nordholt_h2o2,PINN-implied-ODE,0.0668002672010688,-5.868291755995036
nordholt_h2o2,PINN-implied-ODE,0.06746826987307948,-5.926974677784549
nordholt_h2o2,PINN-implied-ODE,0.06813627254509018,-5.985657599574067
nordholt_h2o2,PINN-implied-ODE,0.06880427521710086,-6.044340521363593
nordholt_h2o2,PINN-implied-ODE,0.06947227788911155,-6.103023443153121
nordholt_h2o2,PINN-implied-ODE,0.07014028056112225,-6.161706364942651
nordholt_h2o2,PINN-implied-ODE,0.07080828323313293,-6.220389286732186
nordholt_h2o2,PINN-implied-ODE,0.07147628590514361,-6.279072208521723
nordholt_h2o2,PINN-implied-ODE,0.0721442885771543,-6.337755130311267
nordholt_h2o2,PINN-implied-ODE,0.072812291249165,-6.396438052100809
nordholt_h2o2,PINN-implied-ODE,0.07348029392117568,-6.455120973890347
nordholt_h2o2,PINN-implied-ODE,0.07414829659318636,-6.513803895679891
nordholt_h2o2,PINN-implied-ODE,0.07481629926519706,-6.572486817469437
nordholt_h2o2,PINN-implied-ODE,0.07548430193720775,-6.631169739258989
nordholt_h2o2,PINN-implied-ODE,0.07615230460921843,-6.6898526610485325
nordholt_h2o2,PINN-implied-ODE,0.07682030728122911,-6.748535582838081
nordholt_h2o2,PINN-implied-ODE,0.07748830995323981,-6.807218504627634
nordholt_h2o2,PINN-implied-ODE,0.0781563126252505,-6.8659014264171825
nordholt_h2o2,PINN-implied-ODE,0.07882431529726118,-6.924584348206728
nordholt_h2o2,PINN-implied-ODE,0.07949231796927186,-6.983267269996279
nordholt_h2o2,PINN-implied-ODE,0.08016032064128256,-7.041950191785834
nordholt_h2o2,PINN-implied-ODE,0.08082832331329325,-7.100633113575387
nordholt_h2o2,PINN-implied-ODE,0.08149632598530393,-7.159316035364935
nordholt_h2o2,PINN-implied-ODE,0.08216432865731463,-7.21799895715449
nordholt_h2o2,PINN-implied-ODE,0.08283233132932531,-7.276681878944042
nordholt_h2o2,PINN-implied-ODE,0.083500334001336,-7.335364800733596
nordholt_h2o2,PINN-implied-ODE,0.08416833667334668,-7.394047722523143
nordholt_h2o2,PINN-implied-ODE,0.08483633934535738,-7.452730644312695
nordholt_h2o2,PINN-implied-ODE,0.08550434201736806,-7.511413566102249
nordholt_h2o2,PINN-implied-ODE,0.08617234468937875,-7.570096487891803
nordholt_h2o2,PINN-implied-ODE,0.08684034736138944,-7.628779409681358
nordholt_h2o2,PINN-implied-ODE,0.08750835003340013,-7.68746233147091
nordholt_h2o2,PINN-implied-ODE,0.08817635270541081,-7.746145253260462
nordholt_h2o2,PINN-implied-ODE,0.0888443553774215,-7.804828175050017
nordholt_h2o2,PINN-implied-ODE,0.0895123580494322,-7.863511096839569
nordholt_h2o2,PINN-implied-ODE,0.09018036072144288,-7.922194018629123
nordholt_h2o2,PINN-implied-ODE,0.09084836339345356,-7.980876940418679
nordholt_h2o2,PINN-implied-ODE,0.09151636606546426,-8.03955986220823
nordholt_h2o2,PINN-implied-ODE,0.09218436873747494,-8.09824278399779
nordholt_h2o2,PINN-implied-ODE,0.09285237140948563,-8.156925705787339
nordholt_h2o2,PINN-implied-ODE,0.09352037408149631,-8.21560862757689
nordholt_h2o2,PINN-implied-ODE,0.09418837675350701,-8.274291549366446
nordholt_h2o2,PINN-implied-ODE,0.0948563794255177,-8.332974471155996
nordholt_h2o2,PINN-implied-ODE,0.09552438209752838,-8.391657392945557
nordholt_h2o2,PINN-implied-ODE,0.09619238476953906,-8.450340314735103
nordholt_h2o2,PINN-implied-ODE,0.09686038744154976,-8.50902323652466
nordholt_h2o2,PINN-implied-ODE,0.09752839011356045,-8.567706158314213
nordholt_h2o2,PINN-implied-ODE,0.09819639278557113,-8.626389080103765
nordholt_h2o2,PINN-implied-ODE,0.09886439545758183,-8.685072001893321
nordholt_h2o2,PINN-implied-ODE,0.09953239812959251,-8.743754923682873
nordholt_h2o2,PINN-implied-ODE,0.1002004008016032,-8.802437845472427
nordholt_h2o2,PINN-implied-ODE,0.10086840347361388,-8.861120767261982
nordholt_h2o2,PINN-implied-ODE,0.10153640614562458,-8.919803689051536
nordholt_h2o2,PINN-implied-ODE,0.10220440881763526,-8.978486610841093
nordholt_h2o2,PINN-implied-ODE,0.10287241148964595,-9.037169532630648
nordholt_h2o2,PINN-implied-ODE,0.10354041416165664,-9.095852454420196
nordholt_h2o2,PINN-implied-ODE,0.10420841683366733,-9.154535376209752
nordholt_h2o2,PINN-implied-ODE,0.10487641950567801,-9.213218297999303
nordholt_h2o2,PINN-implied-ODE,0.1055444221776887,-9.271901219788859
nordholt_h2o2,PINN-implied-ODE,0.1062124248496994,-9.330584141578411
nordholt_h2o2,PINN-implied-ODE,0.10688042752171008,-9.389267063367965
nordholt_h2o2,PINN-implied-ODE,0.10754843019372076,-9.447949985157521
nordholt_h2o2,PINN-implied-ODE,0.10821643286573146,-9.506632906947074
nordholt_h2o2,PINN-implied-ODE,0.10888443553774214,-9.565315828736633
nordholt_h2o2,PINN-implied-ODE,0.10955243820975283,-9.623998750526182
nordholt_h2o2,PINN-implied-ODE,0.11022044088176351,-9.68268167231573
nordholt_h2o2,PINN-implied-ODE,0.11088844355377421,-9.741364594105294
nordholt_h2o2,PINN-implied-ODE,0.1115564462257849,-9.800047515894839
nordholt_h2o2,PINN-implied-ODE,0.11222444889779558,-9.858730437684393
nordholt_h2o2,PINN-implied-ODE,0.11289245156980628,-9.917413359473947
nordholt_h2o2,PINN-implied-ODE,0.11356045424181696,-9.976096281263505
nordholt_h2o2,PINN-implied-ODE,0.11422845691382764,-10.034779203053061
nordholt_h2o2,PINN-implied-ODE,0.11489645958583833,-10.093462124842608
nordholt_h2o2,PINN-implied-ODE,0.11556446225784903,-10.152145046632162
nordholt_h2o2,PINN-implied-ODE,0.11623246492985971,-10.210827968421727
nordholt_h2o2,PINN-implied-ODE,0.1169004676018704,-10.269510890211276
nordholt_h2o2,PINN-implied-ODE,0.11756847027388109,-10.328193812000823
nordholt_h2o2,PINN-implied-ODE,0.11823647294589178,-10.386876733790382
nordholt_h2o2,PINN-implied-ODE,0.11890447561790246,-10.445559655579935
nordholt_h2o2,PINN-implied-ODE,0.11957247828991314,-10.504242577369492
nordholt_h2o2,PINN-implied-ODE,0.12024048096192384,-10.562925499159048
nordholt_h2o2,PINN-implied-ODE,0.12090848363393453,-10.621608420948604
nordholt_h2o2,PINN-implied-ODE,0.12157648630594521,-10.680291342738144
nordholt_h2o2,PINN-implied-ODE,0.1222444889779559,-10.738974264527702
nordholt_h2o2,PINN-implied-ODE,0.1229124916499666,-10.797657186317261
nordholt_h2o2,PINN-implied-ODE,0.12358049432197728,-10.856340108106808
nordholt_h2o2,PINN-implied-ODE,0.12424849699398796,-10.915023029896362
nordholt_h2o2,PINN-implied-ODE,0.12491649966599866,-10.973705951685918
nordholt_h2o2,PINN-implied-ODE,0.12558450233800933,-11.032388873475472
nordholt_h2o2,PINN-implied-ODE,0.12625250501002003,-11.091071795265023
nordholt_h2o2,PINN-implied-ODE,0.12692050768203073,-11.149754717054586
nordholt_h2o2,PINN-implied-ODE,0.1275885103540414,-11.208437638844131
nordholt_h2o2,PINN-implied-ODE,0.1282565130260521,-11.267120560633687
nordholt_h2o2,PINN-implied-ODE,0.1289245156980628,-11.325803482423249
nordholt_h2o2,PINN-implied-ODE,0.12959251837007346,-11.3844864042128
nordholt_h2o2,PINN-implied-ODE,0.13026052104208416,-11.44316932600234
nordholt_h2o2,PINN-implied-ODE,0.13092852371409486,-11.50185224779191
nordholt_h2o2,PINN-implied-ODE,0.13159652638610553,-11.560535169581458
nordholt_h2o2,PINN-implied-ODE,0.13226452905811623,-11.619218091371007
nordholt_h2o2,PINN-implied-ODE,0.1329325317301269,-11.677901013160565
nordholt_h2o2,PINN-implied-ODE,0.1336005344021376,-11.736583934950122
nordholt_h2o2,PINN-implied-ODE,0.1342685370741483,-11.795266856739675
nordholt_h2o2,PINN-implied-ODE,0.13493653974615896,-11.853949778529225
nordholt_h2o2,PINN-implied-ODE,0.13560454241816966,-11.912632700318781
nordholt_h2o2,PINN-implied-ODE,0.13627254509018036,-11.971315622108328
nordholt_h2o2,PINN-implied-ODE,0.13694054776219103,-12.029998543897884
nordholt_h2o2,PINN-implied-ODE,0.13760855043420173,-12.088681465687442
nordholt_h2o2,PINN-implied-ODE,0.13827655310621242,-12.147364387476994
nordholt_h2o2,PINN-implied-ODE,0.1389445557782231,-12.206047309266545
nordholt_h2o2,PINN-implied-ODE,0.1396125584502338,-12.2647302310561
nordholt_h2o2,PINN-implied-ODE,0.1402805611222445,-12.32341315284565
nordholt_h2o2,PINN-implied-ODE,0.14094856379425516,-12.382096074635205
nordholt_h2o2,PINN-implied-ODE,0.14161656646626586,-12.44077899642476
nordholt_h2o2,PINN-implied-ODE,0.14228456913827653,-12.499461918214317
nordholt_h2o2,PINN-implied-ODE,0.14295257181028723,-12.558144840003866
nordholt_h2o2,PINN-implied-ODE,0.14362057448229792,-12.616827761793424
nordholt_h2o2,PINN-implied-ODE,0.1442885771543086,-12.675510683582983
nordholt_h2o2,PINN-implied-ODE,0.1449565798263193,-12.734193605372528
nordholt_h2o2,PINN-implied-ODE,0.14562458249833,-12.792876527162091
nordholt_h2o2,PINN-implied-ODE,0.14629258517034066,-12.85155944895164
nordholt_h2o2,PINN-implied-ODE,0.14696058784235136,-12.910242370741189
nordholt_h2o2,PINN-implied-ODE,0.14762859051436206,-12.968925292530741
nordholt_h2o2,PINN-implied-ODE,0.14829659318637273,-13.027608214320297
nordholt_h2o2,PINN-implied-ODE,0.14896459585838343,-13.086291136109857
nordholt_h2o2,PINN-implied-ODE,0.14963259853039412,-13.144974057899404
nordholt_h2o2,PINN-implied-ODE,0.1503006012024048,-13.203656979688956
nordholt_h2o2,PINN-implied-ODE,0.1509686038744155,-13.262339901478521
nordholt_h2o2,PINN-implied-ODE,0.15163660654642616,-13.321022823268073
nordholt_h2o2,PINN-implied-ODE,0.15230460921843686,-13.379705745057622
nordholt_h2o2,PINN-implied-ODE,0.15297261189044756,-13.438388666847178
nordholt_h2o2,PINN-implied-ODE,0.15364061456245823,-13.497071588636729
nordholt_h2o2,PINN-implied-ODE,0.15430861723446893,-13.555754510426278
nordholt_h2o2,PINN-implied-ODE,0.15497661990647962,-13.614437432215844
nordholt_h2o2,PINN-implied-ODE,0.1556446225784903,-13.673120354005393
nordholt_h2o2,PINN-implied-ODE,0.156312625250501,-13.731803275794949
nordholt_h2o2,PINN-implied-ODE,0.1569806279225117,-13.790486197584501
nordholt_h2o2,PINN-implied-ODE,0.15764863059452236,-13.849169119374046
nordholt_h2o2,PINN-implied-ODE,0.15831663326653306,-13.907852041163608
nordholt_h2o2,PINN-implied-ODE,0.15898463593854373,-13.966534962953157
nordholt_h2o2,PINN-implied-ODE,0.15965263861055443,-14.025217884742716
nordholt_h2o2,PINN-implied-ODE,0.16032064128256512,-14.08390080653227
nordholt_h2o2,PINN-implied-ODE,0.1609886439545758,-14.142583728321812
nordholt_h2o2,PINN-implied-ODE,0.1616566466265865,-14.20126665011138
nordholt_h2o2,PINN-implied-ODE,0.1623246492985972,-14.259949571900936
nordholt_h2o2,PINN-implied-ODE,0.16299265197060786,-14.318632493690481
nordholt_h2o2,PINN-implied-ODE,0.16366065464261856,-14.377315415480043
nordholt_h2o2,PINN-implied-ODE,0.16432865731462926,-14.435998337269593
nordholt_h2o2,PINN-implied-ODE,0.16499665998663993,-14.494681259059144
nordholt_h2o2,PINN-implied-ODE,0.16566466265865062,-14.553364180848702
nordholt_h2o2,PINN-implied-ODE,0.16633266533066132,-14.612047102638256
nordholt_h2o2,PINN-implied-ODE,0.167000668002672,-14.670730024427812
nordholt_h2o2,PINN-implied-ODE,0.1676686706746827,-14.72941294621737
nordholt_h2o2,PINN-implied-ODE,0.16833667334669336,-14.788095868006907
nordholt_h2o2,PINN-implied-ODE,0.16900467601870406,-14.846778789796462
nordholt_h2o2,PINN-implied-ODE,0.16967267869071476,-14.905461711586014
nordholt_h2o2,PINN-implied-ODE,0.17034068136272543,-14.964144633375568
nordholt_h2o2,PINN-implied-ODE,0.17100868403473612,-15.022827555165124
nordholt_h2o2,PINN-implied-ODE,0.17167668670674682,-15.081510476954687
nordholt_h2o2,PINN-implied-ODE,0.1723446893787575,-15.140193398744234
nordholt_h2o2,PINN-implied-ODE,0.1730126920507682,-15.198876320533783
nordholt_h2o2,PINN-implied-ODE,0.1736806947227789,-15.257559242323344
nordholt_h2o2,PINN-implied-ODE,0.17434869739478956,-15.316242164112897
nordholt_h2o2,PINN-implied-ODE,0.17501670006680026,-15.374925085902449
nordholt_h2o2,PINN-implied-ODE,0.17568470273881093,-15.433608007692005
nordholt_h2o2,PINN-implied-ODE,0.17635270541082163,-15.492290929481555
nordholt_h2o2,PINN-implied-ODE,0.17702070808283232,-15.550973851271108
nordholt_h2o2,PINN-implied-ODE,0.177688710754843,-15.609656773060665
nordholt_h2o2,PINN-implied-ODE,0.1783567134268537,-15.66833969485022
nordholt_h2o2,PINN-implied-ODE,0.1790247160988644,-15.72702261663977
nordholt_h2o2,PINN-implied-ODE,0.17969271877087506,-15.785705538429319
nordholt_h2o2,PINN-implied-ODE,0.18036072144288576,-15.84438846021888
nordholt_h2o2,PINN-implied-ODE,0.18102872411489646,-15.903071382008438
nordholt_h2o2,PINN-implied-ODE,0.18169672678690713,-15.961754303797992
nordholt_h2o2,PINN-implied-ODE,0.18236472945891782,-16.020437225587536
nordholt_h2o2,PINN-implied-ODE,0.18303273213092852,-16.079120147377093
nordholt_h2o2,PINN-implied-ODE,0.1837007348029392,-16.137803069166655
nordholt_h2o2,PINN-implied-ODE,0.1843687374749499,-16.196485990956216
nordholt_h2o2,PINN-implied-ODE,0.18503674014696056,-16.255168912745756
nordholt_h2o2,PINN-implied-ODE,0.18570474281897126,-16.313851834535313
nordholt_h2o2,PINN-implied-ODE,0.18637274549098196,-16.37253475632486
nordholt_h2o2,PINN-implied-ODE,0.18704074816299263,-16.431217678114415
nordholt_h2o2,PINN-implied-ODE,0.18770875083500332,-16.48990059990396
nordholt_h2o2,PINN-implied-ODE,0.18837675350701402,-16.548583521693526
nordholt_h2o2,PINN-implied-ODE,0.1890447561790247,-16.60726644348308
nordholt_h2o2,PINN-implied-ODE,0.1897127588510354,-16.665949365272628
nordholt_h2o2,PINN-implied-ODE,0.1903807615230461,-16.724632287062192
nordholt_h2o2,PINN-implied-ODE,0.19104876419505676,-16.78331520885175
nordholt_h2o2,PINN-implied-ODE,0.19171676686706746,-16.841998130641297
nordholt_h2o2,PINN-implied-ODE,0.19238476953907813,-16.90068105243084
nordholt_h2o2,PINN-implied-ODE,0.19305277221108882,-16.95936397422041
nordholt_h2o2,PINN-implied-ODE,0.19372077488309952,-17.01804689600996
nordholt_h2o2,PINN-implied-ODE,0.1943887775551102,-17.076729817799496
nordholt_h2o2,PINN-implied-ODE,0.1950567802271209,-17.13541273958906
nordholt_h2o2,PINN-implied-ODE,0.1957247828991316,-17.19409566137861
nordholt_h2o2,PINN-implied-ODE,0.19639278557114226,-17.252778583168165
nordholt_h2o2,PINN-implied-ODE,0.19706078824315296,-17.311461504957713
nordholt_h2o2,PINN-implied-ODE,0.19772879091516365,-17.370144426747277
nordholt_h2o2,PINN-implied-ODE,0.19839679358717432,-17.428827348536835
nordholt_h2o2,PINN-implied-ODE,0.19906479625918502,-17.487510270326386
nordholt_h2o2,PINN-implied-ODE,0.19973279893119572,-17.546193192115947
nordholt_h2o2,PINN-implied-ODE,0.2004008016032064,-17.60487611390549
nordholt_h2o2,PINN-implied-ODE,0.2010688042752171,-17.66355903569505
nordholt_h2o2,PINN-implied-ODE,0.20173680694722776,-17.7222419574846
nordholt_h2o2,PINN-implied-ODE,0.20240480961923846,-17.780924879274153
nordholt_h2o2,PINN-implied-ODE,0.20307281229124916,-17.839607801063707
nordholt_h2o2,PINN-implied-ODE,0.20374081496325983,-17.89829072285326
nordholt_h2o2,PINN-implied-ODE,0.20440881763527052,-17.956973644642822
nordholt_h2o2,PINN-implied-ODE,0.20507682030728122,-18.01565656643237
nordholt_h2o2,PINN-implied-ODE,0.2057448229792919,-18.07433948822193
nordholt_h2o2,PINN-implied-ODE,0.2064128256513026,-18.133022410011478
nordholt_h2o2,PINN-implied-ODE,0.2070808283233133,-18.19170533180103
nordholt_h2o2,PINN-implied-ODE,0.20774883099532396,-18.25038825359058
nordholt_h2o2,PINN-implied-ODE,0.20841683366733466,-18.309071175380144
nordholt_h2o2,PINN-implied-ODE,0.20908483633934535,-18.36775409716969
nordholt_h2o2,PINN-implied-ODE,0.20975283901135602,-18.42643701895924
nordholt_h2o2,PINN-implied-ODE,0.21042084168336672,-18.485119940748802
nordholt_h2o2,PINN-implied-ODE,0.2110888443553774,-18.543802862538357
nordholt_h2o2,PINN-implied-ODE,0.2117568470273881,-18.602485784327907
nordholt_h2o2,PINN-implied-ODE,0.2124248496993988,-18.66116870611746
nordholt_h2o2,PINN-implied-ODE,0.21309285237140946,-18.719851627907026
nordholt_h2o2,PINN-implied-ODE,0.21376085504342016,-18.77853454969657
nordholt_h2o2,PINN-implied-ODE,0.21442885771543085,-18.837217471486113
nordholt_h2o2,PINN-implied-ODE,0.21509686038744152,-18.89590039327568
nordholt_h2o2,PINN-implied-ODE,0.21576486305945222,-18.95458331506523
nordholt_h2o2,PINN-implied-ODE,0.21643286573146292,-19.013266236854783
nordholt_h2o2,PINN-implied-ODE,0.2171008684034736,-19.07194915864434
nordholt_h2o2,PINN-implied-ODE,0.2177688710754843,-19.130632080433905
nordholt_h2o2,PINN-implied-ODE,0.21843687374749496,-19.189315002223452
nordholt_h2o2,PINN-implied-ODE,0.21910487641950566,-19.247997924013
nordholt_h2o2,PINN-implied-ODE,0.21977287909151635,-19.306680845802546
nordholt_h2o2,PINN-implied-ODE,0.22044088176352702,-19.3653637675921
nordholt_h2o2,PINN-implied-ODE,0.22110888443553772,-19.424046689381665
nordholt_h2o2,PINN-implied-ODE,0.22177688710754842,-19.482729611171223
nordholt_h2o2,PINN-implied-ODE,0.2224448897795591,-19.541412532960763
nordholt_h2o2,PINN-implied-ODE,0.2231128924515698,-19.600095454750313
nordholt_h2o2,PINN-implied-ODE,0.2237808951235805,-19.65877837653987
nordholt_h2o2,PINN-implied-ODE,0.22444889779559116,-19.71746129832942
nordholt_h2o2,PINN-implied-ODE,0.22511690046760185,-19.776144220118997
nordholt_h2o2,PINN-implied-ODE,0.22578490313961255,-19.834827141908534
nordholt_h2o2,PINN-implied-ODE,0.22645290581162322,-19.893510063698088
nordholt_h2o2,PINN-implied-ODE,0.22712090848363392,-19.952192985487645
nordholt_h2o2,PINN-implied-ODE,0.2277889111556446,-20.010875907277196
nordholt_h2o2,PINN-implied-ODE,0.2284569138276553,-20.069558829066757
nordholt_h2o2,PINN-implied-ODE,0.229124916499666,-20.12824175085631
nordholt_h2o2,PINN-implied-ODE,0.22979291917167666,-20.18692467264585
nordholt_h2o2,PINN-implied-ODE,0.23046092184368736,-20.245607594435416
nordholt_h2o2,PINN-implied-ODE,0.23112892451569805,-20.304290516224963
nordholt_h2o2,PINN-implied-ODE,0.23179692718770872,-20.362973438014517
nordholt_h2o2,PINN-implied-ODE,0.23246492985971942,-20.421656359804093
nordholt_h2o2,PINN-implied-ODE,0.23313293253173012,-20.48033928159362
nordholt_h2o2,PINN-implied-ODE,0.2338009352037408,-20.539022203383187
nordholt_h2o2,PINN-implied-ODE,0.2344689378757515,-20.597705125172737
nordholt_h2o2,PINN-implied-ODE,0.23513694054776219,-20.656388046962284
nordholt_h2o2,PINN-implied-ODE,0.23580494321977286,-20.71507096875184
nordholt_h2o2,PINN-implied-ODE,0.23647294589178355,-20.773753890541403
nordholt_h2o2,PINN-implied-ODE,0.23714094856379422,-20.83243681233095
nordholt_h2o2,PINN-implied-ODE,0.23780895123580492,-20.891119734120508
nordholt_h2o2,PINN-implied-ODE,0.23847695390781562,-20.94980265591006
nordholt_h2o2,PINN-implied-ODE,0.2391449565798263,-21.008485577699624
nordholt_h2o2,PINN-implied-ODE,0.239812959251837,-21.067168499489178
nordholt_h2o2,PINN-implied-ODE,0.24048096192384769,-21.125851421278735
nordholt_h2o2,PINN-implied-ODE,0.24114896459585836,-21.184534343068286
nordholt_h2o2,PINN-implied-ODE,0.24181696726786905,-21.243217264857847
nordholt_h2o2,PINN-implied-ODE,0.24248496993987975,-21.301900186647377
nordholt_h2o2,PINN-implied-ODE,0.24315297261189042,-21.360583108436924
nordholt_h2o2,PINN-implied-ODE,0.24382097528390112,-21.41926603022649
nordholt_h2o2,PINN-implied-ODE,0.2444889779559118,-21.47794895201604
nordholt_h2o2,PINN-implied-ODE,0.2451569806279225,-21.536631873805593
nordholt_h2o2,PINN-implied-ODE,0.2458249832999332,-21.59531479559516
nordholt_h2o2,PINN-implied-ODE,0.24649298597194386,-21.653997717384694
nordholt_h2o2,PINN-implied-ODE,0.24716098864395455,-21.712680639174252
nordholt_h2o2,PINN-implied-ODE,0.24782899131596525,-21.77136356096382
nordholt_h2o2,PINN-implied-ODE,0.24849699398797592,-21.830046482753364
nordholt_h2o2,PINN-implied-ODE,0.24916499665998662,-21.88872940454292
nordholt_h2o2,PINN-implied-ODE,0.24983299933199732,-21.947412326332472
nordholt_h2o2,PINN-implied-ODE,0.250501002004008,-22.006095248122023
nordholt_h2o2,PINN-implied-ODE,0.25116900467601866,-22.06477816991158
nordholt_h2o2,PINN-implied-ODE,0.2518370073480294,-22.123461091701145
nordholt_h2o2,PINN-implied-ODE,0.25250501002004005,-22.182144013490685
nordholt_h2o2,PINN-implied-ODE,0.2531730126920507,-22.24082693528023
nordholt_h2o2,PINN-implied-ODE,0.25384101536406145,-22.29950985706981
nordholt_h2o2,PINN-implied-ODE,0.2545090180360721,-22.35819277885935
nordholt_h2o2,PINN-implied-ODE,0.2551770207080828,-22.416875700648898
nordholt_h2o2,PINN-implied-ODE,0.2558450233800935,-22.475558622438466
nordholt_h2o2,PINN-implied-ODE,0.2565130260521042,-22.534241544228014
nordholt_h2o2,PINN-implied-ODE,0.25718102872411486,-22.592924466017568
nordholt_h2o2,PINN-implied-ODE,0.2578490313961256,-22.651607387807136
nordholt_h2o2,PINN-implied-ODE,0.25851703406813625,-22.710290309596655
nordholt_h2o2,PINN-implied-ODE,0.2591850367401469,-22.768973231386234
nordholt_h2o2,PINN-implied-ODE,0.25985303941215765,-22.82765615317578
nordholt_h2o2,PINN-implied-ODE,0.2605210420841683,-22.886339074965317
nordholt_h2o2,PINN-implied-ODE,0.261189044756179,-22.945021996754885
nordholt_h2o2,PINN-implied-ODE,0.2618570474281897,-23.003704918544454
nordholt_h2o2,PINN-implied-ODE,0.2625250501002004,-23.062387840333983
nordholt_h2o2,PINN-implied-ODE,0.26319305277221106,-23.121070762123555
nordholt_h2o2,PINN-implied-ODE,0.2638610554442218,-23.1797536839131
nordholt_h2o2,PINN-implied-ODE,0.26452905811623245,-23.238436605702653
nordholt_h2o2,PINN-implied-ODE,0.2651970607882431,-23.297119527492196
nordholt_h2o2,PINN-implied-ODE,0.2658650634602538,-23.355802449281768
nordholt_h2o2,PINN-implied-ODE,0.2665330661322645,-23.414485371071326
nordholt_h2o2,PINN-implied-ODE,0.2672010688042752,-23.47316829286088
nordholt_h2o2,PINN-implied-ODE,0.26786907147628586,-23.531851214650434
nordholt_h2o2,PINN-implied-ODE,0.2685370741482966,-23.590534136439988
nordholt_h2o2,PINN-implied-ODE,0.26920507682030725,-23.649217058229528
nordholt_h2o2,PINN-implied-ODE,0.2698730794923179,-23.707899980019086
nordholt_h2o2,PINN-implied-ODE,0.27054108216432865,-23.766582901808654
nordholt_h2o2,PINN-implied-ODE,0.2712090848363393,-23.8252658235982
nordholt_h2o2,PINN-implied-ODE,0.27187708750835,-23.88394874538774
nordholt_h2o2,PINN-implied-ODE,0.2725450901803607,-23.942631667177295
nordholt_h2o2,PINN-implied-ODE,0.2732130928523714,-24.001314588966864
nordholt_h2o2,PINN-implied-ODE,0.27388109552438206,-24.059997510756407
nordholt_h2o2,PINN-implied-ODE,0.2745490981963928,-24.11868043254596
nordholt_h2o2,PINN-implied-ODE,0.27521710086840345,-24.17736335433552
nordholt_h2o2,PINN-implied-ODE,0.2758851035404141,-24.23604627612507
nordholt_h2o2,PINN-implied-ODE,0.27655310621242485,-24.294729197914624
nordholt_h2o2,PINN-implied-ODE,0.2772211088844355,-24.35341211970418
nordholt_h2o2,PINN-implied-ODE,0.2778891115564462,-24.41209504149373
nordholt_h2o2,PINN-implied-ODE,0.2785571142284569,-24.470777963283297
nordholt_h2o2,PINN-implied-ODE,0.2792251169004676,-24.52946088507284
nordholt_h2o2,PINN-implied-ODE,0.27989311957247826,-24.588143806862387
nordholt_h2o2,PINN-implied-ODE,0.280561122244489,-24.646826728651938
nordholt_h2o2,PINN-implied-ODE,0.28122912491649965,-24.7055096504415
nordholt_h2o2,PINN-implied-ODE,0.2818971275885103,-24.76419257223105
nordholt_h2o2,PINN-implied-ODE,0.282565130260521,-24.822875494020607
nordholt_h2o2,PINN-implied-ODE,0.2832331329325317,-24.881558415810154
nordholt_h2o2,PINN-implied-ODE,0.2839011356045424,-24.940241337599716
nordholt_h2o2,PINN-implied-ODE,0.28456913827655306,-24.998924259389273
nordholt_h2o2,PINN-implied-ODE,0.2852371409485638,-25.057607181178806
nordholt_h2o2,PINN-implied-ODE,0.28590514362057445,-25.116290102968367
nordholt_h2o2,PINN-implied-ODE,0.2865731462925851,-25.17497302475791
nordholt_h2o2,PINN-implied-ODE,0.28724114896459585,-25.233655946547486
nordholt_h2o2,PINN-implied-ODE,0.2879091516366065,-25.292338868337044
nordholt_h2o2,PINN-implied-ODE,0.2885771543086172,-25.3510217901266
nordholt_h2o2,PINN-implied-ODE,0.2892451569806279,-25.409704711916145
nordholt_h2o2,PINN-implied-ODE,0.2899131596526386,-25.468387633705696
nordholt_h2o2,PINN-implied-ODE,0.29058116232464926,-25.527070555495257
nordholt_h2o2,PINN-implied-ODE,0.29124916499666,-25.58575347728482
nordholt_h2o2,PINN-implied-ODE,0.29191716766867065,-25.64443639907436
nordholt_h2o2,PINN-implied-ODE,0.2925851703406813,-25.70311932086392
nordholt_h2o2,PINN-implied-ODE,0.29325317301269205,-25.761802242653474
nordholt_h2o2,PINN-implied-ODE,0.2939211756847027,-25.820485164443014
nordholt_h2o2,PINN-implied-ODE,0.2945891783567134,-25.87916808623257
nordholt_h2o2,PINN-implied-ODE,0.2952571810287241,-25.93785100802212
nordholt_h2o2,PINN-implied-ODE,0.2959251837007348,-25.99653392981167
nordholt_h2o2,PINN-implied-ODE,0.29659318637274545,-26.05521685160123
nordholt_h2o2,PINN-implied-ODE,0.2972611890447562,-26.113899773390795
nordholt_h2o2,PINN-implied-ODE,0.29792919171676685,-26.17258269518035
nordholt_h2o2,PINN-implied-ODE,0.2985971943887775,-26.23126561696989
nordholt_h2o2,PINN-implied-ODE,0.29926519706078825,-26.289948538759443
nordholt_h2o2,PINN-implied-ODE,0.2999331997327989,-26.348631460549015
nordholt_h2o2,PINN-implied-ODE,0.3006012024048096,-26.407314382338548
nordholt_h2o2,PINN-implied-ODE,0.30126920507682026,-26.46599730412811
nordholt_h2o2,PINN-implied-ODE,0.301937207748831,-26.52468022591768
nordholt_h2o2,PINN-implied-ODE,0.30260521042084165,-26.583363147707225
nordholt_h2o2,PINN-implied-ODE,0.3032732130928523,-26.642046069496786
nordholt_h2o2,PINN-implied-ODE,0.30394121576486305,-26.700728991286326
nordholt_h2o2,PINN-implied-ODE,0.3046092184368737,-26.75941191307588
nordholt_h2o2,PINN-implied-ODE,0.3052772211088844,-26.81809483486543
nordholt_h2o2,PINN-implied-ODE,0.3059452237808951,-26.876777756654995
nordholt_h2o2,PINN-implied-ODE,0.3066132264529058,-26.93546067844455
nordholt_h2o2,PINN-implied-ODE,0.30728122912491646,-26.994143600234096
nordholt_h2o2,PINN-implied-ODE,0.3079492317969272,-27.052826522023654
nordholt_h2o2,PINN-implied-ODE,0.30861723446893785,-27.11150944381319
nordholt_h2o2,PINN-implied-ODE,0.3092852371409485,-27.170192365602755
nordholt_h2o2,PINN-implied-ODE,0.30995323981295925,-27.228875287392324
nordholt_h2o2,PINN-implied-ODE,0.3106212424849699,-27.287558209181874
nordholt_h2o2,PINN-implied-ODE,0.3112892451569806,-27.346241130971425
nordholt_h2o2,PINN-implied-ODE,0.3119572478289913,-27.40492405276099
nordholt_h2o2,PINN-implied-ODE,0.312625250501002,-27.463606974550533
nordholt_h2o2,PINN-implied-ODE,0.31329325317301265,-27.52228989634009
nordholt_h2o2,PINN-implied-ODE,0.3139612558450234,-27.580972818129638
nordholt_h2o2,PINN-implied-ODE,0.31462925851703405,-27.639655739919185
nordholt_h2o2,PINN-implied-ODE,0.3152972611890447,-27.698338661708732
nordholt_h2o2,PINN-implied-ODE,0.31596526386105545,-27.757021583498283
nordholt_h2o2,PINN-implied-ODE,0.3166332665330661,-27.81570450528785
nordholt_h2o2,PINN-implied-ODE,0.3173012692050768,-27.8743874270774
nordholt_h2o2,PINN-implied-ODE,0.31796927187708746,-27.93307034886695
nordholt_h2o2,PINN-implied-ODE,0.3186372745490982,-27.99175327065651
nordholt_h2o2,PINN-implied-ODE,0.31930527722110885,-28.05043619244607
nordholt_h2o2,PINN-implied-ODE,0.3199732798931195,-28.10911911423563
nordholt_h2o2,PINN-implied-ODE,0.32064128256513025,-28.16780203602518
nordholt_h2o2,PINN-implied-ODE,0.3213092852371409,-28.226484957814733
nordholt_h2o2,PINN-implied-ODE,0.3219772879091516,-28.285167879604263
nordholt_h2o2,PINN-implied-ODE,0.3226452905811623,-28.343850801393852
nordholt_h2o2,PINN-implied-ODE,0.323313293253173,-28.402533723183396
nordholt_h2o2,PINN-implied-ODE,0.32398129592518365,-28.461216644972943
nordholt_h2o2,PINN-implied-ODE,0.3246492985971944,-28.519899566762508
nordholt_h2o2,PINN-implied-ODE,0.32531730126920505,-28.57858248855205
nordholt_h2o2,PINN-implied-ODE,0.3259853039412157,-28.637265410341602
nordholt_h2o2,PINN-implied-ODE,0.32665330661322645,-28.69594833213117
nordholt_h2o2,PINN-implied-ODE,0.3273213092852371,-28.75463125392072
nordholt_h2o2,PINN-implied-ODE,0.3279893119572478,-28.813314175710264
nordholt_h2o2,PINN-implied-ODE,0.3286573146292585,-28.871997097499825
nordholt_h2o2,PINN-implied-ODE,0.3293253173012692,-28.930680019289376
nordholt_h2o2,PINN-implied-ODE,0.32999331997327985,-28.989362941078923
nordholt_h2o2,PINN-implied-ODE,0.3306613226452906,-29.048045862868484
nordholt_h2o2,PINN-implied-ODE,0.33132932531730125,-29.10672878465804
nordholt_h2o2,PINN-implied-ODE,0.3319973279893119,-29.16541170644759
nordholt_h2o2,PINN-implied-ODE,0.33266533066132264,-29.224094628237147
nordholt_h2o2,PINN-implied-ODE,0.3333333333333333,-29.282777550026697
nordholt_bac,NLLS,0.0,0.0
nordholt_bac,NLLS,0.0007348029392117568,-0.039157856010623764
nordholt_bac,NLLS,0.0014696058784235135,-0.07831232517437896
nordholt_bac,NLLS,0.0022044088176352704,-0.11746329593693072
nordholt_bac,NLLS,0.002939211756847027,-0.15661065309491198
nordholt_bac,NLLS,0.0036740146960587837,-0.19575427767825837
nordholt_bac,NLLS,0.004408817635270541,-0.23489404682886375
nordholt_bac,NLLS,0.0051436205744822975,-0.27402983367544953
nordholt_bac,NLLS,0.005878423513694054,-0.31316150720453456
nordholt_bac,NLLS,0.006613226452905811,-0.3522889321273984
nordholt_bac,NLLS,0.007348029392117567,-0.39141196874291595
nordholt_bac,NLLS,0.008082832331329325,-0.430530472796151
nordholt_bac,NLLS,0.008817635270541082,-0.4696442953325882
nordholt_bac,NLLS,0.009552438209752838,-0.5087532825478738
nordholt_bac,NLLS,0.010287241148964595,-0.5478572756329473
nordholt_bac,NLLS,0.011022044088176352,-0.5869561106144309
nordholt_bac,NLLS,0.011756847027388108,-0.6260496181901462
nordholt_bac,NLLS,0.012491649966599865,-0.6651376235596225
nordholt_bac,NLLS,0.013226452905811622,-0.7042199462494664
nordholt_bac,NLLS,0.013961255845023378,-0.7432963999334439
nordholt_bac,NLLS,0.014696058784235135,-0.7823667922471393
nordholt_bac,NLLS,0.015430861723446892,-0.821430924597049
nordholt_bac,NLLS,0.01616566466265865,-0.8604885919639529
nordholt_bac,NLLS,0.016900467601870407,-0.8995395827004272
nordholt_bac,NLLS,0.017635270541082163,-0.9385836783223344
nordholt_bac,NLLS,0.01837007348029392,-0.9776206532941458
nordholt_bac,NLLS,0.019104876419505677,-1.0166502748079378
nordholt_bac,NLLS,0.019839679358717433,-1.0556723025558965
nordholt_bac,NLLS,0.02057448229792919,-1.0946864884961827
nordholt_bac,NLLS,0.021309285237140946,-1.133692576611984
nordholt_bac,NLLS,0.022044088176352703,-1.172690302663602
nordholt_bac,NLLS,0.02277889111556446,-1.2116793939333885
nordholt_bac,NLLS,0.023513694054776216,-1.2506595689633935
nordholt_bac,NLLS,0.024248496993987973,-1.2896305372855281
nordholt_bac,NLLS,0.02498329993319973,-1.3285919991440969
nordholt_bac,NLLS,0.025718102872411486,-1.3675436452105119
nordholt_bac,NLLS,0.026452905811623243,-1.4064851562900353
nordholt_bac,NLLS,0.027187708750835,-1.4454162030203621
nordholt_bac,NLLS,0.027922511690046756,-1.4843364455618973
nordholt_bac,NLLS,0.028657314629258513,-1.5232455332795336
nordholt_bac,NLLS,0.02939211756847027,-1.5621431044157805
nordholt_bac,NLLS,0.030126920507682026,-1.6010287857550713
nordholt_bac,NLLS,0.030861723446893783,-1.6399021922790837
nordholt_bac,NLLS,0.03159652638610554,-1.678762926812908
nordholt_bac,NLLS,0.0323313293253173,-1.7176105796619199
nordholt_bac,NLLS,0.033066132264529056,-1.7564447282391757
nordholt_bac,NLLS,0.03380093520374081,-1.795264936683206
nordholt_bac,NLLS,0.03453573814295257,-1.8340707554660538
nordholt_bac,NLLS,0.035270541082164326,-1.8728617209913851
nordholt_bac,NLLS,0.03600534402137608,-1.9116373551825983
nordholt_bac,NLLS,0.03674014696058784,-1.9503971650607497
nordholt_bac,NLLS,0.037474949899799596,-1.9891406423121933
nordholt_bac,NLLS,0.03820975283901135,-2.0278672628458483
nordholt_bac,NLLS,0.03894455577822311,-2.066576486339945
nordholt_bac,NLLS,0.039679358717434866,-2.1052677557782067
nordholt_bac,NLLS,0.04041416165664662,-2.1439404969753713
nordholt_bac,NLLS,0.04114896459585838,-2.182594118091961
nordholt_bac,NLLS,0.041883767535070136,-2.2212280091383083
nordholt_bac,NLLS,0.04261857047428189,-2.2598415414677557
nordholt_bac,NLLS,0.04335337341349365,-2.298434067259026
nordholt_bac,NLLS,0.044088176352705406,-2.3370049189877697
nordholt_bac,NLLS,0.04482297929191716,-2.3755534088873387
nordholt_bac,NLLS,0.04555778223112892,-2.414078828398738
nordholt_bac,NLLS,0.046292585170340676,-2.452580447609969
nordholt_bac,NLLS,0.04702738810955243,-2.491057514684702
nordholt_bac,NLLS,0.04776219104876419,-2.5295092552805483
nordholt_bac,NLLS,0.048496993987975946,-2.5679348719569504
nordholt_bac,NLLS,0.0492317969271877,-2.606333543572968
nordholt_bac,NLLS,0.04996659986639946,-2.6447044246751337
nordholt_bac,NLLS,0.050701402805611216,-2.6830466448756374
nordholt_bac,NLLS,0.05143620574482297,-2.7213593082211625
nordholt_bac,NLLS,0.05217100868403473,-2.75964149255264
nordholt_bac,NLLS,0.052905811623246486,-2.7978922488563676
nordholt_bac,NLLS,0.05364061456245824,-2.836110600606897
nordholt_bac,NLLS,0.05437541750167,-2.87429554310214
nordholt_bac,NLLS,0.055110220440881756,-2.912446042791237
nordholt_bac,NLLS,0.05584502338009351,-2.950561036595786
nordholt_bac,NLLS,0.05657982631930527,-2.9886394312250637
nordholt_bac,NLLS,0.057314629258517026,-3.0266801024858956
nordholt_bac,NLLS,0.05804943219772878,-3.0646818945880265
nordholt_bac,NLLS,0.05878423513694054,-3.1026436194457765
nordholt_bac,NLLS,0.059519038076152296,-3.140564055976856
nordholt_bac,NLLS,0.06025384101536405,-3.178441949399445
nordholt_bac,NLLS,0.06098864395457581,-3.2162760105284
nordholt_bac,NLLS,0.061723446893787566,-3.254064915072011
nordholt_bac,NLLS,0.06245824983299932,-3.2918073029301955
nordholt_bac,NLLS,0.06319305277221109,-3.3295017774957856
nordholt_bac,NLLS,0.06392785571142284,-3.3671469049600664
nordholt_bac,NLLS,0.0646626586506346,-3.4047412136242547
nordholt_bac,NLLS,0.06539746158984636,-3.4422831932183477
nordholt_bac,NLLS,0.06613226452905811,-3.479771294229226
nordholt_bac,NLLS,0.06686706746826987,-3.51720392723975
nordholt_bac,NLLS,0.06760187040748163,-3.554579462280716
nordholt_bac,NLLS,0.06833667334669338,-3.591896228197821
nordholt_bac,NLLS,0.06907147628590514,-3.6291525120357866
nordholt_bac,NLLS,0.0698062792251169,-3.6663465584417017
nordholt_bac,NLLS,0.07054108216432865,-3.703476569090332
nordholt_bac,NLLS,0.07127588510354041,-3.740540702133581
nordholt_bac,NLLS,0.07201068804275217,-3.777537071676907
nordholt_bac,NLLS,0.07274549098196392,-3.814463747285376
nordholt_bac,NLLS,0.07348029392117568,-3.8513187535223543
nordholt_bac,NLLS,0.07421509686038744,-3.8881000695235963
nordholt_bac,NLLS,0.07494989979959919,-3.924805628610119
nordholt_bac,NLLS,0.07568470273881095,-3.9614333179429355
nordholt_bac,NLLS,0.0764195056780227,-3.9979809782231013
nordholt_bac,NLLS,0.07715430861723446,-4.034446403440503
nordholt_bac,NLLS,0.07788911155644622,-4.070827340674943
nordholt_bac,NLLS,0.07862391449565798,-4.107121489953343
nordholt_bac,NLLS,0.07935871743486973,-4.14332650416686
nordholt_bac,NLLS,0.08009352037408149,-4.17943998905229
nordholt_bac,NLLS,0.08082832331329325,-4.215459503237564
nordholt_bac,NLLS,0.081563126252505,-4.251382558366587
nordholt_bac,NLLS,0.08229792919171676,-4.28720661929244
nordholt_bac,NLLS,0.08303273213092852,-4.322929104354402
nordholt_bac,NLLS,0.08376753507014027,-4.3585473857385715
nordholt_bac,NLLS,0.08450233800935203,-4.394058789927068
nordholt_bac,NLLS,0.08523714094856379,-4.429460598240051
nordholt_bac,NLLS,0.08597194388777554,-4.464750047474877
nordholt_bac,NLLS,0.0867067468269873,-4.499924330646585
nordholt_bac,NLLS,0.08744154976619906,-4.534980597833858
nordholt_bac,NLLS,0.08817635270541081,-4.569915957134744
nordholt_bac,NLLS,0.08891115564462257,-4.604727475735986
nordholt_bac,NLLS,0.08964595858383433,-4.639412181099927
nordholt_bac,NLLS,0.09038076152304608,-4.673967062272896
nordholt_bac,NLLS,0.09111556446225784,-4.708389071318471
nordholt_bac,NLLS,0.0918503674014696,-4.742675124879153
nordholt_bac,NLLS,0.09258517034068135,-4.77682210586961
nordholt_bac,NLLS,0.09331997327989311,-4.810826865304286
nordholt_bac,NLLS,0.09405477621910487,-4.84468622426219
nordholt_bac,NLLS,0.09478957915831662,-4.878396975990889
nordholt_bac,NLLS,0.09552438209752838,-4.911955888151805
nordholt_bac,NLLS,0.09625918503674014,-4.945359705208247
nordholt_bac,NLLS,0.09699398797595189,-4.978605150957228
nordholt_bac,NLLS,0.09772879091516365,-5.0116889312057245
nordholt_bac,NLLS,0.0984635938543754,-5.044607736591396
nordholt_bac,NLLS,0.09919839679358716,-5.077358245547399
nordholt_bac,NLLS,0.09993319973279892,-5.109937127410161
nordholt_bac,NLLS,0.10066800267201068,-5.142341045668548
nordholt_bac,NLLS,0.10140280561122243,-5.174566661352164
nordholt_bac,NLLS,0.10213760855043419,-5.206610636555746
nordholt_bac,NLLS,0.10287241148964595,-5.2384696380961016
nordholt_bac,NLLS,0.1036072144288577,-5.270140341297213
nordholt_bac,NLLS,0.10434201736806946,-5.301619433898385
nordholt_bac,NLLS,0.10507682030728122,-5.332903620079592
nordholt_bac,NLLS,0.10581162324649297,-5.363989624597457
nordholt_bac,NLLS,0.10654642618570473,-5.394874197024448
nordholt_bac,NLLS,0.10728122912491649,-5.425554116083059
nordholt_bac,NLLS,0.10801603206412824,-5.456026194066215
nordholt_bac,NLLS,0.10875083500334,-5.486287281333952
nordholt_bac,NLLS,0.10948563794255176,-5.5163342708762215
nordholt_bac,NLLS,0.11022044088176351,-5.546164102930316
nordholt_bac,NLLS,0.11095524382097527,-5.57577376964132
nordholt_bac,NLLS,0.11169004676018703,-5.60516031975283
nordholt_bac,NLLS,0.11242484969939878,-5.634320863314853
nordholt_bac,NLLS,0.11315965263861054,-5.663252576395078
nordholt_bac,NLLS,0.1138944555778223,-5.691952705779319
nordholt_bac,NLLS,0.11462925851703405,-5.720418573646185
nordholt_bac,NLLS,0.11536406145624581,-5.748647582200966
nordholt_bac,NLLS,0.11609886439545757,-5.7766372182532235
nordholt_bac,NLLS,0.11683366733466932,-5.804385057722173
nordholt_bac,NLLS,0.11756847027388108,-5.83188877005418
nordholt_bac,NLLS,0.11830327321309284,-5.859146122536145
nordholt_bac,NLLS,0.11903807615230459,-5.886154984488911
nordholt_bac,NLLS,0.11977287909151635,-5.912913331324768
nordholt_bac,NLLS,0.1205076820307281,-5.939419248453285
nordholt_bac,NLLS,0.12124248496993986,-5.96567093502017
nordholt_bac,NLLS,0.12197728790915162,-5.991666707464152
nordholt_bac,NLLS,0.12271209084836338,-6.017405002877351
nordholt_bac,NLLS,0.12344689378757513,-6.042884382155125
nordholt_bac,NLLS,0.12418169672678689,-6.068103532922447
nordholt_bac,NLLS,0.12491649966599865,-6.093061272224169
nordholt_bac,NLLS,0.1256513026052104,-6.117756548967571
nordholt_bac,NLLS,0.12638610554442217,-6.142188446106932
nordholt_bac,NLLS,0.12712090848363392,-6.166356182560074
nordholt_bac,NLLS,0.12785571142284569,-6.1902591148488675
nordholt_bac,NLLS,0.12859051436205743,-6.213896738456232
nordholt_bac,NLLS,0.1293253173012692,-6.237268688893358
nordholt_bac,NLLS,0.13006012024048094,-6.260374742472911
nordholt_bac,NLLS,0.1307949231796927,-6.28321481678407
nordholt_bac,NLLS,0.13152972611890446,-6.305788970867873
nordholt_bac,NLLS,0.13226452905811623,-6.328097405091581
nordholt_bac,NLLS,0.13299933199732797,-6.35014046072302
nordholt_bac,NLLS,0.13373413493653974,-6.371918619206507
nordholt_bac,NLLS,0.13446893787575148,-6.393432501143826
nordholt_bac,NLLS,0.13520374081496325,-6.414682864984778
nordholt_bac,NLLS,0.135938543754175,-6.435670605433078
nordholt_bac,NLLS,0.13667334669338677,-6.456396751574804
nordholt_bac,NLLS,0.1374081496325985,-6.476862464737579
nordholt_bac,NLLS,0.13814295257181028,-6.497069036089832
nordholt_bac,NLLS,0.13887775551102202,-6.517017883990766
nordholt_bac,NLLS,0.1396125584502338,-6.536710551102186
nordholt_bac,NLLS,0.14034736138944554,-6.556148701274619
nordholt_bac,NLLS,0.1410821643286573,-6.575334116220811
nordholt_bac,NLLS,0.14181696726786905,-6.594268691990358
nordholt_bac,NLLS,0.14255177020708082,-6.61295443525989
nordholt_bac,NLLS,0.14328657314629256,-6.631393459453743
nordholt_bac,NLLS,0.14402137608550433,-6.649587980710482
nordholt_bac,NLLS,0.14475617902471608,-6.667540313710815
nordholt_bac,NLLS,0.14549098196392785,-6.685252867382967
nordholt_bac,NLLS,0.1462257849031396,-6.702728140501303
nordholt_bac,NLLS,0.14696058784235136,-6.719968717194295
nordholt_bac,NLLS,0.1476953907815631,-6.736977262377826
nordholt_bac,NLLS,0.14843019372077487,-6.753756517129526
nordholt_bac,NLLS,0.14916499665998662,-6.770309294019748
nordholt_bac,NLLS,0.14989979959919839,-6.786638472414415
nordholt_bac,NLLS,0.15063460253841013,-6.802746993764467
nordholt_bac,NLLS,0.1513694054776219,-6.81863785689652
nordholt_bac,NLLS,0.15210420841683364,-6.834314113318298
nordholt_bac,NLLS,0.1528390113560454,-6.849778862552365
nordholt_bac,NLLS,0.15357381429525715,-6.865035247510729
nordholt_bac,NLLS,0.15430861723446893,-6.880086449922181
nordholt_bac,NLLS,0.15504342017368067,-6.894935685824032
nordholt_bac,NLLS,0.15577822311289244,-6.909586201128341
nordholt_bac,NLLS,0.15651302605210418,-6.924041267272881
nordholt_bac,NLLS,0.15724782899131595,-6.93830417696565
nordholt_bac,NLLS,0.1579826319305277,-6.952378240031346
nordholt_bac,NLLS,0.15871743486973947,-6.966266779367193
nordholt_bac,NLLS,0.1594522378089512,-6.979973127015418
nordholt_bac,NLLS,0.16018704074816298,-6.993500620355982
nordholt_bac,NLLS,0.16092184368737472,-7.00685259843031
nordholt_bac,NLLS,0.1616566466265865,-7.0200323983932815
nordholt_bac,NLLS,0.16239144956579823,-7.033043352102572
nordholt_bac,NLLS,0.16312625250501,-7.045888782846356
nordholt_bac,NLLS,0.16386105544422175,-7.058572002211981
nordholt_bac,NLLS,0.16459585838343352,-7.071096307097501
nordholt_bac,NLLS,0.16533066132264526,-7.083464976867058
nordholt_bac,NLLS,0.16606546426185703,-7.095681270650769
nordholt_bac,NLLS,0.16680026720106877,-7.1077484247890625
nordholt_bac,NLLS,0.16753507014028055,-7.1196696504209385
nordholt_bac,NLLS,0.1682698730794923,-7.131448131215204
nordholt_bac,NLLS,0.16900467601870406,-7.143087021243202
nordholt_bac,NLLS,0.1697394789579158,-7.154589442991232
nordholt_bac,NLLS,0.17047428189712757,-7.165958485510391
nordholt_bac,NLLS,0.17120908483633931,-7.177197202701356
nordholt_bac,NLLS,0.17194388777555109,-7.188308611731161
nordholt_bac,NLLS,0.17267869071476283,-7.199295691578939
nordholt_bac,NLLS,0.1734134936539746,-7.210161381707164
nordholt_bac,NLLS,0.17414829659318634,-7.220908580854923
nordholt_bac,NLLS,0.1748830995323981,-7.231540145949396
nordholt_bac,NLLS,0.17561790247160985,-7.242058891131686
nordholt_bac,NLLS,0.17635270541082163,-7.2524675868929664
nordholt_bac,NLLS,0.17708750835003337,-7.262768959316866
nordholt_bac,NLLS,0.17782231128924514,-7.272965689423857
nordholt_bac,NLLS,0.17855711422845688,-7.2830604126134775
nordholt_bac,NLLS,0.17929191716766865,-7.2930557182000975
nordholt_bac,NLLS,0.1800267201068804,-7.302954149037939
nordholt_bac,NLLS,0.18076152304609217,-7.312758201231157
nordholt_bac,NLLS,0.1814963259853039,-7.322470323924688
nordholt_bac,NLLS,0.18223112892451568,-7.332092919171709
nordholt_bac,NLLS,0.18296593186372742,-7.341628341873563
nordholt_bac,NLLS,0.1837007348029392,-7.3510788997880665
nordholt_bac,NLLS,0.18443553774215093,-7.36044685360223
nordholt_bac,NLLS,0.1851703406813627,-7.369734417065441
nordholt_bac,NLLS,0.18590514362057445,-7.37894375717933
nordholt_bac,NLLS,0.18663994655978622,-7.388076994440602
nordholt_bac,NLLS,0.18737474949899796,-7.397136203133174
nordholt_bac,NLLS,0.18810955243820973,-7.4061234116661945
nordholt_bac,NLLS,0.1888443553774215,-7.4150406029545035
nordholt_bac,NLLS,0.18957915831663325,-7.4238897148382925
nordholt_bac,NLLS,0.19031396125584502,-7.432672640538821
nordholt_bac,NLLS,0.19104876419505676,-7.44139122914717
nordholt_bac,NLLS,0.19178356713426853,-7.450047286143113
nordholt_bac,NLLS,0.19251837007348027,-7.458642573941355
nordholt_bac,NLLS,0.19325317301269204,-7.467178812462486
nordholt_bac,NLLS,0.19398797595190378,-7.475657679726099
nordholt_bac,NLLS,0.19472277889111556,-7.4840808124636755
nordholt_bac,NLLS,0.1954575818303273,-7.492449806748956
nordholt_bac,NLLS,0.19619238476953907,-7.500766218643625
nordholt_bac,NLLS,0.1969271877087508,-7.50903156485622
nordholt_bac,NLLS,0.19766199064796258,-7.517247323412387
nordholt_bac,NLLS,0.19839679358717432,-7.525414934334555
nordholt_bac,NLLS,0.1991315965263861,-7.5335358003294095
nordholt_bac,NLLS,0.19986639946559784,-7.541611287481434
nordholt_bac,NLLS,0.2006012024048096,-7.549642725951074
nordholt_bac,NLLS,0.20133600534402135,-7.5576314106760645
nordholt_bac,NLLS,0.20207080828323312,-7.565578602074577
nordholt_bac,NLLS,0.20280561122244486,-7.573485526748961
nordholt_bac,NLLS,0.20354041416165664,-7.581353378188912
nordholt_bac,NLLS,0.20427521710086838,-7.589183317473004
nordholt_bac,NLLS,0.20501002004008015,-7.596976473967554
nordholt_bac,NLLS,0.2057448229792919,-7.604733946021952
nordholt_bac,NLLS,0.20647962591850366,-7.6124568016595715
nordholt_bac,NLLS,0.2072144288577154,-7.620146079263476
nordholt_bac,NLLS,0.20794923179692718,-7.627802788256252
nordholt_bac,NLLS,0.20868403473613892,-7.635427909773259
nordholt_bac,NLLS,0.2094188376753507,-7.643022397328766
nordholt_bac,NLLS,0.21015364061456243,-7.650587177474376
nordholt_bac,NLLS,0.2108884435537742,-7.658123150449315
nordholt_bac,NLLS,0.21162324649298594,-7.665631190822114
nordholt_bac,NLLS,0.21235804943219772,-7.673112148123301
nordholt_bac,NLLS,0.21309285237140946,-7.680566847468791
nordholt_bac,NLLS,0.21382765531062123,-7.687996090173642
nordholt_bac,NLLS,0.21456245824983297,-7.695400654355927
nordholt_bac,NLLS,0.21529726118904474,-7.702781295530523
nordholt_bac,NLLS,0.21603206412825648,-7.71013874719257
nordholt_bac,NLLS,0.21676686706746826,-7.717473721390515
nordholt_bac,NLLS,0.21750167000668,-7.72478690928857
nordholt_bac,NLLS,0.21823647294589177,-7.732078981718483
nordholt_bac,NLLS,0.2189712758851035,-7.739350589720567
nordholt_bac,NLLS,0.21970607882431528,-7.746602365073951
nordholt_bac,NLLS,0.22044088176352702,-7.753834920815982
nordholt_bac,NLLS,0.2211756847027388,-7.761048851750813
nordholt_bac,NLLS,0.22191048764195054,-7.768244734947178
nordholt_bac,NLLS,0.2226452905811623,-7.775423130225383
nordholt_bac,NLLS,0.22338009352037405,-7.782584580633559
nordholt_bac,NLLS,0.22411489645958582,-7.789729612913242
nordholt_bac,NLLS,0.22484969939879756,-7.796858737954355
nordholt_bac,NLLS,0.22558450233800934,-7.803972451239686
nordholt_bac,NLLS,0.22631930527722108,-7.811071233278954
nordholt_bac,NLLS,0.22705410821643285,-7.8181555500325555
nordholt_bac,NLLS,0.2277889111556446,-7.825225853325161
nordholt_bac,NLLS,0.22852371409485636,-7.83228258124922
nordholt_bac,NLLS,0.2292585170340681,-7.839326158558568
nordholt_bac,NLLS,0.22999331997327987,-7.846356997052228
nordholt_bac,NLLS,0.23072812291249162,-7.853375495948601
nordholt_bac,NLLS,0.2314629258517034,-7.860382042250141
nordholt_bac,NLLS,0.23219772879091513,-7.867377011098709
nordholt_bac,NLLS,0.2329325317301269,-7.874360766121764
nordholt_bac,NLLS,0.23366733466933864,-7.8813336597695205
nordholt_bac,NLLS,0.23440213760855041,-7.8882960336432735
nordholt_bac,NLLS,0.23513694054776216,-7.895248218815027
nordholt_bac,NLLS,0.23587174348697393,-7.902190536138623
nordholt_bac,NLLS,0.23660654642618567,-7.909123296552514
nordholt_bac,NLLS,0.23734134936539744,-7.9160468013743515
nordholt_bac,NLLS,0.23807615230460918,-7.922961342587581
nordholt_bac,NLLS,0.23881095524382095,-7.929867203120201
nordholt_bac,NLLS,0.2395457581830327,-7.9367646571158295
nordholt_bac,NLLS,0.24028056112224447,-7.9436539701973
nordholt_bac,NLLS,0.2410153640614562,-7.950535399722899
nordholt_bac,NLLS,0.24175016700066798,-7.957409195035467
nordholt_bac,NLLS,0.24248496993987972,-7.964275597704479
nordholt_bac,NLLS,0.2432197728790915,-7.971134841761286
nordholt_bac,NLLS,0.24395457581830324,-7.977987153927714
nordholt_bac,NLLS,0.244689378757515,-7.984832753838113
nordholt_bac,NLLS,0.24542418169672675,-7.991671854255073
nordholt_bac,NLLS,0.24615898463593852,-7.998504661278951
nordholt_bac,NLLS,0.24689378757515026,-8.005331374551334
nordholt_bac,NLLS,0.24762859051436203,-8.012152187452626
nordholt_bac,NLLS,0.24836339345357378,-8.018967287293892
nordholt_bac,NLLS,0.24909819639278555,-8.025776855503114
nordholt_bac,NLLS,0.2498329993319973,-8.032581067805982
nordholt_bac,NLLS,0.25056780227120906,-8.039380094401398
nordholt_bac,NLLS,0.2513026052104208,-8.046174100131804
nordholt_bac,NLLS,0.25203740814963255,-8.052963244648492
nordholt_bac,NLLS,0.25277221108884435,-8.059747682571993
nordholt_bac,NLLS,0.2535070140280561,-8.066527563647739
nordholt_bac,NLLS,0.25424181696726783,-8.073303032897059
nordholt_bac,NLLS,0.2549766199064796,-8.080074230763692
nordholt_bac,NLLS,0.25571142284569137,-8.086841293255903
nordholt_bac,NLLS,0.2564462257849031,-8.09360435208434
nordholt_bac,NLLS,0.25718102872411486,-8.10036353479574
nordholt_bac,NLLS,0.2579158316633266,-8.107118964902623
nordholt_bac,NLLS,0.2586506346025384,-8.11387076200905
nordholt_bac,NLLS,0.25938543754175014,-8.1206190419326
nordholt_bac,NLLS,0.2601202404809619,-8.12736391682261
nordholt_bac,NLLS,0.2608550434201736,-8.134105495274877
nordholt_bac,NLLS,0.2615898463593854,-8.140843882442823
nordholt_bac,NLLS,0.26232464929859717,-8.147579180145295
nordholt_bac,NLLS,0.2630594522378089,-8.154311486971057
nordholt_bac,NLLS,0.26379425517702065,-8.161040898380119
nordholt_bac,NLLS,0.26452905811623245,-8.16776750680191
nordholt_bac,NLLS,0.2652638610554442,-8.174491401730496
nordholt_bac,NLLS,0.26599866399465594,-8.181212669816807
nordholt_bac,NLLS,0.2667334669338677,-8.1879313949581
nordholt_bac,NLLS,0.2674682698730795,-8.194647658384598
nordholt_bac,NLLS,0.2682030728122912,-8.201361538743495
nordholt_bac,NLLS,0.26893787575150296,-8.208073112180351
nordholt_bac,NLLS,0.2696726786907147,-8.214782452417976
nordholt_bac,NLLS,0.2704074816299265,-8.221489630832858
nordholt_bac,NLLS,0.27114228456913825,-8.228194716529236
nordholt_bac,NLLS,0.27187708750835,-8.23489777641086
nordholt_bac,NLLS,0.27261189044756173,-8.241598875250533
nordholt_bac,NLLS,0.27334669338677353,-8.248298075757477
nordholt_bac,NLLS,0.2740814963259853,-8.254995438642606
nordholt_bac,NLLS,0.274816299265197,-8.261691022681772
nordholt_bac,NLLS,0.27555110220440876,-8.26838488477702
nordholt_bac,NLLS,0.27628590514362056,-8.275077080015949
nordholt_bac,NLLS,0.2770207080828323,-8.281767661729198
nordholt_bac,NLLS,0.27775551102204404,-8.288456681546148
nordholt_bac,NLLS,0.2784903139612558,-8.295144189448878
nordholt_bac,NLLS,0.2792251169004676,-8.301830233824415
nordholt_bac,NLLS,0.2799599198396793,-8.308514861515373
nordholt_bac,NLLS,0.28069472277889107,-8.315198117868972
nordholt_bac,NLLS,0.2814295257181028,-8.321880046784536
nordholt_bac,NLLS,0.2821643286573146,-8.328560690759495
nordholt_bac,NLLS,0.28289913159652635,-8.335240090933942
nordholt_bac,NLLS,0.2836339345357381,-8.341918287133769
nordholt_bac,NLLS,0.2843687374749499,-8.348595317912475
nordholt_bac,NLLS,0.28510354041416164,-8.355271220591636
nordholt_bac,NLLS,0.2858383433533734,-8.361946031300096
nordholt_bac,NLLS,0.2865731462925851,-8.36861978501194
nordholt_bac,NLLS,0.2873079492317969,-8.375292515583252
nordholt_bac,NLLS,0.28804275217100866,-8.381964255787718
nordholt_bac,NLLS,0.2887775551102204,-8.388635037351097
nordholt_bac,NLLS,0.28951235804943215,-8.39530489098462
nordholt_bac,NLLS,0.29024716098864395,-8.401973846417308
nordholt_bac,NLLS,0.2909819639278557,-8.40864193242729
nordholt_bac,NLLS,0.29171676686706743,-8.415309176872114
nordholt_bac,NLLS,0.2924515698062792,-8.421975606718101
nordholt_bac,NLLS,0.293186372745491,-8.428641248068779
nordholt_bac,NLLS,0.2939211756847027,-8.435306126192398
nordholt_bac,NLLS,0.29465597862391446,-8.44197026554858
nordholt_bac,NLLS,0.2953907815631262,-8.448633689814145
nordholt_bac,NLLS,0.296125584502338,-8.45529642190807
nordholt_bac,NLLS,0.29686038744154974,-8.461958484015698
nordholt_bac,NLLS,0.2975951903807615,-8.46861989761217
nordholt_bac,NLLS,0.29832999331997323,-8.475280683485085
nordholt_bac,NLLS,0.29906479625918503,-8.48194086175648
nordholt_bac,NLLS,0.29979959919839677,-8.48860045190408
nordholt_bac,NLLS,0.3005344021376085,-8.495259472781889
nordholt_bac,NLLS,0.30126920507682026,-8.501917942640116
nordholt_bac,NLLS,0.30200400801603206,-8.50857587914448
nordholt_bac,NLLS,0.3027388109552438,-8.515233299394888
nordholt_bac,NLLS,0.30347361389445554,-8.521890219943508
nordholt_bac,NLLS,0.3042084168336673,-8.528546656812312
nordholt_bac,NLLS,0.3049432197728791,-8.53520262551
nordholt_bac,NLLS,0.3056780227120908,-8.54185814104843
nordholt_bac,NLLS,0.30641282565130257,-8.548513217958506
nordholt_bac,NLLS,0.3071476285905143,-8.555167870305555
nordholt_bac,NLLS,0.3078824315297261,-8.561822111704224
nordholt_bac,NLLS,0.30861723446893785,-8.568475955332913
nordholt_bac,NLLS,0.3093520374081496,-8.575129413947705
nordholt_bac,NLLS,0.31008684034736134,-8.581782499895905
nordholt_bac,NLLS,0.31082164328657313,-8.588435225129103
nordholt_bac,NLLS,0.3115564462257849,-8.595087601215859
nordholt_bac,NLLS,0.3122912491649966,-8.60173963935394
nordholt_bac,NLLS,0.31302605210420836,-8.608391350382213
nordholt_bac,NLLS,0.31376085504342016,-8.615042744792115
nordholt_bac,NLLS,0.3144956579826319,-8.621693832738778
nordholt_bac,NLLS,0.31523046092184365,-8.62834462405182
nordholt_bac,NLLS,0.3159652638610554,-8.634995128245736
nordholt_bac,NLLS,0.3167000668002672,-8.641645354530006
nordholt_bac,NLLS,0.31743486973947893,-8.648295311818869
nordholt_bac,NLLS,0.3181696726786907,-8.654945008740762
nordholt_bac,NLLS,0.3189044756179024,-8.661594453647487
nordholt_bac,NLLS,0.3196392785571142,-8.66824365462307
nordholt_bac,NLLS,0.32037408149632596,-8.67489261949233
nordholt_bac,NLLS,0.3211088844355377,-8.681541355829195
nordholt_bac,NLLS,0.32184368737474944,-8.688189870964734
nordholt_bac,NLLS,0.32257849031396124,-8.694838171994936
nordholt_bac,NLLS,0.323313293253173,-8.701486265788246
nordholt_bac,NLLS,0.3240480961923847,-8.70813415899285
nordholt_bac,NLLS,0.32478289913159647,-8.714781858043741
nordholt_bac,NLLS,0.32551770207080827,-8.721429369169552
nordholt_bac,NLLS,0.32625250501002,-8.728076698399152
nordholt_bac,NLLS,0.32698730794923175,-8.734723851568068
nordholt_bac,NLLS,0.3277221108884435,-8.741370834324675
nordholt_bac,NLLS,0.3284569138276553,-8.74801765213619
nordholt_bac,NLLS,0.32919171676686704,-8.754664310294482
nordholt_bac,NLLS,0.3299265197060788,-8.761310813921694
nordholt_bac,NLLS,0.3306613226452905,-8.767957167975679
nordholt_bac,NLLS,0.3313961255845023,-8.774603377255277
nordholt_bac,NLLS,0.33213092852371406,-8.781249446405392
nordholt_bac,NLLS,0.3328657314629258,-8.78789537992195
nordholt_bac,NLLS,0.33360053440213755,-8.794541182156665
nordholt_bac,NLLS,0.33433533734134935,-8.801186857321657
nordholt_bac,NLLS,0.3350701402805611,-8.807832409493937
nordholt_bac,NLLS,0.33580494321977283,-8.814477842619734
nordholt_bac,NLLS,0.3365397461589846,-8.821123160518688
nordholt_bac,NLLS,0.3372745490981964,-8.827768366887918
nordholt_bac,NLLS,0.3380093520374081,-8.834413465305929
nordholt_bac,NLLS,0.33874415497661986,-8.841058459236443
nordholt_bac,NLLS,0.3394789579158316,-8.84770335203206
nordholt_bac,NLLS,0.3402137608550434,-8.854348146937825
nordholt_bac,NLLS,0.34094856379425514,-8.86099284709469
nordholt_bac,NLLS,0.3416833667334669,-8.867637455542832
nordholt_bac,NLLS,0.34241816967267863,-8.874281975224902
nordholt_bac,NLLS,0.34315297261189043,-8.88092640898914
nordholt_bac,NLLS,0.34388777555110217,-8.887570759592409
nordholt_bac,NLLS,0.3446225784903139,-8.894215029703133
nordholt_bac,NLLS,0.34535738142952566,-8.900859221904119
nordholt_bac,NLLS,0.34609218436873745,-8.907503338695307
nordholt_bac,NLLS,0.3468269873079492,-8.914147382496438
nordholt_bac,NLLS,0.34756179024716094,-8.920791355649618
nordholt_bac,NLLS,0.3482965931863727,-8.927435260421804
nordholt_bac,NLLS,0.3490313961255845,-8.934079099007223
nordholt_bac,NLLS,0.3497661990647962,-8.940722873529701
nordholt_bac,NLLS,0.35050100200400797,-8.947366586044925
nordholt_bac,NLLS,0.3512358049432197,-8.954010238542619
nordholt_bac,NLLS,0.3519706078824315,-8.960653832948672
nordholt_bac,NLLS,0.35270541082164325,-8.967297371127179
nordholt_bac,NLLS,0.353440213760855,-8.973940854882423
nordholt_bac,NLLS,0.35417501670006674,-8.980584285960795
nordholt_bac,NLLS,0.35490981963927853,-8.987227666052654
nordholt_bac,NLLS,0.3556446225784903,-8.993870996794117
nordholt_bac,NLLS,0.356379425517702,-9.000514279768812
nordholt_bac,NLLS,0.35711422845691376,-9.007157516509542
nordholt_bac,NLLS,0.35784903139612556,-9.013800708499938
nordholt_bac,NLLS,0.3585838343353373,-9.020443857176023
nordholt_bac,NLLS,0.35931863727454905,-9.027086963927738
nordholt_bac,NLLS,0.3600534402137608,-9.03373003010043
nordholt_bac,NLLS,0.3607882431529726,-9.040373056996277
nordholt_bac,NLLS,0.36152304609218433,-9.047016045875665
nordholt_bac,NLLS,0.3622578490313961,-9.053658997958548
nordholt_bac,NLLS,0.3629926519706078,-9.060301914425727
nordholt_bac,NLLS,0.3637274549098196,-9.066944796420119
nordholt_bac,NLLS,0.36446225784903136,-9.07358764504796
nordholt_bac,NLLS,0.3651970607882431,-9.080230461379996
nordholt_bac,NLLS,0.36593186372745484,-9.086873246452608
nordholt_bac,NLLS,0.36666666666666664,-9.093516001268927
nordholt_bac,NN,0.0,8.760353553682876e-17
nordholt_bac,NN,0.0007348029392117568,-0.037131302385874206
nordholt_bac,NN,0.0014696058784235135,-0.0742630353089882
nordholt_bac,NN,0.0022044088176352704,-0.11139514403193151
nordholt_bac,NN,0.002939211756847027,-0.14852757272491862
nordholt_bac,NN,0.0036740146960587837,-0.18566026442183592
nordholt_bac,NN,0.004408817635270541,-0.22279316097490756
nordholt_bac,NN,0.0051436205744822975,-0.25992620300793773
nordholt_bac,NN,0.005878423513694054,-0.2970593298680775
nordholt_bac,NN,0.006613226452905811,-0.33419247957607184
nordholt_bac,NN,0.007348029392117567,-0.37132558877493776
nordholt_bac,NN,0.008082832331329325,-0.4084585926770176
nordholt_bac,NN,0.008817635270541082,-0.4455914250093601
nordholt_bac,NN,0.009552438209752838,-0.4827240179573701
nordholt_bac,NN,0.010287241148964595,-0.5198563021066768
nordholt_bac,NN,0.011022044088176352,-0.5569882063831534
nordholt_bac,NN,0.011756847027388108,-0.5941196579910395
nordholt_bac,NN,0.012491649966599865,-0.6312505823490969
nordholt_bac,NN,0.013226452905811622,-0.6683809030247386
nordholt_bac,NN,0.013961255845023378,-0.7055105416660664
nordholt_bac,NN,0.014696058784235135,-0.7426394179317494
nordholt_bac,NN,0.015430861723446892,-0.779767449418674
nordholt_bac,NN,0.01616566466265865,-0.8168945515872951
nordholt_bac,NN,0.016900467601870407,-0.8540206376846163
nordholt_bac,NN,0.017635270541082163,-0.8911456186647221
nordholt_bac,NN,0.01837007348029392,-0.9282694031067862
nordholt_bac,NN,0.019104876419505677,-0.9653918971304752
nordholt_bac,NN,0.019839679358717433,-1.0025130043086679
nordholt_bac,NN,0.02057448229792919,-1.039632625577402
nordholt_bac,NN,0.021309285237140946,-1.0767506591429696
nordholt_bac,NN,0.022044088176352703,-1.1138670003860611
nordholt_bac,NN,0.02277889111556446,-1.1509815417628773
nordholt_bac,NN,0.023513694054776216,-1.188094172703109
nordholt_bac,NN,0.024248496993987973,-1.2252047795046919
nordholt_bac,NN,0.02498329993319973,-1.2623132452252304
nordholt_bac,NN,0.025718102872411486,-1.2994194495699996
nordholt_bac,NN,0.026452905811623243,-1.3365232687764126
nordholt_bac,NN,0.027187708750835,-1.3736245754948484
nordholt_bac,NN,0.027922511690046756,-1.4107232386657325
nordholt_bac,NN,0.028657314629258513,-1.4478191233927535
nordholt_bac,NN,0.02939211756847027,-1.4849120908121036
nordholt_bac,NN,0.030126920507682026,-1.5220019979576236
nordholt_bac,NN,0.030861723446893783,-1.5590886976217313
nordholt_bac,NN,0.03159652638610554,-1.5961720382120046
nordholt_bac,NN,0.0323313293253173,-1.6332518636033015
nordholt_bac,NN,0.033066132264529056,-1.670328012985277
nordholt_bac,NN,0.03380093520374081,-1.7074003207051676
nordholt_bac,NN,0.03453573814295257,-1.74446861610571
nordholt_bac,NN,0.035270541082164326,-1.7815327233580478
nordholt_bac,NN,0.03600534402137608,-1.8185924612894901
nordholt_bac,NN,0.03674014696058784,-1.8556476432059712
nordholt_bac,NN,0.037474949899799596,-1.892698076709071
nordholt_bac,NN,0.03820975283901135,-1.929743563507432
nordholt_bac,NN,0.03894455577822311,-1.9667838992224342
nordholt_bac,NN,0.039679358717434866,-2.003818873187951
nordholt_bac,NN,0.04041416165664662,-2.040848268244051
nordholt_bac,NN,0.04114896459585838,-2.077871860524453
nordholt_bac,NN,0.041883767535070136,-2.1148894192375978
nordholt_bac,NN,0.04261857047428189,-2.151900706441144
nordholt_bac,NN,0.04335337341349365,-2.188905476809732
nordholt_bac,NN,0.044088176352705406,-2.2259034773958346
nordholt_bac,NN,0.04482297929191716,-2.262894447383525
nordholt_bac,NN,0.04555778223112892,-2.299878117834972
nordholt_bac,NN,0.046292585170340676,-2.336854211429502
nordholt_bac,NN,0.04702738810955243,-2.373822442195018
nordholt_bac,NN,0.04776219104876419,-2.410782515231621
nordholt_bac,NN,0.048496993987975946,-2.447734126427228
nordholt_bac,NN,0.0492317969271877,-2.4846769621650058
nordholt_bac,NN,0.04996659986639946,-2.5216106990224367
nordholt_bac,NN,0.050701402805611216,-2.5585350034618237
nordholt_bac,NN,0.05143620574482297,-2.5954495315120445
nordholt_bac,NN,0.05217100868403473,-2.632353928441376
nordholt_bac,NN,0.052905811623246486,-2.669247828421184
nordholt_bac,NN,0.05364061456245824,-2.7061308541803095
nordholt_bac,NN,0.05437541750167,-2.7430026166499513
nordholt_bac,NN,0.055110220440881756,-2.779862714598867
nordholt_bac,NN,0.05584502338009351,-2.8167107342587046
nordholt_bac,NN,0.05657982631930527,-2.853546248939294
nordholt_bac,NN,0.057314629258517026,-2.890368818633719
nordholt_bac,NN,0.05804943219772878,-2.9271779896129897
nordholt_bac,NN,0.05878423513694054,-2.963973294010158
nordholt_bac,NN,0.059519038076152296,-3.0007542493937187
nordholt_bac,NN,0.06025384101536405,-3.0375203583301245
nordholt_bac,NN,0.06098864395457581,-3.074271107935288
nordholt_bac,NN,0.061723446893787566,-3.111005969414912
nordholt_bac,NN,0.06245824983299932,-3.1477243975935374
nordholt_bac,NN,0.06319305277221109,-3.184425830432172
nordholt_bac,NN,0.06392785571142284,-3.2211096885344044
nordholt_bac,NN,0.0646626586506346,-3.257775374640906
nordholt_bac,NN,0.06539746158984636,-3.294422273112233
nordholt_bac,NN,0.06613226452905811,-3.331049749399876
nordholt_bac,NN,0.06686706746826987,-3.367657149505494
nordholt_bac,NN,0.06760187040748163,-3.4042437994283175
nordholt_bac,NN,0.06833667334669338,-3.4408090046007076
nordholt_bac,NN,0.06907147628590514,-3.4773520493118673
nordholt_bac,NN,0.0698062792251169,-3.513872196119778
nordholt_bac,NN,0.07054108216432865,-3.5503686852513834
nordholt_bac,NN,0.07127588510354041,-3.586840733991145
nordholt_bac,NN,0.07201068804275217,-3.6232875360580583
nordholt_bac,NN,0.07274549098196392,-3.659708260971321
nordholt_bac,NN,0.07348029392117568,-3.6961020534048026
nordholt_bac,NN,0.07421509686038744,-3.732468032530567
nordholt_bac,NN,0.07494989979959919,-3.768805291351701
nordholt_bac,NN,0.07568470273881095,-3.805112896024769
nordholt_bac,NN,0.0764195056780227,-3.841389885172224
nordholt_bac,NN,0.07715430861723446,-3.8776352691852067
nordholt_bac,NN,0.07788911155644622,-3.913848029517165
nordholt_bac,NN,0.07862391449565798,-3.950027117968808
nordholt_bac,NN,0.07935871743486973,-3.986171455964966
nordholt_bac,NN,0.08009352037408149,-4.0222799338239845
nordholt_bac,NN,0.08082832331329325,-4.0583514100203315
nordholt_bac,NN,0.081563126252505,-4.094384710441206
nordholt_bac,NN,0.08229792919171676,-4.130378627637952
nordholt_bac,NN,0.08303273213092852,-4.1663319200732225
nordholt_bac,NN,0.08376753507014027,-4.202243311364846
nordholt_bac,NN,0.08450233800935203,-4.238111489527512
nordholt_bac,NN,0.08523714094856379,-4.273935106213401
nordholt_bac,NN,0.08597194388777554,-4.309712775953043
nordholt_bac,NN,0.0867067468269873,-4.345443075397733
nordholt_bac,NN,0.08744154976619906,-4.381124542564978
nordholt_bac,NN,0.08817635270541081,-4.416755676088506
nordholt_bac,NN,0.08891115564462257,-4.452334934474531
nordholt_bac,NN,0.08964595858383433,-4.487860735366011
nordholt_bac,NN,0.09038076152304608,-4.523331454816835
nordholt_bac,NN,0.09111556446225784,-4.558745426577902
nordholt_bac,NN,0.0918503674014696,-4.594100941397289
nordholt_bac,NN,0.09258517034068135,-4.629396246336687
nordholt_bac,NN,0.09331997327989311,-4.664629544106571
nordholt_bac,NN,0.09405477621910487,-4.699798992422579
nordholt_bac,NN,0.09478957915831662,-4.734902703385779
nordholt_bac,NN,0.09552438209752838,-4.769938742889587
nordholt_bac,NN,0.09625918503674014,-4.804905130056317
nordholt_bac,NN,0.09699398797595189,-4.8397998367063675
nordholt_bac,NN,0.09772879091516365,-4.874620786863312
nordholt_bac,NN,0.0984635938543754,-4.909365856298193
nordholt_bac,NN,0.09919839679358716,-4.944032872116545
nordholt_bac,NN,0.09993319973279892,-4.978619612391725
nordholt_bac,NN,0.10066800267201068,-5.013123805848348
nordholt_bac,NN,0.10140280561122243,-5.047543131599679
nordholt_bac,NN,0.10213760855043419,-5.081875218943017
nordholt_bac,NN,0.10287241148964595,-5.116117647217193
nordholt_bac,NN,0.1036072144288577,-5.150267945726399
nordholt_bac,NN,0.10434201736806946,-5.18432359373477
nordholt_bac,NN,0.10507682030728122,-5.218282020536078
nordholt_bac,NN,0.10581162324649297,-5.252140605603126
nordholt_bac,NN,0.10654642618570473,-5.285896678821437
nordholt_bac,NN,0.10728122912491649,-5.319547520811886
nordholt_bac,NN,0.10801603206412824,-5.353090363346982
nordholt_bac,NN,0.10875083500334,-5.386522389865564
nordholt_bac,NN,0.10948563794255176,-5.419840736090607
nordholt_bac,NN,0.11022044088176351,-5.453042490754904
nordholt_bac,NN,0.11095524382097527,-5.486124696439294
nordholt_bac,NN,0.11169004676018703,-5.519084350528089
nordholt_bac,NN,0.11242484969939878,-5.551918406286221
nordholt_bac,NN,0.11315965263861054,-5.584623774062577
nordholt_bac,NN,0.1138944555778223,-5.617197322623783
nordholt_bac,NN,0.11462925851703405,-5.649635880622582
nordholt_bac,NN,0.11536406145624581,-5.681936238204687
nordholt_bac,NN,0.11609886439545757,-5.7140951487578
nordholt_bac,NN,0.11683366733466932,-5.746109330806176
nordholt_bac,NN,0.11756847027388108,-5.777975470053797
nordholt_bac,NN,0.11830327321309284,-5.809690221578903
nordholt_bac,NN,0.11903807615230459,-5.84125021218216
nordholt_bac,NN,0.11977287909151635,-5.872652042890413
nordholt_bac,NN,0.1205076820307281,-5.903892291617389
nordholt_bac,NN,0.12124248496993986,-5.9349675159822715
nordholt_bac,NN,0.12197728790915162,-5.965874256286513
nordholt_bac,NN,0.12271209084836338,-5.9966090386486135
nordholt_bac,NN,0.12344689378757513,-6.027168378295965
nordholt_bac,NN,0.12418169672678689,-6.05754878301225
nordholt_bac,NN,0.12491649966599865,-6.087746756738097
nordholt_bac,NN,0.1256513026052104,-6.117758803321978
nordholt_bac,NN,0.12638610554442217,-6.1475814304176035
nordholt_bac,NN,0.12712090848363392,-6.1772111535232
nordholt_bac,NN,0.12785571142284569,-6.206644500157283
nordholt_bac,NN,0.12859051436205743,-6.2358780141646495
nordholt_bac,NN,0.1293253173012692,-6.264908260145515
nordholt_bac,NN,0.13006012024048094,-6.293731827999779
nordholt_bac,NN,0.1307949231796927,-6.322345337577577
nordholt_bac,NN,0.13152972611890446,-6.350745443426367
nordholt_bac,NN,0.13226452905811623,-6.378928839624005
nordholt_bac,NN,0.13299933199732797,-6.406892264686278
nordholt_bac,NN,0.13373413493653974,-6.43463250653671
nordholt_bac,NN,0.13446893787575148,-6.462146407525473
nordholt_bac,NN,0.13520374081496325,-6.489430869483659
nordholt_bac,NN,0.135938543754175,-6.516482858798265
nordholt_bac,NN,0.13667334669338677,-6.543299411492744
nordholt_bac,NN,0.1374081496325985,-6.5698776382972435
nordholt_bac,NN,0.13814295257181028,-6.596214729692202
nordholt_bac,NN,0.13887775551102202,-6.622307960908468
nordholt_bac,NN,0.1396125584502338,-6.648154696866724
nordholt_bac,NN,0.14034736138944554,-6.673752397038748
nordholt_bac,NN,0.1410821643286573,-6.699098620212788
nordholt_bac,NN,0.14181696726786905,-6.724191029145285
nordholt_bac,NN,0.14255177020708082,-6.749027395081158
nordholt_bac,NN,0.14328657314629256,-6.773605602124973
nordholt_bac,NN,0.14402137608550433,-6.797923651445583
nordholt_bac,NN,0.14475617902471608,-6.821979665297121
nordholt_bac,NN,0.14549098196392785,-6.84577189083973
nordholt_bac,NN,0.1462257849031396,-6.869298703743919
nordholt_bac,NN,0.14696058784235136,-6.892558611563203
nordholt_bac,NN,0.1476953907815631,-6.915550256860384
nordholt_bac,NN,0.14843019372077487,-6.938272420073802
nordholt_bac,NN,0.14916499665998662,-6.960724022110806
nordholt_bac,NN,0.14989979959919839,-6.982904126656902
nordholt_bac,NN,0.15063460253841013,-7.004811942190066
nordholt_bac,NN,0.1513694054776219,-7.026446823691115
nordholt_bac,NN,0.15210420841683364,-7.04780827404227
nordholt_bac,NN,0.1528390113560454,-7.068895945107468
nordholt_bac,NN,0.15357381429525715,-7.089709638489436
nordholt_bac,NN,0.15430861723446893,-7.110249305960007
nordholt_bac,NN,0.15504342017368067,-7.1305150495616685
nordholt_bac,NN,0.15577822311289244,-7.150507121379887
nordholt_bac,NN,0.15651302605210418,-7.17022592298725
nordholt_bac,NN,0.15724782899131595,-7.189672004562014
nordholt_bac,NN,0.1579826319305277,-7.208846063685153
nordholt_bac,NN,0.15871743486973947,-7.2277489438214415
nordholt_bac,NN,0.1594522378089512,-7.246381632491575
nordholt_bac,NN,0.16018704074816298,-7.264745259143663
nordholt_bac,NN,0.16092184368737472,-7.282841092733778
nordholt_bac,NN,0.1616566466265865,-7.300670539026434
nordholt_bac,NN,0.16239144956579823,-7.318235137627027
nordholt_bac,NN,0.16312625250501,-7.335536558759376
nordholt_bac,NN,0.16386105544422175,-7.35257659980238
nordholt_bac,NN,0.16459585838343352,-7.369357181600723
nordholt_bac,NN,0.16533066132264526,-7.385880344565297
nordholt_bac,NN,0.16606546426185703,-7.402148244579643
nordholt_bac,NN,0.16680026720106877,-7.418163148729229
nordholt_bac,NN,0.16753507014028055,-7.433927430870807
nordholt_bac,NN,0.1682698730794923,-7.449443567059408
nordholt_bac,NN,0.16900467601870406,-7.464714130850649
nordholt_bac,NN,0.1697394789579158,-7.479741788496206
nordholt_bac,NN,0.17047428189712757,-7.494529294050162
nordholt_bac,NN,0.17120908483633931,-7.509079484403911
nordholt_bac,NN,0.17194388777555109,-7.523395274266955
nordholt_bac,NN,0.17267869071476283,-7.537479651110735
nordholt_bac,NN,0.1734134936539746,-7.551335670092075
nordholt_bac,NN,0.17414829659318634,-7.56496644897247
nordholt_bac,NN,0.1748830995323981,-7.578375163048787
nordholt_bac,NN,0.17561790247160985,-7.5915650401103605
nordholt_bac,NN,0.17635270541082163,-7.604539355436773
nordholt_bac,NN,0.17708750835003337,-7.6173014268498696
nordholt_bac,NN,0.17782231128924514,-7.629854609832784
nordholt_bac,NN,0.17855711422845688,-7.642202292727929
nordholt_bac,NN,0.17929191716766865,-7.654347892025112
nordholt_bac,NN,0.1800267201068804,-7.666294847749981
nordholt_bac,NN,0.18076152304609217,-7.6780466189622745
nordholt_bac,NN,0.1814963259853039,-7.68960667937233
nordholt_bac,NN,0.18223112892451568,-7.700978513083559
nordholt_bac,NN,0.18296593186372742,-7.71216561046762
nordholt_bac,NN,0.1837007348029392,-7.723171464178268
nordholt_bac,NN,0.18443553774215093,-7.733999565308912
nordholt_bac,NN,0.1851703406813627,-7.744653399698214
nordholt_bac,NN,0.18590514362057445,-7.755136444387155
nordholt_bac,NN,0.18663994655978622,-7.765452164230333
nordholt_bac,NN,0.18737474949899796,-7.775604008663451
nordholt_bac,NN,0.18810955243820973,-7.785595408628314
nordholt_bac,NN,0.1888443553774215,-7.795429773655958
nordholt_bac,NN,0.18957915831663325,-7.805110489107928
nordholt_bac,NN,0.19031396125584502,-7.814640913575159
nordholt_bac,NN,0.19104876419505676,-7.824024376433327
nordholt_bac,NN,0.19178356713426853,-7.833264175553099
nordholt_bac,NN,0.19251837007348027,-7.8423635751632
nordholt_bac,NN,0.19325317301269204,-7.851325803863821
nordholt_bac,NN,0.19398797595190378,-7.860154052787504
nordholt_bac,NN,0.19472277889111556,-7.868851473904325
nordholt_bac,NN,0.1954575818303273,-7.877421178467845
nordholt_bac,NN,0.19619238476953907,-7.8858662355981
nordholt_bac,NN,0.1969271877087508,-7.894189670997601
nordholt_bac,NN,0.19766199064796258,-7.902394465796182
nordholt_bac,NN,0.19839679358717432,-7.910483555520344
nordholt_bac,NN,0.1991315965263861,-7.918459829182597
nordholt_bac,NN,0.19986639946559784,-7.92632612848623
nordholt_bac,NN,0.2006012024048096,-7.9340852471408505
nordholt_bac,NN,0.20133600534402135,-7.941739930283975
nordholt_bac,NN,0.20207080828323312,-7.949292874003938
nordholt_bac,NN,0.20280561122244486,-7.9567467249593875
nordholt_bac,NN,0.20354041416165664,-7.964104080090625
nordholt_bac,NN,0.20427521710086838,-7.971367486418107
nordholt_bac,NN,0.20501002004008015,-7.978539440923479
nordholt_bac,NN,0.2057448229792919,-7.985622390508532
nordholt_bac,NN,0.20647962591850366,-7.992618732027612
nordholt_bac,NN,0.2072144288577154,-7.999530812389058
nordholt_bac,NN,0.20794923179692718,-8.006360928721355
nordholt_bac,NN,0.20868403473613892,-8.013111328599816
nordholt_bac,NN,0.2094188376753507,-8.01978421032968
nordholt_bac,NN,0.21015364061456243,-8.026381723281697
nordholt_bac,NN,0.2108884435537742,-8.032905968276323
nordholt_bac,NN,0.21162324649298594,-8.039358998012862
nordholt_bac,NN,0.21235804943219772,-8.045742817539958
nordholt_bac,NN,0.21309285237140946,-8.052059384764007
nordholt_bac,NN,0.21382765531062123,-8.058310610992221
nordholt_bac,NN,0.21456245824983297,-8.064498361507132
nordholt_bac,NN,0.21529726118904474,-8.0706244561696
nordholt_bac,NN,0.21603206412825648,-8.076690670047384
nordholt_bac,NN,0.21676686706746826,-8.082698734066549
nordholt_bac,NN,0.21750167000668,-8.088650335683127
nordholt_bac,NN,0.21823647294589177,-8.09454711957255
nordholt_bac,NN,0.2189712758851035,-8.100390688334498
nordholt_bac,NN,0.21970607882431528,-8.106182603210982
nordholt_bac,NN,0.22044088176352702,-8.111924384815538
nordholt_bac,NN,0.2211756847027388,-8.117617513871599
nordholt_bac,NN,0.22191048764195054,-8.123263431958195
nordholt_bac,NN,0.2226452905811623,-8.128863542261215
nordholt_bac,NN,0.22338009352037405,-8.134419210328645
nordholt_bac,NN,0.22411489645958582,-8.139931764828262
nordholt_bac,NN,0.22484969939879756,-8.14540249830636
nordholt_bac,NN,0.22558450233800934,-8.150832667946172
nordholt_bac,NN,0.22631930527722108,-8.15622349632484
nordholt_bac,NN,0.22705410821643285,-8.161576172167711
nordholt_bac,NN,0.2277889111556446,-8.166891851098999
nordholt_bac,NN,0.22852371409485636,-8.172171656387793
nordholt_bac,NN,0.2292585170340681,-8.177416679688566
nordholt_bac,NN,0.22999331997327987,-8.182627981775353
nordholt_bac,NN,0.23072812291249162,-8.1878065932689
nordholt_bac,NN,0.2314629258517034,-8.192953515356058
nordholt_bac,NN,0.23219772879091513,-8.198069720500877
nordholt_bac,NN,0.2329325317301269,-8.20315615314682
nordholt_bac,NN,0.23366733466933864,-8.208213730409613
nordholt_bac,NN,0.23440213760855041,-8.213243342760316
nordholt_bac,NN,0.23513694054776216,-8.218245854698209
nordholt_bac,NN,0.23587174348697393,-8.223222105413166
nordholt_bac,NN,0.23660654642618567,-8.22817290943724
nordholt_bac,NN,0.23734134936539744,-8.233099057285175
nordholt_bac,NN,0.23807615230460918,-8.238001316083679
nordholt_bac,NN,0.23881095524382095,-8.242880430189233
nordholt_bac,NN,0.2395457581830327,-8.247737121794346
nordholt_bac,NN,0.24028056112224447,-8.252572091522106
nordholt_bac,NN,0.2410153640614562,-8.257386019008973
nordholt_bac,NN,0.24175016700066798,-8.26217956347574
nordholt_bac,NN,0.24248496993987972,-8.266953364286667
nordholt_bac,NN,0.2432197728790915,-8.271708041496748
nordholt_bac,NN,0.24395457581830324,-8.276444196387132
nordholt_bac,NN,0.244689378757515,-8.281162411988783
nordholt_bac,NN,0.24542418169672675,-8.285863253594353
nordholt_bac,NN,0.24615898463593852,-8.290547269258424
nordholt_bac,NN,0.24689378757515026,-8.295214990286116
nordholt_bac,NN,0.24762859051436203,-8.29986693171026
nordholt_bac,NN,0.24836339345357378,-8.304503592757172
nordholt_bac,NN,0.24909819639278555,-8.309125457301153
nordholt_bac,NN,0.2498329993319973,-8.313732994307925
nordholt_bac,NN,0.25056780227120906,-8.318326658267043
nordholt_bac,NN,0.2513026052104208,-8.322906889613511
nordholt_bac,NN,0.25203740814963255,-8.327474115138715
nordholt_bac,NN,0.25277221108884435,-8.332028748390867
nordholt_bac,NN,0.2535070140280561,-8.336571190065094
nordholt_bac,NN,0.25424181696726783,-8.341101828383383
nordholt_bac,NN,0.2549766199064796,-8.34562103946453
nordholt_bac,NN,0.25571142284569137,-8.350129187684292
nordholt_bac,NN,0.2564462257849031,-8.354626626025912
nordholt_bac,NN,0.25718102872411486,-8.359113696421208
nordholt_bac,NN,0.2579158316633266,-8.363590730082418
nordholt_bac,NN,0.2586506346025384,-8.368058047824984
nordholt_bac,NN,0.25938543754175014,-8.37251596038145
nordholt_bac,NN,0.2601202404809619,-8.376964768706692
nordholt_bac,NN,0.2608550434201736,-8.38140476427464
nordholt_bac,NN,0.2615898463593854,-8.385836229366694
nordholt_bac,NN,0.26232464929859717,-8.390259437352032
nordholt_bac,NN,0.2630594522378089,-8.394674652959962
nordholt_bac,NN,0.26379425517702065,-8.399082132544537
nordholt_bac,NN,0.26452905811623245,-8.403482124341602
nordholt_bac,NN,0.2652638610554442,-8.407874868718453
nordholt_bac,NN,0.26599866399465594,-8.412260598416294
nordholt_bac,NN,0.2667334669338677,-8.416639538785654
nordholt_bac,NN,0.2674682698730795,-8.421011908014968
nordholt_bac,NN,0.2682030728122912,-8.425377917352463
nordholt_bac,NN,0.26893787575150296,-8.429737771321545
nordholt_bac,NN,0.2696726786907147,-8.434091667929824
nordholt_bac,NN,0.2704074816299265,-8.438439798871983
nordholt_bac,NN,0.27114228456913825,-8.44278234972661
nordholt_bac,NN,0.27187708750835,-8.447119500147192
nordholt_bac,NN,0.27261189044756173,-8.451451424047388
nordholt_bac,NN,0.27334669338677353,-8.455778289780772
nordholt_bac,NN,0.2740814963259853,-8.460100260315158
nordholt_bac,NN,0.274816299265197,-8.464417493401704
nordholt_bac,NN,0.27555110220440876,-8.468730141738865
nordholt_bac,NN,0.27628590514362056,-8.473038353131434
nordholt_bac,NN,0.2770207080828323,-8.47734227064471
nordholt_bac,NN,0.27775551102204404,-8.481642032754
nordholt_bac,NN,0.2784903139612558,-8.485937773489546
nordholt_bac,NN,0.2792251169004676,-8.490229622577049
nordholt_bac,NN,0.2799599198396793,-8.494517705573838
nordholt_bac,NN,0.28069472277889107,-8.498802144000916
nordholt_bac,NN,0.2814295257181028,-8.50308305547089
nordholt_bac,NN,0.2821643286573146,-8.507360553812
nordholt_bac,NN,0.28289913159652635,-8.51163474918829
nordholt_bac,NN,0.2836339345357381,-8.515905748216078
nordholt_bac,NN,0.2843687374749499,-8.520173654076801
nordholt_bac,NN,0.28510354041416164,-8.524438566626369
nordholt_bac,NN,0.2858383433533734,-8.528700582501111
nordholt_bac,NN,0.2865731462925851,-8.532959795220425
nordholt_bac,NN,0.2873079492317969,-8.537216295286226
nordholt_bac,NN,0.28804275217100866,-8.541470170279279
nordholt_bac,NN,0.2887775551102204,-8.54572150495253
nordholt_bac,NN,0.28951235804943215,-8.549970381321511
nordholt_bac,NN,0.29024716098864395,-8.554216878751898
nordholt_bac,NN,0.2909819639278557,-8.558461074044336
nordholt_bac,NN,0.29171676686706743,-8.562703041516578
nordholt_bac,NN,0.2924515698062792,-8.566942853083058
nordholt_bac,NN,0.293186372745491,-8.571180578331937
nordholt_bac,NN,0.2939211756847027,-8.57541628459973
nordholt_bac,NN,0.29465597862391446,-8.579650037043569
nordholt_bac,NN,0.2953907815631262,-8.583881898711192
nordholt_bac,NN,0.296125584502338,-8.588111930608703
nordholt_bac,NN,0.29686038744154974,-8.59234019176618
nordholt_bac,NN,0.2975951903807615,-8.596566739301233
nordholt_bac,NN,0.29832999331997323,-8.600791628480513
nordholt_bac,NN,0.29906479625918503,-8.605014912779279
nordholt_bac,NN,0.29979959919839677,-8.609236643939068
nordholt_bac,NN,0.3005344021376085,-8.613456872023544
nordholt_bac,NN,0.30126920507682026,-8.617675645472545
nordholt_bac,NN,0.30200400801603206,-8.621893011154425
nordholt_bac,NN,0.3027388109552438,-8.626109014416718
nordholt_bac,NN,0.30347361389445554,-8.630323699135195
nordholt_bac,NN,0.3042084168336673,-8.634537107761336
nordholt_bac,NN,0.3049432197728791,-8.638749281368307
nordholt_bac,NN,0.3056780227120908,-8.642960259695448
nordholt_bac,NN,0.30641282565130257,-8.647170081191355
nordholt_bac,NN,0.3071476285905143,-8.651378783055563
nordholt_bac,NN,0.3078824315297261,-8.65558640127891
nordholt_bac,NN,0.30861723446893785,-8.659792970682595
nordholt_bac,NN,0.3093520374081496,-8.663998524956
nordholt_bac,NN,0.31008684034736134,-8.668203096693277
nordholt_bac,NN,0.31082164328657313,-8.672406717428776
nordholt_bac,NN,0.3115564462257849,-8.676609417671328
nordholt_bac,NN,0.3122912491649966,-8.680811226937433
nordholt_bac,NN,0.31302605210420836,-8.685012173783374
nordholt_bac,NN,0.31376085504342016,-8.689212285836296
nordholt_bac,NN,0.3144956579826319,-8.693411589824303
nordholt_bac,NN,0.31523046092184365,-8.697610111605554
nordholt_bac,NN,0.3159652638610554,-8.701807876196462
nordholt_bac,NN,0.3167000668002672,-8.706004907798947
nordholt_bac,NN,0.31743486973947893,-8.710201229826835
nordholt_bac,NN,0.3181696726786907,-8.714396864931398
nordholt_bac,NN,0.3189044756179024,-8.718591835026068
nordholt_bac,NN,0.3196392785571142,-8.72278616131036
nordholt_bac,NN,0.32037408149632596,-8.72697986429302
nordholt_bac,NN,0.3211088844355377,-8.731172963814416
nordholt_bac,NN,0.32184368737474944,-8.735365479068228
nordholt_bac,NN,0.32257849031396124,-8.739557428622417
nordholt_bac,NN,0.323313293253173,-8.743748830439527
nordholt_bac,NN,0.3240480961923847,-8.747939701896325
nordholt_bac,NN,0.32478289913159647,-8.752130059802813
nordholt_bac,NN,0.32551770207080827,-8.75631992042062
nordholt_bac,NN,0.32625250501002,-8.760509299480795
nordholt_bac,NN,0.32698730794923175,-8.764698212201044
nordholt_bac,NN,0.3277221108884435,-8.76888667330238
nordholt_bac,NN,0.3284569138276553,-8.773074697025258
nordholt_bac,NN,0.32919171676686704,-8.777262297145176
nordholt_bac,NN,0.3299265197060788,-8.781449486987775
nordholt_bac,NN,0.3306613226452905,-8.785636279443452
nordholt_bac,NN,0.3313961255845023,-8.789822686981486
nordholt_bac,NN,0.33213092852371406,-8.794008721663731
nordholt_bac,NN,0.3328657314629258,-8.798194395157841
nordholt_bac,NN,0.33360053440213755,-8.80237971875008
nordholt_bac,NN,0.33433533734134935,-8.806564703357715
nordholt_bac,NN,0.3350701402805611,-8.810749359540997
nordholt_bac,NN,0.33580494321977283,-8.814933697514778
nordholt_bac,NN,0.3365397461589846,-8.819117727159723
nordholt_bac,NN,0.3372745490981964,-8.823301458033171
nordholt_bac,NN,0.3380093520374081,-8.827484899379645
nordholt_bac,NN,0.33874415497661986,-8.831668060141025
nordholt_bac,NN,0.3394789579158316,-8.835850948966376
nordholt_bac,NN,0.3402137608550434,-8.840033574221476
nordholt_bac,NN,0.34094856379425514,-8.844215943998009
nordholt_bac,NN,0.3416833667334669,-8.848398066122499
nordholt_bac,NN,0.34241816967267863,-8.852579948164909
nordholt_bac,NN,0.34315297261189043,-8.85676159744699
nordholt_bac,NN,0.34388777555110217,-8.860943021050357
nordholt_bac,NN,0.3446225784903139,-8.86512422582429
nordholt_bac,NN,0.34535738142952566,-8.869305218393286
nordholt_bac,NN,0.34609218436873745,-8.873486005164377
nordholt_bac,NN,0.3468269873079492,-8.877666592334196
nordholt_bac,NN,0.34756179024716094,-8.881846985895814
nordholt_bac,NN,0.3482965931863727,-8.88602719164537
nordholt_bac,NN,0.3490313961255845,-8.890207215188473
nordholt_bac,NN,0.3497661990647962,-8.894387061946388
nordholt_bac,NN,0.35050100200400797,-8.89856673716204
nordholt_bac,NN,0.3512358049432197,-8.902746245905815
nordholt_bac,NN,0.3519706078824315,-8.906925593081167
nordholt_bac,NN,0.35270541082164325,-8.911104783430051
nordholt_bac,NN,0.353440213760855,-8.915283821538164
nordholt_bac,NN,0.35417501670006674,-8.91946271184005
nordholt_bac,NN,0.35490981963927853,-8.923641458623987
nordholt_bac,NN,0.3556446225784903,-8.92782006603677
nordholt_bac,NN,0.356379425517702,-8.931998538088292
nordholt_bac,NN,0.35711422845691376,-8.936176878656013
nordholt_bac,NN,0.35784903139612556,-8.94035509148926
nordholt_bac,NN,0.3585838343353373,-8.944533180213389
nordholt_bac,NN,0.35931863727454905,-8.948711148333823
nordholt_bac,NN,0.3600534402137608,-8.952888999239955
nordholt_bac,NN,0.3607882431529726,-8.957066736208914
nordholt_bac,NN,0.36152304609218433,-8.961244362409218
nordholt_bac,NN,0.3622578490313961,-8.96542188090432
nordholt_bac,NN,0.3629926519706078,-8.969599294655993
nordholt_bac,NN,0.3637274549098196,-8.973776606527673
nordholt_bac,NN,0.36446225784903136,-8.977953819287633
nordholt_bac,NN,0.3651970607882431,-8.982130935612084
nordholt_bac,NN,0.36593186372745484,-8.98630795808817
nordholt_bac,NN,0.36666666666666664,-8.990484889216864
nordholt_bac,PINN-network,0.0,8.760353553682876e-17
nordholt_bac,PINN-network,0.0007348029392117568,-0.03710314257054325
nordholt_bac,PINN-network,0.0014696058784235135,-0.07420673605346312
nordholt_bac,PINN-network,0.0022044088176352704,-0.1113107252367269
nordholt_bac,PINN-network,0.002939211756847027,-0.14841505324104537
nordholt_bac,PINN-network,0.0036740146960587837,-0.18551966146684526
nordholt_bac,PINN-network,0.004408817635270541,-0.22262448953985245
nordholt_bac,PINN-network,0.0051436205744822975,-0.2597294752552528
nordholt_bac,PINN-network,0.005878423513694054,-0.29683455452039303
nordholt_bac,PINN-network,0.006613226452905811,-0.33393966129598407
nordholt_bac,PINN-network,0.007348029392117567,-0.3710447275357682
nordholt_bac,PINN-network,0.008082832331329325,-0.40814968312461203
nordholt_bac,PINN-network,0.008817635270541082,-0.44525445581498146
nordholt_bac,PINN-network,0.009552438209752838,-0.48235897116176024
nordholt_bac,PINN-network,0.010287241148964595,-0.5194631524553671
nordholt_bac,PINN-network,0.011022044088176352,-0.5565669206531252
nordholt_bac,PINN-network,0.011756847027388108,-0.5936701943088434
nordholt_bac,PINN-network,0.012491649966599865,-0.6307728895005571
nordholt_bac,PINN-network,0.013226452905811622,-0.6678749197563826
nordholt_bac,PINN-network,0.013961255845023378,-0.7049761959784359
nordholt_bac,PINN-network,0.014696058784235135,-0.7420766263647635
nordholt_bac,PINN-network,0.015430861723446892,-0.779176116329231
nordholt_bac,PINN-network,0.01616566466265865,-0.8162745684193188
nordholt_bac,PINN-network,0.016900467601870407,-0.8533718822317667
nordholt_bac,PINN-network,0.017635270541082163,-0.8904679543260087
nordholt_bac,PINN-network,0.01837007348029392,-0.9275626781353414
nordholt_bac,PINN-network,0.019104876419505677,-0.964655943875762
nordholt_bac,PINN-network,0.019839679358717433,-1.0017476384524153
nordholt_bac,PINN-network,0.02057448229792919,-1.0388376453635841
nordholt_bac,PINN-network,0.021309285237140946,-1.0759258446021556
nordholt_bac,PINN-network,0.022044088176352703,-1.113012112554497
nordholt_bac,PINN-network,0.02277889111556446,-1.1500963218966638
nordholt_bac,PINN-network,0.023513694054776216,-1.1871783414878785
nordholt_bac,PINN-network,0.024248496993987973,-1.224258036261194
nordholt_bac,PINN-network,0.02498329993319973,-1.2613352671112683
nordholt_bac,PINN-network,0.025718102872411486,-1.2984098907791755
nordholt_bac,PINN-network,0.026452905811623243,-1.335481759734161
nordholt_bac,PINN-network,0.027187708750835,-1.3725507220522695
nordholt_bac,PINN-network,0.027922511690046756,-1.4096166212917458
nordholt_bac,PINN-network,0.028657314629258513,-1.4466792963651285
nordholt_bac,PINN-network,0.02939211756847027,-1.48373858140794
nordholt_bac,PINN-network,0.030126920507682026,-1.520794305643881
nordholt_bac,PINN-network,0.030861723446893783,-1.5578462932464312
nordholt_bac,PINN-network,0.03159652638610554,-1.594894363196752
nordholt_bac,PINN-network,0.0323313293253173,-1.631938329137796
nordholt_bac,PINN-network,0.033066132264529056,-1.668977999224511
nordholt_bac,PINN-network,0.03380093520374081,-1.706013175970036
nordholt_bac,PINN-network,0.03453573814295257,-1.7430436560877671
nordholt_bac,PINN-network,0.035270541082164326,-1.7800692303291916
nordholt_bac,PINN-network,0.03600534402137608,-1.8170896833173624
nordholt_bac,PINN-network,0.03674014696058784,-1.8541047933758958
nordholt_bac,PINN-network,0.037474949899799596,-1.8911143323533712
nordholt_bac,PINN-network,0.03820975283901135,-1.9281180654429968
nordholt_bac,PINN-network,0.03894455577822311,-1.9651157509974224
nordholt_bac,PINN-network,0.039679358717434866,-2.0021071403385555
nordholt_bac,PINN-network,0.04041416165664662,-2.03909197756225
nordholt_bac,PINN-network,0.04114896459585838,-2.0760699993377223
nordholt_bac,PINN-network,0.041883767535070136,-2.1130409347015613
nordholt_bac,PINN-network,0.04261857047428189,-2.150004504846169
nordholt_bac,PINN-network,0.04335337341349365,-2.1869604229024993
nordholt_bac,PINN-network,0.044088176352705406,-2.223908393716928
nordholt_bac,PINN-network,0.04482297929191716,-2.260848113622114
nordholt_bac,PINN-network,0.04555778223112892,-2.2977792702016697
nordholt_bac,PINN-network,0.046292585170340676,-2.3347015420485016
nordholt_bac,PINN-network,0.04702738810955243,-2.371614598516642
nordholt_bac,PINN-network,0.04776219104876419,-2.40851809946641
nordholt_bac,PINN-network,0.048496993987975946,-2.4454116950027274
nordholt_bac,PINN-network,0.0492317969271877,-2.482295025206421
nordholt_bac,PINN-network,0.04996659986639946,-2.5191677198583324
nordholt_bac,PINN-network,0.050701402805611216,-2.556029398156063
nordholt_bac,PINN-network,0.05143620574482297,-2.592879668423171
nordholt_bac,PINN-network,0.05217100868403473,-2.629718127810637
nordholt_bac,PINN-network,0.052905811623246486,-2.6665443619904265
nordholt_bac,PINN-network,0.05364061456245824,-2.7033579448409566
nordholt_bac,PINN-network,0.05437541750167,-2.740158438124286
nordholt_bac,PINN-network,0.055110220440881756,-2.7769453911548485
nordholt_bac,PINN-network,0.05584502338009351,-2.8137183404595416
nordholt_bac,PINN-network,0.05657982631930527,-2.8504768094289847
nordholt_bac,PINN-network,0.057314629258517026,-2.887220307959781
nordholt_bac,PINN-network,0.05804943219772878,-2.9239483320875754
nordholt_bac,PINN-network,0.05878423513694054,-2.9606603636107582
nordholt_bac,PINN-network,0.059519038076152296,-2.997355869704627
nordholt_bac,PINN-network,0.06025384101536405,-3.0340343025258356
nordholt_bac,PINN-network,0.06098864395457581,-3.070695098806963
nordholt_bac,PINN-network,0.061723446893787566,-3.107337679441047
nordholt_bac,PINN-network,0.06245824983299932,-3.143961449055933
nordholt_bac,PINN-network,0.06319305277221109,-3.1805657955782674
nordholt_bac,PINN-network,0.06392785571142284,-3.2171500897870264
nordholt_bac,PINN-network,0.0646626586506346,-3.2537136848564376
nordholt_bac,PINN-network,0.06539746158984636,-3.2902559158881672
nordholt_bac,PINN-network,0.06613226452905811,-3.326776099432687
nordholt_bac,PINN-network,0.06686706746826987,-3.363273532999717
nordholt_bac,PINN-network,0.06760187040748163,-3.399747494557665
nordholt_bac,PINN-network,0.06833667334669338,-3.4361972420220117
nordholt_bac,PINN-network,0.06907147628590514,-3.472622012732591
nordholt_bac,PINN-network,0.0698062792251169,-3.509021022919752
nordholt_bac,PINN-network,0.07054108216432865,-3.545393467159399
nordholt_bac,PINN-network,0.07127588510354041,-3.581738517816938
nordholt_bac,PINN-network,0.07201068804275217,-3.618055324480173
nordholt_bac,PINN-network,0.07274549098196392,-3.654343013381253
nordholt_bac,PINN-network,0.07348029392117568,-3.6906006868077608
nordholt_bac,PINN-network,0.07421509686038744,-3.7268274225031024
nordholt_bac,PINN-network,0.07494989979959919,-3.763022273056373
nordholt_bac,PINN-network,0.07568470273881095,-3.799184265281934
nordholt_bac,PINN-network,0.0764195056780227,-3.835312399588952
nordholt_bac,PINN-network,0.07715430861723446,-3.871405649341217
nordholt_bac,PINN-network,0.07788911155644622,-3.907462960207601
nordholt_bac,PINN-network,0.07862391449565798,-3.943483249503568
nordholt_bac,PINN-network,0.07935871743486973,-3.979465405524196
nordholt_bac,PINN-network,0.08009352037408149,-4.015408286869255
nordholt_bac,PINN-network,0.08082832331329325,-4.051310721760905
nordholt_bac,PINN-network,0.081563126252505,-4.087171507354707
nordholt_bac,PINN-network,0.08229792919171676,-4.122989409044628
nordholt_bac,PINN-network,0.08303273213092852,-4.158763159762902
nordholt_bac,PINN-network,0.08376753507014027,-4.194491459275578
nordholt_bac,PINN-network,0.08450233800935203,-4.230172973474751
nordholt_bac,PINN-network,0.08523714094856379,-4.2658063336685315
nordholt_bac,PINN-network,0.08597194388777554,-4.301390135869888
nordholt_bac,PINN-network,0.0867067468269873,-4.33692294008562
nordholt_bac,PINN-network,0.08744154976619906,-4.372403269606813
nordholt_bac,PINN-network,0.08817635270541081,-4.407829610302214
nordholt_bac,PINN-network,0.08891115564462257,-4.443200409916112
nordholt_bac,PINN-network,0.08964595858383433,-4.478514077372394
nordholt_bac,PINN-network,0.09038076152304608,-4.513768982086587
nordholt_bac,PINN-network,0.09111556446225784,-4.54896345328779
nordholt_bac,PINN-network,0.0918503674014696,-4.584095779352591
nordholt_bac,PINN-network,0.09258517034068135,-4.619164207153108
nordholt_bac,PINN-network,0.09331997327989311,-4.654166941421516
nordholt_bac,PINN-network,0.09405477621910487,-4.689102144133509
nordholt_bac,PINN-network,0.09478957915831662,-4.723967933913291
nordholt_bac,PINN-network,0.09552438209752838,-4.758762385462867
nordholt_bac,PINN-network,0.09625918503674014,-4.793483529018524
nordholt_bac,PINN-network,0.09699398797595189,-4.8281293498375515
nordholt_bac,PINN-network,0.09772879091516365,-4.862697787718389
nordholt_bac,PINN-network,0.0984635938543754,-4.897186736557588
nordholt_bac,PINN-network,0.09919839679358716,-4.931594043947033
nordholt_bac,PINN-network,0.09993319973279892,-4.965917510815126
nordholt_bac,PINN-network,0.10066800267201068,-5.000154891115707
nordholt_bac,PINN-network,0.10140280561122243,-5.034303891568637
nordholt_bac,PINN-network,0.10213760855043419,-5.068362171456191
nordholt_bac,PINN-network,0.10287241148964595,-5.102327342479385
nordholt_bac,PINN-network,0.1036072144288577,-5.13619696867869
nordholt_bac,PINN-network,0.10434201736806946,-5.16996856642351
nordholt_bac,PINN-network,0.10507682030728122,-5.203639604475073
nordholt_bac,PINN-network,0.10581162324649297,-5.237207504127386
nordholt_bac,PINN-network,0.10654642618570473,-5.270669639431018
nordholt_bac,PINN-network,0.10728122912491649,-5.304023337504594
nordholt_bac,PINN-network,0.10801603206412824,-5.337265878938859
nordholt_bac,PINN-network,0.10875083500334,-5.370394498298278
nordholt_bac,PINN-network,0.10948563794255176,-5.403406384725166
nordholt_bac,PINN-network,0.11022044088176351,-5.436298682651235
nordholt_bac,PINN-network,0.11095524382097527,-5.469068492621602
nordholt_bac,PINN-network,0.11169004676018703,-5.50171287223606
nordholt_bac,PINN-network,0.11242484969939878,-5.534228837212467
nordholt_bac,PINN-network,0.11315965263861054,-5.566613362576964
nordholt_bac,PINN-network,0.1138944555778223,-5.5988633839855675
nordholt_bac,PINN-network,0.11462925851703405,-5.630975799181535
nordholt_bac,PINN-network,0.11536406145624581,-5.662947469592698
nordholt_bac,PINN-network,0.11609886439545757,-5.694775222072692
nordholt_bac,PINN-network,0.11683366733466932,-5.72645585078973
nordholt_bac,PINN-network,0.11756847027388108,-5.757986119266266
nordholt_bac,PINN-network,0.11830327321309284,-5.789362762572487
nordholt_bac,PINN-network,0.11903807615230459,-5.820582489676185
nordholt_bac,PINN-network,0.11977287909151635,-5.851641985951118
nordholt_bac,PINN-network,0.1205076820307281,-5.882537915845443
nordholt_bac,PINN-network,0.12124248496993986,-5.91326692571126
nordholt_bac,PINN-network,0.12197728790915162,-5.943825646795753
nordholt_bac,PINN-network,0.12271209084836338,-5.974210698393753
nordholt_bac,PINN-network,0.12344689378757513,-6.0044186911608595
nordholt_bac,PINN-network,0.12418169672678689,-6.034446230585596
nordholt_bac,PINN-network,0.12491649966599865,-6.064289920618258
nordholt_bac,PINN-network,0.1256513026052104,-6.093946367453346
nordholt_bac,PINN-network,0.12638610554442217,-6.123412183461678
nordholt_bac,PINN-network,0.12712090848363392,-6.152683991267346
nordholt_bac,PINN-network,0.12785571142284569,-6.181758427963896
nordholt_bac,PINN-network,0.12859051436205743,-6.210632149463083
nordholt_bac,PINN-network,0.1293253173012692,-6.239301834968783
nordholt_bac,PINN-network,0.13006012024048094,-6.267764191567535
nordholt_bac,PINN-network,0.1307949231796927,-6.296015958926432
nordholt_bac,PINN-network,0.13152972611890446,-6.324053914087965
nordholt_bac,PINN-network,0.13226452905811623,-6.35187487635067
nordholt_bac,PINN-network,0.13299933199732797,-6.379475712223363
nordholt_bac,PINN-network,0.13373413493653974,-6.406853340439991
nordholt_bac,PINN-network,0.13446893787575148,-6.434004737021171
nordholt_bac,PINN-network,0.13520374081496325,-6.4609269403677985
nordholt_bac,PINN-network,0.135938543754175,-6.487617056371203
nordholt_bac,PINN-network,0.13667334669338677,-6.514072263523754
nordholt_bac,PINN-network,0.1374081496325985,-6.54028981801313
nordholt_bac,PINN-network,0.13814295257181028,-6.566267058782915
nordholt_bac,PINN-network,0.13887775551102202,-6.592001412541706
nordholt_bac,PINN-network,0.1396125584502338,-6.617490398702537
nordholt_bac,PINN-network,0.14034736138944554,-6.642731634234176
nordholt_bac,PINN-network,0.1410821643286573,-6.6677228384056155
nordholt_bac,PINN-network,0.14181696726786905,-6.6924618374050295
nordholt_bac,PINN-network,0.14255177020708082,-6.716946568814562
nordholt_bac,PINN-network,0.14328657314629256,-6.741175085922394
nordholt_bac,PINN-network,0.14402137608550433,-6.765145561853917
nordholt_bac,PINN-network,0.14475617902471608,-6.788856293504176
nordholt_bac,PINN-network,0.14549098196392785,-6.812305705254343
nordholt_bac,PINN-network,0.1462257849031396,-6.835492352455587
nordholt_bac,PINN-network,0.14696058784235136,-6.85841492466455
nordholt_bac,PINN-network,0.1476953907815631,-6.881072248615477
nordholt_bac,PINN-network,0.14843019372077487,-6.9034632909151386
nordholt_bac,PINN-network,0.14916499665998662,-6.925587160447701
nordholt_bac,PINN-network,0.14989979959919839,-6.9474431104780425
nordholt_bac,PINN-network,0.15063460253841013,-6.969030540443239
nordholt_bac,PINN-network,0.1513694054776219,-6.990348997423375
nordholt_bac,PINN-network,0.15210420841683364,-7.011398177284319
nordholt_bac,PINN-network,0.1528390113560454,-7.0321779254866055
nordholt_bac,PINN-network,0.15357381429525715,-7.052688237556172
nordholt_bac,PINN-network,0.15430861723446893,-7.072929259214288
nordholt_bac,PINN-network,0.15504342017368067,-7.0929012861656995
nordholt_bac,PINN-network,0.15577822311289244,-7.112604763545604
nordholt_bac,PINN-network,0.15651302605210418,-7.132040285027777
nordholt_bac,PINN-network,0.15724782899131595,-7.151208591597744
nordholt_bac,PINN-network,0.1579826319305277,-7.170110569996537
nordholt_bac,PINN-network,0.15871743486973947,-7.188747250842112
nordholt_bac,PINN-network,0.1594522378089512,-7.20711980643697
nordholt_bac,PINN-network,0.16018704074816298,-7.225229548272049
nordholt_bac,PINN-network,0.16092184368737472,-7.243077924238166
nordholt_bac,PINN-network,0.1616566466265865,-7.260666515557702
nordholt_bac,PINN-network,0.16239144956579823,-7.277997033450264
nordholt_bac,PINN-network,0.16312625250501,-7.295071315547224
nordholt_bac,PINN-network,0.16386105544422175,-7.311891322070879
nordholt_bac,PINN-network,0.16459585838343352,-7.3284591317949115
nordholt_bac,PINN-network,0.16533066132264526,-7.34477693780346
nordholt_bac,PINN-network,0.16606546426185703,-7.360847043066756
nordholt_bac,PINN-network,0.16680026720106877,-7.376671855851679
nordholt_bac,PINN-network,0.16753507014028055,-7.3922538849860135
nordholt_bac,PINN-network,0.1682698730794923,-7.407595734995291
nordholt_bac,PINN-network,0.16900467601870406,-7.422700101131281
nordholt_bac,PINN-network,0.1697394789579158,-7.4375697643111325
nordholt_bac,PINN-network,0.17047428189712757,-7.45220758598601
nordholt_bac,PINN-network,0.17120908483633931,-7.466616502957845
nordholt_bac,PINN-network,0.17194388777555109,-7.480799522162457
nordholt_bac,PINN-network,0.17267869071476283,-7.494759715436837
nordholt_bac,PINN-network,0.1734134936539746,-7.508500214287889
nordholt_bac,PINN-network,0.17414829659318634,-7.522024204679243
nordholt_bac,PINN-network,0.1748830995323981,-7.535334921852127
nordholt_bac,PINN-network,0.17561790247160985,-7.548435645195482
nordholt_bac,PINN-network,0.17635270541082163,-7.561329693179735
nordholt_bac,PINN-network,0.17708750835003337,-7.574020418367745
nordholt_bac,PINN-network,0.17782231128924514,-7.586511202515587
nordholt_bac,PINN-network,0.17855711422845688,-7.59880545177489
nordholt_bac,PINN-network,0.17929191716766865,-7.6109065920075105
nordholt_bac,PINN-network,0.1800267201068804,-7.6228180642223595
nordholt_bac,PINN-network,0.18076152304609217,-7.634543320143249
nordholt_bac,PINN-network,0.1814963259853039,-7.646085817915657
nordholt_bac,PINN-network,0.18223112892451568,-7.65744901795936
nordholt_bac,PINN-network,0.18296593186372742,-7.668636378972921
nordholt_bac,PINN-network,0.1837007348029392,-7.679651354095164
nordholt_bac,PINN-network,0.18443553774215093,-7.6904973872277935
nordholt_bac,PINN-network,0.1851703406813627,-7.701177909522492
nordholt_bac,PINN-network,0.18590514362057445,-7.71169633603502
nordholt_bac,PINN-network,0.18663994655978622,-7.722056062547999
nordholt_bac,PINN-network,0.18737474949899796,-7.732260462563327
nordholt_bac,PINN-network,0.18810955243820973,-7.742312884464468
nordholt_bac,PINN-network,0.1888443553774215,-7.75221664884816
nordholt_bac,PINN-network,0.18957915831663325,-7.761975046024495
nordholt_bac,PINN-network,0.19031396125584502,-7.771591333683713
nordholt_bac,PINN-network,0.19104876419505676,-7.781068734727499
nordholt_bac,PINN-network,0.19178356713426853,-7.790410435262149
nordholt_bac,PINN-network,0.19251837007348027,-7.799619582750461
nordholt_bac,PINN-network,0.19325317301269204,-7.808699284318817
nordholt_bac,PINN-network,0.19398797595190378,-7.817652605215586
nordholt_bac,PINN-network,0.19472277889111556,-7.82648256741666
nordholt_bac,PINN-network,0.1954575818303273,-7.8351921483736335
nordholt_bac,PINN-network,0.19619238476953907,-7.843784279899926
nordholt_bac,PINN-network,0.1969271877087508,-7.852261847189963
nordholt_bac,PINN-network,0.19766199064796258,-7.860627687966329
nordholt_bac,PINN-network,0.19839679358717432,-7.868884591749714
nordholt_bac,PINN-network,0.1991315965263861,-7.877035299246361
nordholt_bac,PINN-network,0.19986639946559784,-7.885082501847698
nordholt_bac,PINN-network,0.2006012024048096,-7.893028841236703
nordholt_bac,PINN-network,0.20133600534402135,-7.900876909095682
nordholt_bac,PINN-network,0.20207080828323312,-7.908629246910013
nordholt_bac,PINN-network,0.20280561122244486,-7.91628834586255
nordholt_bac,PINN-network,0.20354041416165664,-7.923856646813368
nordholt_bac,PINN-network,0.20427521710086838,-7.931336540359636
nordholt_bac,PINN-network,0.20501002004008015,-7.9387303669704945
nordholt_bac,PINN-network,0.2057448229792919,-7.946040417191892
nordholt_bac,PINN-network,0.20647962591850366,-7.953268931916482
nordholt_bac,PINN-network,0.2072144288577154,-7.96041810271381
nordholt_bac,PINN-network,0.20794923179692718,-7.967490072216089
nordholt_bac,PINN-network,0.20868403473613892,-7.974486934555145
nordholt_bac,PINN-network,0.2094188376753507,-7.981410735846115
nordholt_bac,PINN-network,0.21015364061456243,-7.988263474713731
nordholt_bac,PINN-network,0.2108884435537742,-7.9950471028571855
nordholt_bac,PINN-network,0.21162324649298594,-8.001763525649672
nordholt_bac,PINN-network,0.21235804943219772,-8.008414602768946
nordholt_bac,PINN-network,0.21309285237140946,-8.015002148855368
nordholt_bac,PINN-network,0.21382765531062123,-8.021527934194083
nordholt_bac,PINN-network,0.21456245824983297,-8.027993685418139
nordholt_bac,PINN-network,0.21529726118904474,-8.034401086229558
nordholt_bac,PINN-network,0.21603206412825648,-8.040751778135501
nordholt_bac,PINN-network,0.21676686706746826,-8.04704736119685
nordholt_bac,PINN-network,0.21750167000668,-8.053289394786704
nordholt_bac,PINN-network,0.21823647294589177,-8.05947939835643
nordholt_bac,PINN-network,0.2189712758851035,-8.065618852207074
nordholt_bac,PINN-network,0.21970607882431528,-8.071709198264106
nordholt_bac,PINN-network,0.22044088176352702,-8.077751840853578
nordholt_bac,PINN-network,0.2211756847027388,-8.083748147477998
nordholt_bac,PINN-network,0.22191048764195054,-8.089699449590253
nordholt_bac,PINN-network,0.2226452905811623,-8.095607043364177
nordholt_bac,PINN-network,0.22338009352037405,-8.101472190460381
nordholt_bac,PINN-network,0.22411489645958582,-8.107296118786158
nordholt_bac,PINN-network,0.22484969939879756,-8.113080023248358
nordholt_bac,PINN-network,0.22558450233800934,-8.11882506649827
nordholt_bac,PINN-network,0.22631930527722108,-8.124532379667636
nordholt_bac,PINN-network,0.22705410821643285,-8.130203063095053
nordholt_bac,PINN-network,0.2277889111556446,-8.135838187042078
nordholt_bac,PINN-network,0.22852371409485636,-8.14143879239848
nordholt_bac,PINN-network,0.2292585170340681,-8.147005891376196
nordholt_bac,PINN-network,0.22999331997327987,-8.152540468191505
nordholt_bac,PINN-network,0.23072812291249162,-8.158043479735218
nordholt_bac,PINN-network,0.2314629258517034,-8.163515856230525
nordholt_bac,PINN-network,0.23219772879091513,-8.168958501878427
nordholt_bac,PINN-network,0.2329325317301269,-8.174372295490542
nordholt_bac,PINN-network,0.23366733466933864,-8.179758091109285
nordholt_bac,PINN-network,0.23440213760855041,-8.185116718615403
nordholt_bac,PINN-network,0.23513694054776216,-8.19044898432289
nordholt_bac,PINN-network,0.23587174348697393,-8.195755671561368
nordholt_bac,PINN-network,0.23660654642618567,-8.20103754124608
nordholt_bac,PINN-network,0.23734134936539744,-8.206295332435602
nordholt_bac,PINN-network,0.23807615230460918,-8.211529762877511
nordholt_bac,PINN-network,0.23881095524382095,-8.21674152954218
nordholt_bac,PINN-network,0.2395457581830327,-8.22193130914494
nordholt_bac,PINN-network,0.24028056112224447,-8.227099758656879
nordholt_bac,PINN-network,0.2410153640614562,-8.232247515804506
nordholt_bac,PINN-network,0.24175016700066798,-8.237375199558594
nordholt_bac,PINN-network,0.24248496993987972,-8.24248341061245
nordholt_bac,PINN-network,0.2432197728790915,-8.247572731849946
nordholt_bac,PINN-network,0.24395457581830324,-8.252643728803534
nordholt_bac,PINN-network,0.244689378757515,-8.257696950102623
nordholt_bac,PINN-network,0.24542418169672675,-8.262732927912536
nordholt_bac,PINN-network,0.24615898463593852,-8.267752178364383
nordholt_bac,PINN-network,0.24689378757515026,-8.272755201976091
nordholt_bac,PINN-network,0.24762859051436203,-8.277742484064914
nordholt_bac,PINN-network,0.24836339345357378,-8.282714495151625
nordholt_bac,PINN-network,0.24909819639278555,-8.287671691356708
nordholt_bac,PINN-network,0.2498329993319973,-8.292614514788749
nordholt_bac,PINN-network,0.25056780227120906,-8.297543393925281
nordholt_bac,PINN-network,0.2513026052104208,-8.302458743986298
nordholt_bac,PINN-network,0.25203740814963255,-8.30736096730063
nordholt_bac,PINN-network,0.25277221108884435,-8.31225045366539
nordholt_bac,PINN-network,0.2535070140280561,-8.31712758069867
nordholt_bac,PINN-network,0.25424181696726783,-8.321992714185626
nordholt_bac,PINN-network,0.2549766199064796,-8.32684620841815
nordholt_bac,PINN-network,0.25571142284569137,-8.331688406528206
nordholt_bac,PINN-network,0.2564462257849031,-8.336519640815007
nordholt_bac,PINN-network,0.25718102872411486,-8.341340233066116
nordholt_bac,PINN-network,0.2579158316633266,-8.346150494872573
nordholt_bac,PINN-network,0.2586506346025384,-8.350950727938127
nordholt_bac,PINN-network,0.25938543754175014,-8.35574122438268
nordholt_bac,PINN-network,0.2601202404809619,-8.360522267039954
nordholt_bac,PINN-network,0.2608550434201736,-8.365294129749492
nordholt_bac,PINN-network,0.2615898463593854,-8.370057077642981
nordholt_bac,PINN-network,0.26232464929859717,-8.37481136742498
nordholt_bac,PINN-network,0.2630594522378089,-8.379557247648071
nordholt_bac,PINN-network,0.26379425517702065,-8.38429495898242
nordholt_bac,PINN-network,0.26452905811623245,-8.389024734479817
nordholt_bac,PINN-network,0.2652638610554442,-8.39374679983216
nordholt_bac,PINN-network,0.26599866399465594,-8.398461373624443
nordholt_bac,PINN-network,0.2667334669338677,-8.403168667582174
nordholt_bac,PINN-network,0.2674682698730795,-8.407868886813306
nordholt_bac,PINN-network,0.2682030728122912,-8.412562230044633
nordholt_bac,PINN-network,0.26893787575150296,-8.417248889852655
nordholt_bac,PINN-network,0.2696726786907147,-8.421929052888911
nordholt_bac,PINN-network,0.2704074816299265,-8.42660290009981
nordholt_bac,PINN-network,0.27114228456913825,-8.431270606940894
nordholt_bac,PINN-network,0.27187708750835,-8.435932343585607
nordholt_bac,PINN-network,0.27261189044756173,-8.440588275128523
nordholt_bac,PINN-network,0.27334669338677353,-8.445238561783054
nordholt_bac,PINN-network,0.2740814963259853,-8.449883359073665
nordholt_bac,PINN-network,0.274816299265197,-8.45452281802258
nordholt_bac,PINN-network,0.27555110220440876,-8.459157085331007
nordholt_bac,PINN-network,0.27628590514362056,-8.463786303554931
nordholt_bac,PINN-network,0.2770207080828323,-8.468410611275443
nordholt_bac,PINN-network,0.27775551102204404,-8.473030143263696
nordholt_bac,PINN-network,0.2784903139612558,-8.477645030640483
nordholt_bac,PINN-network,0.2792251169004676,-8.482255401030493
nordholt_bac,PINN-network,0.2799599198396793,-8.486861378711295
nordholt_bac,PINN-network,0.28069472277889107,-8.491463084757084
nordholt_bac,PINN-network,0.2814295257181028,-8.496060637177271
nordholt_bac,PINN-network,0.2821643286573146,-8.500654151049938
nordholt_bac,PINN-network,0.28289913159652635,-8.505243738650279
nordholt_bac,PINN-network,0.2836339345357381,-8.509829509574038
nordholt_bac,PINN-network,0.2843687374749499,-8.514411570856076
nordholt_bac,PINN-network,0.28510354041416164,-8.5189900270841
nordholt_bac,PINN-network,0.2858383433533734,-8.523564980507661
nordholt_bac,PINN-network,0.2865731462925851,-8.528136531142522
nordholt_bac,PINN-network,0.2873079492317969,-8.532704776870458
nordholt_bac,PINN-network,0.28804275217100866,-8.537269813534609
nordholt_bac,PINN-network,0.2887775551102204,-8.541831735030474
nordholt_bac,PINN-network,0.28951235804943215,-8.546390633392658
nordholt_bac,PINN-network,0.29024716098864395,-8.550946598877466
nordholt_bac,PINN-network,0.2909819639278557,-8.555499720041459
nordholt_bac,PINN-network,0.29171676686706743,-8.56005008381609
nordholt_bac,PINN-network,0.2924515698062792,-8.56459777557852
nordholt_bac,PINN-network,0.293186372745491,-8.569142879218731
nordholt_bac,PINN-network,0.2939211756847027,-8.573685477203053
nordholt_bac,PINN-network,0.29465597862391446,-8.578225650634247
nordholt_bac,PINN-network,0.2953907815631262,-8.582763479308193
nordholt_bac,PINN-network,0.296125584502338,-8.587299041767391
nordholt_bac,PINN-network,0.29686038744154974,-8.59183241535132
nordholt_bac,PINN-network,0.2975951903807615,-8.596363676243808
nordholt_bac,PINN-network,0.29832999331997323,-8.600892899517534
nordholt_bac,PINN-network,0.29906479625918503,-8.605420159175756
nordholt_bac,PINN-network,0.29979959919839677,-8.609945528191398
nordholt_bac,PINN-network,0.3005344021376085,-8.614469078543614
nordholt_bac,PINN-network,0.30126920507682026,-8.618990881251928
nordholt_bac,PINN-network,0.30200400801603206,-8.623511006408085
nordholt_bac,PINN-network,0.3027388109552438,-8.628029523205681
nordholt_bac,PINN-network,0.30347361389445554,-8.63254649996775
nordholt_bac,PINN-network,0.3042084168336673,-8.637062004172337
nordholt_bac,PINN-network,0.3049432197728791,-8.64157610247622
nordholt_bac,PINN-network,0.3056780227120908,-8.646088860736851
nordholt_bac,PINN-network,0.30641282565130257,-8.650600344032638
nordholt_bac,PINN-network,0.3071476285905143,-8.655110616681624
nordholt_bac,PINN-network,0.3078824315297261,-8.659619742258727
nordholt_bac,PINN-network,0.30861723446893785,-8.664127783611546
nordholt_bac,PINN-network,0.3093520374081496,-8.668634802874912
nordholt_bac,PINN-network,0.31008684034736134,-8.673140861484164
nordholt_bac,PINN-network,0.31082164328657313,-8.677646020187352
nordholt_bac,PINN-network,0.3115564462257849,-8.682150339056337
nordholt_bac,PINN-network,0.3122912491649966,-8.686653877496944
nordholt_bac,PINN-network,0.31302605210420836,-8.691156694258177
nordholt_bac,PINN-network,0.31376085504342016,-8.695658847440626
nordholt_bac,PINN-network,0.3144956579826319,-8.700160394504074
nordholt_bac,PINN-network,0.31523046092184365,-8.704661392274428
nordholt_bac,PINN-network,0.3159652638610554,-8.709161896949967
nordholt_bac,PINN-network,0.3167000668002672,-8.713661964107018
nordholt_bac,PINN-network,0.31743486973947893,-8.718161648705093
nordholt_bac,PINN-network,0.3181696726786907,-8.722661005091537
nordholt_bac,PINN-network,0.3189044756179024,-8.727160087005718
nordholt_bac,PINN-network,0.3196392785571142,-8.731658947582867
nordholt_bac,PINN-network,0.32037408149632596,-8.736157639357502
nordholt_bac,PINN-network,0.3211088844355377,-8.7406562142666
nordholt_bac,PINN-network,0.32184368737474944,-8.74515472365244
nordholt_bac,PINN-network,0.32257849031396124,-8.749653218265241
nordholt_bac,PINN-network,0.323313293253173,-8.75415174826555
nordholt_bac,PINN-network,0.3240480961923847,-8.758650363226486
nordholt_bac,PINN-network,0.32478289913159647,-8.763149112135784
nordholt_bac,PINN-network,0.32551770207080827,-8.767648043397733
nordholt_bac,PINN-network,0.32625250501002,-8.772147204834983
nordholt_bac,PINN-network,0.32698730794923175,-8.776646643690276
nordholt_bac,PINN-network,0.3277221108884435,-8.781146406628073
nordholt_bac,PINN-network,0.3284569138276553,-8.78564653973615
nordholt_bac,PINN-network,0.32919171676686704,-8.790147088527128
nordholt_bac,PINN-network,0.3299265197060788,-8.794648097939955
nordholt_bac,PINN-network,0.3306613226452905,-8.7991496123414
nordholt_bac,PINN-network,0.3313961255845023,-8.803651675527489
nordholt_bac,PINN-network,0.33213092852371406,-8.808154330724957
nordholt_bac,PINN-network,0.3328657314629258,-8.812657620592674
nordholt_bac,PINN-network,0.33360053440213755,-8.817161587223094
nordholt_bac,PINN-network,0.33433533734134935,-8.821666272143693
nordholt_bac,PINN-network,0.3350701402805611,-8.826171716318399
nordholt_bac,PINN-network,0.33580494321977283,-8.830677960149062
nordholt_bac,PINN-network,0.3365397461589846,-8.835185043476898
nordholt_bac,PINN-network,0.3372745490981964,-8.83969300558394
nordholt_bac,PINN-network,0.3380093520374081,-8.844201885194535
nordholt_bac,PINN-network,0.33874415497661986,-8.848711720476773
nordholt_bac,PINN-network,0.3394789579158316,-8.85322254904398
nordholt_bac,PINN-network,0.3402137608550434,-8.857734407956158
nordholt_bac,PINN-network,0.34094856379425514,-8.862247333721461
nordholt_bac,PINN-network,0.3416833667334669,-8.866761362297613
nordholt_bac,PINN-network,0.34241816967267863,-8.871276529093343
nordholt_bac,PINN-network,0.34315297261189043,-8.875792868969794
nordholt_bac,PINN-network,0.34388777555110217,-8.880310416241889
nordholt_bac,PINN-network,0.3446225784903139,-8.884829204679672
nordholt_bac,PINN-network,0.34535738142952566,-8.889349267509637
nordholt_bac,PINN-network,0.34609218436873745,-8.893870637415981
nordholt_bac,PINN-network,0.3468269873079492,-8.898393346541827
nordholt_bac,PINN-network,0.34756179024716094,-8.902917426490397
nordholt_bac,PINN-network,0.3482965931863727,-8.907442908326122
nordholt_bac,PINN-network,0.3490313961255845,-8.911969822575694
nordholt_bac,PINN-network,0.3497661990647962,-8.91649819922906
nordholt_bac,PINN-network,0.35050100200400797,-8.921028067740322
nordholt_bac,PINN-network,0.3512358049432197,-8.92555945702859
nordholt_bac,PINN-network,0.3519706078824315,-8.930092395478749
nordholt_bac,PINN-network,0.35270541082164325,-8.934626910942114
nordholt_bac,PINN-network,0.353440213760855,-8.939163030737062
nordholt_bac,PINN-network,0.35417501670006674,-8.943700781649502
nordholt_bac,PINN-network,0.35490981963927853,-8.94824018993332
nordholt_bac,PINN-network,0.3556446225784903,-8.952781281310685
nordholt_bac,PINN-network,0.356379425517702,-8.957324080972278
nordholt_bac,PINN-network,0.35711422845691376,-8.961868613577435
nordholt_bac,PINN-network,0.35784903139612556,-8.966414903254162
nordholt_bac,PINN-network,0.3585838343353373,-8.97096297359909
nordholt_bac,PINN-network,0.35931863727454905,-8.975512847677305
nordholt_bac,PINN-network,0.3600534402137608,-8.980064548022082
nordholt_bac,PINN-network,0.3607882431529726,-8.984618096634534
nordholt_bac,PINN-network,0.36152304609218433,-8.989173514983165
nordholt_bac,PINN-network,0.3622578490313961,-8.993730824003304
nordholt_bac,PINN-network,0.3629926519706078,-8.998290044096477
nordholt_bac,PINN-network,0.3637274549098196,-9.00285119512967
nordholt_bac,PINN-network,0.36446225784903136,-9.007414296434508
nordholt_bac,PINN-network,0.3651970607882431,-9.011979366806353
nordholt_bac,PINN-network,0.36593186372745484,-9.016546424503312
nordholt_bac,PINN-network,0.36666666666666664,-9.021115487245174
nordholt_bac,PINN-implied-ODE,0.0,0.0
nordholt_bac,PINN-implied-ODE,0.0007348029392117568,-0.03714807153250562
nordholt_bac,PINN-implied-ODE,0.0014696058784235135,-0.07429488831500912
nordholt_bac,PINN-implied-ODE,0.0022044088176352704,-0.11144040874933965
nordholt_bac,PINN-implied-ODE,0.002939211756847027,-0.1485845898617132
nordholt_bac,PINN-implied-ODE,0.0036740146960587837,-0.18572738725747817
nordholt_bac,PINN-implied-ODE,0.004408817635270541,-0.2228687550743859
nordholt_bac,PINN-implied-ODE,0.0051436205744822975,-0.26000864593434125
nordholt_bac,PINN-implied-ODE,0.005878423513694054,-0.2971470108935869
nordholt_bac,PINN-implied-ODE,0.006613226452905811,-0.3342837993912678
nordholt_bac,PINN-implied-ODE,0.007348029392117567,-0.3714189591963265
nordholt_bac,PINN-implied-ODE,0.008082832331329325,-0.40855243635267785
nordholt_bac,PINN-implied-ODE,0.008817635270541082,-0.4456841751226059
nordholt_bac,PINN-implied-ODE,0.009552438209752838,-0.4828141179283295
nordholt_bac,PINN-implied-ODE,0.010287241148964595,-0.5199422052916782
nordholt_bac,PINN-implied-ODE,0.011022044088176352,-0.5570683757718168
nordholt_bac,PINN-implied-ODE,0.011756847027388108,-0.5941925659009625
nordholt_bac,PINN-implied-ODE,0.012491649966599865,-0.6313147101180263
nordholt_bac,PINN-implied-ODE,0.013226452905811622,-0.6684347407001185
nordholt_bac,PINN-implied-ODE,0.013961255845023378,-0.7055525876918499
nordholt_bac,PINN-implied-ODE,0.014696058784235135,-0.7426681788323567
nordholt_bac,PINN-implied-ODE,0.015430861723446892,-0.7797814394799881
nordholt_bac,PINN-implied-ODE,0.01616566466265865,-0.8168922925345737
nordholt_bac,PINN-implied-ODE,0.016900467601870407,-0.8540006583571994
nordholt_bac,PINN-implied-ODE,0.017635270541082163,-0.8911064546874252
nordholt_bac,PINN-implied-ODE,0.01837007348029392,-0.9282095965578485
nordholt_bac,PINN-implied-ODE,0.019104876419505677,-0.9653099962059443
nordholt_bac,PINN-implied-ODE,0.019839679358717433,-1.0024075629831009
nordholt_bac,PINN-implied-ODE,0.02057448229792919,-1.0395022032607506
nordholt_bac,PINN-implied-ODE,0.021309285237140946,-1.076593820333534
nordholt_bac,PINN-implied-ODE,0.022044088176352703,-1.113682314319374
nordholt_bac,PINN-implied-ODE,0.02277889111556446,-1.1507675820564032
nordholt_bac,PINN-implied-ODE,0.023513694054776216,-1.1878495169966146
nordholt_bac,PINN-implied-ODE,0.024248496993987973,-1.2249280090961765
nordholt_bac,PINN-implied-ODE,0.02498329993319973,-1.26200294470227
nordholt_bac,PINN-implied-ODE,0.025718102872411486,-1.299074206436384
nordholt_bac,PINN-implied-ODE,0.026452905811623243,-1.3361416730739393
nordholt_bac,PINN-implied-ODE,0.027187708750835,-1.373205219420144
nordholt_bac,PINN-implied-ODE,0.027922511690046756,-1.4102647161819721
nordholt_bac,PINN-implied-ODE,0.028657314629258513,-1.4473200298361384
nordholt_bac,PINN-implied-ODE,0.02939211756847027,-1.4843710224929776
nordholt_bac,PINN-implied-ODE,0.030126920507682026,-1.5214175517560857
nordholt_bac,PINN-implied-ODE,0.030861723446893783,-1.558459470577624
nordholt_bac,PINN-implied-ODE,0.03159652638610554,-1.5954966271091422
nordholt_bac,PINN-implied-ODE,0.0323313293253173,-1.6325288645478038
nordholt_bac,PINN-implied-ODE,0.033066132264529056,-1.6695560209779012
nordholt_bac,PINN-implied-ODE,0.03380093520374081,-1.70657792920749
nordholt_bac,PINN-implied-ODE,0.03453573814295257,-1.7435944166000426
nordholt_bac,PINN-implied-ODE,0.035270541082164326,-1.7806053049009765
nordholt_bac,PINN-implied-ODE,0.03600534402137608,-1.8176104100589003
nordholt_bac,PINN-implied-ODE,0.03674014696058784,-1.8546095420414526
nordholt_bac,PINN-implied-ODE,0.037474949899799596,-1.8916025046455907
nordholt_bac,PINN-implied-ODE,0.03820975283901135,-1.9285890953021605
nordholt_bac,PINN-implied-ODE,0.03894455577822311,-1.9655691048746153
nordholt_bac,PINN-implied-ODE,0.039679358717434866,-2.002542317451737
nordholt_bac,PINN-implied-ODE,0.04041416165664662,-2.0395085101341754
nordholt_bac,PINN-implied-ODE,0.04114896459585838,-2.0764674528146734
nordholt_bac,PINN-implied-ODE,0.041883767535070136,-2.11341890795182
nordholt_bac,PINN-implied-ODE,0.04261857047428189,-2.150362630337158
nordholt_bac,PINN-implied-ODE,0.04335337341349365,-2.187298366855461
nordholt_bac,PINN-implied-ODE,0.044088176352705406,-2.2242258562380686
nordholt_bac,PINN-implied-ODE,0.04482297929191716,-2.261144828809074
nordholt_bac,PINN-implied-ODE,0.04555778223112892,-2.2980550062242084
nordholt_bac,PINN-implied-ODE,0.046292585170340676,-2.3349561012022106
nordholt_bac,PINN-implied-ODE,0.04702738810955243,-2.3718478172486135
nordholt_bac,PINN-implied-ODE,0.04776219104876419,-2.408729848371653
nordholt_bac,PINN-implied-ODE,0.048496993987975946,-2.4456018787902147
nordholt_bac,PINN-implied-ODE,0.0492317969271877,-2.4824635826336063
nordholt_bac,PINN-implied-ODE,0.04996659986639946,-2.519314623632986
nordholt_bac,PINN-implied-ODE,0.050701402805611216,-2.5561546548042995
nordholt_bac,PINN-implied-ODE,0.05143620574482297,-2.5929833181225197
nordholt_bac,PINN-implied-ODE,0.05217100868403473,-2.6298002441870443
nordholt_bac,PINN-implied-ODE,0.052905811623246486,-2.6666050518780713
nordholt_bac,PINN-implied-ODE,0.05364061456245824,-2.703397348003801
nordholt_bac,PINN-implied-ODE,0.05437541750167,-2.7401767269382664
nordholt_bac,PINN-implied-ODE,0.055110220440881756,-2.7769427702496943
nordholt_bac,PINN-implied-ODE,0.05584502338009351,-2.8136950463191517
nordholt_bac,PINN-implied-ODE,0.05657982631930527,-2.8504331099494347
nordholt_bac,PINN-implied-ODE,0.057314629258517026,-2.8871565019639487
nordholt_bac,PINN-implied-ODE,0.05804943219772878,-2.9238647487955154
nordholt_bac,PINN-implied-ODE,0.05878423513694054,-2.9605573620649093
nordholt_bac,PINN-implied-ODE,0.059519038076152296,-2.9972338381491026
nordholt_bac,PINN-implied-ODE,0.06025384101536405,-3.033893657738945
nordholt_bac,PINN-implied-ODE,0.06098864395457581,-3.070536285386318
nordholt_bac,PINN-implied-ODE,0.061723446893787566,-3.1071611690405803
nordholt_bac,PINN-implied-ODE,0.06245824983299932,-3.1437677395742414
nordholt_bac,PINN-implied-ODE,0.06319305277221109,-3.180355410297838
nordholt_bac,PINN-implied-ODE,0.06392785571142284,-3.2169235764638047
nordholt_bac,PINN-implied-ODE,0.0646626586506346,-3.253471614759555
nordholt_bac,PINN-implied-ODE,0.06539746158984636,-3.2899988827894266
nordholt_bac,PINN-implied-ODE,0.06613226452905811,-3.3265047185457988
nordholt_bac,PINN-implied-ODE,0.06686706746826987,-3.3629884398691225
nordholt_bac,PINN-implied-ODE,0.06760187040748163,-3.3994493438971234
nordholt_bac,PINN-implied-ODE,0.06833667334669338,-3.4358867065030285
nordholt_bac,PINN-implied-ODE,0.06907147628590514,-3.4722997817231005
nordholt_bac,PINN-implied-ODE,0.0698062792251169,-3.508687801173434
nordholt_bac,PINN-implied-ODE,0.07054108216432865,-3.5450499734561767
nordholt_bac,PINN-implied-ODE,0.07127588510354041,-3.581385483555483
nordholt_bac,PINN-implied-ODE,0.07201068804275217,-3.6176934922231934
nordholt_bac,PINN-implied-ODE,0.07274549098196392,-3.653973135354634
nordholt_bac,PINN-implied-ODE,0.07348029392117568,-3.690223523354733
nordholt_bac,PINN-implied-ODE,0.07421509686038744,-3.726443740494878
nordholt_bac,PINN-implied-ODE,0.07494989979959919,-3.7626328442606773
nordholt_bac,PINN-implied-ODE,0.07568470273881095,-3.798789864691296
nordholt_bac,PINN-implied-ODE,0.0764195056780227,-3.834913803710562
nordholt_bac,PINN-implied-ODE,0.07715430861723446,-3.8710036344505236
nordholt_bac,PINN-implied-ODE,0.07788911155644622,-3.907058300568079
nordholt_bac,PINN-implied-ODE,0.07862391449565798,-3.9430767155549686
nordholt_bac,PINN-implied-ODE,0.07935871743486973,-3.9790577620422507
nordholt_bac,PINN-implied-ODE,0.08009352037408149,-4.015000291099713
nordholt_bac,PINN-implied-ODE,0.08082832331329325,-4.050903121531106
nordholt_bac,PINN-implied-ODE,0.081563126252505,-4.086765039166174
nordholt_bac,PINN-implied-ODE,0.08229792919171676,-4.122584796150277
nordholt_bac,PINN-implied-ODE,0.08303273213092852,-4.158361110232835
nordholt_bac,PINN-implied-ODE,0.08376753507014027,-4.194092664055638
nordholt_bac,PINN-implied-ODE,0.08450233800935203,-4.229778104442948
nordholt_bac,PINN-implied-ODE,0.08523714094856379,-4.265416041689955
nordholt_bac,PINN-implied-ODE,0.08597194388777554,-4.3010050488630815
nordholt_bac,PINN-implied-ODE,0.0867067468269873,-4.336543661097525
nordholt_bac,PINN-implied-ODE,0.08744154976619906,-4.372030374905557
nordholt_bac,PINN-implied-ODE,0.08817635270541081,-4.40746364749263
nordholt_bac,PINN-implied-ODE,0.08891115564462257,-4.442841896083747
nordholt_bac,PINN-implied-ODE,0.08964595858383433,-4.478163497262104
nordholt_bac,PINN-implied-ODE,0.09038076152304608,-4.513426786321992
nordholt_bac,PINN-implied-ODE,0.09111556446225784,-4.548630056638042
nordholt_bac,PINN-implied-ODE,0.0918503674014696,-4.5837715590531705
nordholt_bac,PINN-implied-ODE,0.09258517034068135,-4.618849501287537
nordholt_bac,PINN-implied-ODE,0.09331997327989311,-4.653862047370984
nordholt_bac,PINN-implied-ODE,0.09405477621910487,-4.68880731710167
nordholt_bac,PINN-implied-ODE,0.09478957915831662,-4.723683385533537
nordholt_bac,PINN-implied-ODE,0.09552438209752838,-4.758488282495585
nordholt_bac,PINN-implied-ODE,0.09625918503674014,-4.793219992145866
nordholt_bac,PINN-implied-ODE,0.09699398797595189,-4.8278764525633715
nordholt_bac,PINN-implied-ODE,0.09772879091516365,-4.862455555381061
nordholt_bac,PINN-implied-ODE,0.0984635938543754,-4.896955145463328
nordholt_bac,PINN-implied-ODE,0.09919839679358716,-4.931373020631534
nordholt_bac,PINN-implied-ODE,0.09993319973279892,-4.965706931441036
nordholt_bac,PINN-implied-ODE,0.10066800267201068,-4.999954581013596
nordholt_bac,PINN-implied-ODE,0.10140280561122243,-5.034113624928837
nordholt_bac,PINN-implied-ODE,0.10213760855043419,-5.068181671178817
nordholt_bac,PINN-implied-ODE,0.10287241148964595,-5.102156280189572
nordholt_bac,PINN-implied-ODE,0.1036072144288577,-5.136034964913913
nordholt_bac,PINN-implied-ODE,0.10434201736806946,-5.169815190999435
nordholt_bac,PINN-implied-ODE,0.10507682030728122,-5.203494377036154
nordholt_bac,PINN-implied-ODE,0.10581162324649297,-5.2370698948879255
nordholt_bac,PINN-implied-ODE,0.10654642618570473,-5.270539070112047
nordholt_bac,PINN-implied-ODE,0.10728122912491649,-5.303899182471281
nordholt_bac,PINN-implied-ODE,0.10801603206412824,-5.3371474665427066
nordholt_bac,PINN-implied-ODE,0.10875083500334,-5.370281112427735
nordholt_bac,PINN-implied-ODE,0.10948563794255176,-5.40329726656744
nordholt_bac,PINN-implied-ODE,0.11022044088176351,-5.436193032667598
nordholt_bac,PINN-implied-ODE,0.11095524382097527,-5.468965472737373
nordholt_bac,PINN-implied-ODE,0.11169004676018703,-5.50161160824593
nordholt_bac,PINN-implied-ODE,0.11242484969939878,-5.5341284214005375
nordholt_bac,PINN-implied-ODE,0.11315965263861054,-5.5665128565502435
nordholt_bac,PINN-implied-ODE,0.1138944555778223,-5.5987618217183135
nordholt_bac,PINN-implied-ODE,0.11462925851703405,-5.630872190267007
nordholt_bac,PINN-implied-ODE,0.11536406145624581,-5.662840802697655
nordholt_bac,PINN-implied-ODE,0.11609886439545757,-5.694664468588678
nordholt_bac,PINN-implied-ODE,0.11683366733466932,-5.7263399686741385
nordholt_bac,PINN-implied-ODE,0.11756847027388108,-5.757864057064901
nordholt_bac,PINN-implied-ODE,0.11830327321309284,-5.789233463613908
nordholt_bac,PINN-implied-ODE,0.11903807615230459,-5.820444896427027
nordholt_bac,PINN-implied-ODE,0.11977287909151635,-5.851495044520046
nordholt_bac,PINN-implied-ODE,0.1205076820307281,-5.882380580622299
nordholt_bac,PINN-implied-ODE,0.12124248496993986,-5.913098164126449
nordholt_bac,PINN-implied-ODE,0.12197728790915162,-5.943644444183692
nordholt_bac,PINN-implied-ODE,0.12271209084836338,-5.9740160629429715
nordholt_bac,PINN-implied-ODE,0.12344689378757513,-6.004209658931956
nordholt_bac,PINN-implied-ODE,0.12418169672678689,-6.034221870577115
nordholt_bac,PINN-implied-ODE,0.12491649966599865,-6.06404933985951
nordholt_bac,PINN-implied-ODE,0.1256513026052104,-6.093688716101911
nordholt_bac,PINN-implied-ODE,0.12638610554442217,-6.1231366598824595
nordholt_bac,PINN-implied-ODE,0.12712090848363392,-6.152389847069105
nordholt_bac,PINN-implied-ODE,0.12785571142284569,-6.181444972968489
nordholt_bac,PINN-implied-ODE,0.12859051436205743,-6.210298756581754
nordholt_bac,PINN-implied-ODE,0.1293253173012692,-6.238947944959457
nordholt_bac,PINN-implied-ODE,0.13006012024048094,-6.267389317646727
nordholt_bac,PINN-implied-ODE,0.1307949231796927,-6.2956196912089375
nordholt_bac,PINN-implied-ODE,0.13152972611890446,-6.323635923827559
nordholt_bac,PINN-implied-ODE,0.13226452905811623,-6.351434919955129
nordholt_bac,PINN-implied-ODE,0.13299933199732797,-6.379013635017365
nordholt_bac,PINN-implied-ODE,0.13373413493653974,-6.406369080149931
nordholt_bac,PINN-implied-ODE,0.13446893787575148,-6.433498326956658
nordholt_bac,PINN-implied-ODE,0.13520374081496325,-6.460398512275245
nordholt_bac,PINN-implied-ODE,0.135938543754175,-6.487066842936415
nordholt_bac,PINN-implied-ODE,0.13667334669338677,-6.513500600501262
nordholt_bac,PINN-implied-ODE,0.1374081496325985,-6.539697145961618
nordholt_bac,PINN-implied-ODE,0.13814295257181028,-6.565653924388034
nordholt_bac,PINN-implied-ODE,0.13887775551102202,-6.591368469509023
nordholt_bac,PINN-implied-ODE,0.1396125584502338,-6.616838408205699
nordholt_bac,PINN-implied-ODE,0.14034736138944554,-6.642061464905458
nordholt_bac,PINN-implied-ODE,0.1410821643286573,-6.667035465858513
nordholt_bac,PINN-implied-ODE,0.14181696726786905,-6.691758343280981
nordholt_bac,PINN-implied-ODE,0.14255177020708082,-6.71622813934857
nordholt_bac,PINN-implied-ODE,0.14328657314629256,-6.7404430100251815
nordholt_bac,PINN-implied-ODE,0.14402137608550433,-6.764401228710921
nordholt_bac,PINN-implied-ODE,0.14475617902471608,-6.788101189694847
nordholt_bac,PINN-implied-ODE,0.14549098196392785,-6.8115414113979265
nordholt_bac,PINN-implied-ODE,0.1462257849031396,-6.834720539392791
nordholt_bac,PINN-implied-ODE,0.14696058784235136,-6.8576373491872955
nordholt_bac,PINN-implied-ODE,0.1476953907815631,-6.880290748760017
nordholt_bac,PINN-implied-ODE,0.14843019372077487,-6.902679780836539
nordholt_bac,PINN-implied-ODE,0.14916499665998662,-6.924803624896676
nordholt_bac,PINN-implied-ODE,0.14989979959919839,-6.94666159890365
nordholt_bac,PINN-implied-ODE,0.15063460253841013,-6.968253160747673
nordholt_bac,PINN-implied-ODE,0.1513694054776219,-6.989577909397103
nordholt_bac,PINN-implied-ODE,0.15210420841683364,-7.010635585752604
nordholt_bac,PINN-implied-ODE,0.1528390113560454,-7.031426073199796
nordholt_bac,PINN-implied-ODE,0.15357381429525715,-7.051949397858258
nordholt_bac,PINN-implied-ODE,0.15430861723446893,-7.0722057285259
nordholt_bac,PINN-implied-ODE,0.15504342017368067,-7.092195376318396
nordholt_bac,PINN-implied-ODE,0.15577822311289244,-7.111918794005959
nordholt_bac,PINN-implied-ODE,0.15651302605210418,-7.131376575049967
nordholt_bac,PINN-implied-ODE,0.15724782899131595,-7.150569452344143
nordholt_bac,PINN-implied-ODE,0.1579826319305277,-7.169498296665589
nordholt_bac,PINN-implied-ODE,0.15871743486973947,-7.188164114843039
nordholt_bac,PINN-implied-ODE,0.1594522378089512,-7.206568047649933
nordholt_bac,PINN-implied-ODE,0.16018704074816298,-7.224711367432171
nordholt_bac,PINN-implied-ODE,0.16092184368737472,-7.24259547548048
nordholt_bac,PINN-implied-ODE,0.1616566466265865,-7.260221899158953
nordholt_bac,PINN-implied-ODE,0.16239144956579823,-7.277592288802184
nordholt_bac,PINN-implied-ODE,0.16312625250501,-7.294708414393827
nordholt_bac,PINN-implied-ODE,0.16386105544422175,-7.31157216204073
nordholt_bac,PINN-implied-ODE,0.16459585838343352,-7.328185530257134
nordholt_bac,PINN-implied-ODE,0.16533066132264526,-7.344550626073781
nordholt_bac,PINN-implied-ODE,0.16606546426185703,-7.360669660987816
nordholt_bac,PINN-implied-ODE,0.16680026720106877,-7.3765449467688775
nordholt_bac,PINN-implied-ODE,0.16753507014028055,-7.392178891137931
nordholt_bac,PINN-implied-ODE,0.1682698730794923,-7.407573993335231
nordholt_bac,PINN-implied-ODE,0.16900467601870406,-7.422732839590648
nordholt_bac,PINN-implied-ODE,0.1697394789579158,-7.4376580985207275
nordholt_bac,PINN-implied-ODE,0.17047428189712757,-7.452352516457532
nordholt_bac,PINN-implied-ODE,0.17120908483633931,-7.466818912733442
nordholt_bac,PINN-implied-ODE,0.17194388777555109,-7.4810601749340595
nordholt_bac,PINN-implied-ODE,0.17267869071476283,-7.4950792541350495
nordholt_bac,PINN-implied-ODE,0.1734134936539746,-7.5088791601374405
nordholt_bac,PINN-implied-ODE,0.17414829659318634,-7.522462956715726
nordholt_bac,PINN-implied-ODE,0.1748830995323981,-7.535833756892274
nordholt_bac,PINN-implied-ODE,0.17561790247160985,-7.548994718251051
nordholt_bac,PINN-implied-ODE,0.17635270541082163,-7.561949038302938
nordholt_bac,PINN-implied-ODE,0.17708750835003337,-7.574699949914301
nordholt_bac,PINN-implied-ODE,0.17782231128924514,-7.587250716809607
nordholt_bac,PINN-implied-ODE,0.17855711422845688,-7.599604629158258
nordholt_bac,PINN-implied-ODE,0.17929191716766865,-7.611764999254908
nordholt_bac,PINN-implied-ODE,0.1800267201068804,-7.623735157301913
nordholt_bac,PINN-implied-ODE,0.18076152304609217,-7.635518447301518
nordholt_bac,PINN-implied-ODE,0.1814963259853039,-7.6471182230649255
nordholt_bac,PINN-implied-ODE,0.18223112892451568,-7.658537844344292
nordholt_bac,PINN-implied-ODE,0.18296593186372742,-7.669780673093124
nordholt_bac,PINN-implied-ODE,0.1837007348029392,-7.680850069859757
nordholt_bac,PINN-implied-ODE,0.18443553774215093,-7.691749390317758
nordholt_bac,PINN-implied-ODE,0.1851703406813627,-7.702481981936561
nordholt_bac,PINN-implied-ODE,0.18590514362057445,-7.713051180794732
nordholt_bac,PINN-implied-ODE,0.18663994655978622,-7.723460308537859
nordholt_bac,PINN-implied-ODE,0.18737474949899796,-7.73371266948216
nordholt_bac,PINN-implied-ODE,0.18810955243820973,-7.7438115478645395
nordholt_bac,PINN-implied-ODE,0.1888443553774215,-7.7537602052391055
nordholt_bac,PINN-implied-ODE,0.18957915831663325,-7.763561878019723
nordholt_bac,PINN-implied-ODE,0.19031396125584502,-7.773219775167609
nordholt_bac,PINN-implied-ODE,0.19104876419505676,-7.782737076022626
nordholt_bac,PINN-implied-ODE,0.19178356713426853,-7.792116928276383
nordholt_bac,PINN-implied-ODE,0.19251837007348027,-7.801362446084973
nordholt_bac,PINN-implied-ODE,0.19325317301269204,-7.810476708318776
nordholt_bac,PINN-implied-ODE,0.19398797595190378,-7.819462756946474
nordholt_bac,PINN-implied-ODE,0.19472277889111556,-7.82832359555011
nordholt_bac,PINN-implied-ODE,0.1954575818303273,-7.837062187967791
nordholt_bac,PINN-implied-ODE,0.19619238476953907,-7.845681457060467
nordholt_bac,PINN-implied-ODE,0.1969271877087508,-7.854184283598963
nordholt_bac,PINN-implied-ODE,0.19766199064796258,-7.862573505267323
nordholt_bac,PINN-implied-ODE,0.19839679358717432,-7.870851915778418
nordholt_bac,PINN-implied-ODE,0.1991315965263861,-7.879022264097619
nordholt_bac,PINN-implied-ODE,0.19986639946559784,-7.887087253770341
nordholt_bac,PINN-implied-ODE,0.2006012024048096,-7.895049542349087
nordholt_bac,PINN-implied-ODE,0.20133600534402135,-7.902911740915765
nordholt_bac,PINN-implied-ODE,0.20207080828323312,-7.910676413694848
nordholt_bac,PINN-implied-ODE,0.20280561122244486,-7.9183460777531165
nordholt_bac,PINN-implied-ODE,0.20354041416165664,-7.9259232027816635
nordholt_bac,PINN-implied-ODE,0.20427521710086838,-7.933410210955868
nordholt_bac,PINN-implied-ODE,0.20501002004008015,-7.940809476869179
nordholt_bac,PINN-implied-ODE,0.2057448229792919,-7.948123327536532
nordholt_bac,PINN-implied-ODE,0.20647962591850366,-7.955354042463344
nordholt_bac,PINN-implied-ODE,0.2072144288577154,-7.962503853776099
nordholt_bac,PINN-implied-ODE,0.20794923179692718,-7.969574946410658
nordholt_bac,PINN-implied-ODE,0.20868403473613892,-7.976569458354482
nordholt_bac,PINN-implied-ODE,0.2094188376753507,-7.983489480939123
nordholt_bac,PINN-implied-ODE,0.21015364061456243,-7.9903370591793905
nordholt_bac,PINN-implied-ODE,0.2108884435537742,-7.997114192155781
nordholt_bac,PINN-implied-ODE,0.21162324649298594,-8.003822833436816
nordholt_bac,PINN-implied-ODE,0.21235804943219772,-8.010464891538117
nordholt_bac,PINN-implied-ODE,0.21309285237140946,-8.017042230415102
nordholt_bac,PINN-implied-ODE,0.21382765531062123,-8.023556669986402
nordholt_bac,PINN-implied-ODE,0.21456245824983297,-8.030009986685126
nordholt_bac,PINN-implied-ODE,0.21529726118904474,-8.036403914035295
nordholt_bac,PINN-implied-ODE,0.21603206412825648,-8.042740143250883
nordholt_bac,PINN-implied-ODE,0.21676686706746826,-8.049020323854972
nordholt_bac,PINN-implied-ODE,0.21750167000668,-8.055246064316725
nordholt_bac,PINN-implied-ODE,0.21823647294589177,-8.061418932703974
nordholt_bac,PINN-implied-ODE,0.2189712758851035,-8.06754045734928
nordholt_bac,PINN-implied-ODE,0.21970607882431528,-8.073612127527525
nordholt_bac,PINN-implied-ODE,0.22044088176352702,-8.079635394143178
nordholt_bac,PINN-implied-ODE,0.2211756847027388,-8.085611670425427
nordholt_bac,PINN-implied-ODE,0.22191048764195054,-8.091542332629581
nordholt_bac,PINN-implied-ODE,0.2226452905811623,-8.097428720743139
nordholt_bac,PINN-implied-ODE,0.22338009352037405,-8.103272139195113
nordholt_bac,PINN-implied-ODE,0.22411489645958582,-8.109073857567227
nordholt_bac,PINN-implied-ODE,0.22484969939879756,-8.114835111305727
nordholt_bac,PINN-implied-ODE,0.22558450233800934,-8.120557102432635
nordholt_bac,PINN-implied-ODE,0.22631930527722108,-8.126241000255336
nordholt_bac,PINN-implied-ODE,0.22705410821643285,-8.131887942073504
nordholt_bac,PINN-implied-ODE,0.2277889111556446,-8.137499033882417
nordholt_bac,PINN-implied-ODE,0.22852371409485636,-8.143075351071806
nordholt_bac,PINN-implied-ODE,0.2292585170340681,-8.148617939119452
nordholt_bac,PINN-implied-ODE,0.22999331997327987,-8.154127814278787
nordholt_bac,PINN-implied-ODE,0.23072812291249162,-8.159605964259864
nordholt_bac,PINN-implied-ODE,0.2314629258517034,-8.16505334890307
nordholt_bac,PINN-implied-ODE,0.23219772879091513,-8.170470900845059
nordholt_bac,PINN-implied-ODE,0.2329325317301269,-8.175859526176398
nordholt_bac,PINN-implied-ODE,0.23366733466933864,-8.1812201050905
nordholt_bac,PINN-implied-ODE,0.23440213760855041,-8.186553492523448
nordholt_bac,PINN-implied-ODE,0.23513694054776216,-8.191860518784353
nordholt_bac,PINN-implied-ODE,0.23587174348697393,-8.197141990175968
nordholt_bac,PINN-implied-ODE,0.23660654642618567,-8.202398689605271
nordholt_bac,PINN-implied-ODE,0.23734134936539744,-8.207631377183802
nordholt_bac,PINN-implied-ODE,0.23807615230460918,-8.212840790817557
nordholt_bac,PINN-implied-ODE,0.23881095524382095,-8.218027646786291
nordholt_bac,PINN-implied-ODE,0.2395457581830327,-8.223192640312092
nordholt_bac,PINN-implied-ODE,0.24028056112224447,-8.228336446117131
nordholt_bac,PINN-implied-ODE,0.2410153640614562,-8.233459718970511
nordholt_bac,PINN-implied-ODE,0.24175016700066798,-8.238563094224176
nordholt_bac,PINN-implied-ODE,0.24248496993987972,-8.243647188337842
nordholt_bac,PINN-implied-ODE,0.2432197728790915,-8.248712599392958
nordholt_bac,PINN-implied-ODE,0.24395457581830324,-8.253759907595697
nordholt_bac,PINN-implied-ODE,0.244689378757515,-8.258789675769028
nordholt_bac,PINN-implied-ODE,0.24542418169672675,-8.263802449833896
nordholt_bac,PINN-implied-ODE,0.24615898463593852,-8.268798759279594
nordholt_bac,PINN-implied-ODE,0.24689378757515026,-8.273779117623388
nordholt_bac,PINN-implied-ODE,0.24762859051436203,-8.2787440228595
nordholt_bac,PINN-implied-ODE,0.24836339345357378,-8.283693957897542
nordholt_bac,PINN-implied-ODE,0.24909819639278555,-8.288629390990504
nordholt_bac,PINN-implied-ODE,0.2498329993319973,-8.29355077615244
nordholt_bac,PINN-implied-ODE,0.25056780227120906,-8.298458553565949
nordholt_bac,PINN-implied-ODE,0.2513026052104208,-8.303353149979628
nordholt_bac,PINN-implied-ODE,0.25203740814963255,-8.30823497909559
nordholt_bac,PINN-implied-ODE,0.25277221108884435,-8.313104441947246
nordholt_bac,PINN-implied-ODE,0.2535070140280561,-8.317961927267461
nordholt_bac,PINN-implied-ODE,0.25424181696726783,-8.322807811847275
nordholt_bac,PINN-implied-ODE,0.2549766199064796,-8.32764246088532
nordholt_bac,PINN-implied-ODE,0.25571142284569137,-8.33246622832814
nordholt_bac,PINN-implied-ODE,0.2564462257849031,-8.337279457201516
nordholt_bac,PINN-implied-ODE,0.25718102872411486,-8.342082479933042
nordholt_bac,PINN-implied-ODE,0.2579158316633266,-8.346875618666049
nordholt_bac,PINN-implied-ODE,0.2586506346025384,-8.351659185565113
nordholt_bac,PINN-implied-ODE,0.25938543754175014,-8.356433483113266
nordholt_bac,PINN-implied-ODE,0.2601202404809619,-8.361198804401113
nordholt_bac,PINN-implied-ODE,0.2608550434201736,-8.365955433408022
nordholt_bac,PINN-implied-ODE,0.2615898463593854,-8.370703645275553
nordholt_bac,PINN-implied-ODE,0.26232464929859717,-8.375443706573309
nordholt_bac,PINN-implied-ODE,0.2630594522378089,-8.380175875557354
nordholt_bac,PINN-implied-ODE,0.26379425517702065,-8.384900402421403
nordholt_bac,PINN-implied-ODE,0.26452905811623245,-8.389617529540926
nordholt_bac,PINN-implied-ODE,0.2652638610554442,-8.394327491710342
nordholt_bac,PINN-implied-ODE,0.26599866399465594,-8.399030516373465
nordholt_bac,PINN-implied-ODE,0.2667334669338677,-8.403726823847375
nordholt_bac,PINN-implied-ODE,0.2674682698730795,-8.408416627539845
nordholt_bac,PINN-implied-ODE,0.2682030728122912,-8.413100134160539
nordholt_bac,PINN-implied-ODE,0.26893787575150296,-8.417777543926068
nordholt_bac,PINN-implied-ODE,0.2696726786907147,-8.422449050759115
nordholt_bac,PINN-implied-ODE,0.2704074816299265,-8.427114842481755
nordholt_bac,PINN-implied-ODE,0.27114228456913825,-8.431775101003119
nordholt_bac,PINN-implied-ODE,0.27187708750835,-8.436430002501563
nordholt_bac,PINN-implied-ODE,0.27261189044756173,-8.441079717601465
nordholt_bac,PINN-implied-ODE,0.27334669338677353,-8.44572441154481
nordholt_bac,PINN-implied-ODE,0.2740814963259853,-8.450364244357697
nordholt_bac,PINN-implied-ODE,0.274816299265197,-8.454999371011906
nordholt_bac,PINN-implied-ODE,0.27555110220440876,-8.459629941581644
nordholt_bac,PINN-implied-ODE,0.27628590514362056,-8.464256101395613
nordholt_bac,PINN-implied-ODE,0.2770207080828323,-8.468877991184545
nordholt_bac,PINN-implied-ODE,0.27775551102204404,-8.473495747224293
nordholt_bac,PINN-implied-ODE,0.2784903139612558,-8.478109501474618
nordholt_bac,PINN-implied-ODE,0.2792251169004676,-8.482719381713808
nordholt_bac,PINN-implied-ODE,0.2799599198396793,-8.487325511669221
nordholt_bac,PINN-implied-ODE,0.28069472277889107,-8.491928011143868
nordholt_bac,PINN-implied-ODE,0.2814295257181028,-8.49652699613918
nordholt_bac,PINN-implied-ODE,0.2821643286573146,-8.50112257897401
nordholt_bac,PINN-implied-ODE,0.28289913159652635,-8.505714868400052
nordholt_bac,PINN-implied-ODE,0.2836339345357381,-8.510303969713696
nordholt_bac,PINN-implied-ODE,0.2843687374749499,-8.514889984864501
nordholt_bac,PINN-implied-ODE,0.28510354041416164,-8.519473012560317
nordholt_bac,PINN-implied-ODE,0.2858383433533734,-8.524053148369214
nordholt_bac,PINN-implied-ODE,0.2865731462925851,-8.528630484818246
nordholt_bac,PINN-implied-ODE,0.2873079492317969,-8.533205111489206
nordholt_bac,PINN-implied-ODE,0.28804275217100866,-8.537777115111417
nordholt_bac,PINN-implied-ODE,0.2887775551102204,-8.542346579651664
nordholt_bac,PINN-implied-ODE,0.28951235804943215,-8.546913586401336
nordholt_bac,PINN-implied-ODE,0.29024716098864395,-8.5514782140609
nordholt_bac,PINN-implied-ODE,0.2909819639278557,-8.556040538821724
nordholt_bac,PINN-implied-ODE,0.29171676686706743,-8.560600634445384
nordholt_bac,PINN-implied-ODE,0.2924515698062792,-8.56515857234051
nordholt_bac,PINN-implied-ODE,0.293186372745491,-8.569714421637219
nordholt_bac,PINN-implied-ODE,0.2939211756847027,-8.574268249259271
nordholt_bac,PINN-implied-ODE,0.29465597862391446,-8.57882011999393
nordholt_bac,PINN-implied-ODE,0.2953907815631262,-8.583370096559689
nordholt_bac,PINN-implied-ODE,0.296125584502338,-8.587918239671845
nordholt_bac,PINN-implied-ODE,0.29686038744154974,-8.592464608106056
nordholt_bac,PINN-implied-ODE,0.2975951903807615,-8.597009258759883
nordholt_bac,PINN-implied-ODE,0.29832999331997323,-8.601552246712423
nordholt_bac,PINN-implied-ODE,0.29906479625918503,-8.606093625282062
nordholt_bac,PINN-implied-ODE,0.29979959919839677,-8.61063344608242
nordholt_bac,PINN-implied-ODE,0.3005344021376085,-8.615171759076555
nordholt_bac,PINN-implied-ODE,0.30126920507682026,-8.61970861262943
nordholt_bac,PINN-implied-ODE,0.30200400801603206,-8.624244053558757
nordholt_bac,PINN-implied-ODE,0.3027388109552438,-8.628778127184246
nordholt_bac,PINN-implied-ODE,0.30347361389445554,-8.63331087737528
nordholt_bac,PINN-implied-ODE,0.3042084168336673,-8.637842346597097
nordholt_bac,PINN-implied-ODE,0.3049432197728791,-8.64237257595553
nordholt_bac,PINN-implied-ODE,0.3056780227120908,-8.646901605240316
nordholt_bac,PINN-implied-ODE,0.30641282565130257,-8.651429472967042
nordholt_bac,PINN-implied-ODE,0.3071476285905143,-8.655956216417785
nordholt_bac,PINN-implied-ODE,0.3078824315297261,-8.66048187168043
nordholt_bac,PINN-implied-ODE,0.30861723446893785,-8.665006473686786
nordholt_bac,PINN-implied-ODE,0.3093520374081496,-8.669530056249464
nordholt_bac,PINN-implied-ODE,0.31008684034736134,-8.674052652097604
nordholt_bac,PINN-implied-ODE,0.31082164328657313,-8.678574292911465
nordholt_bac,PINN-implied-ODE,0.3115564462257849,-8.683095009355922
nordholt_bac,PINN-implied-ODE,0.3122912491649966,-8.687614831112896
nordholt_bac,PINN-implied-ODE,0.31302605210420836,-8.692133786912754
nordholt_bac,PINN-implied-ODE,0.31376085504342016,-8.696651904564726
nordholt_bac,PINN-implied-ODE,0.3144956579826319,-8.701169210986336
nordholt_bac,PINN-implied-ODE,0.31523046092184365,-8.705685732231913
nordholt_bac,PINN-implied-ODE,0.3159652638610554,-8.710201493520197
nordholt_bac,PINN-implied-ODE,0.3167000668002672,-8.714716519261048
nordholt_bac,PINN-implied-ODE,0.31743486973947893,-8.719230833081333
nordholt_bac,PINN-implied-ODE,0.3181696726786907,-8.723744457849973
nordholt_bac,PINN-implied-ODE,0.3189044756179024,-8.728257415702183
nordholt_bac,PINN-implied-ODE,0.3196392785571142,-8.732769728062976
nordholt_bac,PINN-implied-ODE,0.32037408149632596,-8.737281415669877
nordholt_bac,PINN-implied-ODE,0.3211088844355377,-8.741792498594936
nordholt_bac,PINN-implied-ODE,0.32184368737474944,-8.74630299626604
nordholt_bac,PINN-implied-ODE,0.32257849031396124,-8.750812927487543
nordholt_bac,PINN-implied-ODE,0.323313293253173,-8.75532231046022
nordholt_bac,PINN-implied-ODE,0.3240480961923847,-8.759831162800626
nordholt_bac,PINN-implied-ODE,0.32478289913159647,-8.76433950155979
nordholt_bac,PINN-implied-ODE,0.32551770207080827,-8.768847343241347
nordholt_bac,PINN-implied-ODE,0.32625250501002,-8.773354703819079
nordholt_bac,PINN-implied-ODE,0.32698730794923175,-8.777861598753885
nordholt_bac,PINN-implied-ODE,0.3277221108884435,-8.782368043010235
nordholt_bac,PINN-implied-ODE,0.3284569138276553,-8.78687405107207
nordholt_bac,PINN-implied-ODE,0.32919171676686704,-8.791379636958217
nordholt_bac,PINN-implied-ODE,0.3299265197060788,-8.795884814237297
nordholt_bac,PINN-implied-ODE,0.3306613226452905,-8.80038959604216
nordholt_bac,PINN-implied-ODE,0.3313961255845023,-8.804893995083868
nordholt_bac,PINN-implied-ODE,0.33213092852371406,-8.80939802366521
nordholt_bac,PINN-implied-ODE,0.3328657314629258,-8.813901693693806
nordholt_bac,PINN-implied-ODE,0.33360053440213755,-8.818405016694781
nordholt_bac,PINN-implied-ODE,0.33433533734134935,-8.822908003823038
nordholt_bac,PINN-implied-ODE,0.3350701402805611,-8.827410665875131
nordholt_bac,PINN-implied-ODE,0.33580494321977283,-8.831913013300767
nordholt_bac,PINN-implied-ODE,0.3365397461589846,-8.836415056213937
nordholt_bac,PINN-implied-ODE,0.3372745490981964,-8.84091680440368
nordholt_bac,PINN-implied-ODE,0.3380093520374081,-8.845418267344522
nordholt_bac,PINN-implied-ODE,0.33874415497661986,-8.849919454206574
nordholt_bac,PINN-implied-ODE,0.3394789579158316,-8.854420373865286
nordholt_bac,PINN-implied-ODE,0.3402137608550434,-8.858921034910926
nordholt_bac,PINN-implied-ODE,0.34094856379425514,-8.863421445657712
nordholt_bac,PINN-implied-ODE,0.3416833667334669,-8.8679216141527
nordholt_bac,PINN-implied-ODE,0.34241816967267863,-8.87242154818434
nordholt_bac,PINN-implied-ODE,0.34315297261189043,-8.876921255290792
nordholt_bac,PINN-implied-ODE,0.34388777555110217,-8.881420742767958
nordholt_bac,PINN-implied-ODE,0.3446225784903139,-8.885920017677263
nordholt_bac,PINN-implied-ODE,0.34535738142952566,-8.89041908685318
nordholt_bac,PINN-implied-ODE,0.34609218436873745,-8.894917956910525
nordholt_bac,PINN-implied-ODE,0.3468269873079492,-8.899416634251509
nordholt_bac,PINN-implied-ODE,0.34756179024716094,-8.903915125072565
nordholt_bac,PINN-implied-ODE,0.3482965931863727,-8.908413435370957
nordholt_bac,PINN-implied-ODE,0.3490313961255845,-8.912911570951184
nordholt_bac,PINN-implied-ODE,0.3497661990647962,-8.917409537431164
nordholt_bac,PINN-implied-ODE,0.35050100200400797,-8.921907340248232
nordholt_bac,PINN-implied-ODE,0.3512358049432197,-8.926404984664938
nordholt_bac,PINN-implied-ODE,0.3519706078824315,-8.930902475774664
nordholt_bac,PINN-implied-ODE,0.35270541082164325,-8.935399818507063
nordholt_bac,PINN-implied-ODE,0.353440213760855,-8.939897017633315
nordholt_bac,PINN-implied-ODE,0.35417501670006674,-8.944394077771213
nordholt_bac,PINN-implied-ODE,0.35490981963927853,-8.948891003390106
nordholt_bac,PINN-implied-ODE,0.3556446225784903,-8.953387798815655
nordholt_bac,PINN-implied-ODE,0.356379425517702,-8.957884468234457
nordholt_bac,PINN-implied-ODE,0.35711422845691376,-8.962381015698515
nordholt_bac,PINN-implied-ODE,0.35784903139612556,-8.966877445129555
nordholt_bac,PINN-implied-ODE,0.3585838343353373,-8.971373760323223
nordholt_bac,PINN-implied-ODE,0.35931863727454905,-8.975869964953132
nordholt_bac,PINN-implied-ODE,0.3600534402137608,-8.980366062574776
nordholt_bac,PINN-implied-ODE,0.3607882431529726,-8.984862056629344
nordholt_bac,PINN-implied-ODE,0.36152304609218433,-8.989357950447381
nordholt_bac,PINN-implied-ODE,0.3622578490313961,-8.993853747252343
nordholt_bac,PINN-implied-ODE,0.3629926519706078,-8.998349450164044
nordholt_bac,PINN-implied-ODE,0.3637274549098196,-9.002845062201985
nordholt_bac,PINN-implied-ODE,0.36446225784903136,-9.007340586288585
nordholt_bac,PINN-implied-ODE,0.3651970607882431,-9.011836025252288
nordholt_bac,PINN-implied-ODE,0.36593186372745484,-9.016331381830595
nordholt_bac,PINN-implied-ODE,0.36666666666666664,-9.020826658672988
nordholt_ddac,NLLS,0.0,0.0
nordholt_ddac,NLLS,0.000668002672010688,-0.04560988909418948
nordholt_ddac,NLLS,0.001336005344021376,-0.09121843091042973
nordholt_ddac,NLLS,0.002004008016032064,-0.1368255863259588
nordholt_ddac,NLLS,0.002672010688042752,-0.1824313150859093
nordholt_ddac,NLLS,0.00334001336005344,-0.22803557577078273
nordholt_ddac,NLLS,0.004008016032064128,-0.2736383257630023
nordholt_ddac,NLLS,0.004676018704074816,-0.31923952121251936
nordholt_ddac,NLLS,0.005344021376085504,-0.36483911700144794
nordholt_ddac,NLLS,0.0060120240480961915,-0.41043706670770275
nordholt_ddac,NLLS,0.00668002672010688,-0.4560333225676076
nordholt_ddac,NLLS,0.007348029392117568,-0.5016278354374556
nordholt_ddac,NLLS,0.008016032064128256,-0.5472205547539817
nordholt_ddac,NLLS,0.008684034736138943,-0.592811428493728
nordholt_ddac,NLLS,0.009352037408149633,-0.6384004031312661
nordholt_ddac,NLLS,0.01002004008016032,-0.683987423596246
nordholt_ddac,NLLS,0.010688042752171008,-0.7295724332292434
nordholt_ddac,NLLS,0.011356045424181695,-0.7751553737363697
nordholt_ddac,NLLS,0.012024048096192383,-0.8207361851426114
nordholt_ddac,NLLS,0.012692050768203072,-0.866314805743872
nordholt_ddac,NLLS,0.01336005344021376,-0.9118911720576676
nordholt_ddac,NLLS,0.014028056112224447,-0.9574652187724573
nordholt_ddac,NLLS,0.014696058784235137,-1.0030368786955595
nordholt_ddac,NLLS,0.015364061456245824,-1.0486060826996242
nordholt_ddac,NLLS,0.01603206412825651,-1.0941727596676176
nordholt_ddac,NLLS,0.0167000668002672,-1.1397368364362856
nordholt_ddac,NLLS,0.017368069472277887,-1.1852982377380534
nordholt_ddac,NLLS,0.018036072144288574,-1.230856886141322
nordholt_ddac,NLLS,0.018704074816299265,-1.276412701989115
nordholt_ddac,NLLS,0.019372077488309953,-1.321965603336043
nordholt_ddac,NLLS,0.02004008016032064,-1.3675155058835313
nordholt_ddac,NLLS,0.020708082832331328,-1.4130623229132788
nordholt_ddac,NLLS,0.021376085504342016,-1.4586059652188854
nordholt_ddac,NLLS,0.022044088176352703,-1.5041463410356202
nordholt_ddac,NLLS,0.02271209084836339,-1.5496833559682779
nordholt_ddac,NLLS,0.023380093520374078,-1.5952169129170561
nordholt_ddac,NLLS,0.024048096192384766,-1.6407469120014448
nordholt_ddac,NLLS,0.024716098864395457,-1.6862732504820321
nordholt_ddac,NLLS,0.025384101536406144,-1.7317958226802095
nordholt_ddac,NLLS,0.026052104208416832,-1.7773145198957117
nordholt_ddac,NLLS,0.02672010688042752,-1.8228292303219302
nordholt_ddac,NLLS,0.027388109552438207,-1.8683398389589612
nordholt_ddac,NLLS,0.028056112224448895,-1.913846227524335
nordholt_ddac,NLLS,0.028724114896459582,-1.959348274361338
nordholt_ddac,NLLS,0.029392117568470273,-2.004845854344921
nordholt_ddac,NLLS,0.03006012024048096,-2.050338838785102
nordholt_ddac,NLLS,0.03072812291249165,-2.0958270953277967
nordholt_ddac,NLLS,0.03139612558450233,-2.1413104878530653
nordholt_ddac,NLLS,0.03206412825651302,-2.1867888763706533
nordholt_ddac,NLLS,0.032732130928523714,-2.232262116912799
nordholt_ddac,NLLS,0.0334001336005344,-2.2777300614242697
nordholt_ddac,NLLS,0.03406813627254509,-2.3231925576494885
nordholt_ddac,NLLS,0.034736138944555774,-2.368649449016774
nordholt_ddac,NLLS,0.035404141616566465,-2.414100574519571
nordholt_ddac,NLLS,0.03607214428857715,-2.4595457685946176
nordholt_ddac,NLLS,0.03674014696058784,-2.504984860997009
nordholt_ddac,NLLS,0.03740814963259853,-2.5504176766720446
nordholt_ddac,NLLS,0.038076152304609215,-2.5958440356238492
nordholt_ddac,NLLS,0.038744154976619906,-2.6412637527806395
nordholt_ddac,NLLS,0.03941215764863059,-2.6866766378566127
nordholt_ddac,NLLS,0.04008016032064128,-2.7320824952103844
nordholt_ddac,NLLS,0.040748162992651965,-2.777481123699848
nordholt_ddac,NLLS,0.041416165664662656,-2.8228723165334957
nordholt_ddac,NLLS,0.04208416833667334,-2.8682558611180444
nordholt_ddac,NLLS,0.04275217100868403,-2.913631538902274
nordholt_ddac,NLLS,0.04342017368069472,-2.9589991252171437
nordholt_ddac,NLLS,0.044088176352705406,-3.004358389111967
nordholt_ddac,NLLS,0.0447561790247161,-3.0497090931866486
nordholt_ddac,NLLS,0.04542418169672678,-3.0950509934199153
nordholt_ddac,NLLS,0.04609218436873747,-3.1403838389934675
nordholt_ddac,NLLS,0.046760187040748157,-3.1857073721119535
nordholt_ddac,NLLS,0.04742818971275885,-3.2310213278187407
nordholt_ddac,NLLS,0.04809619238476953,-3.2763254338073904
nordholt_ddac,NLLS,0.04876419505678022,-3.321619410228806
nordholt_ddac,NLLS,0.049432197728790914,-3.366902969493919
nordholt_ddac,NLLS,0.0501002004008016,-3.4121758160719593
nordholt_ddac,NLLS,0.05076820307281229,-3.4574376462841117
nordholt_ddac,NLLS,0.05143620574482297,-3.5026881480926733
nordholt_ddac,NLLS,0.052104208416833664,-3.5479270008854704
nordholt_ddac,NLLS,0.05277221108884435,-3.5931538752556067
nordholt_ddac,NLLS,0.05344021376085504,-3.6383684327764687
nordholt_ddac,NLLS,0.05410821643286573,-3.6835703257718984
nordholt_ddac,NLLS,0.054776219104876414,-3.728759197081541
nordholt_ddac,NLLS,0.055444221776887105,-3.773934679821319
nordholt_ddac,NLLS,0.05611222444889779,-3.8190963971388654
nordholt_ddac,NLLS,0.05678022712090848,-3.864243961964162
nordholt_ddac,NLLS,0.057448229792919164,-3.9093769767551008
nordholt_ddac,NLLS,0.058116232464929855,-3.954495033238031
nordholt_ddac,NLLS,0.058784235136940546,-3.9995977121432658
nordholt_ddac,NLLS,0.05945223780895123,-4.044684582935582
nordholt_ddac,NLLS,0.06012024048096192,-4.089755203539712
nordholt_ddac,NLLS,0.060788243152972606,-4.134809120060706
nordholt_ddac,NLLS,0.0614562458249833,-4.179845866499284
nordholt_ddac,NLLS,0.06212424849699398,-4.224864964462234
nordholt_ddac,NLLS,0.06279225116900466,-4.269865922868574
nordholt_ddac,NLLS,0.06346025384101536,-4.314848237646583
nordholt_ddac,NLLS,0.06412825651302605,-4.359811391434306
nordholt_ddac,NLLS,0.06479625918503673,-4.404754853266884
nordholt_ddac,NLLS,0.06546426185704743,-4.449678078263202
nordholt_ddac,NLLS,0.06613226452905811,-4.494580507307019
nordholt_ddac,NLLS,0.0668002672010688,-4.53946156672343
nordholt_ddac,NLLS,0.06746826987307948,-4.5843206679508715
nordholt_ddac,NLLS,0.06813627254509018,-4.62915720720867
nordholt_ddac,NLLS,0.06880427521710086,-4.673970565160317
nordholt_ddac,NLLS,0.06947227788911155,-4.718760106572665
nordholt_ddac,NLLS,0.07014028056112225,-4.763525179971081
nordholt_ddac,NLLS,0.07080828323313293,-4.80826511729088
nordholt_ddac,NLLS,0.07147628590514361,-4.8529792335251525
nordholt_ddac,NLLS,0.0721442885771543,-4.897666826369193
nordholt_ddac,NLLS,0.072812291249165,-4.94232717586187
nordholt_ddac,NLLS,0.07348029392117568,-4.986959544024026
nordholt_ddac,NLLS,0.07414829659318636,-5.031563174494383
nordholt_ddac,NLLS,0.07481629926519706,-5.076137292163103
nordholt_ddac,NLLS,0.07548430193720775,-5.120681102803398
nordholt_ddac,NLLS,0.07615230460921843,-5.165193792701537
nordholt_ddac,NLLS,0.07682030728122911,-5.20967452828567
nordholt_ddac,NLLS,0.07748830995323981,-5.254122455753753
nordholt_ddac,NLLS,0.0781563126252505,-5.298536700701156
nordholt_ddac,NLLS,0.07882431529726118,-5.3429163677483205
nordholt_ddac,NLLS,0.07949231796927186,-5.387260540169037
nordholt_ddac,NLLS,0.08016032064128256,-5.431568279519738
nordholt_ddac,NLLS,0.08082832331329325,-5.475838625270587
nordholt_ddac,NLLS,0.08149632598530393,-5.52007059443872
nordholt_ddac,NLLS,0.08216432865731463,-5.56426318122444
nordholt_ddac,NLLS,0.08283233132932531,-5.608415356650934
nordholt_ddac,NLLS,0.083500334001336,-5.652526068208324
nordholt_ddac,NLLS,0.08416833667334668,-5.696594239502616
nordholt_ddac,NLLS,0.08483633934535738,-5.740618769910494
nordholt_ddac,NLLS,0.08550434201736806,-5.784598534240756
nordholt_ddac,NLLS,0.08617234468937875,-5.8285323824031865
nordholt_ddac,NLLS,0.08684034736138944,-5.8724191390857605
nordholt_ddac,NLLS,0.08750835003340013,-5.91625760344127
nordholt_ddac,NLLS,0.08817635270541081,-5.960046548784152
nordholt_ddac,NLLS,0.0888443553774215,-6.003784722298771
nordholt_ddac,NLLS,0.0895123580494322,-6.04747084476005
nordholt_ddac,NLLS,0.09018036072144288,-6.091103610267663
nordholt_ddac,NLLS,0.09084836339345356,-6.134681685995014
nordholt_ddac,NLLS,0.09151636606546426,-6.178203711953997
nordholt_ddac,NLLS,0.09218436873747494,-6.22166830077712
nordholt_ddac,NLLS,0.09285237140948563,-6.265074037517935
nordholt_ddac,NLLS,0.09352037408149631,-6.308419479471455
nordholt_ddac,NLLS,0.09418837675350701,-6.35170315601565
nordholt_ddac,NLLS,0.0948563794255177,-6.394923568475674
nordholt_ddac,NLLS,0.09552438209752838,-6.4380791900121705
nordholt_ddac,NLLS,0.09619238476953906,-6.481168465535207
nordholt_ddac,NLLS,0.09686038744154976,-6.524189811645352
nordholt_ddac,NLLS,0.09752839011356045,-6.567141616603489
nordholt_ddac,NLLS,0.09819639278557113,-6.610022240331074
nordholt_ddac,NLLS,0.09886439545758183,-6.6528300144423
nordholt_ddac,NLLS,0.09953239812959251,-6.695563242309954
nordholt_ddac,NLLS,0.1002004008016032,-6.7382201991666335
nordholt_ddac,NLLS,0.10086840347361388,-6.7807991322431755
nordholt_ddac,NLLS,0.10153640614562458,-6.823298260945693
nordholt_ddac,NLLS,0.10220440881763526,-6.86571577707332
nordholt_ddac,NLLS,0.10287241148964595,-6.908049845078223
nordholt_ddac,NLLS,0.10354041416165664,-6.95029860236965
nordholt_ddac,NLLS,0.10420841683366733,-6.992460159663741
nordholt_ddac,NLLS,0.10487641950567801,-7.034532601381121
nordholt_ddac,NLLS,0.1055444221776887,-7.076513986093347
nordholt_ddac,NLLS,0.1062124248496994,-7.11840234702067
nordholt_ddac,NLLS,0.10688042752171008,-7.160195692582202
nordholt_ddac,NLLS,0.10754843019372076,-7.201892007000355
nordholt_ddac,NLLS,0.10821643286573146,-7.243489250961199
nordholt_ddac,NLLS,0.10888443553774214,-7.28498536233187
nordholt_ddac,NLLS,0.10955243820975283,-7.326378256937087
nordholt_ddac,NLLS,0.11022044088176351,-7.367665829395533
nordholt_ddac,NLLS,0.11088844355377421,-7.408845954017724
nordholt_ddac,NLLS,0.1115564462257849,-7.4499164857665905
nordholt_ddac,NLLS,0.11222444889779558,-7.490875261281716
nordholt_ddac,NLLS,0.11289245156980628,-7.531720099968008
nordholt_ddac,NLLS,0.11356045424181696,-7.572448805150296
nordholt_ddac,NLLS,0.11422845691382764,-7.613059165293671
nordholt_ddac,NLLS,0.11489645958583833,-7.653548955290891
nordholt_ddac,NLLS,0.11556446225784903,-7.6939159378166515
nordholt_ddac,NLLS,0.11623246492985971,-7.734157864749372
nordholt_ddac,NLLS,0.1169004676018704,-7.77427247866015
nordholt_ddac,NLLS,0.11756847027388109,-7.814257514369079
nordholt_ddac,NLLS,0.11823647294589178,-7.85411070056808
nordholt_ddac,NLLS,0.11890447561790246,-7.893829761510285
nordholt_ddac,NLLS,0.11957247828991314,-7.933412418764373
nordholt_ddac,NLLS,0.12024048096192384,-7.972856393033554
nordholt_ddac,NLLS,0.12090848363393453,-8.012159406037314
nordholt_ddac,NLLS,0.12157648630594521,-8.051319182454753
nordholt_ddac,NLLS,0.1222444889779559,-8.090333451927355
nordholt_ddac,NLLS,0.1229124916499666,-8.129199951119418
nordholt_ddac,NLLS,0.12358049432197728,-8.167916425833734
nordholt_ddac,NLLS,0.12424849699398796,-8.206480633179462
nordholt_ddac,NLLS,0.12491649966599866,-8.244890343791223
nordholt_ddac,NLLS,0.12558450233800933,-8.28314334408809
nordholt_ddac,NLLS,0.12625250501002003,-8.321237438588215
nordholt_ddac,NLLS,0.12692050768203073,-8.359170452249996
nordholt_ddac,NLLS,0.1275885103540414,-8.396940232854782
nordholt_ddac,NLLS,0.1282565130260521,-8.434544653419058
nordholt_ddac,NLLS,0.1289245156980628,-8.471981614632972
nordholt_ddac,NLLS,0.12959251837007346,-8.50924904732034
nordholt_ddac,NLLS,0.13026052104208416,-8.546344914915094
nordholt_ddac,NLLS,0.13092852371409486,-8.583267215948714
nordholt_ddac,NLLS,0.13159652638610553,-8.620013986543414
nordholt_ddac,NLLS,0.13226452905811623,-8.656583302905023
nordholt_ddac,NLLS,0.1329325317301269,-8.692973283809964
nordholt_ddac,NLLS,0.1336005344021376,-8.729182093080057
nordholt_ddac,NLLS,0.1342685370741483,-8.765207942038963
nordholt_ddac,NLLS,0.13493653974615896,-8.801049091943998
nordholt_ddac,NLLS,0.13560454241816966,-8.83670385638682
nordholt_ddac,NLLS,0.13627254509018036,-8.872170603656475
nordholt_ddac,NLLS,0.13694054776219103,-8.907447759058222
nordholt_ddac,NLLS,0.13760855043420173,-8.942533807181686
nordholt_ddac,NLLS,0.13827655310621242,-8.977427294111653
nordholt_ddac,NLLS,0.1389445557782231,-9.012126829574969
nordholt_ddac,NLLS,0.1396125584502338,-9.04663108901729
nordholt_ddac,NLLS,0.1402805611222445,-9.080938815603094
nordholt_ddac,NLLS,0.14094856379425516,-9.115048822132996
nordholt_ddac,NLLS,0.14161656646626586,-9.148959992872173
nordholt_ddac,NLLS,0.14228456913827653,-9.182671285284105
nordholt_ddac,NLLS,0.14295257181028723,-9.216181731664113
nordholt_ddac,NLLS,0.14362057448229792,-9.249490440667287
nordholt_ddac,NLLS,0.1442885771543086,-9.282596598725785
nordholt_ddac,NLLS,0.1449565798263193,-9.315499471350737
nordholt_ddac,NLLS,0.14562458249833,-9.348198404314488
nordholt_ddac,NLLS,0.14629258517034066,-9.380692824709024
nordholt_ddac,NLLS,0.14696058784235136,-9.412982241877117
nordholt_ddac,NLLS,0.14762859051436206,-9.445066248212878
nordholt_ddac,NLLS,0.14829659318637273,-9.476944519829008
nordholt_ddac,NLLS,0.14896459585838343,-9.508616817088416
nordholt_ddac,NLLS,0.14963259853039412,-9.54008298499838
nordholt_ddac,NLLS,0.1503006012024048,-9.571342953465816
nordholt_ddac,NLLS,0.1509686038744155,-9.602396737412846
nordholt_ddac,NLLS,0.15163660654642616,-9.633244436752182
nordholt_ddac,NLLS,0.15230460921843686,-9.663886236222472
nordholt_ddac,NLLS,0.15297261189044756,-9.694322405084137
nordholt_ddac,NLLS,0.15364061456245823,-9.72455329667677
nordholt_ddac,NLLS,0.15430861723446893,-9.754579347839712
nordholt_ddac,NLLS,0.15497661990647962,-9.784401078197682
nordholt_ddac,NLLS,0.1556446225784903,-9.814019089314092
nordholt_ddac,NLLS,0.156312625250501,-9.843434063714797
nordholt_ddac,NLLS,0.1569806279225117,-9.872646763785843
nordholt_ddac,NLLS,0.15764863059452236,-9.901658030548667
nordholt_ddac,NLLS,0.15831663326653306,-9.930468782317256
nordholt_ddac,NLLS,0.15898463593854373,-9.959080013241369
nordholt_ddac,NLLS,0.15965263861055443,-9.987492791741035
nordholt_ddac,NLLS,0.16032064128256512,-10.015708258837194
nordholt_ddac,NLLS,0.1609886439545758,-10.043727626384051
nordholt_ddac,NLLS,0.1616566466265865,-10.07155217520881
nordholt_ddac,NLLS,0.1623246492985972,-10.099183253164604
nordholt_ddac,NLLS,0.16299265197060786,-10.12662227310286
nordholt_ddac,NLLS,0.16366065464261856,-10.153870710771207
nordholt_ddac,NLLS,0.16432865731462926,-10.180930102643375
nordholt_ddac,NLLS,0.16499665998663993,-10.20780204368753
nordholt_ddac,NLLS,0.16566466265865062,-10.234488185079634
nordholt_ddac,NLLS,0.16633266533066132,-10.260990231868325
nordholt_ddac,NLLS,0.167000668002672,-10.28730994059785
nordholt_ddac,NLLS,0.1676686706746827,-10.313449116895832
nordholt_ddac,NLLS,0.16833667334669336,-10.339409613031979
nordholt_ddac,NLLS,0.16900467601870406,-10.365193325454532
nordholt_ddac,NLLS,0.16967267869071476,-10.390802192310483
nordholt_ddac,NLLS,0.17034068136272543,-10.416238190955823
nordholt_ddac,NLLS,0.17100868403473612,-10.441503335461915
nordholt_ddac,NLLS,0.17167668670674682,-10.466599674123666
nordholt_ddac,NLLS,0.1723446893787575,-10.491529286975323
nordholt_ddac,NLLS,0.1730126920507682,-10.516294283319228
nordholt_ddac,NLLS,0.1736806947227789,-10.540896799272787
nordholt_ddac,NLLS,0.17434869739478956,-10.565338995338648
nordholt_ddac,NLLS,0.17501670006680026,-10.589623054002775
nordholt_ddac,NLLS,0.17568470273881093,-10.613751177364911
nordholt_ddac,NLLS,0.17635270541082163,-10.637725584805697
nordholt_ddac,NLLS,0.17702070808283232,-10.66154851069426
nordholt_ddac,NLLS,0.177688710754843,-10.685222202140034
nordholt_ddac,NLLS,0.1783567134268537,-10.708748916792114
nordholt_ddac,NLLS,0.1790247160988644,-10.732130920689325
nordholt_ddac,NLLS,0.17969271877087506,-10.755370486163715
nordholt_ddac,NLLS,0.18036072144288576,-10.778469889800121
nordholt_ddac,NLLS,0.18102872411489646,-10.801431410453988
nordholt_ddac,NLLS,0.18169672678690713,-10.82425732732946
nordholt_ddac,NLLS,0.18236472945891782,-10.846949918119522
nordholt_ddac,NLLS,0.18303273213092852,-10.869511457209573
nordholt_ddac,NLLS,0.1837007348029392,-10.891944213945735
nordholt_ddac,NLLS,0.1843687374749499,-10.914250450968797
nordholt_ddac,NLLS,0.18503674014696056,-10.936432422614654
nordholt_ddac,NLLS,0.18570474281897126,-10.958492373381604
nordholt_ddac,NLLS,0.18637274549098196,-10.980432536464955
nordholt_ddac,NLLS,0.18704074816299263,-11.002255132358961
nordholt_ddac,NLLS,0.18770875083500332,-11.023962367526025
nordholt_ddac,NLLS,0.18837675350701402,-11.045556433132921
nordholt_ddac,NLLS,0.1890447561790247,-11.06703950385354
nordholt_ddac,NLLS,0.1897127588510354,-11.088413736737635
nordholt_ddac,NLLS,0.1903807615230461,-11.109681270144721
nordholt_ddac,NLLS,0.19104876419505676,-11.13084422274239
nordholt_ddac,NLLS,0.19171676686706746,-11.15190469256786
nordholt_ddac,NLLS,0.19238476953907813,-11.172864756151833
nordholt_ddac,NLLS,0.19305277221108882,-11.193726467703204
nordholt_ddac,NLLS,0.19372077488309952,-11.214491858353568
nordholt_ddac,NLLS,0.1943887775551102,-11.235162935459893
nordholt_ddac,NLLS,0.1950567802271209,-11.255741681964048
nordholt_ddac,NLLS,0.1957247828991316,-11.27623005580755
nordholt_ddac,NLLS,0.19639278557114226,-11.296629989399998
nordholt_ddac,NLLS,0.19706078824315296,-11.316943389139515
nordholt_ddac,NLLS,0.19772879091516365,-11.337172134983597
nordholt_ddac,NLLS,0.19839679358717432,-11.357318080068554
nordholt_ddac,NLLS,0.19906479625918502,-11.377383050375927
nordholt_ddac,NLLS,0.19973279893119572,-11.397368844444093
nordholt_ddac,NLLS,0.2004008016032064,-11.417277233123308
nordholt_ddac,NLLS,0.2010688042752171,-11.437109959372432
nordholt_ddac,NLLS,0.20173680694722776,-11.456868738095604
nordholt_ddac,NLLS,0.20240480961923846,-11.476555256017159
nordholt_ddac,NLLS,0.20307281229124916,-11.49617117159296
nordholt_ddac,NLLS,0.20374081496325983,-11.515718114956572
nordholt_ddac,NLLS,0.20440881763527052,-11.535197687898451
nordholt_ddac,NLLS,0.20507682030728122,-11.554611463876626
nordholt_ddac,NLLS,0.2057448229792919,-11.57396098805709
nordholt_ddac,NLLS,0.2064128256513026,-11.593247777382487
nordholt_ddac,NLLS,0.2070808283233133,-11.612473320667272
nordholt_ddac,NLLS,0.20774883099532396,-11.631639078718091
nordholt_ddac,NLLS,0.20841683366733466,-11.65074648447769
nordholt_ddac,NLLS,0.20908483633934535,-11.66979694319094
nordholt_ddac,NLLS,0.20975283901135602,-11.688791832591631
nordholt_ddac,NLLS,0.21042084168336672,-11.707732503108597
nordholt_ddac,NLLS,0.2110888443553774,-11.726620278089838
nordholt_ddac,NLLS,0.2117568470273881,-11.745456454043444
nordholt_ddac,NLLS,0.2124248496993988,-11.764242300893937
nordholt_ddac,NLLS,0.21309285237140946,-11.782979062252961
nordholt_ddac,NLLS,0.21376085504342016,-11.801667955703127
nordholt_ddac,NLLS,0.21442885771543085,-11.820310173093862
nordholt_ddac,NLLS,0.21509686038744152,-11.838906880848285
nordholt_ddac,NLLS,0.21576486305945222,-11.857459220279997
nordholt_ddac,NLLS,0.21643286573146292,-11.875968307918884
nordholt_ddac,NLLS,0.2171008684034736,-11.89443523584497
nordholt_ddac,NLLS,0.2177688710754843,-11.91286107202944
nordholt_ddac,NLLS,0.21843687374749496,-11.931246860681963
nordholt_ddac,NLLS,0.21910487641950566,-11.949593622603516
nordholt_ddac,NLLS,0.21977287909151635,-11.967902355543991
nordholt_ddac,NLLS,0.22044088176352702,-11.986174034563767
nordholt_ddac,NLLS,0.22110888443553772,-12.004409612398627
nordholt_ddac,NLLS,0.22177688710754842,-12.02261001982734
nordholt_ddac,NLLS,0.2224448897795591,-12.040776166041281
nordholt_ddac,NLLS,0.2231128924515698,-12.058908939015545
nordholt_ddac,NLLS,0.2237808951235805,-12.077009205880946
nordholt_ddac,NLLS,0.22444889779559116,-12.095077813296443
nordholt_ddac,NLLS,0.22511690046760185,-12.113115587821456
nordholt_ddac,NLLS,0.22578490313961255,-12.131123336287674
nordholt_ddac,NLLS,0.22645290581162322,-12.149101846169884
nordholt_ddac,NLLS,0.22712090848363392,-12.167051885955427
nordholt_ddac,NLLS,0.2277889111556446,-12.18497420551192
nordholt_ddac,NLLS,0.2284569138276553,-12.202869536452964
nordholt_ddac,NLLS,0.229124916499666,-12.220738592501336
nordholt_ddac,NLLS,0.22979291917167666,-12.238582069849622
nordholt_ddac,NLLS,0.23046092184368736,-12.256400647517776
nordholt_ddac,NLLS,0.23112892451569805,-12.274194987707533
nordholt_ddac,NLLS,0.23179692718770872,-12.29196573615335
nordholt_ddac,NLLS,0.23246492985971942,-12.309713522469657
nordholt_ddac,NLLS,0.23313293253173012,-12.327438960494353
nordholt_ddac,NLLS,0.2338009352037408,-12.345142648628157
nordholt_ddac,NLLS,0.2344689378757515,-12.362825170169845
nordholt_ddac,NLLS,0.23513694054776219,-12.380487093647192
nordholt_ddac,NLLS,0.23580494321977286,-12.398128973143374
nordholt_ddac,NLLS,0.23647294589178355,-12.415751348618905
nordholt_ddac,NLLS,0.23714094856379422,-12.43335474622884
nordholt_ddac,NLLS,0.23780895123580492,-12.450939678635287
nordholt_ddac,NLLS,0.23847695390781562,-12.468506645315065
nordholt_ddac,NLLS,0.2391449565798263,-12.486056132862526
nordholt_ddac,NLLS,0.239812959251837,-12.503588615287375
nordholt_ddac,NLLS,0.24048096192384769,-12.521104554307607
nordholt_ddac,NLLS,0.24114896459585836,-12.538604399637386
nordholt_ddac,NLLS,0.24181696726786905,-12.5560885892699
nordholt_ddac,NLLS,0.24248496993987975,-12.573557549755186
nordholt_ddac,NLLS,0.24315297261189042,-12.59101169647297
nordholt_ddac,NLLS,0.24382097528390112,-12.608451433900322
nordholt_ddac,NLLS,0.2444889779559118,-12.625877155874432
nordholt_ddac,NLLS,0.2451569806279225,-12.643289245850232
nordholt_ddac,NLLS,0.2458249832999332,-12.660688077153125
nordholt_ddac,NLLS,0.24649298597194386,-12.678074013226631
nordholt_ddac,NLLS,0.24716098864395455,-12.695447407875173
nordholt_ddac,NLLS,0.24782899131596525,-12.712808605501895
nordholt_ddac,NLLS,0.24849699398797592,-12.730157941341597
nordholt_ddac,NLLS,0.24916499665998662,-12.747495741688954
nordholt_ddac,NLLS,0.24983299933199732,-12.764822324121603
nordholt_ddac,NLLS,0.250501002004008,-12.782137997719065
nordholt_ddac,NLLS,0.25116900467601866,-12.799443063276458
nordholt_ddac,NLLS,0.2518370073480294,-12.81673781351379
nordholt_ddac,NLLS,0.25250501002004005,-12.834022533280693
nordholt_ddac,NLLS,0.2531730126920507,-12.851297499756601
nordholt_ddac,NLLS,0.25384101536406145,-12.86856298264646
nordholt_ddac,NLLS,0.2545090180360721,-12.88581924437208
nordholt_ddac,NLLS,0.2551770207080828,-12.903066540259143
nordholt_ddac,NLLS,0.2558450233800935,-12.92030511871995
nordholt_ddac,NLLS,0.2565130260521042,-12.937535221431949
nordholt_ddac,NLLS,0.25718102872411486,-12.954757083512174
nordholt_ddac,NLLS,0.2578490313961256,-12.971970933687595
nordholt_ddac,NLLS,0.25851703406813625,-12.989176994461465
nordholt_ddac,NLLS,0.2591850367401469,-13.00637548227578
nordholt_ddac,NLLS,0.25985303941215765,-13.023566607669856
nordholt_ddac,NLLS,0.2605210420841683,-13.040750575435123
nordholt_ddac,NLLS,0.261189044756179,-13.057927584766208
nordholt_ddac,NLLS,0.2618570474281897,-13.075097829408378
nordholt_ddac,NLLS,0.2625250501002004,-13.092261497801394
nordholt_ddac,NLLS,0.26319305277221106,-13.10941877321987
nordholt_ddac,NLLS,0.2638610554442218,-13.126569833910187
nordholt_ddac,NLLS,0.26452905811623245,-13.143714853224036
nordholt_ddac,NLLS,0.2651970607882431,-13.160853999748657
nordholt_ddac,NLLS,0.2658650634602538,-13.177987437433865
nordholt_ddac,NLLS,0.2665330661322645,-13.195115325715891
nordholt_ddac,NLLS,0.2672010688042752,-13.21223781963811
nordholt_ddac,NLLS,0.26786907147628586,-13.22935506996876
nordholt_ddac,NLLS,0.2685370741482966,-13.246467223315701
nordholt_ddac,NLLS,0.26920507682030725,-13.263574422238216
nordholt_ddac,NLLS,0.2698730794923179,-13.280676805356048
nordholt_ddac,NLLS,0.27054108216432865,-13.29777450745558
nordholt_ddac,NLLS,0.2712090848363393,-13.314867659593357
nordholt_ddac,NLLS,0.27187708750835,-13.331956389196936
nordholt_ddac,NLLS,0.2725450901803607,-13.34904082016312
nordholt_ddac,NLLS,0.2732130928523714,-13.366121072953694
nordholt_ddac,NLLS,0.27388109552438206,-13.383197264688647
nordholt_ddac,NLLS,0.2745490981963928,-13.400269509237006
nordholt_ddac,NLLS,0.27521710086840345,-13.417337917305286
nordholt_ddac,NLLS,0.2758851035404141,-13.434402596523636
nordholt_ddac,NLLS,0.27655310621242485,-13.451463651529744
nordholt_ddac,NLLS,0.2772211088844355,-13.468521184050523
nordholt_ddac,NLLS,0.2778891115564462,-13.485575292981679
nordholt_ddac,NLLS,0.2785571142284569,-13.502626074465148
nordholt_ddac,NLLS,0.2792251169004676,-13.519673621964511
nordholt_ddac,NLLS,0.27989311957247826,-13.536718026338423
nordholt_ddac,NLLS,0.280561122244489,-13.553759375912072
nordholt_ddac,NLLS,0.28122912491649965,-13.570797756546757
nordholt_ddac,NLLS,0.2818971275885103,-13.587833251707611
nordholt_ddac,NLLS,0.282565130260521,-13.604865942529514
nordholt_ddac,NLLS,0.2832331329325317,-13.621895907881255
nordholt_ddac,NLLS,0.2839011356045424,-13.638923224427973
nordholt_ddac,NLLS,0.28456913827655306,-13.65594796669192
nordholt_ddac,NLLS,0.2852371409485638,-13.672970207111602
nordholt_ddac,NLLS,0.28590514362057445,-13.68999001609932
nordholt_ddac,NLLS,0.2865731462925851,-13.707007462097183
nordholt_ddac,NLLS,0.28724114896459585,-13.724022611631582
nordholt_ddac,NLLS,0.2879091516366065,-13.741035529366204
nordholt_ddac,NLLS,0.2885771543086172,-13.758046278153635
nordholt_ddac,NLLS,0.2892451569806279,-13.77505491908552
nordholt_ddac,NLLS,0.2899131596526386,-13.79206151154142
nordholt_ddac,NLLS,0.29058116232464926,-13.80906611323628
nordholt_ddac,NLLS,0.29124916499666,-13.82606878026667
nordholt_ddac,NLLS,0.29191716766867065,-13.843069567155705
nordholt_ddac,NLLS,0.2925851703406813,-13.860068526896809
nordholt_ddac,NLLS,0.29325317301269205,-13.87706571099622
nordholt_ddac,NLLS,0.2939211756847027,-13.894061169514368
nordholt_ddac,NLLS,0.2945891783567134,-13.911054951106134
nordholt_ddac,NLLS,0.2952571810287241,-13.928047103059983
nordholt_ddac,NLLS,0.2959251837007348,-13.94503767133603
nordholt_ddac,NLLS,0.29659318637274545,-13.96202670060306
nordholt_ddac,NLLS,0.2972611890447562,-13.979014234274553
nordholt_ddac,NLLS,0.29792919171676685,-13.996000314543705
nordholt_ddac,NLLS,0.2985971943887775,-14.012984982417477
nordholt_ddac,NLLS,0.29926519706078825,-14.029968277749704
nordholt_ddac,NLLS,0.2999331997327989,-14.046950239273341
nordholt_ddac,NLLS,0.3006012024048096,-14.06393090463174
nordholt_ddac,NLLS,0.30126920507682026,-14.08091031040916
nordholt_ddac,NLLS,0.301937207748831,-14.097888492160324
nordholt_ddac,NLLS,0.30260521042084165,-14.114865484439262
nordholt_ddac,NLLS,0.3032732130928523,-14.13184132082731
nordholt_ddac,NLLS,0.30394121576486305,-14.14881603396031
nordholt_ddac,NLLS,0.3046092184368737,-14.16578965555512
nordholt_ddac,NLLS,0.3052772211088844,-14.182762216435329
nordholt_ddac,NLLS,0.3059452237808951,-14.1997337465563
nordholt_ddac,NLLS,0.3066132264529058,-14.216704275029503
nordholt_ddac,NLLS,0.30728122912491646,-14.233673830146165
nordholt_ddac,NLLS,0.3079492317969272,-14.250642439400275
nordholt_ddac,NLLS,0.30861723446893785,-14.26761012951097
nordholt_ddac,NLLS,0.3092852371409485,-14.284576926444224
nordholt_ddac,NLLS,0.30995323981295925,-14.301542855434041
nordholt_ddac,NLLS,0.3106212424849699,-14.31850794100297
nordholt_ddac,NLLS,0.3112892451569806,-14.335472206982105
nordholt_ddac,NLLS,0.3119572478289913,-14.352435676530472
nordholt_ddac,NLLS,0.312625250501002,-14.369398372153942
nordholt_ddac,NLLS,0.31329325317301265,-14.386360315723568
nordholt_ddac,NLLS,0.3139612558450234,-14.403321528493423
nordholt_ddac,NLLS,0.31462925851703405,-14.420282031117955
nordholt_ddac,NLLS,0.3152972611890447,-14.437241843668842
nordholt_ddac,NLLS,0.31596526386105545,-14.454200985651362
nordholt_ddac,NLLS,0.3166332665330661,-14.471159476020363
nordholt_ddac,NLLS,0.3173012692050768,-14.488117333195712
nordholt_ddac,NLLS,0.31796927187708746,-14.505074575077355
nordholt_ddac,NLLS,0.3186372745490982,-14.522031219059977
nordholt_ddac,NLLS,0.31930527722110885,-14.53898728204717
nordholt_ddac,NLLS,0.3199732798931195,-14.55594278046532
nordholt_ddac,NLLS,0.32064128256513025,-14.572897730276994
nordholt_ddac,NLLS,0.3213092852371409,-14.589852146994023
nordholt_ddac,NLLS,0.3219772879091516,-14.606806045690195
nordholt_ddac,NLLS,0.3226452905811623,-14.623759441013595
nordholt_ddac,NLLS,0.323313293253173,-14.640712347198596
nordholt_ddac,NLLS,0.32398129592518365,-14.657664778077509
nordholt_ddac,NLLS,0.3246492985971944,-14.674616747091937
nordholt_ddac,NLLS,0.32531730126920505,-14.69156826730375
nordholt_ddac,NLLS,0.3259853039412157,-14.708519351405831
nordholt_ddac,NLLS,0.32665330661322645,-14.725470011732451
nordholt_ddac,NLLS,0.3273213092852371,-14.742420260269368
nordholt_ddac,NLLS,0.3279893119572478,-14.759370108663692
nordholt_ddac,NLLS,0.3286573146292585,-14.776319568233422
nordholt_ddac,NLLS,0.3293253173012692,-14.793268649976696
nordholt_ddac,NLLS,0.32999331997327985,-14.810217364580865
nordholt_ddac,NLLS,0.3306613226452906,-14.827165722431232
nordholt_ddac,NLLS,0.33132932531730125,-14.84411373361956
nordholt_ddac,NLLS,0.3319973279893119,-14.861061407952391
nordholt_ddac,NLLS,0.33266533066132264,-14.87800875495907
nordholt_ddac,NLLS,0.3333333333333333,-14.894955783899565
nordholt_ddac,NN,0.0,8.760353553682876e-17
nordholt_ddac,NN,0.000668002672010688,-0.04524616176675181
nordholt_ddac,NN,0.001336005344021376,-0.0904928983883682
nordholt_ddac,NN,0.002004008016032064,-0.13574016607846806
nordholt_ddac,NN,0.002672010688042752,-0.18098792041934347
nordholt_ddac,NN,0.00334001336005344,-0.22623611633593904
nordholt_ddac,NN,0.004008016032064128,-0.2714847080691372
nordholt_ddac,NN,0.004676018704074816,-0.3167336491483281
nordholt_ddac,NN,0.005344021376085504,-0.36198289236323683
nordholt_ddac,NN,0.0060120240480961915,-0.4072323897349961
nordholt_ddac,NN,0.00668002672010688,-0.4524820924864314
nordholt_ddac,NN,0.007348029392117568,-0.4977319510115421
nordholt_ddac,NN,0.008016032064128256,-0.5429819148441529
nordholt_ddac,NN,0.008684034736138943,-0.5882319326257093
nordholt_ddac,NN,0.009352037408149633,-0.6334819520721955
nordholt_ddac,NN,0.01002004008016032,-0.678731919940143
nordholt_ddac,NN,0.010688042752171008,-0.7239817819917119
nordholt_ddac,NN,0.011356045424181695,-0.7692314829588074
nordholt_ddac,NN,0.012024048096192383,-0.814480966506213
nordholt_ddac,NN,0.012692050768203072,-0.8597301751937059
nordholt_ddac,NN,0.01336005344021376,-0.9049790504371249
nordholt_ddac,NN,0.014028056112224447,-0.9502275324683654
nordholt_ddac,NN,0.014696058784235137,-0.9954755602942638
nordholt_ddac,NN,0.015364061456245824,-1.0407230716543443
nordholt_ddac,NN,0.01603206412825651,-1.0859700029773949
nordholt_ddac,NN,0.0167000668002672,-1.1312162893368343
nordholt_ddac,NN,0.017368069472277887,-1.1764618644048428
nordholt_ddac,NN,0.018036072144288574,-1.2217066604052143
nordholt_ddac,NN,0.018704074816299265,-1.2669506080648971
nordholt_ddac,NN,0.019372077488309953,-1.3121936365641893
nordholt_ddac,NN,0.02004008016032064,-1.3574356734855408
nordholt_ddac,NN,0.020708082832331328,-1.402676644760934
nordholt_ddac,NN,0.021376085504342016,-1.4479164746177962
nordholt_ddac,NN,0.022044088176352703,-1.4931550855234044
nordholt_ddac,NN,0.02271209084836339,-1.538392398127741
nordholt_ddac,NN,0.023380093520374078,-1.583628331204756
nordholt_ddac,NN,0.024048096192384766,-1.6288628015919928
nordholt_ddac,NN,0.024716098864395457,-1.6740957241285328
nordholt_ddac,NN,0.025384101536406144,-1.719327011591208
nordholt_ddac,NN,0.026052104208416832,-1.764556574629041
nordholt_ddac,NN,0.02672010688042752,-1.8097843216958596
nordholt_ddac,NN,0.027388109552438207,-1.8550101589810364
nordholt_ddac,NN,0.028056112224448895,-1.9002339903383016
nordholt_ddac,NN,0.028724114896459582,-1.9454557172125826
nordholt_ddac,NN,0.029392117568470273,-1.9906752385648105
nordholt_ddac,NN,0.03006012024048096,-2.035892450794639
nordholt_ddac,NN,0.03072812291249165,-2.081107247661031
nordholt_ddac,NN,0.03139612558450233,-2.12631952020064
nordholt_ddac,NN,0.03206412825651302,-2.1715291566439396
nordholt_ddac,NN,0.032732130928523714,-2.2167360423290368
nordholt_ddac,NN,0.0334001336005344,-2.261940059613113
nordholt_ddac,NN,0.03406813627254509,-2.3071410877814285
nordholt_ddac,NN,0.034736138944555774,-2.3523390029538187
nordholt_ddac,NN,0.035404141616566465,-2.3975336779886405
nordholt_ddac,NN,0.03607214428857715,-2.4427249823840764
nordholt_ddac,NN,0.03674014696058784,-2.48791278217675
nordholt_ddac,NN,0.03740814963259853,-2.5330969398375713
nordholt_ddac,NN,0.038076152304609215,-2.5782773141647546
nordholt_ddac,NN,0.038744154976619906,-2.6234537601739274
nordholt_ddac,NN,0.03941215764863059,-2.668626128985262
nordholt_ddac,NN,0.04008016032064128,-2.71379426770757
nordholt_ddac,NN,0.040748162992651965,-2.7589580193192536
nordholt_ddac,NN,0.041416165664662656,-2.8041172225460804
nordholt_ddac,NN,0.04208416833667334,-2.8492717117356667
nordholt_ddac,NN,0.04275217100868403,-2.8944213167286175
nordholt_ddac,NN,0.04342017368069472,-2.939565862726236
nordholt_ddac,NN,0.044088176352705406,-2.984705170154712
nordholt_ddac,NN,0.0447561790247161,-3.029839054525737
nordholt_ddac,NN,0.04542418169672678,-3.074967326293429
nordholt_ddac,NN,0.04609218436873747,-3.120089790707512
nordholt_ddac,NN,0.046760187040748157,-3.165206247662651
nordholt_ddac,NN,0.04742818971275885,-3.210316491543869
nordholt_ddac,NN,0.04809619238476953,-3.2554203110679523
nordholt_ddac,NN,0.04876419505678022,-3.3005174891207694
nordholt_ddac,NN,0.049432197728790914,-3.345607802590392
nordholt_ddac,NN,0.0501002004008016,-3.390691022195975
nordholt_ddac,NN,0.05076820307281229,-3.4357669123122663
nordholt_ddac,NN,0.05143620574482297,-3.4808352307896793
nordholt_ddac,NN,0.052104208416833664,-3.5258957287698474
nordholt_ddac,NN,0.05277221108884435,-3.5709481504965517
nordholt_ddac,NN,0.05344021376085504,-3.6159922331219554
nordholt_ddac,NN,0.05410821643286573,-3.661027706508051
nordholt_ddac,NN,0.054776219104876414,-3.70605429302323
nordholt_ddac,NN,0.055444221776887105,-3.7510717073338937
nordholt_ddac,NN,0.05611222444889779,-3.7960796561910235
nordholt_ddac,NN,0.05678022712090848,-3.84107783821162
nordholt_ddac,NN,0.057448229792919164,-3.886065943654935
nordholt_ddac,NN,0.058116232464929855,-3.9310436541934153
nordholt_ddac,NN,0.058784235136940546,-3.9760106426782693
nordholt_ddac,NN,0.05945223780895123,-4.020966572899597
nordholt_ddac,NN,0.06012024048096192,-4.065911099341
nordholt_ddac,NN,0.060788243152972606,-4.110843866928588
nordholt_ddac,NN,0.0614562458249833,-4.15576451077434
nordholt_ddac,NN,0.06212424849699398,-4.200672655913729
nordholt_ddac,NN,0.06279225116900466,-4.245567917037561
nordholt_ddac,NN,0.06346025384101536,-4.2904498982179735
nordholt_ddac,NN,0.06412825651302605,-4.335318192628527
nordholt_ddac,NN,0.06479625918503673,-4.380172382258361
nordholt_ddac,NN,0.06546426185704743,-4.425012037620354
nordholt_ddac,NN,0.06613226452905811,-4.46983671745325
nordholt_ddac,NN,0.0668002672010688,-4.514645968417749
nordholt_ddac,NN,0.06746826987307948,-4.559439324786504
nordholt_ddac,NN,0.06813627254509018,-4.604216308128018
nordholt_ddac,NN,0.06880427521710086,-4.6489764269844605
nordholt_ddac,NN,0.06947227788911155,-4.693719176543356
nordholt_ddac,NN,0.07014028056112225,-4.738444038303202
nordholt_ddac,NN,0.07080828323313293,-4.783150479733005
nordholt_ddac,NN,0.07147628590514361,-4.827837953925794
nordholt_ddac,NN,0.0721442885771543,-4.872505899246122
nordholt_ddac,NN,0.072812291249165,-4.91715373897165
nordholt_ddac,NN,0.07348029392117568,-4.961780880928838
nordholt_ddac,NN,0.07414829659318636,-5.006386717122884
nordholt_ddac,NN,0.07481629926519706,-5.0509706233619545
nordholt_ddac,NN,0.07548430193720775,-5.095531958875848
nordholt_ddac,NN,0.07615230460921843,-5.140070065929239
nordholt_ddac,NN,0.07682030728122911,-5.184584269429613
nordholt_ddac,NN,0.07748830995323981,-5.2290738765301015
nordholt_ddac,NN,0.0781563126252505,-5.273538176227385
nordholt_ddac,NN,0.07882431529726118,-5.317976438954882
nordholt_ddac,NN,0.07949231796927186,-5.362387916171452
nordholt_ddac,NN,0.08016032064128256,-5.4067718399458995
nordholt_ddac,NN,0.08082832331329325,-5.451127422537501
nordholt_ddac,NN,0.08149632598530393,-5.495453855972948
nordholt_ddac,NN,0.08216432865731463,-5.539750311619978
nordholt_ddac,NN,0.08283233132932531,-5.584015939758073
nordholt_ddac,NN,0.083500334001336,-5.62824986914666
nordholt_ddac,NN,0.08416833667334668,-5.672451206591199
nordholt_ddac,NN,0.08483633934535738,-5.716619036507651
nordholt_ddac,NN,0.08550434201736806,-5.76075242048579
nordholt_ddac,NN,0.08617234468937875,-5.8048503968519585
nordholt_ddac,NN,0.08684034736138944,-5.848911980231753
nordholt_ddac,NN,0.08750835003340013,-5.892936161113321
nordholt_ddac,NN,0.08817635270541081,-5.936921905411898
nordholt_ddac,NN,0.0888443553774215,-5.98086815403627
nordholt_ddac,NN,0.0895123580494322,-6.0247738224579015
nordholt_ddac,NN,0.09018036072144288,-6.068637800283542
nordholt_ddac,NN,0.09084836339345356,-6.112458950832108
nordholt_ddac,NN,0.09151636606546426,-6.15623611071673
nordholt_ddac,NN,0.09218436873747494,-6.199968089432904
nordholt_ddac,NN,0.09285237140948563,-6.243653668953714
nordholt_ddac,NN,0.09352037408149631,-6.287291603333163
nordholt_ddac,NN,0.09418837675350701,-6.330880618318692
nordholt_ddac,NN,0.0948563794255177,-6.37441941097403
nordholt_ddac,NN,0.09552438209752838,-6.417906649313582
nordholt_ddac,NN,0.09619238476953906,-6.461340971949549
nordholt_ddac,NN,0.09686038744154976,-6.504720987753194
nordholt_ddac,NN,0.09752839011356045,-6.548045275531475
nordholt_ddac,NN,0.09819639278557113,-6.5913123837206
nordholt_ddac,NN,0.09886439545758183,-6.634520830097898
nordholt_ddac,NN,0.09953239812959251,-6.677669101513562
nordholt_ddac,NN,0.1002004008016032,-6.720755653643877
nordholt_ddac,NN,0.10086840347361388,-6.763778910767555
nordholt_ddac,NN,0.10153640614562458,-6.806737265566906
nordholt_ddac,NN,0.10220440881763526,-6.849629078955569
nordholt_ddac,NN,0.10287241148964595,-6.892452679934683
nordholt_ddac,NN,0.10354041416165664,-6.9352063654792655
nordholt_ddac,NN,0.10420841683366733,-6.977888400456808
nordholt_ddac,NN,0.10487641950567801,-7.020497017579999
nordholt_ddac,NN,0.1055444221776887,-7.063030417395563
nordholt_ddac,NN,0.1062124248496994,-7.105486768311311
nordholt_ddac,NN,0.10688042752171008,-7.1478642066634395
nordholt_ddac,NN,0.10754843019372076,-7.1901608368262115
nordholt_ddac,NN,0.10821643286573146,-7.2323747313661535
nordholt_ddac,NN,0.10888443553774214,-7.274503931242927
nordholt_ddac,NN,0.10955243820975283,-7.316546446059057
nordholt_ddac,NN,0.11022044088176351,-7.358500254360704
nordholt_ddac,NN,0.11088844355377421,-7.400363303991662
nordholt_ddac,NN,0.1115564462257849,-7.442133512502766
nordholt_ddac,NN,0.11222444889779558,-7.483808767618899
nordholt_ddac,NN,0.11289245156980628,-7.525386927765699
nordholt_ddac,NN,0.11356045424181696,-7.566865822658141
nordholt_ddac,NN,0.11422845691382764,-7.608243253953005
nordholt_ddac,NN,0.11489645958583833,-7.649516995967304
nordholt_ddac,NN,0.11556446225784903,-7.690684796464587
nordholt_ddac,NN,0.11623246492985971,-7.731744377511005
nordholt_ddac,NN,0.1169004676018704,-7.772693436402953
nordholt_ddac,NN,0.11756847027388109,-7.813529646667963
nordholt_ddac,NN,0.11823647294589178,-7.854250659140381
nordholt_ddac,NN,0.11890447561790246,-7.894854103113367
nordholt_ddac,NN,0.11957247828991314,-7.935337587568432
nordholt_ddac,NN,0.12024048096192384,-7.97569870248369
nordholt_ddac,NN,0.12090848363393453,-8.01593502022183
nordholt_ddac,NN,0.12157648630594521,-8.056044096998544
nordholt_ddac,NN,0.1222444889779559,-8.09602347443201
nordholt_ddac,NN,0.1229124916499666,-8.135870681173843
nordholt_ddac,NN,0.12358049432197728,-8.175583234621568
nordholt_ddac,NN,0.12424849699398796,-8.215158642712575
nordholt_ddac,NN,0.12491649966599866,-8.254594405799166
nordholt_ddac,NN,0.12558450233800933,-8.29388801860399
nordholt_ddac,NN,0.12625250501002003,-8.333036972255046
nordholt_ddac,NN,0.12692050768203073,-8.37203875639887
nordholt_ddac,NN,0.1275885103540414,-8.410890861390486
nordholt_ddac,NN,0.1282565130260521,-8.449590780558166
nordholt_ddac,NN,0.1289245156980628,-8.48813601254079
nordholt_ddac,NN,0.12959251837007346,-8.526524063695327
nordholt_ddac,NN,0.13026052104208416,-8.564752450571401
nordholt_ddac,NN,0.13092852371409486,-8.602818702449827
nordholt_ddac,NN,0.13159652638610553,-8.640720363941384
nordholt_ddac,NN,0.13226452905811623,-8.67845499764191
nordholt_ddac,NN,0.1329325317301269,-8.716020186839343
nordholt_ddac,NN,0.1336005344021376,-8.75341353826803
nordholt_ddac,NN,0.1342685370741483,-8.79063268490522
nordholt_ddac,NN,0.13493653974615896,-8.827675288804349
nordholt_ddac,NN,0.13560454241816966,-8.864539043959383
nordholt_ddac,NN,0.13627254509018036,-8.901221679194117
nordholt_ddac,NN,0.13694054776219103,-8.937720961070054
nordholt_ddac,NN,0.13760855043420173,-8.974034696806193
nordholt_ddac,NN,0.13827655310621242,-9.01016073720372
nordholt_ddac,NN,0.1389445557782231,-9.046096979568432
nordholt_ddac,NN,0.1396125584502338,-9.08184137062341
nordholt_ddac,NN,0.1402805611222445,-9.117391909404251
nordholt_ddac,NN,0.14094856379425516,-9.1527466501291
nordholt_ddac,NN,0.14161656646626586,-9.187903705035419
nordholt_ddac,NN,0.14228456913827653,-9.222861247175446
nordholt_ddac,NN,0.14295257181028723,-9.257617513162156
nordholt_ddac,NN,0.14362057448229792,-9.292170805857502
nordholt_ddac,NN,0.1442885771543086,-9.326519496994758
nordholt_ddac,NN,0.1449565798263193,-9.360662029726742
nordholt_ddac,NN,0.14562458249833,-9.394596921091868
nordholt_ddac,NN,0.14629258517034066,-9.42832276439003
nordholt_ddac,NN,0.14696058784235136,-9.46183823146053
nordholt_ddac,NN,0.14762859051436206,-9.4951420748544
nordholt_ddac,NN,0.14829659318637273,-9.528233129893856
nordholt_ddac,NN,0.14896459585838343,-9.561110316611714
nordholt_ddac,NN,0.14963259853039412,-9.593772641564092
nordholt_ddac,NN,0.1503006012024048,-9.62621919951003
nordholt_ddac,NN,0.1509686038744155,-9.65844917495208
nordholt_ddac,NN,0.15163660654642616,-9.690461843532264
nordholt_ddac,NN,0.15230460921843686,-9.722256573278502
nordholt_ddac,NN,0.15297261189044756,-9.753832825696849
nordholt_ddac,NN,0.15364061456245823,-9.785190156705614
nordholt_ddac,NN,0.15430861723446893,-9.816328217407897
nordholt_ddac,NN,0.15497661990647962,-9.847246754699686
nordholt_ddac,NN,0.1556446225784903,-9.877945611711269
nordholt_ddac,NN,0.156312625250501,-9.908424728080314
nordholt_ddac,NN,0.1569806279225117,-9.938684140055589
nordholt_ddac,NN,0.15764863059452236,-9.968723980430928
nordholt_ddac,NN,0.15831663326653306,-9.998544478309737
nordholt_ddac,NN,0.15898463593854373,-10.028145958700843
nordholt_ddac,NN,0.15965263861055443,-10.057528841947253
nordholt_ddac,NN,0.16032064128256512,-10.086693642989907
nordholt_ddac,NN,0.1609886439545758,-10.115640970469169
nordholt_ddac,NN,0.1616566466265865,-10.144371525667362
nordholt_ddac,NN,0.1623246492985972,-10.1728861012962
nordholt_ddac,NN,0.16299265197060786,-10.201185580133567
nordholt_ddac,NN,0.16366065464261856,-10.229270933514556
nordholt_ddac,NN,0.16432865731462926,-10.257143219682174
nordholt_ddac,NN,0.16499665998663993,-10.284803582003589
nordholt_ddac,NN,0.16566466265865062,-10.312253247058186
nordholt_ddac,NN,0.16633266533066132,-10.339493522604092
nordholt_ddac,NN,0.167000668002672,-10.366525795430176
nordholt_ddac,NN,0.1676686706746827,-10.393351529100785
nordholt_ddac,NN,0.16833667334669336,-10.419972261600808
nordholt_ddac,NN,0.16900467601870406,-10.446389602888802
nordholt_ddac,NN,0.16967267869071476,-10.472605232366128
nordholt_ddac,NN,0.17034068136272543,-10.498620896270166
nordholt_ddac,NN,0.17100868403473612,-10.524438404999799
nordholt_ddac,NN,0.17167668670674682,-10.550059630381298
nordholt_ddac,NN,0.1723446893787575,-10.575486502882898
nordholt_ddac,NN,0.1730126920507682,-10.600721008786236
nordholt_ddac,NN,0.1736806947227789,-10.625765187322715
nordholt_ddac,NN,0.17434869739478956,-10.650621127782868
nordholt_ddac,NN,0.17501670006680026,-10.675290966606566
nordholt_ddac,NN,0.17568470273881093,-10.699776884461768
nordholt_ddac,NN,0.17635270541082163,-10.724081103319335
nordholt_ddac,NN,0.17702070808283232,-10.748205883531158
nordholt_ddac,NN,0.177688710754843,-10.772153520918662
nordholt_ddac,NN,0.1783567134268537,-10.795926343878401
nordholt_ddac,NN,0.1790247160988644,-10.819526710511212
nordholt_ddac,NN,0.17969271877087506,-10.842957005781095
nordholt_ddac,NN,0.18036072144288576,-10.866219638709609
nordholt_ddac,NN,0.18102872411489646,-10.889317039611289
nordholt_ddac,NN,0.18169672678690713,-10.912251657375204
nordholt_ddac,NN,0.18236472945891782,-10.935025956797466
nordholt_ddac,NN,0.18303273213092852,-10.957642415969072
nordholt_ddac,NN,0.1837007348029392,-10.980103523723187
nordholt_ddac,NN,0.1843687374749499,-11.002411777145536
nordholt_ddac,NN,0.18503674014696056,-11.024569679151249
nordholt_ddac,NN,0.18570474281897126,-11.046579736131166
nordholt_ddac,NN,0.18637274549098196,-11.068444455670205
nordholt_ddac,NN,0.18704074816299263,-11.090166344340098
nordholt_ddac,NN,0.18770875083500332,-11.111747905568427
nordholt_ddac,NN,0.18837675350701402,-11.133191637585623
nordholt_ddac,NN,0.1890447561790247,-11.15450003145119
nordholt_ddac,NN,0.1897127588510354,-11.175675569160179
nordholt_ddac,NN,0.1903807615230461,-11.196720721830626
nordholt_ddac,NN,0.19104876419505676,-11.217637947972396
nordholt_ddac,NN,0.19171676686706746,-11.23842969183755
nordholt_ddac,NN,0.19238476953907813,-11.259098381852247
nordholt_ddac,NN,0.19305277221108882,-11.279646429129764
nordholt_ddac,NN,0.19372077488309952,-11.300076226064155
nordholt_ddac,NN,0.1943887775551102,-11.32039014500381
nordholt_ddac,NN,0.1950567802271209,-11.340590537003946
nordholt_ddac,NN,0.1957247828991316,-11.360679730656935
nordholt_ddac,NN,0.19639278557114226,-11.380660030999216
nordholt_ddac,NN,0.19706078824315296,-11.400533718493367
nordholt_ddac,NN,0.19772879091516365,-11.420303048083767
nordholt_ddac,NN,0.19839679358717432,-11.43997024832422
nordholt_ddac,NN,0.19906479625918502,-11.459537520575758
nordholt_ddac,NN,0.19973279893119572,-11.479007038272737
nordholt_ddac,NN,0.2004008016032064,-11.498380946255336
nordholt_ddac,NN,0.2010688042752171,-11.517661360166416
nordholt_ddac,NN,0.20173680694722776,-11.536850365910675
nordholt_ddac,NN,0.20240480961923846,-11.555950019174043
nordholt_ddac,NN,0.20307281229124916,-11.574962345001094
nordholt_ddac,NN,0.20374081496325983,-11.593889337428383
nordholt_ddac,NN,0.20440881763527052,-11.612732959171522
nordholt_ddac,NN,0.20507682030728122,-11.631495141363729
nordholt_ddac,NN,0.2057448229792919,-11.650177783343759
nordholt_ddac,NN,0.2064128256513026,-11.668782752491001
nordholt_ddac,NN,0.2070808283233133,-11.687311884105547
nordholt_ddac,NN,0.20774883099532396,-11.705766981331124
nordholt_ddac,NN,0.20841683366733466,-11.724149815118764
nordholt_ddac,NN,0.20908483633934535,-11.742462124229109
nordholt_ddac,NN,0.20975283901135602,-11.760705615271307
nordholt_ddac,NN,0.21042084168336672,-11.778881962776499
nordholt_ddac,NN,0.2110888443553774,-11.796992809303894
nordholt_ddac,NN,0.2117568470273881,-11.815039765577545
nordholt_ddac,NN,0.2124248496993988,-11.83302441065192
nordholt_ddac,NN,0.21309285237140946,-11.85094829210446
nordholt_ddac,NN,0.21376085504342016,-11.868812926253353
nordholt_ddac,NN,0.21442885771543085,-11.886619798398796
nordholt_ddac,NN,0.21509686038744152,-11.904370363086079
nordholt_ddac,NN,0.21576486305945222,-11.922066044388917
nordholt_ddac,NN,0.21643286573146292,-11.939708236211441
nordholt_ddac,NN,0.2171008684034736,-11.957298302607377
nordholt_ddac,NN,0.2177688710754843,-11.974837578114984
nordholt_ddac,NN,0.21843687374749496,-11.99232736810636
nordholt_ddac,NN,0.21910487641950566,-12.00976894914982
nordholt_ddac,NN,0.21977287909151635,-12.027163569384047
nordholt_ddac,NN,0.22044088176352702,-12.044512448902854
nordholt_ddac,NN,0.22110888443553772,-12.061816780149364
nordholt_ddac,NN,0.22177688710754842,-12.079077728318547
nordholt_ddac,NN,0.2224448897795591,-12.09629643176705
nordholt_ddac,NN,0.2231128924515698,-12.113474002429337
nordholt_ddac,NN,0.2237808951235805,-12.130611526239175
nordholt_ddac,NN,0.22444889779559116,-12.14771006355564
nordholt_ddac,NN,0.22511690046760185,-12.164770649592718
nordholt_ddac,NN,0.22578490313961255,-12.18179429485176
nordholt_ddac,NN,0.22645290581162322,-12.198781985556044
nordholt_ddac,NN,0.22712090848363392,-12.215734684086694
nordholt_ddac,NN,0.2277889111556446,-12.232653329419351
nordholt_ddac,NN,0.2284569138276553,-12.249538837560934
nordholt_ddac,NN,0.229124916499666,-12.266392101985916
nordholt_ddac,NN,0.22979291917167666,-12.283213994071602
nordholt_ddac,NN,0.23046092184368736,-12.300005363531863
nordholt_ddac,NN,0.23112892451569805,-12.316767038848859
nordholt_ddac,NN,0.23179692718770872,-12.333499827702362
nordholt_ddac,NN,0.23246492985971942,-12.350204517396211
nordholt_ddac,NN,0.23313293253173012,-12.366881875281553
nordholt_ddac,NN,0.2338009352037408,-12.383532649176537
nordholt_ddac,NN,0.2344689378757515,-12.400157567782133
nordholt_ddac,NN,0.23513694054776219,-12.416757341093758
nordholt_ddac,NN,0.23580494321977286,-12.433332660808523
nordholt_ddac,NN,0.23647294589178355,-12.449884200727759
nordholt_ddac,NN,0.23714094856379422,-12.466412617154685
nordholt_ddac,NN,0.23780895123580492,-12.482918549286996
nordholt_ddac,NN,0.23847695390781562,-12.499402619604183
nordholt_ddac,NN,0.2391449565798263,-12.515865434249447
nordholt_ddac,NN,0.239812959251837,-12.532307583406075
nordholt_ddac,NN,0.24048096192384769,-12.54872964166813
nordholt_ddac,NN,0.24114896459585836,-12.565132168405404
nordholt_ddac,NN,0.24181696726786905,-12.581515708122469
nordholt_ddac,NN,0.24248496993987975,-12.597880790811852
nordholt_ddac,NN,0.24315297261189042,-12.614227932301176
nordholt_ddac,NN,0.24382097528390112,-12.630557634594297
nordholt_ddac,NN,0.2444889779559118,-12.646870386206349
nordholt_ddac,NN,0.2451569806279225,-12.663166662492717
nordholt_ddac,NN,0.2458249832999332,-12.679446925971893
nordholt_ddac,NN,0.24649298597194386,-12.695711626642217
nordholt_ddac,NN,0.24716098864395455,-12.711961202292514
nordholt_ddac,NN,0.24782899131596525,-12.728196078806672
nordholt_ddac,NN,0.24849699398797592,-12.744416670462098
nordholt_ddac,NN,0.24916499665998662,-12.760623380222174
nordholt_ddac,NN,0.24983299933199732,-12.7768166000227
nordholt_ddac,NN,0.250501002004008,-12.792996711052355
nordholt_ddac,NN,0.25116900467601866,-12.809164084027275
nordholt_ddac,NN,0.2518370073480294,-12.825319079459721
nordholt_ddac,NN,0.25250501002004005,-12.841462047920993
nordholt_ddac,NN,0.2531730126920507,-12.857593330298542
nordholt_ddac,NN,0.25384101536406145,-12.873713258047434
nordholt_ddac,NN,0.2545090180360721,-12.889822153436196
nordholt_ddac,NN,0.2551770207080828,-12.905920329787099
nordholt_ddac,NN,0.2558450233800935,-12.922008091710984
nordholt_ddac,NN,0.2565130260521042,-12.938085735336694
nordholt_ddac,NN,0.25718102872411486,-12.954153548535192
nordholt_ddac,NN,0.2578490313961256,-12.970211811138428
nordholt_ddac,NN,0.25851703406813625,-12.986260795153074
nordholt_ddac,NN,0.2591850367401469,-13.002300764969164
nordholt_ddac,NN,0.25985303941215765,-13.01833197756378
nordholt_ddac,NN,0.2605210420841683,-13.034354682699785
nordholt_ddac,NN,0.261189044756179,-13.05036912311981
nordholt_ddac,NN,0.2618570474281897,-13.066375534735439
nordholt_ddac,NN,0.2625250501002004,-13.082374146811812
nordholt_ddac,NN,0.26319305277221106,-13.098365182147626
nordholt_ddac,NN,0.2638610554442218,-13.114348857250707
nordholt_ddac,NN,0.26452905811623245,-13.130325382509163
nordholt_ddac,NN,0.2651970607882431,-13.146294962358276
nordholt_ddac,NN,0.2658650634602538,-13.162257795443164
nordholt_ddac,NN,0.2665330661322645,-13.178214074777333
nordholt_ddac,NN,0.2672010688042752,-13.194163987897177
nordholt_ddac,NN,0.26786907147628586,-13.210107717012548
nordholt_ddac,NN,0.2685370741482966,-13.226045439153438
nordholt_ddac,NN,0.26920507682030725,-13.241977326312893
nordholt_ddac,NN,0.2698730794923179,-13.257903545586219
nordholt_ddac,NN,0.27054108216432865,-13.273824259306554
nordholt_ddac,NN,0.2712090848363393,-13.289739625176946
nordholt_ddac,NN,0.27187708750835,-13.305649796398905
nordholt_ddac,NN,0.2725450901803607,-13.321554921797647
nordholt_ddac,NN,0.2732130928523714,-13.337455145943963
nordholt_ddac,NN,0.27388109552438206,-13.35335060927294
nordholt_ddac,NN,0.2745490981963928,-13.369241448199459
nordholt_ddac,NN,0.27521710086840345,-13.385127795230655
nordholt_ddac,NN,0.2758851035404141,-13.40100977907539
nordholt_ddac,NN,0.27655310621242485,-13.416887524750742
nordholt_ddac,NN,0.2772211088844355,-13.432761153685679
nordholt_ddac,NN,0.2778891115564462,-13.448630783821933
nordholt_ddac,NN,0.2785571142284569,-13.464496529712136
nordholt_ddac,NN,0.2792251169004676,-13.480358502615303
nordholt_ddac,NN,0.27989311957247826,-13.496216810589754
nordholt_ddac,NN,0.280561122244489,-13.512071558583465
nordholt_ddac,NN,0.28122912491649965,-13.527922848521982
nordholt_ddac,NN,0.2818971275885103,-13.543770779393947
nordholt_ddac,NN,0.282565130260521,-13.559615447334245
nordholt_ddac,NN,0.2832331329325317,-13.57545694570491
nordholt_ddac,NN,0.2839011356045424,-13.591295365173787
nordholt_ddac,NN,0.28456913827655306,-13.607130793791024
nordholt_ddac,NN,0.2852371409485638,-13.622963317063478
nordholt_ddac,NN,0.28590514362057445,-13.638793018027043
nordholt_ddac,NN,0.2865731462925851,-13.654619977316987
nordholt_ddac,NN,0.28724114896459585,-13.670444273236328
nordholt_ddac,NN,0.2879091516366065,-13.686265981822334
nordholt_ddac,NN,0.2885771543086172,-13.70208517691115
nordholt_ddac,NN,0.2892451569806279,-13.717901930200643
nordholt_ddac,NN,0.2899131596526386,-13.733716311311465
nordholt_ddac,NN,0.29058116232464926,-13.749528387846466
nordholt_ddac,NN,0.29124916499666,-13.765338225448382
nordholt_ddac,NN,0.29191716766867065,-13.781145887855946
nordholt_ddac,NN,0.2925851703406813,-13.796951436958418
nordholt_ddac,NN,0.29325317301269205,-13.812754932848575
nordholt_ddac,NN,0.2939211756847027,-13.82855643387423
nordholt_ddac,NN,0.2945891783567134,-13.844355996688273
nordholt_ddac,NN,0.2952571810287241,-13.86015367629733
nordholt_ddac,NN,0.2959251837007348,-13.875949526109038
nordholt_ddac,NN,0.29659318637274545,-13.89174359797797
nordholt_ddac,NN,0.2972611890447562,-13.907535942250295
nordholt_ddac,NN,0.29792919171676685,-13.923326607807144
nordholt_ddac,NN,0.2985971943887775,-13.93911564210677
nordholt_ddac,NN,0.29926519706078825,-13.954903091225495
nordholt_ddac,NN,0.2999331997327989,-13.970688999897497
nordholt_ddac,NN,0.3006012024048096,-13.986473411553483
nordholt_ddac,NN,0.30126920507682026,-14.002256368358259
nordholt_ddac,NN,0.301937207748831,-14.018037911247202
nordholt_ddac,NN,0.30260521042084165,-14.033818079961742
nordholt_ddac,NN,0.3032732130928523,-14.04959691308379
nordholt_ddac,NN,0.30394121576486305,-14.065374448069205
nordholt_ddac,NN,0.3046092184368737,-14.081150721280315
nordholt_ddac,NN,0.3052772211088844,-14.09692576801748
nordholt_ddac,NN,0.3059452237808951,-14.112699622549785
nordholt_ddac,NN,0.3066132264529058,-14.128472318144834
nordholt_ddac,NN,0.30728122912491646,-14.144243887097696
nordholt_ddac,NN,0.3079492317969272,-14.160014360759035
nordholt_ddac,NN,0.30861723446893785,-14.175783769562408
nordholt_ddac,NN,0.3092852371409485,-14.191552143050814
nordholt_ddac,NN,0.30995323981295925,-14.207319509902453
nordholt_ddac,NN,0.3106212424849699,-14.223085897955757
nordholt_ddac,NN,0.3112892451569806,-14.238851334233713
nordholt_ddac,NN,0.3119572478289913,-14.25461584496746
nordholt_ddac,NN,0.312625250501002,-14.270379455619233
nordholt_ddac,NN,0.31329325317301265,-14.286142190904647
nordholt_ddac,NN,0.3139612558450234,-14.301904074814313
nordholt_ddac,NN,0.31462925851703405,-14.317665130634865
nordholt_ddac,NN,0.3152972611890447,-14.333425380969356
nordholt_ddac,NN,0.31596526386105545,-14.349184847757094
nordholt_ddac,NN,0.3166332665330661,-14.364943552292864
nordholt_ddac,NN,0.3173012692050768,-14.380701515245649
nordholt_ddac,NN,0.31796927187708746,-14.39645875667676
nordholt_ddac,NN,0.3186372745490982,-14.41221529605748
nordholt_ddac,NN,0.31930527722110885,-14.427971152286185
nordholt_ddac,NN,0.3199732798931195,-14.44372634370496
nordholt_ddac,NN,0.32064128256513025,-14.459480888115753
nordholt_ddac,NN,0.3213092852371409,-14.475234802796058
nordholt_ddac,NN,0.3219772879091516,-14.490988104514136
nordholt_ddac,NN,0.3226452905811623,-14.5067408095438
nordholt_ddac,NN,0.323313293253173,-14.522492933678778
nordholt_ddac,NN,0.32398129592518365,-14.538244492246653
nordholt_ddac,NN,0.3246492985971944,-14.553995500122411
nordholt_ddac,NN,0.32531730126920505,-14.56974597174157
nordholt_ddac,NN,0.3259853039412157,-14.585495921112969
nordholt_ddac,NN,0.32665330661322645,-14.601245361831149
nordholt_ddac,NN,0.3273213092852371,-14.616994307088392
nordholt_ddac,NN,0.3279893119572478,-14.632742769686427
nordholt_ddac,NN,0.3286573146292585,-14.648490762047764
nordholt_ddac,NN,0.3293253173012692,-14.664238296226706
nordholt_ddac,NN,0.32999331997327985,-14.679985383920084
nordholt_ddac,NN,0.3306613226452906,-14.695732036477612
nordholt_ddac,NN,0.33132932531730125,-14.711478264911998
nordholt_ddac,NN,0.3319973279893119,-14.727224079908735
nordholt_ddac,NN,0.33266533066132264,-14.742969491835611
nordholt_ddac,NN,0.3333333333333333,-14.758714510751952
nordholt_ddac,PINN-network,0.0,8.760353553682876e-17
nordholt_ddac,PINN-network,0.000668002672010688,-0.045495959229175174
nordholt_ddac,PINN-network,0.001336005344021376,-0.09099275411714285
nordholt_ddac,PINN-network,0.002004008016032064,-0.13649030170336124
nordholt_ddac,PINN-network,0.002672010688042752,-0.18198851810278527
nordholt_ddac,PINN-network,0.00334001336005344,-0.22748731847374512
nordholt_ddac,PINN-network,0.004008016032064128,-0.27298661698497767
nordholt_ddac,PINN-network,0.004676018704074816,-0.31848632678178895
nordholt_ddac,PINN-network,0.005344021376085504,-0.36398635995132106
nordholt_ddac,PINN-network,0.0060120240480961915,-0.4094866274869018
nordholt_ddac,PINN-network,0.00668002672010688,-0.45498703925145095
nordholt_ddac,PINN-network,0.007348029392117568,-0.5004875039399148
nordholt_ddac,PINN-network,0.008016032064128256,-0.5459879290407047
nordholt_ddac,PINN-network,0.008684034736138943,-0.5914882207961127
nordholt_ddac,PINN-network,0.009352037408149633,-0.6369882841616743
nordholt_ddac,PINN-network,0.01002004008016032,-0.6824880227644505
nordholt_ddac,PINN-network,0.010688042752171008,-0.7279873388602004
nordholt_ddac,PINN-network,0.011356045424181695,-0.7734861332894128
nordholt_ddac,PINN-network,0.012024048096192383,-0.818984305432168
nordholt_ddac,PINN-network,0.012692050768203072,-0.8644817531617955
nordholt_ddac,PINN-network,0.01336005344021376,-0.909978372797297
nordholt_ddac,PINN-network,0.014028056112224447,-0.9554740590545028
nordholt_ddac,PINN-network,0.014696058784235137,-1.0009687049959228
nordholt_ddac,PINN-network,0.015364061456245824,-1.0464622019792633
nordholt_ddac,PINN-network,0.01603206412825651,-1.0919544396045708
nordholt_ddac,PINN-network,0.0167000668002672,-1.137445305659966
nordholt_ddac,PINN-network,0.017368069472277887,-1.1829346860659316
nordholt_ddac,PINN-network,0.018036072144288574,-1.2284224648181168
nordholt_ddac,PINN-network,0.018704074816299265,-1.2739085239286199
nordholt_ddac,PINN-network,0.019372077488309953,-1.3193927433657031
nordholt_ddac,PINN-network,0.02004008016032064,-1.3648750009919113
nordholt_ddac,PINN-network,0.020708082832331328,-1.4103551725005385
nordholt_ddac,PINN-network,0.021376085504342016,-1.4558331313504116
nordholt_ddac,PINN-network,0.022044088176352703,-1.501308748698941
nordholt_ddac,PINN-network,0.02271209084836339,-1.5467818933333963
nordholt_ddac,PINN-network,0.023380093520374078,-1.5922524316003634
nordholt_ddac,PINN-network,0.024048096192384766,-1.6377202273333336
nordholt_ddac,PINN-network,0.024716098864395457,-1.683185141778381
nordholt_ddac,PINN-network,0.025384101536406144,-1.7286470335178747
nordholt_ddac,PINN-network,0.026052104208416832,-1.7741057583921882
nordholt_ddac,PINN-network,0.02672010688042752,-1.819561169419343
nordholt_ddac,PINN-network,0.027388109552438207,-1.8650131167125434
nordholt_ddac,PINN-network,0.028056112224448895,-1.9104614473955506
nordholt_ddac,PINN-network,0.028724114896459582,-1.9559060055158395
nordholt_ddac,PINN-network,0.029392117568470273,-2.001346631955496
nordholt_ddac,PINN-network,0.03006012024048096,-2.0467831643397765
nordholt_ddac,PINN-network,0.03072812291249165,-2.092215436943307
nordholt_ddac,PINN-network,0.03139612558450233,-2.1376432805938363
nordholt_ddac,PINN-network,0.03206412825651302,-2.1830665225735104
nordholt_ddac,PINN-network,0.032732130928523714,-2.2284849865175835
nordholt_ddac,PINN-network,0.0334001336005344,-2.2738984923105376
nordholt_ddac,PINN-network,0.03406813627254509,-2.31930685597953
nordholt_ddac,PINN-network,0.034736138944555774,-2.364709889585109
nordholt_ddac,PINN-network,0.035404141616566465,-2.4101074011091552
nordholt_ddac,PINN-network,0.03607214428857715,-2.4554991943399624
nordholt_ddac,PINN-network,0.03674014696058784,-2.500885068754417
nordholt_ddac,PINN-network,0.03740814963259853,-2.546264819397192
nordholt_ddac,PINN-network,0.038076152304609215,-2.5916382367569204
nordholt_ddac,PINN-network,0.038744154976619906,-2.637005106639253
nordholt_ddac,PINN-network,0.03941215764863059,-2.682365210036757
nordholt_ddac,PINN-network,0.04008016032064128,-2.7277183229955866
nordholt_ddac,PINN-network,0.040748162992651965,-2.773064216478851
nordholt_ddac,PINN-network,0.041416165664662656,-2.818402656226628
nordholt_ddac,PINN-network,0.04208416833667334,-2.863733402612548
nordholt_ddac,PINN-network,0.04275217100868403,-2.909056210496887
nordholt_ddac,PINN-network,0.04342017368069472,-2.954370829076099
nordholt_ddac,PINN-network,0.044088176352705406,-2.9996770017287226
nordholt_ddac,PINN-network,0.0447561790247161,-3.0449744658576092
nordholt_ddac,PINN-network,0.04542418169672678,-3.090262952728384
nordholt_ddac,PINN-network,0.04609218436873747,-3.135542187304088
nordholt_ddac,PINN-network,0.046760187040748157,-3.180811888075946
nordholt_ddac,PINN-network,0.04742818971275885,-3.2260717668901764
nordholt_ddac,PINN-network,0.04809619238476953,-3.271321528770795
nordholt_ddac,PINN-network,0.04876419505678022,-3.3165608717383526
nordholt_ddac,PINN-network,0.049432197728790914,-3.36178948662452
nordholt_ddac,PINN-network,0.0501002004008016,-3.407007056882508
nordholt_ddac,PINN-network,0.05076820307281229,-3.452213258393218
nordholt_ddac,PINN-network,0.05143620574482297,-3.497407759267086
nordholt_ddac,PINN-network,0.052104208416833664,-3.542590219641585
nordholt_ddac,PINN-network,0.05277221108884435,-3.58776029147429
nordholt_ddac,PINN-network,0.05344021376085504,-3.6329176183315046
nordholt_ddac,PINN-network,0.05410821643286573,-3.678061835172359
nordholt_ddac,PINN-network,0.054776219104876414,-3.7231925681283737
nordholt_ddac,PINN-network,0.055444221776887105,-3.7683094342784167
nordholt_ddac,PINN-network,0.05611222444889779,-3.8134120414190384
nordholt_ddac,PINN-network,0.05678022712090848,-3.8584999878301405
nordholt_ddac,PINN-network,0.057448229792919164,-3.9035728620359516
nordholt_ddac,PINN-network,0.058116232464929855,-3.948630242561291
nordholt_ddac,PINN-network,0.058784235136940546,-3.9936716976830904
nordholt_ddac,PINN-network,0.05945223780895123,-4.038696785177169
nordholt_ddac,PINN-network,0.06012024048096192,-4.083705052060252
nordholt_ddac,PINN-network,0.060788243152972606,-4.1286960343272225
nordholt_ddac,PINN-network,0.0614562458249833,-4.17366925668362
nordholt_ddac,PINN-network,0.06212424849699398,-4.2186242322734016
nordholt_ddac,PINN-network,0.06279225116900466,-4.263560462401956
nordholt_ddac,PINN-network,0.06346025384101536,-4.308477436254455
nordholt_ddac,PINN-network,0.06412825651302605,-4.353374630609499
nordholt_ddac,PINN-network,0.06479625918503673,-4.398251509548187
nordholt_ddac,PINN-network,0.06546426185704743,-4.443107524158597
nordholt_ddac,PINN-network,0.06613226452905811,-4.48794211223578
nordholt_ddac,PINN-network,0.0668002672010688,-4.532754697977335
nordholt_ddac,PINN-network,0.06746826987307948,-4.577544691674658
nordholt_ddac,PINN-network,0.06813627254509018,-4.622311489399948
nordholt_ddac,PINN-network,0.06880427521710086,-4.667054472689105
nordholt_ddac,PINN-network,0.06947227788911155,-4.711773008220647
nordholt_ddac,PINN-network,0.07014028056112225,-4.756466447490772
nordholt_ddac,PINN-network,0.07080828323313293,-4.801134126484733
nordholt_ddac,PINN-network,0.07147628590514361,-4.845775365344714
nordholt_ddac,PINN-network,0.0721442885771543,-4.890389468034371
nordholt_ddac,PINN-network,0.072812291249165,-4.9349757220002735
nordholt_ddac,PINN-network,0.07348029392117568,-4.979533397830456
nordholt_ddac,PINN-network,0.07414829659318636,-5.024061748910346
nordholt_ddac,PINN-network,0.07481629926519706,-5.068560011076324
nordholt_ddac,PINN-network,0.07548430193720775,-5.113027402267206
nordholt_ddac,PINN-network,0.07615230460921843,-5.157463122173978
nordholt_ddac,PINN-network,0.07682030728122911,-5.201866351888098
nordholt_ddac,PINN-network,0.07748830995323981,-5.246236253548749
nordholt_ddac,PINN-network,0.0781563126252505,-5.290571969989404
nordholt_ddac,PINN-network,0.07882431529726118,-5.334872624384159
nordholt_ddac,PINN-network,0.07949231796927186,-5.379137319894221
nordholt_ddac,PINN-network,0.08016032064128256,-5.423365139315074
nordholt_ddac,PINN-network,0.08082832331329325,-5.467555144724777
nordholt_ddac,PINN-network,0.08149632598530393,-5.511706377133982
nordholt_ddac,PINN-network,0.08216432865731463,-5.555817856138159
nordholt_ddac,PINN-network,0.08283233132932531,-5.5998885795727
nordholt_ddac,PINN-network,0.083500334001336,-5.643917523171474
nordholt_ddac,PINN-network,0.08416833667334668,-5.687903640229533
nordholt_ddac,PINN-network,0.08483633934535738,-5.731845861270642
nordholt_ddac,PINN-network,0.08550434201736806,-5.775743093720388
nordholt_ddac,PINN-network,0.08617234468937875,-5.819594221585635
nordholt_ddac,PINN-network,0.08684034736138944,-5.863398105141123
nordholt_ddac,PINN-network,0.08750835003340013,-5.907153580624079
nordholt_ddac,PINN-network,0.08817635270541081,-5.950859459937729
nordholt_ddac,PINN-network,0.0888443553774215,-5.994514530364604
nordholt_ddac,PINN-network,0.0895123580494322,-6.038117554290663
nordholt_ddac,PINN-network,0.09018036072144288,-6.081667268941192
nordholt_ddac,PINN-network,0.09084836339345356,-6.125162386129576
nordholt_ddac,PINN-network,0.09151636606546426,-6.168601592019972
nordholt_ddac,PINN-network,0.09218436873747494,-6.2119835469050955
nordholt_ddac,PINN-network,0.09285237140948563,-6.2553068850002145
nordholt_ddac,PINN-network,0.09352037408149631,-6.298570214254614
nordholt_ddac,PINN-network,0.09418837675350701,-6.341772116181756
nordholt_ddac,PINN-network,0.0948563794255177,-6.384911145709469
nordholt_ddac,PINN-network,0.09552438209752838,-6.427985831051416
nordholt_ddac,PINN-network,0.09619238476953906,-6.470994673601293
nordholt_ddac,PINN-network,0.09686038744154976,-6.513936147851128
nordholt_ddac,PINN-network,0.09752839011356045,-6.556808701335073
nordholt_ddac,PINN-network,0.09819639278557113,-6.599610754600251
nordholt_ddac,PINN-network,0.09886439545758183,-6.642340701206057
nordholt_ddac,PINN-network,0.09953239812959251,-6.684996907753512
nordholt_ddac,PINN-network,0.1002004008016032,-6.727577713946187
nordholt_ddac,PINN-network,0.10086840347361388,-6.7700814326842735
nordholt_ddac,PINN-network,0.10153640614562458,-6.812506350193388
nordholt_ddac,PINN-network,0.10220440881763526,-6.854850726189736
nordholt_ddac,PINN-network,0.10287241148964595,-6.897112794083227
nordholt_ddac,PINN-network,0.10354041416165664,-6.939290761220171
nordholt_ddac,PINN-network,0.10420841683366733,-6.981382809167182
nordholt_ddac,PINN-network,0.10487641950567801,-7.023387094037905
nordholt_ddac,PINN-network,0.1055444221776887,-7.0653017468641774
nordholt_ddac,PINN-network,0.1062124248496994,-7.107124874013204
nordholt_ddac,PINN-network,0.10688042752171008,-7.148854557652342
nordholt_ddac,PINN-network,0.10754843019372076,-7.190488856263019
nordholt_ddac,PINN-network,0.10821643286573146,-7.2320258052052875
nordholt_ddac,PINN-network,0.10888443553774214,-7.273463417334484
nordholt_ddac,PINN-network,0.10955243820975283,-7.314799683671426
nordholt_ddac,PINN-network,0.11022044088176351,-7.356032574127443
nordholt_ddac,PINN-network,0.11088844355377421,-7.39716003828558
nordholt_ddac,PINN-network,0.1115564462257849,-7.438180006239141
nordholt_ddac,PINN-network,0.11222444889779558,-7.479090389488713
nordholt_ddac,PINN-network,0.11289245156980628,-7.5198890818986825
nordholt_ddac,PINN-network,0.11356045424181696,-7.560573960714163
nordholt_ddac,PINN-network,0.11422845691382764,-7.601142887639129
nordholt_ddac,PINN-network,0.11489645958583833,-7.641593709976454
nordholt_ddac,PINN-network,0.11556446225784903,-7.6819242618303605
nordholt_ddac,PINN-network,0.11623246492985971,-7.722132365371707
nordholt_ddac,PINN-network,0.1169004676018704,-7.7622158321663335
nordholt_ddac,PINN-network,0.11756847027388109,-7.802172464566542
nordholt_ddac,PINN-network,0.11823647294589178,-7.842000057165624
nordholt_ddac,PINN-network,0.11890447561790246,-7.881696398315111
nordholt_ddac,PINN-network,0.11957247828991314,-7.9212592717043275
nordholt_ddac,PINN-network,0.12024048096192384,-7.96068645800149
nordholt_ddac,PINN-network,0.12090848363393453,-7.999975736555511
nordholt_ddac,PINN-network,0.12157648630594521,-8.039124887157381
nordholt_ddac,PINN-network,0.1222444889779559,-8.078131691859747
nordholt_ddac,PINN-network,0.1229124916499666,-8.116993936853168
nordholt_ddac,PINN-network,0.12358049432197728,-8.155709414397192
nordholt_ddac,PINN-network,0.12424849699398796,-8.194275924804197
nordholt_ddac,PINN-network,0.12491649966599866,-8.232691278473729
nordholt_ddac,PINN-network,0.12558450233800933,-8.270953297974701
nordholt_ddac,PINN-network,0.12625250501002003,-8.309059820172736
nordholt_ddac,PINN-network,0.12692050768203073,-8.347008698399504
nordholt_ddac,PINN-network,0.1275885103540414,-8.384797804660806
nordholt_ddac,PINN-network,0.1282565130260521,-8.422425031879795
nordholt_ddac,PINN-network,0.1289245156980628,-8.459888296171552
nordholt_ddac,PINN-network,0.12959251837007346,-8.497185539144963
nordholt_ddac,PINN-network,0.13026052104208416,-8.534314730227614
nordholt_ddac,PINN-network,0.13092852371409486,-8.571273869009179
nordholt_ddac,PINN-network,0.13159652638610553,-8.608060987598616
nordholt_ddac,PINN-network,0.13226452905811623,-8.644674152990241
nordholt_ddac,PINN-network,0.1329325317301269,-8.681111469433532
nordholt_ddac,PINN-network,0.1336005344021376,-8.717371080801426
nordholt_ddac,PINN-network,0.1342685370741483,-8.753451172951635
nordholt_ddac,PINN-network,0.13493653974615896,-8.789349976075414
nordholt_ddac,PINN-network,0.13560454241816966,-8.825065767028077
nordholt_ddac,PINN-network,0.13627254509018036,-8.86059687163544
nordholt_ddac,PINN-network,0.13694054776219103,-8.895941666970351
nordholt_ddac,PINN-network,0.13760855043420173,-8.931098583593354
nordholt_ddac,PINN-network,0.13827655310621242,-8.966066107751505
nordholt_ddac,PINN-network,0.1389445557782231,-9.00084278352945
nordholt_ddac,PINN-network,0.1396125584502338,-9.035427214946731
nordholt_ddac,PINN-network,0.1402805611222445,-9.069818067995525
nordholt_ddac,PINN-network,0.14094856379425516,-9.104014072612918
nordholt_ddac,PINN-network,0.14161656646626586,-9.138014024582091
nordholt_ddac,PINN-network,0.14228456913827653,-9.17181678735678
nordholt_ddac,PINN-network,0.14295257181028723,-9.20542129380362
nordholt_ddac,PINN-network,0.14362057448229792,-9.238826547857157
nordholt_ddac,PINN-network,0.1442885771543086,-9.272031626082493
nordholt_ddac,PINN-network,0.1449565798263193,-9.305035679140806
nordholt_ddac,PINN-network,0.14562458249833,-9.337837933153228
nordholt_ddac,PINN-network,0.14629258517034066,-9.370437690958848
nordholt_ddac,PINN-network,0.14696058784235136,-9.402834333262968
nordholt_ddac,PINN-network,0.14762859051436206,-9.43502731967196
nordholt_ddac,PINN-network,0.14829659318637273,-9.467016189611558
nordholt_ddac,PINN-network,0.14896459585838343,-9.49880056312569
nordholt_ddac,PINN-network,0.14963259853039412,-9.530380141553344
nordholt_ddac,PINN-network,0.1503006012024048,-9.56175470808143
nordholt_ddac,PINN-network,0.1509686038744155,-9.592924128171893
nordholt_ddac,PINN-network,0.15163660654642616,-9.623888349861828
nordholt_ddac,PINN-network,0.15230460921843686,-9.654647403935774
nordholt_ddac,PINN-network,0.15297261189044756,-9.685201403969685
nordholt_ddac,PINN-network,0.15364061456245823,-9.715550546246613
nordholt_ddac,PINN-network,0.15430861723446893,-9.745695109544506
nordholt_ddac,PINN-network,0.15497661990647962,-9.775635454796934
nordholt_ddac,PINN-network,0.1556446225784903,-9.80537202462797
nordholt_ddac,PINN-network,0.156312625250501,-9.834905342762879
nordholt_ddac,PINN-network,0.1569806279225117,-9.864236013316633
nordholt_ddac,PINN-network,0.15764863059452236,-9.893364719962607
nordholt_ddac,PINN-network,0.15831663326653306,-9.92229222498428
nordholt_ddac,PINN-network,0.15898463593854373,-9.951019368212982
nordholt_ddac,PINN-network,0.15965263861055443,-9.979547065855124
nordholt_ddac,PINN-network,0.16032064128256512,-10.007876309212632
nordholt_ddac,PINN-network,0.1609886439545758,-10.036008163300588
nordholt_ddac,PINN-network,0.1616566466265865,-10.063943765366332
nordholt_ddac,PINN-network,0.1623246492985972,-10.091684323314484
nordholt_ddac,PINN-network,0.16299265197060786,-10.11923111404263
nordholt_ddac,PINN-network,0.16366065464261856,-10.146585481692515
nordholt_ddac,PINN-network,0.16432865731462926,-10.173748835821765
nordholt_ddac,PINN-network,0.16499665998663993,-10.200722649501323
nordholt_ddac,PINN-network,0.16566466265865062,-10.227508457343863
nordholt_ddac,PINN-network,0.16633266533066132,-10.254107853468488
nordholt_ddac,PINN-network,0.167000668002672,-10.280522489407161
nordholt_ddac,PINN-network,0.1676686706746827,-10.306754071958265
nordholt_ddac,PINN-network,0.16833667334669336,-10.332804360992705
nordholt_ddac,PINN-network,0.16900467601870406,-10.358675167218045
nordholt_ddac,PINN-network,0.16967267869071476,-10.38436834990596
nordholt_ddac,PINN-network,0.17034068136272543,-10.409885814588387
nordholt_ddac,PINN-network,0.17100868403473612,-10.435229510727648
nordholt_ddac,PINN-network,0.17167668670674682,-10.460401429365598
nordholt_ddac,PINN-network,0.1723446893787575,-10.485403600756952
nordholt_ddac,PINN-network,0.1730126920507682,-10.510238091991665
nordholt_ddac,PINN-network,0.1736806947227789,-10.534907004611142
nordholt_ddac,PINN-network,0.17434869739478956,-10.559412472222935
nordholt_ddac,PINN-network,0.17501670006680026,-10.583756658118453
nordholt_ddac,PINN-network,0.17568470273881093,-10.607941752897908
nordholt_ddac,PINN-network,0.17635270541082163,-10.631969972106777
nordholt_ddac,PINN-network,0.17702070808283232,-10.655843553887648
nordholt_ddac,PINN-network,0.177688710754843,-10.679564756651333
nordholt_ddac,PINN-network,0.1783567134268537,-10.703135856770805
nordholt_ddac,PINN-network,0.1790247160988644,-10.726559146301458
nordholt_ddac,PINN-network,0.17969271877087506,-10.749836930730897
nordholt_ddac,PINN-network,0.18036072144288576,-10.77297152676136
nordholt_ddac,PINN-network,0.18102872411489646,-10.79596526012767
nordholt_ddac,PINN-network,0.18169672678690713,-10.818820463453436
nordholt_ddac,PINN-network,0.18236472945891782,-10.841539474148062
nordholt_ddac,PINN-network,0.18303273213092852,-10.86412463234692
nordholt_ddac,PINN-network,0.1837007348029392,-10.88657827889695
nordholt_ddac,PINN-network,0.1843687374749499,-10.908902753389693
nordholt_ddac,PINN-network,0.18503674014696056,-10.931100392243723
nordholt_ddac,PINN-network,0.18570474281897126,-10.953173526838167
nordholt_ddac,PINN-network,0.18637274549098196,-10.975124481698993
nordholt_ddac,PINN-network,0.18704074816299263,-10.996955572739486
nordholt_ddac,PINN-network,0.18770875083500332,-11.018669105556278
nordholt_ddac,PINN-network,0.18837675350701402,-11.040267373782138
nordholt_ddac,PINN-network,0.1890447561790247,-11.061752657496617
nordholt_ddac,PINN-network,0.1897127588510354,-11.083127221695513
nordholt_ddac,PINN-network,0.1903807615230461,-11.104393314819974
nordholt_ddac,PINN-network,0.19104876419505676,-11.125553167346062
nordholt_ddac,PINN-network,0.19171676686706746,-11.146608990435316
nordholt_ddac,PINN-network,0.19238476953907813,-11.167562974646893
nordholt_ddac,PINN-network,0.19305277221108882,-11.188417288711715
nordholt_ddac,PINN-network,0.19372077488309952,-11.209174078368914
nordholt_ddac,PINN-network,0.1943887775551102,-11.229835465264832
nordholt_ddac,PINN-network,0.1950567802271209,-11.250403545914672
nordholt_ddac,PINN-network,0.1957247828991316,-11.270880390726859
nordholt_ddac,PINN-network,0.19639278557114226,-11.291268043090021
nordholt_ddac,PINN-network,0.19706078824315296,-11.31156851852249
nordholt_ddac,PINN-network,0.19772879091516365,-11.331783803883969
nordholt_ddac,PINN-network,0.19839679358717432,-11.351915856649144
nordholt_ddac,PINN-network,0.19906479625918502,-11.371966604242727
nordholt_ddac,PINN-network,0.19973279893119572,-11.391937943435428
nordholt_ddac,PINN-network,0.2004008016032064,-11.41183173980024
nordholt_ddac,PINN-network,0.2010688042752171,-11.431649827228355
nordholt_ddac,PINN-network,0.20173680694722776,-11.451394007503856
nordholt_ddac,PINN-network,0.20240480961923846,-11.471066049936383
nordholt_ddac,PINN-network,0.20307281229124916,-11.490667691050737
nordholt_ddac,PINN-network,0.20374081496325983,-11.510200634332389
nordholt_ddac,PINN-network,0.20440881763527052,-11.529666550027768
nordholt_ddac,PINN-network,0.20507682030728122,-11.549067074998097
nordholt_ddac,PINN-network,0.2057448229792919,-11.568403812625457
nordholt_ddac,PINN-network,0.2064128256513026,-11.587678332769732
nordholt_ddac,PINN-network,0.2070808283233133,-11.606892171774966
nordholt_ddac,PINN-network,0.20774883099532396,-11.626046832523595
nordholt_ddac,PINN-network,0.20841683366733466,-11.645143784537016
nordholt_ddac,PINN-network,0.20908483633934535,-11.664184464120746
nordholt_ddac,PINN-network,0.20975283901135602,-11.68317027455257
nordholt_ddac,PINN-network,0.21042084168336672,-11.702102586311826
nordholt_ddac,PINN-network,0.2110888443553774,-11.720982737348045
nordholt_ddac,PINN-network,0.2117568470273881,-11.739812033387077
nordholt_ddac,PINN-network,0.2124248496993988,-11.758591748272838
nordholt_ddac,PINN-network,0.21309285237140946,-11.777323124342656
nordholt_ddac,PINN-network,0.21376085504342016,-11.79600737283439
nordholt_ddac,PINN-network,0.21442885771543085,-11.814645674323199
nordholt_ddac,PINN-network,0.21509686038744152,-11.833239179186082
nordholt_ddac,PINN-network,0.21576486305945222,-11.851789008092094
nordholt_ddac,PINN-network,0.21643286573146292,-11.870296252516303
nordholt_ddac,PINN-network,0.2171008684034736,-11.888761975275395
nordholt_ddac,PINN-network,0.2177688710754843,-11.90718721108302
nordholt_ddac,PINN-network,0.21843687374749496,-11.92557296712282
nordholt_ddac,PINN-network,0.21910487641950566,-11.943920223637209
nordholt_ddac,PINN-network,0.21977287909151635,-11.962229934529955
nordholt_ddac,PINN-network,0.22044088176352702,-11.98050302798066
nordholt_ddac,PINN-network,0.22110888443553772,-11.998740407069246
nordholt_ddac,PINN-network,0.22177688710754842,-12.016942950408643
nordholt_ddac,PINN-network,0.2224448897795591,-12.035111512783857
nordholt_ddac,PINN-network,0.2231128924515698,-12.053246925795705
nordholt_ddac,PINN-network,0.2237808951235805,-12.071349998507513
nordholt_ddac,PINN-network,0.22444889779559116,-12.089421518093166
nordholt_ddac,PINN-network,0.22511690046760185,-12.107462250484916
nordholt_ddac,PINN-network,0.22578490313961255,-12.125472941019465
nordholt_ddac,PINN-network,0.22645290581162322,-12.14345431508086
nordholt_ddac,PINN-network,0.22712090848363392,-12.161407078738852
nordholt_ddac,PINN-network,0.2277889111556446,-12.179331919381406
nordholt_ddac,PINN-network,0.2284569138276553,-12.197229506340094
nordholt_ddac,PINN-network,0.229124916499666,-12.215100491507279
nordholt_ddac,PINN-network,0.22979291917167666,-12.232945509943951
nordholt_ddac,PINN-network,0.23046092184368736,-12.250765180477211
nordholt_ddac,PINN-network,0.23112892451569805,-12.268560106286477
nordholt_ddac,PINN-network,0.23179692718770872,-12.286330875477523
nordholt_ddac,PINN-network,0.23246492985971942,-12.304078061643589
nordholt_ddac,PINN-network,0.23313293253173012,-12.32180222441281
nordholt_ddac,PINN-network,0.2338009352037408,-12.339503909981334
nordholt_ddac,PINN-network,0.2344689378757515,-12.357183651631535
nordholt_ddac,PINN-network,0.23513694054776219,-12.374841970234822
nordholt_ddac,PINN-network,0.23580494321977286,-12.392479374738617
nordholt_ddac,PINN-network,0.23647294589178355,-12.410096362637077
nordholt_ddac,PINN-network,0.23714094856379422,-12.427693420425296
nordholt_ddac,PINN-network,0.23780895123580492,-12.44527102403671
nordholt_ddac,PINN-network,0.23847695390781562,-12.46282963926352
nordholt_ddac,PINN-network,0.2391449565798263,-12.480369722159994
nordholt_ddac,PINN-network,0.239812959251837,-12.497891719428582
nordholt_ddac,PINN-network,0.24048096192384769,-12.515396068788778
nordholt_ddac,PINN-network,0.24114896459585836,-12.53288319932881
nordholt_ddac,PINN-network,0.24181696726786905,-12.550353531840164
nordholt_ddac,PINN-network,0.24248496993987975,-12.567807479135118
nordholt_ddac,PINN-network,0.24315297261189042,-12.585245446347361
nordholt_ddac,PINN-network,0.24382097528390112,-12.602667831216001
nordholt_ddac,PINN-network,0.2444889779559118,-12.620075024353081
nordholt_ddac,PINN-network,0.2451569806279225,-12.637467409494946
nordholt_ddac,PINN-network,0.2458249832999332,-12.654845363737731
nordholt_ddac,PINN-network,0.24649298597194386,-12.672209257757281
nordholt_ddac,PINN-network,0.24716098864395455,-12.689559456013908
nordholt_ddac,PINN-network,0.24782899131596525,-12.706896316942288
nordholt_ddac,PINN-network,0.24849699398797592,-12.724220193126973
nordholt_ddac,PINN-network,0.24916499665998662,-12.74153143146387
nordholt_ddac,PINN-network,0.24983299933199732,-12.758830373308166
nordholt_ddac,PINN-network,0.250501002004008,-12.776117354609166
nordholt_ddac,PINN-network,0.25116900467601866,-12.793392706032424
nordholt_ddac,PINN-network,0.2518370073480294,-12.810656753069743
nordholt_ddac,PINN-network,0.25250501002004005,-12.827909816137462
nordholt_ddac,PINN-network,0.2531730126920507,-12.84515221066356
nordholt_ddac,PINN-network,0.25384101536406145,-12.862384247164043
nordholt_ddac,PINN-network,0.2545090180360721,-12.87960623130912
nordholt_ddac,PINN-network,0.2551770207080828,-12.896818463979724
nordholt_ddac,PINN-network,0.2558450233800935,-12.914021241314783
nordholt_ddac,PINN-network,0.2565130260521042,-12.93121485474984
nordholt_ddac,PINN-network,0.25718102872411486,-12.948399591047458
nordholt_ddac,PINN-network,0.2578490313961256,-12.965575732319957
nordholt_ddac,PINN-network,0.25851703406813625,-12.982743556044928
nordholt_ddac,PINN-network,0.2591850367401469,-12.999903335074055
nordholt_ddac,PINN-network,0.25985303941215765,-13.017055337635702
nordholt_ddac,PINN-network,0.2605210420841683,-13.034199827331737
nordholt_ddac,PINN-network,0.261189044756179,-13.051337063129079
nordholt_ddac,PINN-network,0.2618570474281897,-13.068467299346404
nordholt_ddac,PINN-network,0.2625250501002004,-13.085590785636471
nordholt_ddac,PINN-network,0.26319305277221106,-13.102707766964482
nordholt_ddac,PINN-network,0.2638610554442218,-13.119818483582941
nordholt_ddac,PINN-network,0.26452905811623245,-13.13692317100336
nordholt_ddac,PINN-network,0.2651970607882431,-13.15402205996529
nordholt_ddac,PINN-network,0.2658650634602538,-13.17111537640302
nordholt_ddac,PINN-network,0.2665330661322645,-13.18820334141028
nordholt_ddac,PINN-network,0.2672010688042752,-13.20528617120342
nordholt_ddac,PINN-network,0.26786907147628586,-13.222364077083322
nordholt_ddac,PINN-network,0.2685370741482966,-13.239437265396367
nordholt_ddac,PINN-network,0.26920507682030725,-13.256505937494866
nordholt_ddac,PINN-network,0.2698730794923179,-13.273570289697194
nordholt_ddac,PINN-network,0.27054108216432865,-13.290630513247903
nordholt_ddac,PINN-network,0.2712090848363393,-13.307686794278167
nordholt_ddac,PINN-network,0.27187708750835,-13.324739313766749
nordholt_ddac,PINN-network,0.2725450901803607,-13.34178824750176
nordholt_ddac,PINN-network,0.2732130928523714,-13.358833766043473
nordholt_ddac,PINN-network,0.27388109552438206,-13.375876034688368
nordholt_ddac,PINN-network,0.2745490981963928,-13.392915213434652
nordholt_ddac,PINN-network,0.27521710086840345,-13.409951456949404
nordholt_ddac,PINN-network,0.2758851035404141,-13.4269849145376
nordholt_ddac,PINN-network,0.27655310621242485,-13.44401573011305
nordholt_ddac,PINN-network,0.2772211088844355,-13.461044042171578
nordholt_ddac,PINN-network,0.2778891115564462,-13.478069983766412
nordholt_ddac,PINN-network,0.2785571142284569,-13.495093682486011
nordholt_ddac,PINN-network,0.2792251169004676,-13.512115260434435
nordholt_ddac,PINN-network,0.27989311957247826,-13.529134834214299
nordholt_ddac,PINN-network,0.280561122244489,-13.54615251491249
nordholt_ddac,PINN-network,0.28122912491649965,-13.56316840808863
nordholt_ddac,PINN-network,0.2818971275885103,-13.580182613766446
nordholt_ddac,PINN-network,0.282565130260521,-13.597195226428006
nordholt_ddac,PINN-network,0.2832331329325317,-13.614206335010959
nordholt_ddac,PINN-network,0.2839011356045424,-13.631216022908745
nordholt_ddac,PINN-network,0.28456913827655306,-13.648224367973834
nordholt_ddac,PINN-network,0.2852371409485638,-13.665231442524002
nordholt_ddac,PINN-network,0.28590514362057445,-13.682237313351651
nordholt_ddac,PINN-network,0.2865731462925851,-13.699242041736166
nordholt_ddac,PINN-network,0.28724114896459585,-13.716245683459315
nordholt_ddac,PINN-network,0.2879091516366065,-13.733248288823642
nordholt_ddac,PINN-network,0.2885771543086172,-13.750249902673882
nordholt_ddac,PINN-network,0.2892451569806279,-13.767250564421303
nordholt_ddac,PINN-network,0.2899131596526386,-13.784250308070968
nordholt_ddac,PINN-network,0.29058116232464926,-13.801249162251889
nordholt_ddac,PINN-network,0.29124916499666,-13.818247150249984
nordholt_ddac,PINN-network,0.29191716766867065,-13.835244290043795
nordholt_ddac,PINN-network,0.2925851703406813,-13.85224059434293
nordholt_ddac,PINN-network,0.29325317301269205,-13.86923607062911
nordholt_ddac,PINN-network,0.2939211756847027,-13.88623072119981
nordholt_ddac,PINN-network,0.2945891783567134,-13.903224543214355
nordholt_ddac,PINN-network,0.2952571810287241,-13.92021752874247
nordholt_ddac,PINN-network,0.2959251837007348,-13.937209664815105
nordholt_ddac,PINN-network,0.29659318637274545,-13.954200933477548
nordholt_ddac,PINN-network,0.2972611890447562,-13.971191311844677
nordholt_ddac,PINN-network,0.29792919171676685,-13.988180772158248
nordholt_ddac,PINN-network,0.2985971943887775,-14.005169281846207
nordholt_ddac,PINN-network,0.29926519706078825,-14.022156803583837
nordholt_ddac,PINN-network,0.2999331997327989,-14.039143295356705
nordholt_ddac,PINN-network,0.3006012024048096,-14.056128710525298
nordholt_ddac,PINN-network,0.30126920507682026,-14.073112997891222
nordholt_ddac,PINN-network,0.301937207748831,-14.090096101764928
nordholt_ddac,PINN-network,0.30260521042084165,-14.10707796203479
nordholt_ddac,PINN-network,0.3032732130928523,-14.1240585142375
nordholt_ddac,PINN-network,0.30394121576486305,-14.141037689629652
nordholt_ddac,PINN-network,0.3046092184368737,-14.158015415260403
nordholt_ddac,PINN-network,0.3052772211088844,-14.174991614045151
nordholt_ddac,PINN-network,0.3059452237808951,-14.19196620484011
nordholt_ddac,PINN-network,0.3066132264529058,-14.208939102517657
nordholt_ddac,PINN-network,0.30728122912491646,-14.225910218042438
nordholt_ddac,PINN-network,0.3079492317969272,-14.242879458548034
nordholt_ddac,PINN-network,0.30861723446893785,-14.259846727414175
nordholt_ddac,PINN-network,0.3092852371409485,-14.27681192434439
nordholt_ddac,PINN-network,0.30995323981295925,-14.293774945443975
nordholt_ddac,PINN-network,0.3106212424849699,-14.31073568329821
nordholt_ddac,PINN-network,0.3112892451569806,-14.327694027050772
nordholt_ddac,PINN-network,0.3119572478289913,-14.344649862482187
nordholt_ddac,PINN-network,0.312625250501002,-14.361603072088315
nordholt_ddac,PINN-network,0.31329325317301265,-14.378553535158737
nordholt_ddac,PINN-network,0.3139612558450234,-14.395501127854994
nordholt_ddac,PINN-network,0.31462925851703405,-14.412445723288574
nordholt_ddac,PINN-network,0.3152972611890447,-14.429387191598623
nordholt_ddac,PINN-network,0.31596526386105545,-14.446325400029258
nordholt_ddac,PINN-network,0.3166332665330661,-14.46326021300642
nordholt_ddac,PINN-network,0.3173012692050768,-14.480191492214274
nordholt_ddac,PINN-network,0.31796927187708746,-14.497119096670978
nordholt_ddac,PINN-network,0.3186372745490982,-14.514042882803855
nordholt_ddac,PINN-network,0.31930527722110885,-14.530962704523857
nordholt_ddac,PINN-network,0.3199732798931195,-14.547878413299289
nordholt_ddac,PINN-network,0.32064128256513025,-14.564789858228758
nordholt_ddac,PINN-network,0.3213092852371409,-14.581696886113228
nordholt_ddac,PINN-network,0.3219772879091516,-14.598599341527228
nordholt_ddac,PINN-network,0.3226452905811623,-14.615497066889104
nordholt_ddac,PINN-network,0.323313293253173,-14.632389902530267
nordholt_ddac,PINN-network,0.32398129592518365,-14.649277686763474
nordholt_ddac,PINN-network,0.3246492985971944,-14.666160255950002
nordholt_ddac,PINN-network,0.32531730126920505,-14.683037444565754
nordholt_ddac,PINN-network,0.3259853039412157,-14.699909085266238
nordholt_ddac,PINN-network,0.32665330661322645,-14.716775008950405
nordholt_ddac,PINN-network,0.3273213092852371,-14.733635044823266
nordholt_ddac,PINN-network,0.3279893119572478,-14.75048902045738
nordholt_ddac,PINN-network,0.3286573146292585,-14.767336761853018
nordholt_ddac,PINN-network,0.3293253173012692,-14.784178093497172
nordholt_ddac,PINN-network,0.32999331997327985,-14.801012838421228
nordholt_ddac,PINN-network,0.3306613226452906,-14.817840818257404
nordholt_ddac,PINN-network,0.33132932531730125,-14.834661853293863
nordholt_ddac,PINN-network,0.3319973279893119,-14.851475762528537
nordholt_ddac,PINN-network,0.33266533066132264,-14.868282363721624
nordholt_ddac,PINN-network,0.3333333333333333,-14.88508147344676
nordholt_ddac,PINN-implied-ODE,0.0,0.0
nordholt_ddac,PINN-implied-ODE,0.000668002672010688,-0.04553883574265848
nordholt_ddac,PINN-implied-ODE,0.001336005344021376,-0.09107632600734868
nordholt_ddac,PINN-implied-ODE,0.002004008016032064,-0.13661243179566623
nordholt_ddac,PINN-implied-ODE,0.002672010688042752,-0.18214711298279132
nordholt_ddac,PINN-implied-ODE,0.00334001336005344,-0.22768032828518606
nordholt_ddac,PINN-implied-ODE,0.004008016032064128,-0.27321203522737963
nordholt_ddac,PINN-implied-ODE,0.004676018704074816,-0.31874219010781535
nordholt_ddac,PINN-implied-ODE,0.005344021376085504,-0.36427074796373454
nordholt_ddac,PINN-implied-ODE,0.0060120240480961915,-0.40979766253506994
nordholt_ddac,PINN-implied-ODE,0.00668002672010688,-0.4553228862273256
nordholt_ddac,PINN-implied-ODE,0.007348029392117568,-0.5008463700734095
nordholt_ddac,PINN-implied-ODE,0.008016032064128256,-0.5463680636943948
nordholt_ddac,PINN-implied-ODE,0.008684034736138943,-0.5918879152591819
nordholt_ddac,PINN-implied-ODE,0.009352037408149633,-0.637405871443027
nordholt_ddac,PINN-implied-ODE,0.01002004008016032,-0.6829218773849087
nordholt_ddac,PINN-implied-ODE,0.010688042752171008,-0.7284358766437061
nordholt_ddac,PINN-implied-ODE,0.011356045424181695,-0.7739478111531465
nordholt_ddac,PINN-implied-ODE,0.012024048096192383,-0.8194576211755021
nordholt_ddac,PINN-implied-ODE,0.012692050768203072,-0.8649652452539907
nordholt_ddac,PINN-implied-ODE,0.01336005344021376,-0.9104706201638547
nordholt_ddac,PINN-implied-ODE,0.014028056112224447,-0.9559736808620788
nordholt_ddac,PINN-implied-ODE,0.014696058784235137,-1.0014743604357113
nordholt_ddac,PINN-implied-ODE,0.015364061456245824,-1.0469725900487554
nordholt_ddac,PINN-implied-ODE,0.01603206412825651,-1.092468298887584
nordholt_ddac,PINN-implied-ODE,0.0167000668002672,-1.1379614141048549
nordholt_ddac,PINN-implied-ODE,0.017368069472277887,-1.18345186076187
nordholt_ddac,PINN-implied-ODE,0.018036072144288574,-1.2289395617693484
nordholt_ddac,PINN-implied-ODE,0.018704074816299265,-1.274424437826576
nordholt_ddac,PINN-implied-ODE,0.019372077488309953,-1.3199064073588704
nordholt_ddac,PINN-implied-ODE,0.02004008016032064,-1.3653853864533487
nordholt_ddac,PINN-implied-ODE,0.020708082832331328,-1.4108612887929246
nordholt_ddac,PINN-implied-ODE,0.021376085504342016,-1.456334025588504
nordholt_ddac,PINN-implied-ODE,0.022044088176352703,-1.5018035055093426
nordholt_ddac,PINN-implied-ODE,0.02271209084836339,-1.547269634611493
nordholt_ddac,PINN-implied-ODE,0.023380093520374078,-1.5927323162643208
nordholt_ddac,PINN-implied-ODE,0.024048096192384766,-1.6381914510750268
nordholt_ddac,PINN-implied-ODE,0.024716098864395457,-1.683646936811127
nordholt_ddac,PINN-implied-ODE,0.025384101536406144,-1.7290986683208385
nordholt_ddac,PINN-implied-ODE,0.026052104208416832,-1.7745465374513316
nordholt_ddac,PINN-implied-ODE,0.02672010688042752,-1.819990432964781
nordholt_ddac,PINN-implied-ODE,0.027388109552438207,-1.865430240452165
nordholt_ddac,PINN-implied-ODE,0.028056112224448895,-1.9108658422447797
nordholt_ddac,PINN-implied-ODE,0.028724114896459582,-1.9562971173233712
nordholt_ddac,PINN-implied-ODE,0.029392117568470273,-2.001723941224871
nordholt_ddac,PINN-implied-ODE,0.03006012024048096,-2.0471461859466595
nordholt_ddac,PINN-implied-ODE,0.03072812291249165,-2.0925637198482883
nordholt_ddac,PINN-implied-ODE,0.03139612558450233,-2.1379764075506316
nordholt_ddac,PINN-implied-ODE,0.03206412825651302,-2.183384109832392
nordholt_ddac,PINN-implied-ODE,0.032732130928523714,-2.2287866835238677
nordholt_ddac,PINN-implied-ODE,0.0334001336005344,-2.2741839813979796
nordholt_ddac,PINN-implied-ODE,0.03406813627254509,-2.3195758520584673
nordholt_ddac,PINN-implied-ODE,0.034736138944555774,-2.3649621398251686
nordholt_ddac,PINN-implied-ODE,0.035404141616566465,-2.4103426846163636
nordholt_ddac,PINN-implied-ODE,0.03607214428857715,-2.4557173218280717
nordholt_ddac,PINN-implied-ODE,0.03674014696058784,-2.5010858822102904
nordholt_ddac,PINN-implied-ODE,0.03740814963259853,-2.5464481917400486
nordholt_ddac,PINN-implied-ODE,0.038076152304609215,-2.5918040714912456
nordholt_ddac,PINN-implied-ODE,0.038744154976619906,-2.637153337501234
nordholt_ddac,PINN-implied-ODE,0.03941215764863059,-2.682495800633997
nordholt_ddac,PINN-implied-ODE,0.04008016032064128,-2.727831266439944
nordholt_ddac,PINN-implied-ODE,0.040748162992651965,-2.77315953501218
nordholt_ddac,PINN-implied-ODE,0.041416165664662656,-2.81848040083925
nordholt_ddac,PINN-implied-ODE,0.04208416833667334,-2.8637936526542314
nordholt_ddac,PINN-implied-ODE,0.04275217100868403,-2.9090990732801285
nordholt_ddac,PINN-implied-ODE,0.04342017368069472,-2.954396439471512
nordholt_ddac,PINN-implied-ODE,0.044088176352705406,-2.999685521752318
nordholt_ddac,PINN-implied-ODE,0.0447561790247161,-3.044966084249737
nordholt_ddac,PINN-implied-ODE,0.04542418169672678,-3.090237884524166
nordholt_ddac,PINN-implied-ODE,0.04609218436873747,-3.1355006733950432
nordholt_ddac,PINN-implied-ODE,0.046760187040748157,-3.1807541947626885
nordholt_ddac,PINN-implied-ODE,0.04742818971275885,-3.225998185425845
nordholt_ddac,PINN-implied-ODE,0.04809619238476953,-3.2712323748951193
nordholt_ddac,PINN-implied-ODE,0.04876419505678022,-3.316456485201994
nordholt_ddac,PINN-implied-ODE,0.049432197728790914,-3.361670230703568
nordholt_ddac,PINN-implied-ODE,0.0501002004008016,-3.406873317882813
nordholt_ddac,PINN-implied-ODE,0.05076820307281229,-3.452065445144376
nordholt_ddac,PINN-implied-ODE,0.05143620574482297,-3.497246302605863
nordholt_ddac,PINN-implied-ODE,0.052104208416833664,-3.5424155718844244
nordholt_ddac,PINN-implied-ODE,0.05277221108884435,-3.5875729258787943
nordholt_ddac,PINN-implied-ODE,0.05344021376085504,-3.6327180285466154
nordholt_ddac,PINN-implied-ODE,0.05410821643286573,-3.677850534676946
nordholt_ddac,PINN-implied-ODE,0.054776219104876414,-3.7229700896580273
nordholt_ddac,PINN-implied-ODE,0.055444221776887105,-3.768076329240212
nordholt_ddac,PINN-implied-ODE,0.05611222444889779,-3.81316887929399
nordholt_ddac,PINN-implied-ODE,0.05678022712090848,-3.8582473555631993
nordholt_ddac,PINN-implied-ODE,0.057448229792919164,-3.903311363413119
nordholt_ddac,PINN-implied-ODE,0.058116232464929855,-3.948360497573853
nordholt_ddac,PINN-implied-ODE,0.058784235136940546,-3.9933943418784956
nordholt_ddac,PINN-implied-ODE,0.05945223780895123,-4.038412468996537
nordholt_ddac,PINN-implied-ODE,0.06012024048096192,-4.083414440162072
nordholt_ddac,PINN-implied-ODE,0.060788243152972606,-4.1283998048972
nordholt_ddac,PINN-implied-ODE,0.0614562458249833,-4.173368100730281
nordholt_ddac,PINN-implied-ODE,0.06212424849699398,-4.21831885290942
nordholt_ddac,PINN-implied-ODE,0.06279225116900466,-4.263251574111604
nordholt_ddac,PINN-implied-ODE,0.06346025384101536,-4.308165764142954
nordholt_ddac,PINN-implied-ODE,0.06412825651302605,-4.35306090964234
nordholt_ddac,PINN-implied-ODE,0.06479625918503673,-4.397936483771965
nordholt_ddac,PINN-implied-ODE,0.06546426185704743,-4.442791945907247
nordholt_ddac,PINN-implied-ODE,0.06613226452905811,-4.487626741321283
nordholt_ddac,PINN-implied-ODE,0.0668002672010688,-4.5324403008646605
nordholt_ddac,PINN-implied-ODE,0.06746826987307948,-4.577232040640836
nordholt_ddac,PINN-implied-ODE,0.06813627254509018,-4.622001361677126
nordholt_ddac,PINN-implied-ODE,0.06880427521710086,-4.666747649591417
nordholt_ddac,PINN-implied-ODE,0.06947227788911155,-4.711470274254862
nordholt_ddac,PINN-implied-ODE,0.07014028056112225,-4.756168589450548
nordholt_ddac,PINN-implied-ODE,0.07080828323313293,-4.800841932528469
nordholt_ddac,PINN-implied-ODE,0.07147628590514361,-4.845489624056859
nordholt_ddac,PINN-implied-ODE,0.0721442885771543,-4.890110967470267
nordholt_ddac,PINN-implied-ODE,0.072812291249165,-4.934705248714398
nordholt_ddac,PINN-implied-ODE,0.07348029392117568,-4.979271735888162
nordholt_ddac,PINN-implied-ODE,0.07414829659318636,-5.023809678883104
nordholt_ddac,PINN-implied-ODE,0.07481629926519706,-5.068318309020525
nordholt_ddac,PINN-implied-ODE,0.07548430193720775,-5.112796838686626
nordholt_ddac,PINN-implied-ODE,0.07615230460921843,-5.15724446096607
nordholt_ddac,PINN-implied-ODE,0.07682030728122911,-5.201660349274203
nordholt_ddac,PINN-implied-ODE,0.07748830995323981,-5.246043656988464
nordholt_ddac,PINN-implied-ODE,0.0781563126252505,-5.290393517079384
nordholt_ddac,PINN-implied-ODE,0.07882431529726118,-5.334709041741547
nordholt_ddac,PINN-implied-ODE,0.07949231796927186,-5.378989322025097
nordholt_ddac,PINN-implied-ODE,0.08016032064128256,-5.4232334274682685
nordholt_ddac,PINN-implied-ODE,0.08082832331329325,-5.46744040573147
nordholt_ddac,PINN-implied-ODE,0.08149632598530393,-5.511609282233555
nordholt_ddac,PINN-implied-ODE,0.08216432865731463,-5.555739059790857
nordholt_ddac,PINN-implied-ODE,0.08283233132932531,-5.599828718259613
nordholt_ddac,PINN-implied-ODE,0.083500334001336,-5.643877214182601
nordholt_ddac,PINN-implied-ODE,0.08416833667334668,-5.687883480440494
nordholt_ddac,PINN-implied-ODE,0.08483633934535738,-5.731846425908946
nordholt_ddac,PINN-implied-ODE,0.08550434201736806,-5.775764935122018
nordholt_ddac,PINN-implied-ODE,0.08617234468937875,-5.819637867942897
nordholt_ddac,PINN-implied-ODE,0.08684034736138944,-5.863464059242746
nordholt_ddac,PINN-implied-ODE,0.08750835003340013,-5.907242318588681
nordholt_ddac,PINN-implied-ODE,0.08817635270541081,-5.9509714299417364
nordholt_ddac,PINN-implied-ODE,0.0888443553774215,-5.994650151365908
nordholt_ddac,PINN-implied-ODE,0.0895123580494322,-6.038277214749379
nordholt_ddac,PINN-implied-ODE,0.09018036072144288,-6.081851325538893
nordholt_ddac,PINN-implied-ODE,0.09084836339345356,-6.125371162488493
nordholt_ddac,PINN-implied-ODE,0.09151636606546426,-6.168835377423931
nordholt_ddac,PINN-implied-ODE,0.09218436873747494,-6.212242595023733
nordholt_ddac,PINN-implied-ODE,0.09285237140948563,-6.25559141261842
nordholt_ddac,PINN-implied-ODE,0.09352037408149631,-6.298880400009057
nordholt_ddac,PINN-implied-ODE,0.09418837675350701,-6.342108099306607
nordholt_ddac,PINN-implied-ODE,0.0948563794255177,-6.385273024793426
nordholt_ddac,PINN-implied-ODE,0.09552438209752838,-6.428373662808333
nordholt_ddac,PINN-implied-ODE,0.09619238476953906,-6.471408471656774
nordholt_ddac,PINN-implied-ODE,0.09686038744154976,-6.514375881547554
nordholt_ddac,PINN-implied-ODE,0.09752839011356045,-6.557274294557832
nordholt_ddac,PINN-implied-ODE,0.09819639278557113,-6.6001020846276806
nordholt_ddac,PINN-implied-ODE,0.09886439545758183,-6.642857597586193
nordholt_ddac,PINN-implied-ODE,0.09953239812959251,-6.685539151210439
nordholt_ddac,PINN-implied-ODE,0.1002004008016032,-6.728145035319217
nordholt_ddac,PINN-implied-ODE,0.10086840347361388,-6.770673511903083
nordholt_ddac,PINN-implied-ODE,0.10153640614562458,-6.813122815292502
nordholt_ddac,PINN-implied-ODE,0.10220440881763526,-6.855491152365826
nordholt_ddac,PINN-implied-ODE,0.10287241148964595,-6.8977767027986
nordholt_ddac,PINN-implied-ODE,0.10354041416165664,-6.939977619356448
nordholt_ddac,PINN-implied-ODE,0.10420841683366733,-6.982092028232573
nordholt_ddac,PINN-implied-ODE,0.10487641950567801,-7.024118029432221
nordholt_ddac,PINN-implied-ODE,0.1055444221776887,-7.06605369720535
nordholt_ddac,PINN-implied-ODE,0.1062124248496994,-7.107897080529507
nordholt_ddac,PINN-implied-ODE,0.10688042752171008,-7.149646203644292
nordholt_ddac,PINN-implied-ODE,0.10754843019372076,-7.191299066639195
nordholt_ddac,PINN-implied-ODE,0.10821643286573146,-7.2328536460963235
nordholt_ddac,PINN-implied-ODE,0.10888443553774214,-7.274307895789556
nordholt_ddac,PINN-implied-ODE,0.10955243820975283,-7.315659747441398
nordholt_ddac,PINN-implied-ODE,0.11022044088176351,-7.3569071115392255
nordholt_ddac,PINN-implied-ODE,0.11088844355377421,-7.398047878211885
nordholt_ddac,PINN-implied-ODE,0.1115564462257849,-7.439079918167988
nordholt_ddac,PINN-implied-ODE,0.11222444889779558,-7.480001083697072
nordholt_ddac,PINN-implied-ODE,0.11289245156980628,-7.5208092097345505
nordholt_ddac,PINN-implied-ODE,0.11356045424181696,-7.561502114990957
nordholt_ddac,PINN-implied-ODE,0.11422845691382764,-7.6020776031470305
nordholt_ddac,PINN-implied-ODE,0.11489645958583833,-7.642533464114301
nordholt_ddac,PINN-implied-ODE,0.11556446225784903,-7.682867475362118
nordholt_ddac,PINN-implied-ODE,0.11623246492985971,-7.723077403311217
nordholt_ddac,PINN-implied-ODE,0.1169004676018704,-7.763161004794029
nordholt_ddac,PINN-implied-ODE,0.11756847027388109,-7.803116028581393
nordholt_ddac,PINN-implied-ODE,0.11823647294589178,-7.842940216975266
nordholt_ddac,PINN-implied-ODE,0.11890447561790246,-7.882631307467462
nordholt_ddac,PINN-implied-ODE,0.11957247828991314,-7.922187034462846
nordholt_ddac,PINN-implied-ODE,0.12024048096192384,-7.96160513106674
nordholt_ddac,PINN-implied-ODE,0.12090848363393453,-8.000883330934737
nordholt_ddac,PINN-implied-ODE,0.12157648630594521,-8.04001937018378
nordholt_ddac,PINN-implied-ODE,0.1222444889779559,-8.079010989362672
nordholt_ddac,PINN-implied-ODE,0.1229124916499666,-8.117855935480009
nordholt_ddac,PINN-implied-ODE,0.12358049432197728,-8.156551964087305
nordholt_ddac,PINN-implied-ODE,0.12424849699398796,-8.19509684141462
nordholt_ddac,PINN-implied-ODE,0.12491649966599866,-8.233488346557486
nordholt_ddac,PINN-implied-ODE,0.12558450233800933,-8.27172427370411
nordholt_ddac,PINN-implied-ODE,0.12625250501002003,-8.309802434418609
nordholt_ddac,PINN-implied-ODE,0.12692050768203073,-8.347720659951369
nordholt_ddac,PINN-implied-ODE,0.1275885103540414,-8.385476803591631
nordholt_ddac,PINN-implied-ODE,0.1282565130260521,-8.423068743050292
nordholt_ddac,PINN-implied-ODE,0.1289245156980628,-8.460494382870108
nordholt_ddac,PINN-implied-ODE,0.12959251837007346,-8.497751656858279
nordholt_ddac,PINN-implied-ODE,0.13026052104208416,-8.534838530536689
nordholt_ddac,PINN-implied-ODE,0.13092852371409486,-8.57175300360458
nordholt_ddac,PINN-implied-ODE,0.13159652638610553,-8.608493112408137
nordholt_ddac,PINN-implied-ODE,0.13226452905811623,-8.645056932411654
nordholt_ddac,PINN-implied-ODE,0.1329325317301269,-8.681442580664159
nordholt_ddac,PINN-implied-ODE,0.1336005344021376,-8.717648218255919
nordholt_ddac,PINN-implied-ODE,0.1342685370741483,-8.753672052758327
nordholt_ddac,PINN-implied-ODE,0.13493653974615896,-8.789512340641279
nordholt_ddac,PINN-implied-ODE,0.13560454241816966,-8.825167389661539
nordholt_ddac,PINN-implied-ODE,0.13627254509018036,-8.860635561215638
nordholt_ddac,PINN-implied-ODE,0.13694054776219103,-8.89591527265098
nordholt_ddac,PINN-implied-ODE,0.13760855043420173,-8.931004999528593
nordholt_ddac,PINN-implied-ODE,0.13827655310621242,-8.965903277831016
nordholt_ddac,PINN-implied-ODE,0.1389445557782231,-9.000608706108933
nordholt_ddac,PINN-implied-ODE,0.1396125584502338,-9.035119947560105
nordholt_ddac,PINN-implied-ODE,0.1402805611222445,-9.069435732034385
nordholt_ddac,PINN-implied-ODE,0.14094856379425516,-9.103554857958615
nordholt_ddac,PINN-implied-ODE,0.14161656646626586,-9.13747619417534
nordholt_ddac,PINN-implied-ODE,0.14228456913827653,-9.171198681689662
nordholt_ddac,PINN-implied-ODE,0.14295257181028723,-9.20472133531853
nordholt_ddac,PINN-implied-ODE,0.14362057448229792,-9.238043245237105
nordholt_ddac,PINN-implied-ODE,0.1442885771543086,-9.271163578417246
nordholt_ddac,PINN-implied-ODE,0.1449565798263193,-9.30408157995322
nordholt_ddac,PINN-implied-ODE,0.14562458249833,-9.336796574270313
nordholt_ddac,PINN-implied-ODE,0.14629258517034066,-9.36930796621219
nordholt_ddac,PINN-implied-ODE,0.14696058784235136,-9.401615242003398
nordholt_ddac,PINN-implied-ODE,0.14762859051436206,-9.433717970083606
nordholt_ddac,PINN-implied-ODE,0.14829659318637273,-9.465615801810857
nordholt_ddac,PINN-implied-ODE,0.14896459585838343,-9.497308472031301
nordholt_ddac,PINN-implied-ODE,0.14963259853039412,-9.52879579951349
nordholt_ddac,PINN-implied-ODE,0.1503006012024048,-9.560077687245636
nordholt_ddac,PINN-implied-ODE,0.1509686038744155,-9.59115412259501
nordholt_ddac,PINN-implied-ODE,0.15163660654642616,-9.622025177328627
nordholt_ddac,PINN-implied-ODE,0.15230460921843686,-9.652691007495392
nordholt_ddac,PINN-implied-ODE,0.15297261189044756,-9.683151853170017
nordholt_ddac,PINN-implied-ODE,0.15364061456245823,-9.713408038059564
nordholt_ddac,PINN-implied-ODE,0.15430861723446893,-9.743459968974097
nordholt_ddac,PINN-implied-ODE,0.15497661990647962,-9.773308135163171
nordholt_ddac,PINN-implied-ODE,0.1556446225784903,-9.802953107520475
nordholt_ddac,PINN-implied-ODE,0.156312625250501,-9.832395537659423
nordholt_ddac,PINN-implied-ODE,0.1569806279225117,-9.861636156862783
nordholt_ddac,PINN-implied-ODE,0.15764863059452236,-9.890675774909962
nordholt_ddac,PINN-implied-ODE,0.15831663326653306,-9.919515278785878
nordholt_ddac,PINN-implied-ODE,0.15898463593854373,-9.948155631275736
nordholt_ddac,PINN-implied-ODE,0.15965263861055443,-9.976597869450488
nordholt_ddac,PINN-implied-ODE,0.16032064128256512,-10.004843103047728
nordholt_ddac,PINN-implied-ODE,0.1609886439545758,-10.032892512753502
nordholt_ddac,PINN-implied-ODE,0.1616566466265865,-10.06074734839049
nordholt_ddac,PINN-implied-ODE,0.1623246492985972,-10.088408927018268
nordholt_ddac,PINN-implied-ODE,0.16299265197060786,-10.115878630951649
nordholt_ddac,PINN-implied-ODE,0.16366065464261856,-10.143157905703202
nordholt_ddac,PINN-implied-ODE,0.16432865731462926,-10.17024825785625
nordholt_ddac,PINN-implied-ODE,0.16499665998663993,-10.19715125287457
nordholt_ddac,PINN-implied-ODE,0.16566466265865062,-10.22386851285546
nordholt_ddac,PINN-implied-ODE,0.16633266533066132,-10.250401714232426
nordholt_ddac,PINN-implied-ODE,0.167000668002672,-10.276752585434032
nordholt_ddac,PINN-implied-ODE,0.1676686706746827,-10.302922904505552
nordholt_ddac,PINN-implied-ODE,0.16833667334669336,-10.328914496699587
nordholt_ddac,PINN-implied-ODE,0.16900467601870406,-10.354729232042247
nordholt_ddac,PINN-implied-ODE,0.16967267869071476,-10.380369022880977
nordholt_ddac,PINN-implied-ODE,0.17034068136272543,-10.405835821420334
nordholt_ddac,PINN-implied-ODE,0.17100868403473612,-10.43113161725157
nordholt_ddac,PINN-implied-ODE,0.17167668670674682,-10.456258434881963
nordholt_ddac,PINN-implied-ODE,0.1723446893787575,-10.481218331269503
nordholt_ddac,PINN-implied-ODE,0.1730126920507682,-10.50601339336839
nordholt_ddac,PINN-implied-ODE,0.1736806947227789,-10.53064573569064
nordholt_ddac,PINN-implied-ODE,0.17434869739478956,-10.55511749788865
nordholt_ddac,PINN-implied-ODE,0.17501670006680026,-10.57943084236374
nordholt_ddac,PINN-implied-ODE,0.17568470273881093,-10.603587951904942
nordholt_ddac,PINN-implied-ODE,0.17635270541082163,-10.627591027362454
nordholt_ddac,PINN-implied-ODE,0.17702070808283232,-10.651442285359668
nordholt_ddac,PINN-implied-ODE,0.177688710754843,-10.675143956047533
nordholt_ddac,PINN-implied-ODE,0.1783567134268537,-10.698698280904674
nordholt_ddac,PINN-implied-ODE,0.1790247160988644,-10.722107510586428
nordholt_ddac,PINN-implied-ODE,0.17969271877087506,-10.745373902825753
nordholt_ddac,PINN-implied-ODE,0.18036072144288576,-10.768499720388473
nordholt_ddac,PINN-implied-ODE,0.18102872411489646,-10.791487229085432
nordholt_ddac,PINN-implied-ODE,0.18169672678690713,-10.81433869584342
nordholt_ddac,PINN-implied-ODE,0.18236472945891782,-10.837056386836801
nordholt_ddac,PINN-implied-ODE,0.18303273213092852,-10.859642565681353
nordholt_ddac,PINN-implied-ODE,0.1837007348029392,-10.88209949169167
nordholt_ddac,PINN-implied-ODE,0.1843687374749499,-10.90442941820314
nordholt_ddac,PINN-implied-ODE,0.18503674014696056,-10.92663459095934
nordholt_ddac,PINN-implied-ODE,0.18570474281897126,-10.948717246565495
nordholt_ddac,PINN-implied-ODE,0.18637274549098196,-10.970679611008316
nordholt_ddac,PINN-implied-ODE,0.18704074816299263,-10.992523898242487
nordholt_ddac,PINN-implied-ODE,0.18770875083500332,-11.014252308843703
nordholt_ddac,PINN-implied-ODE,0.18837675350701402,-11.035867028728179
nordholt_ddac,PINN-implied-ODE,0.1890447561790247,-11.057370227938119
nordholt_ddac,PINN-implied-ODE,0.1897127588510354,-11.078764059492771
nordholt_ddac,PINN-implied-ODE,0.1903807615230461,-11.100050658304312
nordholt_ddac,PINN-implied-ODE,0.19104876419505676,-11.121232140157716
nordholt_ddac,PINN-implied-ODE,0.19171676686706746,-11.14231060075376
nordholt_ddac,PINN-implied-ODE,0.19238476953907813,-11.16328811481404
nordholt_ddac,PINN-implied-ODE,0.19305277221108882,-11.184166735246828
nordholt_ddac,PINN-implied-ODE,0.19372077488309952,-11.204948492372576
nordholt_ddac,PINN-implied-ODE,0.1943887775551102,-11.225635393207616
nordholt_ddac,PINN-implied-ODE,0.1950567802271209,-11.246229420804726
nordholt_ddac,PINN-implied-ODE,0.1957247828991316,-11.266732533649035
nordholt_ddac,PINN-implied-ODE,0.19639278557114226,-11.287146665107718
nordholt_ddac,PINN-implied-ODE,0.19706078824315296,-11.307473722931872
nordholt_ddac,PINN-implied-ODE,0.19772879091516365,-11.327715588808962
nordholt_ddac,PINN-implied-ODE,0.19839679358717432,-11.347874117964162
nordholt_ddac,PINN-implied-ODE,0.19906479625918502,-11.36795113880892
nordholt_ddac,PINN-implied-ODE,0.19973279893119572,-11.387948452634953
nordholt_ddac,PINN-implied-ODE,0.2004008016032064,-11.40786783335204
nordholt_ddac,PINN-implied-ODE,0.2010688042752171,-11.427711027267867
nordholt_ddac,PINN-implied-ODE,0.20173680694722776,-11.447479752908135
nordholt_ddac,PINN-implied-ODE,0.20240480961923846,-11.4671757008753
nordholt_ddac,PINN-implied-ODE,0.20307281229124916,-11.486800533744148
nordholt_ddac,PINN-implied-ODE,0.20374081496325983,-11.506355885992587
nordholt_ddac,PINN-implied-ODE,0.20440881763527052,-11.525843363965906
nordholt_ddac,PINN-implied-ODE,0.20507682030728122,-11.545264545872904
nordholt_ddac,PINN-implied-ODE,0.2057448229792919,-11.56462098181225
nordholt_ddac,PINN-implied-ODE,0.2064128256513026,-11.583914193827457
nordholt_ddac,PINN-implied-ODE,0.2070808283233133,-11.603145675988905
nordholt_ddac,PINN-implied-ODE,0.20774883099532396,-11.622316894501413
nordholt_ddac,PINN-implied-ODE,0.20841683366733466,-11.641429287835871
nordholt_ddac,PINN-implied-ODE,0.20908483633934535,-11.66048426688338
nordholt_ddac,PINN-implied-ODE,0.20975283901135602,-11.679483215130645
nordholt_ddac,PINN-implied-ODE,0.21042084168336672,-11.698427488855097
nordholt_ddac,PINN-implied-ODE,0.2110888443553774,-11.717318417338515
nordholt_ddac,PINN-implied-ODE,0.2117568470273881,-11.736157303097785
nordholt_ddac,PINN-implied-ODE,0.2124248496993988,-11.754945422131595
nordholt_ddac,PINN-implied-ODE,0.21309285237140946,-11.773684024181868
nordholt_ddac,PINN-implied-ODE,0.21376085504342016,-11.792374333008741
nordholt_ddac,PINN-implied-ODE,0.21442885771543085,-11.811017546677972
nordholt_ddac,PINN-implied-ODE,0.21509686038744152,-11.82961483785977
nordholt_ddac,PINN-implied-ODE,0.21576486305945222,-11.848167354137926
nordholt_ddac,PINN-implied-ODE,0.21643286573146292,-11.866676218328355
nordholt_ddac,PINN-implied-ODE,0.2171008684034736,-11.885142528806016
nordholt_ddac,PINN-implied-ODE,0.2177688710754843,-11.903567359839391
nordholt_ddac,PINN-implied-ODE,0.21843687374749496,-11.921951761931616
nordholt_ddac,PINN-implied-ODE,0.21910487641950566,-11.940296762167455
nordholt_ddac,PINN-implied-ODE,0.21977287909151635,-11.958603364565354
nordholt_ddac,PINN-implied-ODE,0.22044088176352702,-11.97687255043383
nordholt_ddac,PINN-implied-ODE,0.22110888443553772,-11.99510527873148
nordholt_ddac,PINN-implied-ODE,0.22177688710754842,-12.013302486429955
nordholt_ddac,PINN-implied-ODE,0.2224448897795591,-12.031465088879283
nordholt_ddac,PINN-implied-ODE,0.2231128924515698,-12.049593980174931
nordholt_ddac,PINN-implied-ODE,0.2237808951235805,-12.06769003352607
nordholt_ddac,PINN-implied-ODE,0.22444889779559116,-12.08575410162447
nordholt_ddac,PINN-implied-ODE,0.22511690046760185,-12.103787017013564
nordholt_ddac,PINN-implied-ODE,0.22578490313961255,-12.121789592457239
nordholt_ddac,PINN-implied-ODE,0.22645290581162322,-12.13976262130787
nordholt_ddac,PINN-implied-ODE,0.22712090848363392,-12.1577068778732
nordholt_ddac,PINN-implied-ODE,0.2277889111556446,-12.175623117781733
nordholt_ddac,PINN-implied-ODE,0.2284569138276553,-12.193512078346211
nordholt_ddac,PINN-implied-ODE,0.229124916499666,-12.211374478924931
nordholt_ddac,PINN-implied-ODE,0.22979291917167666,-12.22921102128049
nordholt_ddac,PINN-implied-ODE,0.23046092184368736,-12.247022389935818
nordholt_ddac,PINN-implied-ODE,0.23112892451569805,-12.264809252527092
nordholt_ddac,PINN-implied-ODE,0.23179692718770872,-12.282572260153389
nordholt_ddac,PINN-implied-ODE,0.23246492985971942,-12.30031204772287
nordholt_ddac,PINN-implied-ODE,0.23313293253173012,-12.318029234295176
nordholt_ddac,PINN-implied-ODE,0.2338009352037408,-12.33572442341999
nordholt_ddac,PINN-implied-ODE,0.2344689378757515,-12.353398203471555
nordholt_ddac,PINN-implied-ODE,0.23513694054776219,-12.371051147978935
nordholt_ddac,PINN-implied-ODE,0.23580494321977286,-12.38868381595201
nordholt_ddac,PINN-implied-ODE,0.23647294589178355,-12.406296752202971
nordholt_ddac,PINN-implied-ODE,0.23714094856379422,-12.42389048766327
nordholt_ddac,PINN-implied-ODE,0.23780895123580492,-12.441465539695935
nordholt_ddac,PINN-implied-ODE,0.23847695390781562,-12.459022412403124
nordholt_ddac,PINN-implied-ODE,0.2391449565798263,-12.476561596928983
nordholt_ddac,PINN-implied-ODE,0.239812959251837,-12.494083571757486
nordholt_ddac,PINN-implied-ODE,0.24048096192384769,-12.511588803005546
nordholt_ddac,PINN-implied-ODE,0.24114896459585836,-12.529077744711119
nordholt_ddac,PINN-implied-ODE,0.24181696726786905,-12.546550839116325
nordholt_ddac,PINN-implied-ODE,0.24248496993987975,-12.564008516945654
nordholt_ddac,PINN-implied-ODE,0.24315297261189042,-12.581451197679137
nordholt_ddac,PINN-implied-ODE,0.24382097528390112,-12.598879289820559
nordholt_ddac,PINN-implied-ODE,0.2444889779559118,-12.61629319116064
nordholt_ddac,PINN-implied-ODE,0.2451569806279225,-12.633693289035314
nordholt_ddac,PINN-implied-ODE,0.2458249832999332,-12.651079960578938
nordholt_ddac,PINN-implied-ODE,0.24649298597194386,-12.668453572972675
nordholt_ddac,PINN-implied-ODE,0.24716098864395455,-12.685814483687874
nordholt_ddac,PINN-implied-ODE,0.24782899131596525,-12.703163040724627
nordholt_ddac,PINN-implied-ODE,0.24849699398797592,-12.720499582845447
nordholt_ddac,PINN-implied-ODE,0.24916499665998662,-12.737824439804204
nordholt_ddac,PINN-implied-ODE,0.24983299933199732,-12.755137932570035
nordholt_ddac,PINN-implied-ODE,0.250501002004008,-12.772440373547056
nordholt_ddac,PINN-implied-ODE,0.25116900467601866,-12.789732066788888
nordholt_ddac,PINN-implied-ODE,0.2518370073480294,-12.807013308208825
nordholt_ddac,PINN-implied-ODE,0.25250501002004005,-12.824284385785408
nordholt_ddac,PINN-implied-ODE,0.2531730126920507,-12.841545579763451
nordholt_ddac,PINN-implied-ODE,0.25384101536406145,-12.85879716285069
nordholt_ddac,PINN-implied-ODE,0.2545090180360721,-12.876039400409999
nordholt_ddac,PINN-implied-ODE,0.2551770207080828,-12.893272550647286
nordholt_ddac,PINN-implied-ODE,0.2558450233800935,-12.910496864795167
nordholt_ddac,PINN-implied-ODE,0.2565130260521042,-12.927712587292417
nordholt_ddac,PINN-implied-ODE,0.25718102872411486,-12.944919955959314
nordholt_ddac,PINN-implied-ODE,0.2578490313961256,-12.962119202168907
nordholt_ddac,PINN-implied-ODE,0.25851703406813625,-12.979310551014308
nordholt_ddac,PINN-implied-ODE,0.2591850367401469,-12.996494221472052
nordholt_ddac,PINN-implied-ODE,0.25985303941215765,-13.0136704265616
nordholt_ddac,PINN-implied-ODE,0.2605210420841683,-13.030839373501076
nordholt_ddac,PINN-implied-ODE,0.261189044756179,-13.048001263859236
nordholt_ddac,PINN-implied-ODE,0.2618570474281897,-13.065156293703849
nordholt_ddac,PINN-implied-ODE,0.2625250501002004,-13.082304653746455
nordholt_ddac,PINN-implied-ODE,0.26319305277221106,-13.099446529483624
nordholt_ddac,PINN-implied-ODE,0.2638610554442218,-13.116582101334789
nordholt_ddac,PINN-implied-ODE,0.26452905811623245,-13.13371154477665
nordholt_ddac,PINN-implied-ODE,0.2651970607882431,-13.150835030474344
nordholt_ddac,PINN-implied-ODE,0.2658650634602538,-13.167952724409304
nordholt_ddac,PINN-implied-ODE,0.2665330661322645,-13.185064788004006
nordholt_ddac,PINN-implied-ODE,0.2672010688042752,-13.202171378243545
nordholt_ddac,PINN-implied-ODE,0.26786907147628586,-13.21927264779422
nordholt_ddac,PINN-implied-ODE,0.2685370741482966,-13.236368745119115
nordholt_ddac,PINN-implied-ODE,0.26920507682030725,-13.25345981459077
nordholt_ddac,PINN-implied-ODE,0.2698730794923179,-13.270545996601008
nordholt_ddac,PINN-implied-ODE,0.27054108216432865,-13.287627427667971
nordholt_ddac,PINN-implied-ODE,0.2712090848363393,-13.304704240540419
nordholt_ddac,PINN-implied-ODE,0.27187708750835,-13.321776564299366
nordholt_ddac,PINN-implied-ODE,0.2725450901803607,-13.338844524457148
nordholt_ddac,PINN-implied-ODE,0.2732130928523714,-13.355908243053872
nordholt_ddac,PINN-implied-ODE,0.27388109552438206,-13.372967838751457
nordholt_ddac,PINN-implied-ODE,0.2745490981963928,-13.390023426925174
nordholt_ddac,PINN-implied-ODE,0.27521710086840345,-13.407075119752873
nordholt_ddac,PINN-implied-ODE,0.2758851035404141,-13.424123026301828
nordholt_ddac,PINN-implied-ODE,0.27655310621242485,-13.44116725261339
nordholt_ddac,PINN-implied-ODE,0.2772211088844355,-13.45820790178536
nordholt_ddac,PINN-implied-ODE,0.2778891115564462,-13.47524507405225
nordholt_ddac,PINN-implied-ODE,0.2785571142284569,-13.492278866863424
nordholt_ddac,PINN-implied-ODE,0.2792251169004676,-13.509309374959173
nordholt_ddac,PINN-implied-ODE,0.27989311957247826,-13.526336690444797
nordholt_ddac,PINN-implied-ODE,0.280561122244489,-13.54336090286274
nordholt_ddac,PINN-implied-ODE,0.28122912491649965,-13.560382099262778
nordholt_ddac,PINN-implied-ODE,0.2818971275885103,-13.577400364270382
nordholt_ddac,PINN-implied-ODE,0.282565130260521,-13.594415780153264
nordholt_ddac,PINN-implied-ODE,0.2832331329325317,-13.611428426886118
nordholt_ddac,PINN-implied-ODE,0.2839011356045424,-13.628438382213652
nordholt_ddac,PINN-implied-ODE,0.28456913827655306,-13.645445721711978
nordholt_ddac,PINN-implied-ODE,0.2852371409485638,-13.662450518848273
nordholt_ddac,PINN-implied-ODE,0.28590514362057445,-13.67945284503891
nordholt_ddac,PINN-implied-ODE,0.2865731462925851,-13.69645276970602
nordholt_ddac,PINN-implied-ODE,0.28724114896459585,-13.713450360332498
nordholt_ddac,PINN-implied-ODE,0.2879091516366065,-13.730445682515557
nordholt_ddac,PINN-implied-ODE,0.2885771543086172,-13.747438800018832
nordholt_ddac,PINN-implied-ODE,0.2892451569806279,-13.764429774823087
nordholt_ddac,PINN-implied-ODE,0.2899131596526386,-13.781418667175524
nordholt_ddac,PINN-implied-ODE,0.29058116232464926,-13.798405535637768
nordholt_ddac,PINN-implied-ODE,0.29124916499666,-13.815390437132587
nordholt_ddac,PINN-implied-ODE,0.29191716766867065,-13.83237342698928
nordholt_ddac,PINN-implied-ODE,0.2925851703406813,-13.849354558987889
nordholt_ddac,PINN-implied-ODE,0.29325317301269205,-13.866333885402168
nordholt_ddac,PINN-implied-ODE,0.2939211756847027,-13.883311457041405
nordholt_ddac,PINN-implied-ODE,0.2945891783567134,-13.9002873232911
nordholt_ddac,PINN-implied-ODE,0.2952571810287241,-13.91726153215253
nordholt_ddac,PINN-implied-ODE,0.2959251837007348,-13.934234130281219
nordholt_ddac,PINN-implied-ODE,0.29659318637274545,-13.951205163024389
nordholt_ddac,PINN-implied-ODE,0.2972611890447562,-13.968174674457357
nordholt_ddac,PINN-implied-ODE,0.29792919171676685,-13.98514270741894
nordholt_ddac,PINN-implied-ODE,0.2985971943887775,-14.00210930354591
nordholt_ddac,PINN-implied-ODE,0.29926519706078825,-14.019074503306463
nordholt_ddac,PINN-implied-ODE,0.2999331997327989,-14.036038346032818
nordholt_ddac,PINN-implied-ODE,0.3006012024048096,-14.053000869952873
nordholt_ddac,PINN-implied-ODE,0.30126920507682026,-14.069962112221026
nordholt_ddac,PINN-implied-ODE,0.301937207748831,-14.086922108948126
nordholt_ddac,PINN-implied-ODE,0.30260521042084165,-14.103880895230608
nordholt_ddac,PINN-implied-ODE,0.3032732130928523,-14.120838505178806
nordholt_ddac,PINN-implied-ODE,0.30394121576486305,-14.137794971944533
nordholt_ddac,PINN-implied-ODE,0.3046092184368737,-14.154750327747841
nordholt_ddac,PINN-implied-ODE,0.3052772211088844,-14.171704603903075
nordholt_ddac,PINN-implied-ODE,0.3059452237808951,-14.188657830844194
nordholt_ddac,PINN-implied-ODE,0.3066132264529058,-14.205610038149409
nordholt_ddac,PINN-implied-ODE,0.30728122912491646,-14.222561254565113
nordholt_ddac,PINN-implied-ODE,0.3079492317969272,-14.239511508029162
nordholt_ddac,PINN-implied-ODE,0.30861723446893785,-14.256460825693521
nordholt_ddac,PINN-implied-ODE,0.3092852371409485,-14.273409233946266
nordholt_ddac,PINN-implied-ODE,0.30995323981295925,-14.290356758432978
nordholt_ddac,PINN-implied-ODE,0.3106212424849699,-14.307303424077535
nordholt_ddac,PINN-implied-ODE,0.3112892451569806,-14.324249255102362
nordholt_ddac,PINN-implied-ODE,0.3119572478289913,-14.341194275048078
nordholt_ddac,PINN-implied-ODE,0.312625250501002,-14.358138506792601
nordholt_ddac,PINN-implied-ODE,0.31329325317301265,-14.375081972569754
nordholt_ddac,PINN-implied-ODE,0.3139612558450234,-14.392024693987327
nordholt_ddac,PINN-implied-ODE,0.31462925851703405,-14.40896669204462
nordholt_ddac,PINN-implied-ODE,0.3152972611890447,-14.42590798714955
nordholt_ddac,PINN-implied-ODE,0.31596526386105545,-14.442848599135221
nordholt_ddac,PINN-implied-ODE,0.3166332665330661,-14.459788547276082
nordholt_ddac,PINN-implied-ODE,0.3173012692050768,-14.476727850303591
nordholt_ddac,PINN-implied-ODE,0.31796927187708746,-14.493666526421494
nordholt_ddac,PINN-implied-ODE,0.3186372745490982,-14.51060459332062
nordholt_ddac,PINN-implied-ODE,0.31930527722110885,-14.52754206819329
nordholt_ddac,PINN-implied-ODE,0.3199732798931195,-14.544478967747356
nordholt_ddac,PINN-implied-ODE,0.32064128256513025,-14.561415308219779
nordholt_ddac,PINN-implied-ODE,0.3213092852371409,-14.578351105389872
nordholt_ddac,PINN-implied-ODE,0.3219772879091516,-14.595286374592204
nordholt_ddac,PINN-implied-ODE,0.3226452905811623,-14.612221130729035
nordholt_ddac,PINN-implied-ODE,0.323313293253173,-14.629155388282523
nordholt_ddac,PINN-implied-ODE,0.32398129592518365,-14.646089161326532
nordholt_ddac,PINN-implied-ODE,0.3246492985971944,-14.6630224635381
nordholt_ddac,PINN-implied-ODE,0.32531730126920505,-14.679955308208626
nordholt_ddac,PINN-implied-ODE,0.3259853039412157,-14.696887708254696
nordholt_ddac,PINN-implied-ODE,0.32665330661322645,-14.713819676228637
nordholt_ddac,PINN-implied-ODE,0.3273213092852371,-14.730751224328761
nordholt_ddac,PINN-implied-ODE,0.3279893119572478,-14.747682364409371
nordholt_ddac,PINN-implied-ODE,0.3286573146292585,-14.764613107990376
nordholt_ddac,PINN-implied-ODE,0.3293253173012692,-14.781543466266754
nordholt_ddac,PINN-implied-ODE,0.32999331997327985,-14.798473450117699
nordholt_ddac,PINN-implied-ODE,0.3306613226452906,-14.815403070115485
nordholt_ddac,PINN-implied-ODE,0.33132932531730125,-14.832332336534115
nordholt_ddac,PINN-implied-ODE,0.3319973279893119,-14.849261259357762
nordholt_ddac,PINN-implied-ODE,0.33266533066132264,-14.866189848288888
nordholt_ddac,PINN-implied-ODE,0.3333333333333333,-14.883118112756172
