condition,initial_condition_scenario,initial_fraction,bootstrap_id,sampled_replicates,D,alpha,beta,train_sse
ciprofloxacin,assumed_0.1pct,0.001,1,3;3;3,-3.8360495254558673,2.6503308940077414e-08,0.640659713524138,11.245309686505108
ciprofloxacin,assumed_0.1pct,0.001,2,1;3;2,-4.525388255706523,1.000000023831783e-08,0.5441103775776698,14.151400910889828
ciprofloxacin,assumed_0.1pct,0.001,3,1;1;2,-5.044614402701317,1.0000000486612416e-08,0.524341069215893,10.375009090899587
ciprofloxacin,assumed_0.1pct,0.001,4,2;1;2,-4.770477884523323,1.0000000000748647e-08,0.4785046945961599,10.040415225569085
ciprofloxacin,assumed_0.1pct,0.001,5,2;2;2,-4.493546066441612,1.0000457454846759e-08,0.4334975962766281,6.833219304469463
ciprofloxacin,assumed_0.1pct,0.001,6,3;2;2,-4.246798470220385,1.0000008453617223e-08,0.500813315224446,12.322395134899415
ciprofloxacin,assumed_0.1pct,0.001,7,3;1;1,-4.804535588507825,1.3270101205237186e-08,0.5884795594458904,12.97904738843291
ciprofloxacin,assumed_0.1pct,0.001,8,1;2;2,-4.770477884523323,1.0000000000748647e-08,0.4785046945961599,10.040415225569085
ciprofloxacin,assumed_0.1pct,0.001,9,3;3;3,-3.8360495254558673,2.6503308940077414e-08,0.640659713524138,11.245309686505108
ciprofloxacin,assumed_0.1pct,0.001,10,2;1;1,-5.044609310097847,1.0000007504681597e-08,0.524341437137811,10.37500909068164
ciprofloxacin,assumed_0.1pct,0.001,11,1;1;3,-4.804537737809781,1.000094232643539e-08,0.5884790183491226,12.97904501921233
ciprofloxacin,assumed_0.1pct,0.001,12,3;1;1,-4.804535588507825,1.3270101205237186e-08,0.5884795594458904,12.97904738843291
ciprofloxacin,assumed_0.1pct,0.001,13,2;3;1,-4.525388255706523,1.000000023831783e-08,0.5441103775776698,14.151400910889825
ciprofloxacin,assumed_0.1pct,0.001,14,2;1;1,-5.044609310097847,1.0000007504681597e-08,0.524341437137811,10.37500909068164
ciprofloxacin,assumed_0.1pct,0.001,15,3;3;1,-4.284108599810683,1.0000000219532004e-08,0.6120669412629607,14.385707793607565
ciprofloxacin,assumed_0.1pct,0.001,16,1;1;2,-5.044614402701317,1.0000000486612416e-08,0.524341069215893,10.375009090899587
ciprofloxacin,assumed_0.1pct,0.001,17,3;1;2,-4.525388255706523,1.000000023831783e-08,0.5441103775776698,14.151400910889826
ciprofloxacin,assumed_0.1pct,0.001,18,2;2;2,-4.493546066441612,1.0000457454846759e-08,0.4334975962766281,6.833219304469463
ciprofloxacin,assumed_0.1pct,0.001,19,2;1;3,-4.525388255706523,1.000000023831783e-08,0.5441103775776698,14.151400910889825
ciprofloxacin,assumed_0.1pct,0.001,20,2;1;1,-5.044609310097847,1.0000007504681597e-08,0.524341437137811,10.37500909068164
ciprofloxacin,assumed_0.1pct,0.001,21,1;2;1,-5.044609750955861,1.000000000755092e-08,0.5243407428678257,10.375009090792112
ciprofloxacin,assumed_0.1pct,0.001,22,2;3;2,-4.246801300385488,1.0000007666272851e-08,0.500813019940162,12.322395134938747
ciprofloxacin,assumed_0.1pct,0.001,23,1;3;3,-4.2841086597677815,1.000000038640098e-08,0.6120669621982238,14.385707793608091
ciprofloxacin,assumed_0.1pct,0.001,24,3;1;3,-4.284108824733373,1.0000000157995094e-08,0.6120669570266591,14.385707793610713
ciprofloxacin,assumed_0.1pct,0.001,25,3;3;2,-4.0208544443686725,1.0000000000448726e-08,0.5702190952625862,13.798867477046203
ciprofloxacin,assumed_0.1pct,0.001,26,2;2;3,-4.2468014256329685,1.0000006990679619e-08,0.5008131312271882,12.322395134934537
ciprofloxacin,assumed_0.1pct,0.001,27,3;1;2,-4.525388255706523,1.000000023831783e-08,0.5441103775776698,14.151400910889826
ciprofloxacin,assumed_0.1pct,0.001,28,1;1;1,-5.317929118955566,1.0000661939984926e-08,0.5707851943141231,7.911911638249623
ciprofloxacin,assumed_0.1pct,0.001,29,2;1;3,-4.525388255706523,1.000000023831783e-08,0.5441103775776698,14.151400910889825
ciprofloxacin,assumed_0.1pct,0.001,30,2;1;1,-5.044609310097847,1.0000007504681597e-08,0.524341437137811,10.37500909068164
ciprofloxacin,assumed_0.1pct,0.001,31,2;1;1,-5.044609310097847,1.0000007504681597e-08,0.524341437137811,10.37500909068164
ciprofloxacin,assumed_0.1pct,0.001,32,1;1;1,-5.317929118955566,1.0000661939984926e-08,0.5707851943141231,7.911911638249623
ciprofloxacin,assumed_0.1pct,0.001,33,3;1;1,-4.804535588507825,1.3270101205237186e-08,0.5884795594458904,12.97904738843291
ciprofloxacin,assumed_0.1pct,0.001,34,2;2;2,-4.493546066441612,1.0000457454846759e-08,0.4334975962766281,6.833219304469463
ciprofloxacin,assumed_0.1pct,0.001,35,3;3;1,-4.284108599810683,1.0000000219532004e-08,0.6120669412629607,14.385707793607565
ciprofloxacin,assumed_0.1pct,0.001,36,2;1;3,-4.525388255706523,1.000000023831783e-08,0.5441103775776698,14.151400910889825
ciprofloxacin,assumed_0.1pct,0.001,37,3;1;3,-4.284108824733373,1.0000000157995094e-08,0.6120669570266591,14.385707793610713
ciprofloxacin,assumed_0.1pct,0.001,38,2;2;3,-4.2468014256329685,1.0000006990679619e-08,0.5008131312271882,12.322395134934537
ciprofloxacin,assumed_0.1pct,0.001,39,3;3;3,-3.8360495254558673,2.6503308940077414e-08,0.640659713524138,11.245309686505108
ciprofloxacin,assumed_0.1pct,0.001,40,2;1;2,-4.770477884523323,1.0000000000748647e-08,0.4785046945961599,10.040415225569085
ciprofloxacin,assumed_0.1pct,0.001,41,3;1;1,-4.804535588507825,1.3270101205237186e-08,0.5884795594458904,12.97904738843291
ciprofloxacin,assumed_0.1pct,0.001,42,1;1;1,-5.317929118955566,1.0000661939984926e-08,0.5707851943141231,7.911911638249623
ciprofloxacin,assumed_0.1pct,0.001,43,1;1;1,-5.317929118955566,1.0000661939984926e-08,0.5707851943141231,7.911911638249623
ciprofloxacin,assumed_0.1pct,0.001,44,3;3;2,-4.0208544443686725,1.0000000000448726e-08,0.5702190952625862,13.798867477046203
ciprofloxacin,assumed_0.1pct,0.001,45,3;1;2,-4.525388255706523,1.000000023831783e-08,0.5441103775776698,14.151400910889826
ciprofloxacin,assumed_0.1pct,0.001,46,3;3;3,-3.8360495254558673,2.6503308940077414e-08,0.640659713524138,11.245309686505108
ciprofloxacin,assumed_0.1pct,0.001,47,3;2;2,-4.246798470220385,1.0000008453617223e-08,0.500813315224446,12.322395134899415
ciprofloxacin,assumed_0.1pct,0.001,48,2;1;2,-4.770477884523323,1.0000000000748647e-08,0.4785046945961599,10.040415225569085
ciprofloxacin,assumed_0.1pct,0.001,49,2;3;2,-4.246801300385488,1.0000007666272851e-08,0.500813019940162,12.322395134938747
ciprofloxacin,assumed_0.1pct,0.001,50,3;1;2,-4.525388255706523,1.000000023831783e-08,0.5441103775776698,14.151400910889826
ciprofloxacin,assumed_0.1pct,0.001,51,2;3;3,-4.020853526522834,1.0000000000142446e-08,0.5702192590999625,13.798867477055168
ciprofloxacin,assumed_0.1pct,0.001,52,2;1;1,-5.044609310097847,1.0000007504681597e-08,0.524341437137811,10.37500909068164
ciprofloxacin,assumed_0.1pct,0.001,53,2;3;3,-4.020853526522834,1.0000000000142446e-08,0.5702192590999625,13.798867477055168
ciprofloxacin,assumed_0.1pct,0.001,54,1;2;2,-4.770477884523323,1.0000000000748647e-08,0.4785046945961599,10.040415225569085
ciprofloxacin,assumed_0.1pct,0.001,55,3;3;2,-4.0208544443686725,1.0000000000448726e-08,0.5702190952625862,13.798867477046203
ciprofloxacin,assumed_0.1pct,0.001,56,1;2;2,-4.770477884523323,1.0000000000748647e-08,0.4785046945961599,10.040415225569085
ciprofloxacin,assumed_0.1pct,0.001,57,2;1;3,-4.525388255706523,1.000000023831783e-08,0.5441103775776698,14.151400910889825
ciprofloxacin,assumed_0.1pct,0.001,58,3;2;1,-4.525388255706523,1.000000023831783e-08,0.5441103775776698,14.151400910889825
ciprofloxacin,assumed_0.1pct,0.001,59,2;3;2,-4.246801300385488,1.0000007666272851e-08,0.500813019940162,12.322395134938747
ciprofloxacin,assumed_0.1pct,0.001,60,2;2;2,-4.493546066441612,1.0000457454846759e-08,0.4334975962766281,6.833219304469463
ciprofloxacin,assumed_0.1pct,0.001,61,1;2;3,-4.525388255706523,1.000000023831783e-08,0.5441103775776698,14.151400910889825
ciprofloxacin,assumed_0.1pct,0.001,62,1;1;3,-4.804537737809781,1.000094232643539e-08,0.5884790183491226,12.97904501921233
ciprofloxacin,assumed_0.1pct,0.001,63,1;2;2,-4.770477884523323,1.0000000000748647e-08,0.4785046945961599,10.040415225569085
ciprofloxacin,assumed_0.1pct,0.001,64,3;1;3,-4.284108824733373,1.0000000157995094e-08,0.6120669570266591,14.385707793610713
ciprofloxacin,assumed_0.1pct,0.001,65,3;3;2,-4.0208544443686725,1.0000000000448726e-08,0.5702190952625862,13.798867477046203
ciprofloxacin,assumed_0.1pct,0.001,66,1;1;1,-5.317929118955566,1.0000661939984926e-08,0.5707851943141231,7.911911638249623
ciprofloxacin,assumed_0.1pct,0.001,67,2;2;1,-4.770465984827408,1.0000237006140267e-08,0.4785047624546286,10.040415225970586
ciprofloxacin,assumed_0.1pct,0.001,68,3;3;1,-4.284108599810683,1.0000000219532004e-08,0.6120669412629607,14.385707793607565
ciprofloxacin,assumed_0.1pct,0.001,69,3;3;2,-4.0208544443686725,1.0000000000448726e-08,0.5702190952625862,13.798867477046203
ciprofloxacin,assumed_0.1pct,0.001,70,1;2;3,-4.525388255706523,1.000000023831783e-08,0.5441103775776698,14.151400910889825
ciprofloxacin,assumed_0.1pct,0.001,71,1;1;1,-5.317929118955566,1.0000661939984926e-08,0.5707851943141231,7.911911638249623
ciprofloxacin,assumed_0.1pct,0.001,72,2;2;2,-4.493546066441612,1.0000457454846759e-08,0.4334975962766281,6.833219304469463
ciprofloxacin,assumed_0.1pct,0.001,73,3;1;3,-4.284108824733373,1.0000000157995094e-08,0.6120669570266591,14.385707793610713
ciprofloxacin,assumed_0.1pct,0.001,74,1;1;3,-4.804537737809781,1.000094232643539e-08,0.5884790183491226,12.97904501921233
ciprofloxacin,assumed_0.1pct,0.001,75,1;3;3,-4.2841086597677815,1.000000038640098e-08,0.6120669621982238,14.385707793608091
ciprofloxacin,assumed_0.1pct,0.001,76,2;2;1,-4.770465984827408,1.0000237006140267e-08,0.4785047624546286,10.040415225970586
ciprofloxacin,assumed_0.1pct,0.001,77,3;3;2,-4.0208544443686725,1.0000000000448726e-08,0.5702190952625862,13.798867477046203
ciprofloxacin,assumed_0.1pct,0.001,78,3;1;2,-4.525388255706523,1.000000023831783e-08,0.5441103775776698,14.151400910889826
ciprofloxacin,assumed_0.1pct,0.001,79,1;3;2,-4.525388255706523,1.000000023831783e-08,0.5441103775776698,14.151400910889828
ciprofloxacin,assumed_0.1pct,0.001,80,1;3;3,-4.2841086597677815,1.000000038640098e-08,0.6120669621982238,14.385707793608091
ciprofloxacin,assumed_0.1pct,0.001,81,3;2;3,-4.0208552487731675,1.0000013376230197e-08,0.5702190869137657,13.798867477060478
ciprofloxacin,assumed_0.1pct,0.001,82,1;1;2,-5.044614402701317,1.0000000486612416e-08,0.524341069215893,10.375009090899587
ciprofloxacin,assumed_0.1pct,0.001,83,1;2;1,-5.044609750955861,1.000000000755092e-08,0.5243407428678257,10.375009090792112
ciprofloxacin,assumed_0.1pct,0.001,84,1;3;2,-4.525388255706523,1.000000023831783e-08,0.5441103775776698,14.151400910889828
ciprofloxacin,assumed_0.1pct,0.001,85,1;2;3,-4.525388255706523,1.000000023831783e-08,0.5441103775776698,14.151400910889825
ciprofloxacin,assumed_0.1pct,0.001,86,3;2;1,-4.525388255706523,1.000000023831783e-08,0.5441103775776698,14.151400910889825
ciprofloxacin,assumed_0.1pct,0.001,87,1;1;1,-5.317929118955566,1.0000661939984926e-08,0.5707851943141231,7.911911638249623
ciprofloxacin,assumed_0.1pct,0.001,88,1;3;2,-4.525388255706523,1.000000023831783e-08,0.5441103775776698,14.151400910889828
ciprofloxacin,assumed_0.1pct,0.001,89,1;1;3,-4.804537737809781,1.000094232643539e-08,0.5884790183491226,12.97904501921233
ciprofloxacin,assumed_0.1pct,0.001,90,1;1;3,-4.804537737809781,1.000094232643539e-08,0.5884790183491226,12.97904501921233
ciprofloxacin,assumed_0.1pct,0.001,91,1;1;1,-5.317929118955566,1.0000661939984926e-08,0.5707851943141231,7.911911638249623
ciprofloxacin,assumed_0.1pct,0.001,92,1;1;2,-5.044614402701317,1.0000000486612416e-08,0.524341069215893,10.375009090899587
ciprofloxacin,assumed_0.1pct,0.001,93,3;3;3,-3.8360495254558673,2.6503308940077414e-08,0.640659713524138,11.245309686505108
ciprofloxacin,assumed_0.1pct,0.001,94,3;2;3,-4.0208552487731675,1.0000013376230197e-08,0.5702190869137657,13.798867477060478
ciprofloxacin,assumed_0.1pct,0.001,95,2;2;1,-4.770465984827408,1.0000237006140267e-08,0.4785047624546286,10.040415225970586
ciprofloxacin,assumed_0.1pct,0.001,96,1;3;2,-4.525388255706523,1.000000023831783e-08,0.5441103775776698,14.151400910889828
ciprofloxacin,assumed_0.1pct,0.001,97,3;1;2,-4.525388255706523,1.000000023831783e-08,0.5441103775776698,14.151400910889826
ciprofloxacin,assumed_0.1pct,0.001,98,2;3;3,-4.020853526522834,1.0000000000142446e-08,0.5702192590999625,13.798867477055168
ciprofloxacin,assumed_0.1pct,0.001,99,1;1;1,-5.317929118955566,1.0000661939984926e-08,0.5707851943141231,7.911911638249623
ciprofloxacin,assumed_0.1pct,0.001,100,1;2;2,-4.770477884523323,1.0000000000748647e-08,0.4785046945961599,10.040415225569085
ciprofloxacin,assumed_0.1pct,0.001,101,2;2;2,-4.493546066441612,1.0000457454846759e-08,0.4334975962766281,6.833219304469463
ciprofloxacin,assumed_0.1pct,0.001,102,2;1;1,-5.044609310097847,1.0000007504681597e-08,0.524341437137811,10.37500909068164
ciprofloxacin,assumed_0.1pct,0.001,103,2;2;1,-4.770465984827408,1.0000237006140267e-08,0.4785047624546286,10.040415225970586
ciprofloxacin,assumed_0.1pct,0.001,104,3;2;2,-4.246798470220385,1.0000008453617223e-08,0.500813315224446,12.322395134899415
ciprofloxacin,assumed_0.1pct,0.001,105,2;3;2,-4.246801300385488,1.0000007666272851e-08,0.500813019940162,12.322395134938747
ciprofloxacin,assumed_0.1pct,0.001,106,3;2;1,-4.525388255706523,1.000000023831783e-08,0.5441103775776698,14.151400910889825
ciprofloxacin,assumed_0.1pct,0.001,107,3;2;2,-4.246798470220385,1.0000008453617223e-08,0.500813315224446,12.322395134899415
ciprofloxacin,assumed_0.1pct,0.001,108,2;3;2,-4.246801300385488,1.0000007666272851e-08,0.500813019940162,12.322395134938747
ciprofloxacin,assumed_0.1pct,0.001,109,3;3;2,-4.0208544443686725,1.0000000000448726e-08,0.5702190952625862,13.798867477046203
ciprofloxacin,assumed_0.1pct,0.001,110,1;1;2,-5.044614402701317,1.0000000486612416e-08,0.524341069215893,10.375009090899587
ciprofloxacin,assumed_0.1pct,0.001,111,1;1;2,-5.044614402701317,1.0000000486612416e-08,0.524341069215893,10.375009090899587
ciprofloxacin,assumed_0.1pct,0.001,112,1;1;1,-5.317929118955566,1.0000661939984926e-08,0.5707851943141231,7.911911638249623
ciprofloxacin,assumed_0.1pct,0.001,113,3;3;2,-4.0208544443686725,1.0000000000448726e-08,0.5702190952625862,13.798867477046203
ciprofloxacin,assumed_0.1pct,0.001,114,1;1;2,-5.044614402701317,1.0000000486612416e-08,0.524341069215893,10.375009090899587
ciprofloxacin,assumed_0.1pct,0.001,115,1;2;2,-4.770477884523323,1.0000000000748647e-08,0.4785046945961599,10.040415225569085
ciprofloxacin,assumed_0.1pct,0.001,116,3;1;1,-4.804535588507825,1.3270101205237186e-08,0.5884795594458904,12.97904738843291
ciprofloxacin,assumed_0.1pct,0.001,117,1;2;3,-4.525388255706523,1.000000023831783e-08,0.5441103775776698,14.151400910889825
ciprofloxacin,assumed_0.1pct,0.001,118,1;1;3,-4.804537737809781,1.000094232643539e-08,0.5884790183491226,12.97904501921233
ciprofloxacin,assumed_0.1pct,0.001,119,2;1;2,-4.770477884523323,1.0000000000748647e-08,0.4785046945961599,10.040415225569085
ciprofloxacin,assumed_0.1pct,0.001,120,1;3;3,-4.2841086597677815,1.000000038640098e-08,0.6120669621982238,14.385707793608091
ciprofloxacin,assumed_0.1pct,0.001,121,3;2;1,-4.525388255706523,1.000000023831783e-08,0.5441103775776698,14.151400910889825
ciprofloxacin,assumed_0.1pct,0.001,122,2;1;3,-4.525388255706523,1.000000023831783e-08,0.5441103775776698,14.151400910889825
ciprofloxacin,assumed_0.1pct,0.001,123,2;3;1,-4.525388255706523,1.000000023831783e-08,0.5441103775776698,14.151400910889825
ciprofloxacin,assumed_0.1pct,0.001,124,3;2;2,-4.246798470220385,1.0000008453617223e-08,0.500813315224446,12.322395134899415
ciprofloxacin,assumed_0.1pct,0.001,125,3;2;3,-4.0208552487731675,1.0000013376230197e-08,0.5702190869137657,13.798867477060478
ciprofloxacin,assumed_0.1pct,0.001,126,1;1;2,-5.044614402701317,1.0000000486612416e-08,0.524341069215893,10.375009090899587
ciprofloxacin,assumed_0.1pct,0.001,127,2;2;1,-4.770465984827408,1.0000237006140267e-08,0.4785047624546286,10.040415225970586
ciprofloxacin,assumed_0.1pct,0.001,128,3;3;3,-3.8360495254558673,2.6503308940077414e-08,0.640659713524138,11.245309686505108
ciprofloxacin,assumed_0.1pct,0.001,129,3;2;1,-4.525388255706523,1.000000023831783e-08,0.5441103775776698,14.151400910889825
ciprofloxacin,assumed_0.1pct,0.001,130,2;1;1,-5.044609310097847,1.0000007504681597e-08,0.524341437137811,10.37500909068164
ciprofloxacin,assumed_0.1pct,0.001,131,2;2;2,-4.493546066441612,1.0000457454846759e-08,0.4334975962766281,6.833219304469463
ciprofloxacin,assumed_0.1pct,0.001,132,1;3;1,-4.804534168709299,1.0000001074871752e-08,0.5884788750742467,12.979045018610098
ciprofloxacin,assumed_0.1pct,0.001,133,1;1;1,-5.317929118955566,1.0000661939984926e-08,0.5707851943141231,7.911911638249623
ciprofloxacin,assumed_0.1pct,0.001,134,1;1;2,-5.044614402701317,1.0000000486612416e-08,0.524341069215893,10.375009090899587
ciprofloxacin,assumed_0.1pct,0.001,135,3;2;1,-4.525388255706523,1.000000023831783e-08,0.5441103775776698,14.151400910889825
ciprofloxacin,assumed_0.1pct,0.001,136,2;3;2,-4.246801300385488,1.0000007666272851e-08,0.500813019940162,12.322395134938747
ciprofloxacin,assumed_0.1pct,0.001,137,3;2;2,-4.246798470220385,1.0000008453617223e-08,0.500813315224446,12.322395134899415
ciprofloxacin,assumed_0.1pct,0.001,138,2;3;1,-4.525388255706523,1.000000023831783e-08,0.5441103775776698,14.151400910889825
ciprofloxacin,assumed_0.1pct,0.001,139,3;2;3,-4.0208552487731675,1.0000013376230197e-08,0.5702190869137657,13.798867477060478
ciprofloxacin,assumed_0.1pct,0.001,140,1;1;2,-5.044614402701317,1.0000000486612416e-08,0.524341069215893,10.375009090899587
ciprofloxacin,assumed_0.1pct,0.001,141,2;1;2,-4.770477884523323,1.0000000000748647e-08,0.4785046945961599,10.040415225569085
ciprofloxacin,assumed_0.1pct,0.001,142,1;2;3,-4.525388255706523,1.000000023831783e-08,0.5441103775776698,14.151400910889825
ciprofloxacin,assumed_0.1pct,0.001,143,1;3;2,-4.525388255706523,1.000000023831783e-08,0.5441103775776698,14.151400910889828
ciprofloxacin,assumed_0.1pct,0.001,144,3;3;3,-3.8360495254558673,2.6503308940077414e-08,0.640659713524138,11.245309686505108
ciprofloxacin,assumed_0.1pct,0.001,145,1;1;1,-5.317929118955566,1.0000661939984926e-08,0.5707851943141231,7.911911638249623
ciprofloxacin,assumed_0.1pct,0.001,146,1;1;3,-4.804537737809781,1.000094232643539e-08,0.5884790183491226,12.97904501921233
ciprofloxacin,assumed_0.1pct,0.001,147,1;1;1,-5.317929118955566,1.0000661939984926e-08,0.5707851943141231,7.911911638249623
ciprofloxacin,assumed_0.1pct,0.001,148,1;1;2,-5.044614402701317,1.0000000486612416e-08,0.524341069215893,10.375009090899587
ciprofloxacin,assumed_0.1pct,0.001,149,1;1;3,-4.804537737809781,1.000094232643539e-08,0.5884790183491226,12.97904501921233
ciprofloxacin,assumed_0.1pct,0.001,150,1;3;2,-4.525388255706523,1.000000023831783e-08,0.5441103775776698,14.151400910889828
ciprofloxacin,assumed_0.1pct,0.001,151,3;1;2,-4.525388255706523,1.000000023831783e-08,0.5441103775776698,14.151400910889826
ciprofloxacin,assumed_0.1pct,0.001,152,2;3;2,-4.246801300385488,1.0000007666272851e-08,0.500813019940162,12.322395134938747
ciprofloxacin,assumed_0.1pct,0.001,153,2;2;2,-4.493546066441612,1.0000457454846759e-08,0.4334975962766281,6.833219304469463
ciprofloxacin,assumed_0.1pct,0.001,154,1;1;1,-5.317929118955566,1.0000661939984926e-08,0.5707851943141231,7.911911638249623
ciprofloxacin,assumed_0.1pct,0.001,155,2;3;3,-4.020853526522834,1.0000000000142446e-08,0.5702192590999625,13.798867477055168
ciprofloxacin,assumed_0.1pct,0.001,156,2;2;2,-4.493546066441612,1.0000457454846759e-08,0.4334975962766281,6.833219304469463
ciprofloxacin,assumed_0.1pct,0.001,157,2;2;2,-4.493546066441612,1.0000457454846759e-08,0.4334975962766281,6.833219304469463
ciprofloxacin,assumed_0.1pct,0.001,158,2;3;1,-4.525388255706523,1.000000023831783e-08,0.5441103775776698,14.151400910889825
ciprofloxacin,assumed_0.1pct,0.001,159,1;1;2,-5.044614402701317,1.0000000486612416e-08,0.524341069215893,10.375009090899587
ciprofloxacin,assumed_0.1pct,0.001,160,2;2;1,-4.770465984827408,1.0000237006140267e-08,0.4785047624546286,10.040415225970586
ciprofloxacin,assumed_0.1pct,0.001,161,3;3;3,-3.8360495254558673,2.6503308940077414e-08,0.640659713524138,11.245309686505108
ciprofloxacin,assumed_0.1pct,0.001,162,3;1;2,-4.525388255706523,1.000000023831783e-08,0.5441103775776698,14.151400910889826
ciprofloxacin,assumed_0.1pct,0.001,163,2;3;2,-4.246801300385488,1.0000007666272851e-08,0.500813019940162,12.322395134938747
ciprofloxacin,assumed_0.1pct,0.001,164,1;2;3,-4.525388255706523,1.000000023831783e-08,0.5441103775776698,14.151400910889825
ciprofloxacin,assumed_0.1pct,0.001,165,3;2;1,-4.525388255706523,1.000000023831783e-08,0.5441103775776698,14.151400910889825
ciprofloxacin,assumed_0.1pct,0.001,166,1;2;2,-4.770477884523323,1.0000000000748647e-08,0.4785046945961599,10.040415225569085
ciprofloxacin,assumed_0.1pct,0.001,167,2;2;3,-4.2468014256329685,1.0000006990679619e-08,0.5008131312271882,12.322395134934537
ciprofloxacin,assumed_0.1pct,0.001,168,1;1;2,-5.044614402701317,1.0000000486612416e-08,0.524341069215893,10.375009090899587
ciprofloxacin,assumed_0.1pct,0.001,169,2;1;1,-5.044609310097847,1.0000007504681597e-08,0.524341437137811,10.37500909068164
ciprofloxacin,assumed_0.1pct,0.001,170,3;1;2,-4.525388255706523,1.000000023831783e-08,0.5441103775776698,14.151400910889826
ciprofloxacin,assumed_0.1pct,0.001,171,1;3;2,-4.525388255706523,1.000000023831783e-08,0.5441103775776698,14.151400910889828
ciprofloxacin,assumed_0.1pct,0.001,172,1;3;3,-4.2841086597677815,1.000000038640098e-08,0.6120669621982238,14.385707793608091
ciprofloxacin,assumed_0.1pct,0.001,173,2;3;2,-4.246801300385488,1.0000007666272851e-08,0.500813019940162,12.322395134938747
ciprofloxacin,assumed_0.1pct,0.001,174,3;1;3,-4.284108824733373,1.0000000157995094e-08,0.6120669570266591,14.385707793610713
ciprofloxacin,assumed_0.1pct,0.001,175,3;3;1,-4.284108599810683,1.0000000219532004e-08,0.6120669412629607,14.385707793607565
ciprofloxacin,assumed_0.1pct,0.001,176,1;1;3,-4.804537737809781,1.000094232643539e-08,0.5884790183491226,12.97904501921233
ciprofloxacin,assumed_0.1pct,0.001,177,1;3;3,-4.2841086597677815,1.000000038640098e-08,0.6120669621982238,14.385707793608091
ciprofloxacin,assumed_0.1pct,0.001,178,3;3;2,-4.0208544443686725,1.0000000000448726e-08,0.5702190952625862,13.798867477046203
ciprofloxacin,assumed_0.1pct,0.001,179,3;1;1,-4.804535588507825,1.3270101205237186e-08,0.5884795594458904,12.97904738843291
ciprofloxacin,assumed_0.1pct,0.001,180,3;3;3,-3.8360495254558673,2.6503308940077414e-08,0.640659713524138,11.245309686505108
ciprofloxacin,assumed_0.1pct,0.001,181,2;2;3,-4.2468014256329685,1.0000006990679619e-08,0.5008131312271882,12.322395134934537
ciprofloxacin,assumed_0.1pct,0.001,182,3;3;1,-4.284108599810683,1.0000000219532004e-08,0.6120669412629607,14.385707793607565
ciprofloxacin,assumed_0.1pct,0.001,183,1;2;3,-4.525388255706523,1.000000023831783e-08,0.5441103775776698,14.151400910889825
ciprofloxacin,assumed_0.1pct,0.001,184,3;3;3,-3.8360495254558673,2.6503308940077414e-08,0.640659713524138,11.245309686505108
ciprofloxacin,assumed_0.1pct,0.001,185,2;1;2,-4.770477884523323,1.0000000000748647e-08,0.4785046945961599,10.040415225569085
ciprofloxacin,assumed_0.1pct,0.001,186,3;1;1,-4.804535588507825,1.3270101205237186e-08,0.5884795594458904,12.97904738843291
ciprofloxacin,assumed_0.1pct,0.001,187,1;3;2,-4.525388255706523,1.000000023831783e-08,0.5441103775776698,14.151400910889828
ciprofloxacin,assumed_0.1pct,0.001,188,2;2;2,-4.493546066441612,1.0000457454846759e-08,0.4334975962766281,6.833219304469463
ciprofloxacin,assumed_0.1pct,0.001,189,3;1;3,-4.284108824733373,1.0000000157995094e-08,0.6120669570266591,14.385707793610713
ciprofloxacin,assumed_0.1pct,0.001,190,1;3;1,-4.804534168709299,1.0000001074871752e-08,0.5884788750742467,12.979045018610098
ciprofloxacin,assumed_0.1pct,0.001,191,2;3;3,-4.020853526522834,1.0000000000142446e-08,0.5702192590999625,13.798867477055168
ciprofloxacin,assumed_0.1pct,0.001,192,3;2;1,-4.525388255706523,1.000000023831783e-08,0.5441103775776698,14.151400910889825
ciprofloxacin,assumed_0.1pct,0.001,193,3;3;1,-4.284108599810683,1.0000000219532004e-08,0.6120669412629607,14.385707793607565
ciprofloxacin,assumed_0.1pct,0.001,194,2;1;2,-4.770477884523323,1.0000000000748647e-08,0.4785046945961599,10.040415225569085
ciprofloxacin,assumed_0.1pct,0.001,195,1;2;3,-4.525388255706523,1.000000023831783e-08,0.5441103775776698,14.151400910889825
ciprofloxacin,assumed_0.1pct,0.001,196,3;3;3,-3.8360495254558673,2.6503308940077414e-08,0.640659713524138,11.245309686505108
ciprofloxacin,assumed_0.1pct,0.001,197,3;2;1,-4.525388255706523,1.000000023831783e-08,0.5441103775776698,14.151400910889825
ciprofloxacin,assumed_0.1pct,0.001,198,3;1;2,-4.525388255706523,1.000000023831783e-08,0.5441103775776698,14.151400910889826
ciprofloxacin,assumed_0.1pct,0.001,199,2;3;1,-4.525388255706523,1.000000023831783e-08,0.5441103775776698,14.151400910889825
ciprofloxacin,assumed_0.1pct,0.001,200,3;3;1,-4.284108599810683,1.0000000219532004e-08,0.6120669412629607,14.385707793607565
ciprofloxacin,classification_anchor,0.00016165371753033532,1,3;1;1,-4.5958344637610855,0.0013806530870528401,0.446349706172248,11.950068867389497
ciprofloxacin,classification_anchor,0.00016165371753033532,2,2;2;2,-4.337424956864848,0.001722174794052234,0.32786893839842457,6.2953916266843954
ciprofloxacin,classification_anchor,0.00016165371753033532,3,2;2;3,-4.079724940174913,0.0014335097698936587,0.3827717125001419,11.791949303278615
ciprofloxacin,classification_anchor,0.00016165371753033532,4,3;2;3,-3.8521847810275753,0.0010465129063462009,0.4218601683255074,13.084715742994891
ciprofloxacin,classification_anchor,0.00016165371753033532,5,3;1;3,-4.100039065289656,0.001181301237854549,0.4707828514907501,13.65059998865337
ciprofloxacin,classification_anchor,0.00016165371753033532,6,1;2;2,-4.586802880828285,0.0015619822503120393,0.34960224855977373,9.13297991275948
ciprofloxacin,classification_anchor,0.00016165371753033532,7,3;2;3,-3.8521847810275753,0.0010465129063462009,0.4218601683255074,13.084715742994891
ciprofloxacin,classification_anchor,0.00016165371753033532,8,3;1;3,-4.100039065289656,0.001181301237854549,0.4707828514907501,13.65059998865337
ciprofloxacin,classification_anchor,0.00016165371753033532,9,3;2;1,-4.342954815596705,0.0014714572883707006,0.4199549062517607,13.462223866032161
ciprofloxacin,classification_anchor,0.00016165371753033532,10,2;1;2,-4.586764777656449,0.0015618484980134543,0.3495934987808697,9.132979923745701
ciprofloxacin,classification_anchor,0.00016165371753033532,11,1;3;2,-4.342954815596705,0.0014714572883707006,0.4199549062517607,13.462223866032163
ciprofloxacin,classification_anchor,0.00016165371753033532,12,3;3;2,-3.8521739523105945,0.0010464090097968063,0.4218484488472886,13.084715739038144
ciprofloxacin,classification_anchor,0.00016165371753033532,13,1;1;1,-5.050791873825602,0.0010597677459321918,0.37579350091024194,5.4999029475377865
ciprofloxacin,classification_anchor,0.00016165371753033532,14,2;2;1,-4.586777646931114,0.0015618881694686524,0.34959663967710697,9.132979918163914
ciprofloxacin,classification_anchor,0.00016165371753033532,15,1;2;2,-4.586802880828285,0.0015619822503120393,0.34960224855977373,9.13297991275948
ciprofloxacin,classification_anchor,0.00016165371753033532,16,2;2;1,-4.586777646931114,0.0015618881694686524,0.34959663967710697,9.132979918163914
ciprofloxacin,classification_anchor,0.00016165371753033532,17,3;3;1,-4.100068465888834,0.0011813991964821368,0.47079174593209533,13.650599989733536
ciprofloxacin,classification_anchor,0.00016165371753033532,18,2;2;1,-4.586777646931114,0.0015618881694686524,0.34959663967710697,9.132979918163914
ciprofloxacin,classification_anchor,0.00016165371753033532,19,3;3;1,-4.100068465888834,0.0011813991964821368,0.47079174593209533,13.650599989733536
ciprofloxacin,classification_anchor,0.00016165371753033532,20,1;2;1,-4.823281689341097,0.001325160010904965,0.36472899455021507,8.857606412916073
ciprofloxacin,classification_anchor,0.00016165371753033532,21,1;3;2,-4.342954815596705,0.0014714572883707006,0.4199549062517607,13.462223866032163
ciprofloxacin,classification_anchor,0.00016165371753033532,22,1;3;2,-4.342954815596705,0.0014714572883707006,0.4199549062517607,13.462223866032163
ciprofloxacin,classification_anchor,0.00016165371753033532,23,2;2;1,-4.586777646931114,0.0015618881694686524,0.34959663967710697,9.132979918163914
ciprofloxacin,classification_anchor,0.00016165371753033532,24,3;2;3,-3.8521847810275753,0.0010465129063462009,0.4218601683255074,13.084715742994891
ciprofloxacin,classification_anchor,0.00016165371753033532,25,1;1;1,-5.050791873825602,0.0010597677459321918,0.37579350091024194,5.4999029475377865
ciprofloxacin,classification_anchor,0.00016165371753033532,26,3;1;2,-4.342954815596705,0.0014714572883707006,0.4199549062517607,13.462223866032163
ciprofloxacin,classification_anchor,0.00016165371753033532,27,3;3;1,-4.100068465888834,0.0011813991964821368,0.47079174593209533,13.650599989733536
ciprofloxacin,classification_anchor,0.00016165371753033532,28,2;3;3,-3.852183612143603,0.0010464760534665064,0.4218557199946007,13.084715740276604
ciprofloxacin,classification_anchor,0.00016165371753033532,29,3;1;3,-4.100039065289656,0.001181301237854549,0.4707828514907501,13.65059998865337
ciprofloxacin,classification_anchor,0.00016165371753033532,30,3;1;1,-4.5958344637610855,0.0013806530870528401,0.446349706172248,11.950068867389497
ciprofloxacin,classification_anchor,0.00016165371753033532,31,2;2;3,-4.079724940174913,0.0014335097698936587,0.3827717125001419,11.791949303278615
ciprofloxacin,classification_anchor,0.00016165371753033532,32,3;2;3,-3.8521847810275753,0.0010465129063462009,0.4218601683255074,13.084715742994891
ciprofloxacin,classification_anchor,0.00016165371753033532,33,3;1;2,-4.342954815596705,0.0014714572883707006,0.4199549062517607,13.462223866032163
ciprofloxacin,classification_anchor,0.00016165371753033532,34,3;2;3,-3.8521847810275753,0.0010465129063462009,0.4218601683255074,13.084715742994891
ciprofloxacin,classification_anchor,0.00016165371753033532,35,2;2;2,-4.337424956864848,0.001722174794052234,0.32786893839842457,6.2953916266843954
ciprofloxacin,classification_anchor,0.00016165371753033532,36,3;1;1,-4.5958344637610855,0.0013806530870528401,0.446349706172248,11.950068867389497
ciprofloxacin,classification_anchor,0.00016165371753033532,37,3;3;2,-3.8521739523105945,0.0010464090097968063,0.4218484488472886,13.084715739038144
ciprofloxacin,classification_anchor,0.00016165371753033532,38,3;3;2,-3.8521739523105945,0.0010464090097968063,0.4218484488472886,13.084715739038144
ciprofloxacin,classification_anchor,0.00016165371753033532,39,2;3;3,-3.852183612143603,0.0010464760534665064,0.4218557199946007,13.084715740276604
ciprofloxacin,classification_anchor,0.00016165371753033532,40,2;2;2,-4.337424956864848,0.001722174794052234,0.32786893839842457,6.2953916266843954
ciprofloxacin,classification_anchor,0.00016165371753033532,41,1;1;1,-5.050791873825602,0.0010597677459321918,0.37579350091024194,5.4999029475377865
ciprofloxacin,classification_anchor,0.00016165371753033532,42,1;3;1,-4.595838671600961,0.0013806841536809632,0.4463527130683031,11.950068865558423
ciprofloxacin,classification_anchor,0.00016165371753033532,43,2;1;2,-4.586764777656449,0.0015618484980134543,0.3495934987808697,9.132979923745701
ciprofloxacin,classification_anchor,0.00016165371753033532,44,1;1;1,-5.050791873825602,0.0010597677459321918,0.37579350091024194,5.4999029475377865
ciprofloxacin,classification_anchor,0.00016165371753033532,45,2;3;2,-4.0796953057212555,0.0014333798727534407,0.382762229343364,11.791949301724102
ciprofloxacin,classification_anchor,0.00016165371753033532,46,2;2;2,-4.337424956864848,0.001722174794052234,0.32786893839842457,6.2953916266843954
ciprofloxacin,classification_anchor,0.00016165371753033532,47,1;3;3,-4.100071792373197,0.0011814524810359126,0.4707979555412411,13.650599990212802
ciprofloxacin,classification_anchor,0.00016165371753033532,48,3;1;3,-4.100039065289656,0.001181301237854549,0.4707828514907501,13.65059998865337
ciprofloxacin,classification_anchor,0.00016165371753033532,49,2;2;2,-4.337424956864848,0.001722174794052234,0.32786893839842457,6.2953916266843954
ciprofloxacin,classification_anchor,0.00016165371753033532,50,3;2;1,-4.342954815596705,0.0014714572883707006,0.4199549062517607,13.462223866032161
ciprofloxacin,classification_anchor,0.00016165371753033532,51,1;3;2,-4.342954815596705,0.0014714572883707006,0.4199549062517607,13.462223866032163
ciprofloxacin,classification_anchor,0.00016165371753033532,52,1;1;1,-5.050791873825602,0.0010597677459321918,0.37579350091024194,5.4999029475377865
ciprofloxacin,classification_anchor,0.00016165371753033532,53,3;2;1,-4.342954815596705,0.0014714572883707006,0.4199549062517607,13.462223866032161
ciprofloxacin,classification_anchor,0.00016165371753033532,54,2;3;3,-3.852183612143603,0.0010464760534665064,0.4218557199946007,13.084715740276604
ciprofloxacin,classification_anchor,0.00016165371753033532,55,3;1;2,-4.342954815596705,0.0014714572883707006,0.4199549062517607,13.462223866032163
ciprofloxacin,classification_anchor,0.00016165371753033532,56,3;1;2,-4.342954815596705,0.0014714572883707006,0.4199549062517607,13.462223866032163
ciprofloxacin,classification_anchor,0.00016165371753033532,57,1;3;2,-4.342954815596705,0.0014714572883707006,0.4199549062517607,13.462223866032163
ciprofloxacin,classification_anchor,0.00016165371753033532,58,3;2;1,-4.342954815596705,0.0014714572883707006,0.4199549062517607,13.462223866032161
ciprofloxacin,classification_anchor,0.00016165371753033532,59,3;1;2,-4.342954815596705,0.0014714572883707006,0.4199549062517607,13.462223866032163
ciprofloxacin,classification_anchor,0.00016165371753033532,60,2;1;3,-4.342954815596705,0.0014714572883707006,0.4199549062517607,13.462223866032165
ciprofloxacin,classification_anchor,0.00016165371753033532,61,1;2;3,-4.342954815596705,0.0014714572883707006,0.4199549062517607,13.462223866032165
ciprofloxacin,classification_anchor,0.00016165371753033532,62,1;3;3,-4.100071792373197,0.0011814524810359126,0.4707979555412411,13.650599990212802
ciprofloxacin,classification_anchor,0.00016165371753033532,63,2;1;3,-4.342954815596705,0.0014714572883707006,0.4199549062517607,13.462223866032165
ciprofloxacin,classification_anchor,0.00016165371753033532,64,1;3;2,-4.342954815596705,0.0014714572883707006,0.4199549062517607,13.462223866032163
ciprofloxacin,classification_anchor,0.00016165371753033532,65,1;2;2,-4.586802880828285,0.0015619822503120393,0.34960224855977373,9.13297991275948
ciprofloxacin,classification_anchor,0.00016165371753033532,66,3;3;3,-3.681234317842408,0.0007474058565603699,0.4605018554554701,10.284114593157046
ciprofloxacin,classification_anchor,0.00016165371753033532,67,2;2;2,-4.337424956864848,0.001722174794052234,0.32786893839842457,6.2953916266843954
ciprofloxacin,classification_anchor,0.00016165371753033532,68,2;1;2,-4.586764777656449,0.0015618484980134543,0.3495934987808697,9.132979923745701
ciprofloxacin,classification_anchor,0.00016165371753033532,69,3;3;2,-3.8521739523105945,0.0010464090097968063,0.4218484488472886,13.084715739038144
ciprofloxacin,classification_anchor,0.00016165371753033532,70,3;2;1,-4.342954815596705,0.0014714572883707006,0.4199549062517607,13.462223866032161
ciprofloxacin,classification_anchor,0.00016165371753033532,71,3;1;1,-4.5958344637610855,0.0013806530870528401,0.446349706172248,11.950068867389497
ciprofloxacin,classification_anchor,0.00016165371753033532,72,3;3;1,-4.100068465888834,0.0011813991964821368,0.47079174593209533,13.650599989733536
ciprofloxacin,classification_anchor,0.00016165371753033532,73,3;3;1,-4.100068465888834,0.0011813991964821368,0.47079174593209533,13.650599989733536
ciprofloxacin,classification_anchor,0.00016165371753033532,74,3;3;2,-3.8521739523105945,0.0010464090097968063,0.4218484488472886,13.084715739038144
ciprofloxacin,classification_anchor,0.00016165371753033532,75,2;3;3,-3.852183612143603,0.0010464760534665064,0.4218557199946007,13.084715740276604
ciprofloxacin,classification_anchor,0.00016165371753033532,76,2;3;1,-4.342954815596705,0.0014714572883707006,0.4199549062517607,13.462223866032163
ciprofloxacin,classification_anchor,0.00016165371753033532,77,2;3;1,-4.342954815596705,0.0014714572883707006,0.4199549062517607,13.462223866032163
ciprofloxacin,classification_anchor,0.00016165371753033532,78,2;1;1,-4.823283143327629,0.001325284067077312,0.3647437650444951,8.857606407180116
ciprofloxacin,classification_anchor,0.00016165371753033532,79,3;3;1,-4.100068465888834,0.0011813991964821368,0.47079174593209533,13.650599989733536
ciprofloxacin,classification_anchor,0.00016165371753033532,80,3;2;3,-3.8521847810275753,0.0010465129063462009,0.4218601683255074,13.084715742994891
ciprofloxacin,classification_anchor,0.00016165371753033532,81,2;3;1,-4.342954815596705,0.0014714572883707006,0.4199549062517607,13.462223866032163
ciprofloxacin,classification_anchor,0.00016165371753033532,82,3;1;3,-4.100039065289656,0.001181301237854549,0.4707828514907501,13.65059998865337
ciprofloxacin,classification_anchor,0.00016165371753033532,83,2;1;1,-4.823283143327629,0.001325284067077312,0.3647437650444951,8.857606407180116
ciprofloxacin,classification_anchor,0.00016165371753033532,84,2;3;1,-4.342954815596705,0.0014714572883707006,0.4199549062517607,13.462223866032163
ciprofloxacin,classification_anchor,0.00016165371753033532,85,1;2;2,-4.586802880828285,0.0015619822503120393,0.34960224855977373,9.13297991275948
ciprofloxacin,classification_anchor,0.00016165371753033532,86,2;1;2,-4.586764777656449,0.0015618484980134543,0.3495934987808697,9.132979923745701
ciprofloxacin,classification_anchor,0.00016165371753033532,87,1;3;2,-4.342954815596705,0.0014714572883707006,0.4199549062517607,13.462223866032163
ciprofloxacin,classification_anchor,0.00016165371753033532,88,2;2;3,-4.079724940174913,0.0014335097698936587,0.3827717125001419,11.791949303278615
ciprofloxacin,classification_anchor,0.00016165371753033532,89,3;3;3,-3.681234317842408,0.0007474058565603699,0.4605018554554701,10.284114593157046
ciprofloxacin,classification_anchor,0.00016165371753033532,90,2;3;1,-4.342954815596705,0.0014714572883707006,0.4199549062517607,13.462223866032163
ciprofloxacin,classification_anchor,0.00016165371753033532,91,1;2;3,-4.342954815596705,0.0014714572883707006,0.4199549062517607,13.462223866032165
ciprofloxacin,classification_anchor,0.00016165371753033532,92,2;1;1,-4.823283143327629,0.001325284067077312,0.3647437650444951,8.857606407180116
ciprofloxacin,classification_anchor,0.00016165371753033532,93,2;3;1,-4.342954815596705,0.0014714572883707006,0.4199549062517607,13.462223866032163
ciprofloxacin,classification_anchor,0.00016165371753033532,94,3;3;1,-4.100068465888834,0.0011813991964821368,0.47079174593209533,13.650599989733536
ciprofloxacin,classification_anchor,0.00016165371753033532,95,3;1;2,-4.342954815596705,0.0014714572883707006,0.4199549062517607,13.462223866032163
ciprofloxacin,classification_anchor,0.00016165371753033532,96,3;2;1,-4.342954815596705,0.0014714572883707006,0.4199549062517607,13.462223866032161
ciprofloxacin,classification_anchor,0.00016165371753033532,97,1;3;3,-4.100071792373197,0.0011814524810359126,0.4707979555412411,13.650599990212802
ciprofloxacin,classification_anchor,0.00016165371753033532,98,1;2;3,-4.342954815596705,0.0014714572883707006,0.4199549062517607,13.462223866032165
ciprofloxacin,classification_anchor,0.00016165371753033532,99,2;2;2,-4.337424956864848,0.001722174794052234,0.32786893839842457,6.2953916266843954
ciprofloxacin,classification_anchor,0.00016165371753033532,100,1;3;1,-4.595838671600961,0.0013806841536809632,0.4463527130683031,11.950068865558423
ciprofloxacin,classification_anchor,0.00016165371753033532,101,2;3;1,-4.342954815596705,0.0014714572883707006,0.4199549062517607,13.462223866032163
ciprofloxacin,classification_anchor,0.00016165371753033532,102,1;1;1,-5.050791873825602,0.0010597677459321918,0.37579350091024194,5.4999029475377865
ciprofloxacin,classification_anchor,0.00016165371753033532,103,2;1;3,-4.342954815596705,0.0014714572883707006,0.4199549062517607,13.462223866032165
ciprofloxacin,classification_anchor,0.00016165371753033532,104,2;1;1,-4.823283143327629,0.001325284067077312,0.3647437650444951,8.857606407180116
ciprofloxacin,classification_anchor,0.00016165371753033532,105,3;2;2,-4.079717318409149,0.0014335484847087941,0.38277979490126485,11.791949305878525
ciprofloxacin,classification_anchor,0.00016165371753033532,106,2;2;2,-4.337424956864848,0.001722174794052234,0.32786893839842457,6.2953916266843954
ciprofloxacin,classification_anchor,0.00016165371753033532,107,2;1;1,-4.823283143327629,0.001325284067077312,0.3647437650444951,8.857606407180116
ciprofloxacin,classification_anchor,0.00016165371753033532,108,3;3;3,-3.681234317842408,0.0007474058565603699,0.4605018554554701,10.284114593157046
ciprofloxacin,classification_anchor,0.00016165371753033532,109,3;3;1,-4.100068465888834,0.0011813991964821368,0.47079174593209533,13.650599989733536
ciprofloxacin,classification_anchor,0.00016165371753033532,110,1;3;1,-4.595838671600961,0.0013806841536809632,0.4463527130683031,11.950068865558423
ciprofloxacin,classification_anchor,0.00016165371753033532,111,3;1;3,-4.100039065289656,0.001181301237854549,0.4707828514907501,13.65059998865337
ciprofloxacin,classification_anchor,0.00016165371753033532,112,1;3;1,-4.595838671600961,0.0013806841536809632,0.4463527130683031,11.950068865558423
ciprofloxacin,classification_anchor,0.00016165371753033532,113,3;1;3,-4.100039065289656,0.001181301237854549,0.4707828514907501,13.65059998865337
ciprofloxacin,classification_anchor,0.00016165371753033532,114,3;2;3,-3.8521847810275753,0.0010465129063462009,0.4218601683255074,13.084715742994891
ciprofloxacin,classification_anchor,0.00016165371753033532,115,3;1;2,-4.342954815596705,0.0014714572883707006,0.4199549062517607,13.462223866032163
ciprofloxacin,classification_anchor,0.00016165371753033532,116,2;1;1,-4.823283143327629,0.001325284067077312,0.3647437650444951,8.857606407180116
ciprofloxacin,classification_anchor,0.00016165371753033532,117,3;3;1,-4.100068465888834,0.0011813991964821368,0.47079174593209533,13.650599989733536
ciprofloxacin,classification_anchor,0.00016165371753033532,118,2;1;1,-4.823283143327629,0.001325284067077312,0.3647437650444951,8.857606407180116
ciprofloxacin,classification_anchor,0.00016165371753033532,119,3;3;2,-3.8521739523105945,0.0010464090097968063,0.4218484488472886,13.084715739038144
ciprofloxacin,classification_anchor,0.00016165371753033532,120,3;2;2,-4.079717318409149,0.0014335484847087941,0.38277979490126485,11.791949305878525
ciprofloxacin,classification_anchor,0.00016165371753033532,121,1;3;2,-4.342954815596705,0.0014714572883707006,0.4199549062517607,13.462223866032163
ciprofloxacin,classification_anchor,0.00016165371753033532,122,2;3;1,-4.342954815596705,0.0014714572883707006,0.4199549062517607,13.462223866032163
ciprofloxacin,classification_anchor,0.00016165371753033532,123,2;3;2,-4.0796953057212555,0.0014333798727534407,0.382762229343364,11.791949301724102
ciprofloxacin,classification_anchor,0.00016165371753033532,124,1;1;3,-4.595836944508299,0.001380611681020121,0.44634453075627806,11.950068869562683
ciprofloxacin,classification_anchor,0.00016165371753033532,125,2;2;1,-4.586777646931114,0.0015618881694686524,0.34959663967710697,9.132979918163914
ciprofloxacin,classification_anchor,0.00016165371753033532,126,1;1;3,-4.595836944508299,0.001380611681020121,0.44634453075627806,11.950068869562683
ciprofloxacin,classification_anchor,0.00016165371753033532,127,1;2;3,-4.342954815596705,0.0014714572883707006,0.4199549062517607,13.462223866032165
ciprofloxacin,classification_anchor,0.00016165371753033532,128,1;1;1,-5.050791873825602,0.0010597677459321918,0.37579350091024194,5.4999029475377865
ciprofloxacin,classification_anchor,0.00016165371753033532,129,1;3;1,-4.595838671600961,0.0013806841536809632,0.4463527130683031,11.950068865558423
ciprofloxacin,classification_anchor,0.00016165371753033532,130,3;1;1,-4.5958344637610855,0.0013806530870528401,0.446349706172248,11.950068867389497
ciprofloxacin,classification_anchor,0.00016165371753033532,131,3;1;1,-4.5958344637610855,0.0013806530870528401,0.446349706172248,11.950068867389497
ciprofloxacin,classification_anchor,0.00016165371753033532,132,3;1;1,-4.5958344637610855,0.0013806530870528401,0.446349706172248,11.950068867389497
ciprofloxacin,classification_anchor,0.00016165371753033532,133,3;1;3,-4.100039065289656,0.001181301237854549,0.4707828514907501,13.65059998865337
ciprofloxacin,classification_anchor,0.00016165371753033532,134,1;2;2,-4.586802880828285,0.0015619822503120393,0.34960224855977373,9.13297991275948
ciprofloxacin,classification_anchor,0.00016165371753033532,135,1;1;1,-5.050791873825602,0.0010597677459321918,0.37579350091024194,5.4999029475377865
ciprofloxacin,classification_anchor,0.00016165371753033532,136,1;2;3,-4.342954815596705,0.0014714572883707006,0.4199549062517607,13.462223866032165
ciprofloxacin,classification_anchor,0.00016165371753033532,137,2;2;2,-4.337424956864848,0.001722174794052234,0.32786893839842457,6.2953916266843954
ciprofloxacin,classification_anchor,0.00016165371753033532,138,1;1;3,-4.595836944508299,0.001380611681020121,0.44634453075627806,11.950068869562683
ciprofloxacin,classification_anchor,0.00016165371753033532,139,2;1;1,-4.823283143327629,0.001325284067077312,0.3647437650444951,8.857606407180116
ciprofloxacin,classification_anchor,0.00016165371753033532,140,3;3;1,-4.100068465888834,0.0011813991964821368,0.47079174593209533,13.650599989733536
ciprofloxacin,classification_anchor,0.00016165371753033532,141,2;3;3,-3.852183612143603,0.0010464760534665064,0.4218557199946007,13.084715740276604
ciprofloxacin,classification_anchor,0.00016165371753033532,142,1;1;2,-4.823278412083578,0.0013252342040112827,0.3647379247881707,8.857606406323505
ciprofloxacin,classification_anchor,0.00016165371753033532,143,1;1;1,-5.050791873825602,0.0010597677459321918,0.37579350091024194,5.4999029475377865
ciprofloxacin,classification_anchor,0.00016165371753033532,144,2;1;3,-4.342954815596705,0.0014714572883707006,0.4199549062517607,13.462223866032165
ciprofloxacin,classification_anchor,0.00016165371753033532,145,1;1;1,-5.050791873825602,0.0010597677459321918,0.37579350091024194,5.4999029475377865
ciprofloxacin,classification_anchor,0.00016165371753033532,146,2;2;3,-4.079724940174913,0.0014335097698936587,0.3827717125001419,11.791949303278615
ciprofloxacin,classification_anchor,0.00016165371753033532,147,2;1;3,-4.342954815596705,0.0014714572883707006,0.4199549062517607,13.462223866032165
ciprofloxacin,classification_anchor,0.00016165371753033532,148,1;2;1,-4.823281689341097,0.001325160010904965,0.36472899455021507,8.857606412916073
ciprofloxacin,classification_anchor,0.00016165371753033532,149,3;3;3,-3.681234317842408,0.0007474058565603699,0.4605018554554701,10.284114593157046
ciprofloxacin,classification_anchor,0.00016165371753033532,150,3;3;1,-4.100068465888834,0.0011813991964821368,0.47079174593209533,13.650599989733536
ciprofloxacin,classification_anchor,0.00016165371753033532,151,2;1;3,-4.342954815596705,0.0014714572883707006,0.4199549062517607,13.462223866032165
ciprofloxacin,classification_anchor,0.00016165371753033532,152,1;2;3,-4.342954815596705,0.0014714572883707006,0.4199549062517607,13.462223866032165
ciprofloxacin,classification_anchor,0.00016165371753033532,153,1;1;3,-4.595836944508299,0.001380611681020121,0.44634453075627806,11.950068869562683
ciprofloxacin,classification_anchor,0.00016165371753033532,154,3;3;3,-3.681234317842408,0.0007474058565603699,0.4605018554554701,10.284114593157046
ciprofloxacin,classification_anchor,0.00016165371753033532,155,2;3;3,-3.852183612143603,0.0010464760534665064,0.4218557199946007,13.084715740276604
ciprofloxacin,classification_anchor,0.00016165371753033532,156,1;3;1,-4.595838671600961,0.0013806841536809632,0.4463527130683031,11.950068865558423
ciprofloxacin,classification_anchor,0.00016165371753033532,157,1;1;1,-5.050791873825602,0.0010597677459321918,0.37579350091024194,5.4999029475377865
ciprofloxacin,classification_anchor,0.00016165371753033532,158,3;1;2,-4.342954815596705,0.0014714572883707006,0.4199549062517607,13.462223866032163
ciprofloxacin,classification_anchor,0.00016165371753033532,159,3;3;1,-4.100068465888834,0.0011813991964821368,0.47079174593209533,13.650599989733536
ciprofloxacin,classification_anchor,0.00016165371753033532,160,1;1;3,-4.595836944508299,0.001380611681020121,0.44634453075627806,11.950068869562683
ciprofloxacin,classification_anchor,0.00016165371753033532,161,2;2;2,-4.337424956864848,0.001722174794052234,0.32786893839842457,6.2953916266843954
ciprofloxacin,classification_anchor,0.00016165371753033532,162,1;3;2,-4.342954815596705,0.0014714572883707006,0.4199549062517607,13.462223866032163
ciprofloxacin,classification_anchor,0.00016165371753033532,163,3;1;3,-4.100039065289656,0.001181301237854549,0.4707828514907501,13.65059998865337
ciprofloxacin,classification_anchor,0.00016165371753033532,164,2;2;3,-4.079724940174913,0.0014335097698936587,0.3827717125001419,11.791949303278615
ciprofloxacin,classification_anchor,0.00016165371753033532,165,2;3;3,-3.852183612143603,0.0010464760534665064,0.4218557199946007,13.084715740276604
ciprofloxacin,classification_anchor,0.00016165371753033532,166,1;2;2,-4.586802880828285,0.0015619822503120393,0.34960224855977373,9.13297991275948
ciprofloxacin,classification_anchor,0.00016165371753033532,167,1;1;3,-4.595836944508299,0.001380611681020121,0.44634453075627806,11.950068869562683
ciprofloxacin,classification_anchor,0.00016165371753033532,168,3;2;3,-3.8521847810275753,0.0010465129063462009,0.4218601683255074,13.084715742994891
ciprofloxacin,classification_anchor,0.00016165371753033532,169,3;1;3,-4.100039065289656,0.001181301237854549,0.4707828514907501,13.65059998865337
ciprofloxacin,classification_anchor,0.00016165371753033532,170,1;3;1,-4.595838671600961,0.0013806841536809632,0.4463527130683031,11.950068865558423
ciprofloxacin,classification_anchor,0.00016165371753033532,171,1;1;2,-4.823278412083578,0.0013252342040112827,0.3647379247881707,8.857606406323505
ciprofloxacin,classification_anchor,0.00016165371753033532,172,1;1;1,-5.050791873825602,0.0010597677459321918,0.37579350091024194,5.4999029475377865
ciprofloxacin,classification_anchor,0.00016165371753033532,173,2;2;1,-4.586777646931114,0.0015618881694686524,0.34959663967710697,9.132979918163914
ciprofloxacin,classification_anchor,0.00016165371753033532,174,1;2;2,-4.586802880828285,0.0015619822503120393,0.34960224855977373,9.13297991275948
ciprofloxacin,classification_anchor,0.00016165371753033532,175,1;1;1,-5.050791873825602,0.0010597677459321918,0.37579350091024194,5.4999029475377865
ciprofloxacin,classification_anchor,0.00016165371753033532,176,1;1;3,-4.595836944508299,0.001380611681020121,0.44634453075627806,11.950068869562683
ciprofloxacin,classification_anchor,0.00016165371753033532,177,3;3;3,-3.681234317842408,0.0007474058565603699,0.4605018554554701,10.284114593157046
ciprofloxacin,classification_anchor,0.00016165371753033532,178,3;2;2,-4.079717318409149,0.0014335484847087941,0.38277979490126485,11.791949305878525
ciprofloxacin,classification_anchor,0.00016165371753033532,179,3;1;2,-4.342954815596705,0.0014714572883707006,0.4199549062517607,13.462223866032163
ciprofloxacin,classification_anchor,0.00016165371753033532,180,1;3;1,-4.595838671600961,0.0013806841536809632,0.4463527130683031,11.950068865558423
ciprofloxacin,classification_anchor,0.00016165371753033532,181,3;3;1,-4.100068465888834,0.0011813991964821368,0.47079174593209533,13.650599989733536
ciprofloxacin,classification_anchor,0.00016165371753033532,182,3;3;2,-3.8521739523105945,0.0010464090097968063,0.4218484488472886,13.084715739038144
ciprofloxacin,classification_anchor,0.00016165371753033532,183,3;1;2,-4.342954815596705,0.0014714572883707006,0.4199549062517607,13.462223866032163
ciprofloxacin,classification_anchor,0.00016165371753033532,184,3;1;3,-4.100039065289656,0.001181301237854549,0.4707828514907501,13.65059998865337
ciprofloxacin,classification_anchor,0.00016165371753033532,185,3;3;1,-4.100068465888834,0.0011813991964821368,0.47079174593209533,13.650599989733536
ciprofloxacin,classification_anchor,0.00016165371753033532,186,1;3;1,-4.595838671600961,0.0013806841536809632,0.4463527130683031,11.950068865558423
ciprofloxacin,classification_anchor,0.00016165371753033532,187,1;3;3,-4.100071792373197,0.0011814524810359126,0.4707979555412411,13.650599990212802
ciprofloxacin,classification_anchor,0.00016165371753033532,188,1;3;3,-4.100071792373197,0.0011814524810359126,0.4707979555412411,13.650599990212802
ciprofloxacin,classification_anchor,0.00016165371753033532,189,2;2;3,-4.079724940174913,0.0014335097698936587,0.3827717125001419,11.791949303278615
ciprofloxacin,classification_anchor,0.00016165371753033532,190,3;1;1,-4.5958344637610855,0.0013806530870528401,0.446349706172248,11.950068867389497
ciprofloxacin,classification_anchor,0.00016165371753033532,191,2;3;1,-4.342954815596705,0.0014714572883707006,0.4199549062517607,13.462223866032163
ciprofloxacin,classification_anchor,0.00016165371753033532,192,2;3;2,-4.0796953057212555,0.0014333798727534407,0.382762229343364,11.791949301724102
ciprofloxacin,classification_anchor,0.00016165371753033532,193,3;2;1,-4.342954815596705,0.0014714572883707006,0.4199549062517607,13.462223866032161
ciprofloxacin,classification_anchor,0.00016165371753033532,194,3;3;1,-4.100068465888834,0.0011813991964821368,0.47079174593209533,13.650599989733536
ciprofloxacin,classification_anchor,0.00016165371753033532,195,3;2;2,-4.079717318409149,0.0014335484847087941,0.38277979490126485,11.791949305878525
ciprofloxacin,classification_anchor,0.00016165371753033532,196,2;1;1,-4.823283143327629,0.001325284067077312,0.3647437650444951,8.857606407180116
ciprofloxacin,classification_anchor,0.00016165371753033532,197,2;2;3,-4.079724940174913,0.0014335097698936587,0.3827717125001419,11.791949303278615
ciprofloxacin,classification_anchor,0.00016165371753033532,198,2;2;3,-4.079724940174913,0.0014335097698936587,0.3827717125001419,11.791949303278615
ciprofloxacin,classification_anchor,0.00016165371753033532,199,3;1;3,-4.100039065289656,0.001181301237854549,0.4707828514907501,13.65059998865337
ciprofloxacin,classification_anchor,0.00016165371753033532,200,1;2;2,-4.586802880828285,0.0015619822503120393,0.34960224855977373,9.13297991275948
ampicillin,assumed_0.1pct,0.001,1,6;6;4;3;1;5,-4.535433686102612,6.125785650407252e-08,1.374806117267435,69.95097301363342
ampicillin,assumed_0.1pct,0.001,2,6;2;6;5;5;1,-4.477365843820762,1.0000116859848226e-08,1.4069642657699994,44.55017907332899
ampicillin,assumed_0.1pct,0.001,3,1;3;6;5;4;1,-4.688546647230974,1.0024302979440474e-08,1.4348874719664364,69.7482201793273
ampicillin,assumed_0.1pct,0.001,4,1;3;2;3;3;4,-5.010479159560214,2.0000682801378346e-07,1.5002583677766268,73.69892690668053
ampicillin,assumed_0.1pct,0.001,5,4;2;3;6;2;5,-4.3790776804911005,1.0000283246924774e-08,1.3772745878043307,58.276186022217004
ampicillin,assumed_0.1pct,0.001,6,6;4;6;1;2;5,-4.275718039123848,7.203441602636044e-08,1.3761685061018856,54.6650679883303
ampicillin,assumed_0.1pct,0.001,7,5;5;2;3;3;3,-6.4823232011524885,0.012256411397689411,1.7579994042094378,49.696548487267286
ampicillin,assumed_0.1pct,0.001,8,5;6;2;2;1;4,-4.284309729051775,1.6186776942569797e-07,1.4063259672262174,50.46099369211453
ampicillin,assumed_0.1pct,0.001,9,6;5;3;2;3;4,-4.6856711962369975,2.484214795444529e-08,1.376703184092301,71.66897014507512
ampicillin,assumed_0.1pct,0.001,10,1;3;6;2;4;2,-4.432990201553582,1.0163169807538603e-07,1.4173717959283587,62.03981065755974
ampicillin,assumed_0.1pct,0.001,11,4;3;4;5;4;2,-4.190581323024549,1.2626119622611551e-08,1.3223100172502424,77.86759558708597
ampicillin,assumed_0.1pct,0.001,12,1;2;6;4;3;4,-4.340133999317815,1.2642684673999971e-08,1.368357342309775,76.07653835349565
ampicillin,assumed_0.1pct,0.001,13,4;6;5;5;6;1,-4.370498742707841,1.0000552370349889e-08,1.3723311714992859,58.75876181219103
ampicillin,assumed_0.1pct,0.001,14,5;6;6;2;3;4,-4.374648151198244,1.2974205007059844e-08,1.3473644307171562,61.826606274212565
ampicillin,assumed_0.1pct,0.001,15,1;6;2;6;5;3,-4.648293566183525,1.0014927350594409e-08,1.4164335094898355,54.138486154786285
ampicillin,assumed_0.1pct,0.001,16,6;2;6;2;3;3,-4.6722973449326535,1.0004036055010407e-08,1.3965640363729317,58.33319435971006
ampicillin,assumed_0.1pct,0.001,17,5;5;1;4;6;2,-4.377749336791486,1.0000074366715482e-08,1.3993488215737249,54.52255823348101
ampicillin,assumed_0.1pct,0.001,18,3;2;1;1;3;2,-4.919396611085371,1.000086721040063e-08,1.6256108748017852,39.22779517975683
ampicillin,assumed_0.1pct,0.001,19,4;2;5;2;4;1,-4.205539328422107,1.0034567387419464e-08,1.395549557082036,59.253231150514
ampicillin,assumed_0.1pct,0.001,20,2;4;3;6;4;6,-4.180062342289609,1.0007062776872267e-08,1.3132043880507211,67.79859601211682
ampicillin,assumed_0.1pct,0.001,21,1;6;3;1;6;1,-4.817487852142619,4.918567283684329e-08,1.478939391820406,57.35206904785548
ampicillin,assumed_0.1pct,0.001,22,1;3;4;1;5;4,-4.585684584978078,6.634010780838094e-07,1.4270930241717006,81.35523746101968
ampicillin,assumed_0.1pct,0.001,23,2;3;1;2;2;5,-4.631658987581169,1.4362372786433437e-07,1.5351731429377298,38.08820088835909
ampicillin,assumed_0.1pct,0.001,24,6;3;6;1;6;5,-4.6488165297088315,1.2722000230174602e-08,1.3828677983080453,59.312940561131825
ampicillin,assumed_0.1pct,0.001,25,2;2;3;1;1;6,-4.671403429906791,1.4343897271827762e-08,1.5122851686953982,46.73636138154887
ampicillin,assumed_0.1pct,0.001,26,6;4;1;2;6;3,-4.431191519302215,1.8013407152628225e-08,1.3793509525528145,66.77958651049352
ampicillin,assumed_0.1pct,0.001,27,2;3;5;2;5;4,-4.492485902605125,1.1798008158870456e-08,1.4098484793984287,57.11961480549649
ampicillin,assumed_0.1pct,0.001,28,3;5;4;1;4;4,-4.342526911565247,1.1454867835081444e-08,1.354613575531932,88.91881257247272
ampicillin,assumed_0.1pct,0.001,29,5;6;4;1;5;3,-4.65746505466722,1.0003590933740904e-08,1.3997742946654834,67.8007206376702
ampicillin,assumed_0.1pct,0.001,30,3;3;3;2;5;4,-5.044007834360391,1.0000004455658897e-08,1.4314206875771303,74.39930838655786
ampicillin,assumed_0.1pct,0.001,31,2;6;1;5;4;4,-4.196241837559493,1.0040187451087306e-08,1.3662115588978299,62.9763300898317
ampicillin,assumed_0.1pct,0.001,32,3;3;3;2;6;2,-4.999820296799303,1.3371568975266934e-07,1.4673956649174973,59.942732755963405
ampicillin,assumed_0.1pct,0.001,33,4;4;4;6;2;6,-3.8952130793800994,1.0000178166740839e-08,1.2903233171436042,53.16135708162842
ampicillin,assumed_0.1pct,0.001,34,1;5;5;6;1;4,-4.531213149408033,1.4472190967500689e-07,1.4221364059712291,60.9288998347545
ampicillin,assumed_0.1pct,0.001,35,5;1;2;1;1;3,-4.920022186633246,1.000024233270709e-08,1.5822274723085032,36.596737515121646
ampicillin,assumed_0.1pct,0.001,36,5;5;2;6;4;4,-4.11839613489525,1.00038369220958e-08,1.3399682072032286,56.19311624531842
ampicillin,assumed_0.1pct,0.001,37,5;6;4;6;3;3,-4.689574560423887,1.000119120210947e-08,1.3439386688405892,75.63499165622692
ampicillin,assumed_0.1pct,0.001,38,4;3;3;3;2;1,-5.010717590659638,2.000062164114693e-07,1.5003836406446032,73.69896043490735
ampicillin,assumed_0.1pct,0.001,39,3;2;4;4;2;5,-4.28346812241934,1.4897434356387556e-08,1.3641272094358632,67.18335210537194
ampicillin,assumed_0.1pct,0.001,40,4;4;4;5;1;4,-4.050129773565478,1.2296069957865067e-07,1.3223841655422113,79.9076601543776
ampicillin,assumed_0.1pct,0.001,41,1;3;1;3;5;6,-5.106637220490001,1.0682177916649245e-08,1.4995662143269959,54.762369631692366
ampicillin,assumed_0.1pct,0.001,42,5;6;2;6;5;1,-4.477333747788319,5.600098080744183e-08,1.4070018837352032,44.55021837446287
ampicillin,assumed_0.1pct,0.001,43,4;1;3;2;6;4,-4.340106431122753,4.629745755176194e-08,1.3682858455357267,76.07664337600299
ampicillin,assumed_0.1pct,0.001,44,6;3;5;6;2;4,-4.37417527603201,6.579283286185926e-08,1.3473922393481808,61.82667562960106
ampicillin,assumed_0.1pct,0.001,45,1;3;6;3;1;3,-5.29003011744228,3.2008021534573643e-06,1.5400945686045968,55.96461328186422
ampicillin,assumed_0.1pct,0.001,46,1;2;2;5;3;5,-4.763001190494501,2.6825292784288245e-07,1.5052994917987106,41.11674598653891
ampicillin,assumed_0.1pct,0.001,47,1;5;3;5;4;5,-4.7906093187199845,4.7055052013976877e-07,1.4276249327059487,63.87633922022107
ampicillin,assumed_0.1pct,0.001,48,2;2;3;6;1;4,-4.433176399698913,1.391843520644895e-08,1.4173576683988518,62.03961766525526
ampicillin,assumed_0.1pct,0.001,49,6;2;5;3;4;5,-4.491220569051355,1.2307277783731869e-08,1.3722389488966553,61.72934677366191
ampicillin,assumed_0.1pct,0.001,50,3;1;3;6;3;4,-5.043542108523227,1.0361282172192959e-08,1.4271648813479327,82.02661269425018
ampicillin,assumed_0.1pct,0.001,51,6;4;5;6;2;3,-4.374479463126452,3.701082243583317e-08,1.3474261944051582,61.826636220375164
ampicillin,assumed_0.1pct,0.001,52,4;5;5;2;2;2,-4.220768244824748,1.0000181595832487e-08,1.408279119612922,41.481122176059365
ampicillin,assumed_0.1pct,0.001,53,1;4;3;1;6;4,-4.482425937235211,1.2372431209333213e-08,1.3978402931402523,83.87018263128445
ampicillin,assumed_0.1pct,0.001,54,1;3;3;4;4;1,-4.741701919569982,1.0137573307370728e-08,1.445185457023593,89.51775551074459
ampicillin,assumed_0.1pct,0.001,55,5;6;2;2;5;3,-4.608210635118402,4.213927514282344e-07,1.4197027093278114,46.239763732296645
ampicillin,assumed_0.1pct,0.001,56,2;5;2;4;5;1,-4.383662640734578,1.003822244020287e-08,1.4360013382020085,49.2155958400019
ampicillin,assumed_0.1pct,0.001,57,1;1;6;4;5;2,-4.4343021533669065,1.0000430909048605e-08,1.431011746099228,57.64702250469093
ampicillin,assumed_0.1pct,0.001,58,2;3;5;1;1;5,-4.914703919726922,1.0049762939633733e-08,1.5302390647167468,40.875821833757826
ampicillin,assumed_0.1pct,0.001,59,6;5;5;1;2;1,-4.634879297793506,1.0018192177625889e-08,1.4666490226200024,42.706880457909925
ampicillin,assumed_0.1pct,0.001,60,6;5;4;3;6;5,-4.48760675274308,1.0052123099194231e-08,1.3455493730147212,65.3763868606398
ampicillin,assumed_0.1pct,0.001,61,1;4;5;5;1;3,-4.809786405523067,2.6797581897730908e-08,1.467161502697732,64.33508319715126
ampicillin,assumed_0.1pct,0.001,62,6;3;2;2;1;6,-4.531212229840631,3.055065761075363e-07,1.4272175254465271,51.47867602037611
ampicillin,assumed_0.1pct,0.001,63,3;5;2;6;1;6,-4.648477156493792,3.9913655718564455e-08,1.4163671829317204,54.13851483874983
ampicillin,assumed_0.1pct,0.001,64,3;5;4;2;1;5,-4.655066201211999,1.0031819670076214e-08,1.440170375262605,61.87366051927949
ampicillin,assumed_0.1pct,0.001,65,2;4;3;5;1;1,-4.684837694662453,4.433165299316445e-08,1.4839246289718664,62.13493973754965
ampicillin,assumed_0.1pct,0.001,66,4;2;4;3;3;6,-4.4483005641259465,6.3542639310577e-08,1.332474291189917,82.65280096322351
ampicillin,assumed_0.1pct,0.001,67,4;3;3;3;2;5,-5.04400733095347,1.0000004455658897e-08,1.4314208556673673,74.39930838465598
ampicillin,assumed_0.1pct,0.001,68,5;1;2;2;6;3,-4.64328504997273,1.0000505110585621e-08,1.4635194901922906,47.44141115799285
ampicillin,assumed_0.1pct,0.001,69,3;1;3;5;1;4,-4.979033095064645,1.9611654770373705e-07,1.4937406618316962,69.32426215671087
ampicillin,assumed_0.1pct,0.001,70,2;5;2;4;4;5,-4.129589571310491,1.000053833164932e-08,1.3629895197552229,53.39967922003436
ampicillin,assumed_0.1pct,0.001,71,1;3;3;4;3;6,-5.043568771078368,1.0000000113890178e-08,1.42720999914815,82.02661124774738
ampicillin,assumed_0.1pct,0.001,72,6;2;1;6;3;3,-4.827479558261271,1.885723681692651e-08,1.4313278020253302,61.91511079498043
ampicillin,assumed_0.1pct,0.001,73,3;1;6;5;5;6,-4.778860766072362,1.305744312815421e-07,1.407291376828695,56.08289278591545
ampicillin,assumed_0.1pct,0.001,74,3;5;4;5;4;3,-4.6974890704157275,1.96235910511883e-08,1.3599213883172045,84.74735223855691
ampicillin,assumed_0.1pct,0.001,75,3;4;1;6;6;4,-4.333712487183375,7.145889080969181e-08,1.3422715796022173,79.37439317390844
ampicillin,assumed_0.1pct,0.001,76,3;2;4;4;6;5,-4.276951350630532,1.826361891257236e-08,1.3357822133380244,70.24345609254637
ampicillin,assumed_0.1pct,0.001,77,5;3;4;1;6;3,-4.844785119401766,1.0008366901232685e-08,1.4103551938943752,75.83949908688513
ampicillin,assumed_0.1pct,0.001,78,6;1;5;5;5;2,-4.594286367423262,4.3489843381165587e-07,1.4324907971371263,41.776498452730245
ampicillin,assumed_0.1pct,0.001,79,3;3;3;1;5;4,-5.199736034942247,4.854018375391482e-07,1.4712660016887793,74.17465130646254
ampicillin,assumed_0.1pct,0.001,80,1;1;2;3;6;3,-4.954287356729193,1.0006623100233707e-08,1.5246923749980923,53.580495343757256
ampicillin,assumed_0.1pct,0.001,81,1;2;3;4;6;4,-4.340225873714781,4.628347453137992e-08,1.3683215478627695,76.07664111535009
ampicillin,assumed_0.1pct,0.001,82,4;1;5;1;2;1,-4.574270363347991,1.8067354324000637e-08,1.4992052361735835,54.3879202874477
ampicillin,assumed_0.1pct,0.001,83,5;3;6;2;2;2,-4.482851589344212,7.267520886267779e-07,1.4327640289861752,43.31608601427178
ampicillin,assumed_0.1pct,0.001,84,2;2;2;5;3;1,-4.632834325918374,1.0018725575402023e-08,1.5344794064974163,38.087996796550044
ampicillin,assumed_0.1pct,0.001,85,6;3;4;2;3;2,-4.554989690149764,1.9376137303642427e-08,1.3839118141009015,69.25855170033314
ampicillin,assumed_0.1pct,0.001,86,3;5;6;6;4;4,-4.267988664445919,1.518708776036954e-08,1.3158780625063429,72.7444620287014
ampicillin,assumed_0.1pct,0.001,87,3;6;5;6;3;1,-4.977317057918018,1.367614519375459e-06,1.4188852363980244,62.91542931137482
ampicillin,assumed_0.1pct,0.001,88,4;1;6;4;2;2,-4.121659792307939,1.0037052293654558e-08,1.3681530916122686,57.905485298228605
ampicillin,assumed_0.1pct,0.001,89,1;6;3;2;4;6,-4.431077342320339,1.013304131532842e-08,1.3793554172163156,66.77957097277438
ampicillin,assumed_0.1pct,0.001,90,1;1;3;6;2;1,-4.809840339061706,1.0055214917781874e-08,1.5365723477092836,47.127446964008655
ampicillin,assumed_0.1pct,0.001,91,1;3;4;1;5;2,-4.684489997073319,1.0055007365594872e-08,1.483945363269493,62.13486161673215
ampicillin,assumed_0.1pct,0.001,92,1;3;1;6;5;5,-4.927483898489634,1.0000054658496222e-08,1.4724506625976765,50.97469625277778
ampicillin,assumed_0.1pct,0.001,93,1;2;1;6;3;6,-4.678780521712004,2.6837343672810427e-08,1.4546542789080705,55.434163775888905
ampicillin,assumed_0.1pct,0.001,94,2;2;1;4;3;2,-4.429709585800541,1.0031458601855207e-08,1.474662351665757,55.56673549812569
ampicillin,assumed_0.1pct,0.001,95,3;6;5;4;3;2,-4.6856534060464305,1.1472193758028292e-08,1.376715282548983,71.66895275552065
ampicillin,assumed_0.1pct,0.001,96,6;5;2;2;5;6,-4.306991700155125,1.0665174181797043e-08,1.383862616828182,36.96795862747614
ampicillin,assumed_0.1pct,0.001,97,2;1;1;6;1;5,-4.667313460411505,4.7963268534053e-07,1.5043046248199299,42.11285557563794
ampicillin,assumed_0.1pct,0.001,98,1;3;6;6;3;5,-4.977416762474029,1.000000003462704e-08,1.4188457333816837,62.91435793022344
ampicillin,assumed_0.1pct,0.001,99,6;6;2;5;1;2,-4.373113597195459,1.0000002626156473e-08,1.415151089316654,41.006243112009855
ampicillin,assumed_0.1pct,0.001,100,6;5;3;1;5;3,-5.131259919683521,3.048085996980228e-08,1.4521273515843245,55.99590895149443
ampicillin,assumed_0.1pct,0.001,101,2;1;1;5;3;4,-4.684928156865186,4.6581047013907504e-08,1.48392617843478,62.13494544381206
ampicillin,assumed_0.1pct,0.001,102,5;3;1;1;6;6,-4.799935909630347,8.420130824448153e-08,1.4420059418240136,57.433171257814635
ampicillin,assumed_0.1pct,0.001,103,3;1;4;6;4;2,-4.3403956611438534,1.0001444368188699e-08,1.3683780335307278,76.07653238940026
ampicillin,assumed_0.1pct,0.001,104,3;2;3;6;5;6,-4.818135252821327,1.1963778581767309e-08,1.3874013079209198,60.06535903461696
ampicillin,assumed_0.1pct,0.001,105,3;5;6;5;1;1,-4.92684689061377,1.0008103109022839e-08,1.4725251681268439,50.97469286215943
ampicillin,assumed_0.1pct,0.001,106,6;1;2;3;1;6,-4.678774140733297,2.6837344252110957e-08,1.454658311290254,55.43416375213087
ampicillin,assumed_0.1pct,0.001,107,5;5;5;6;6;3,-4.858484902219459,0.0010956003239588087,1.426930665464985,53.35832307339391
ampicillin,assumed_0.1pct,0.001,108,6;6;3;6;3;5,-4.824737064313496,1.0000000585553188e-08,1.3538896142578107,64.51613862316906
ampicillin,assumed_0.1pct,0.001,109,2;4;3;6;3;2,-4.555187917149123,6.34830856312688e-08,1.3837951698675441,69.25862803424062
ampicillin,assumed_0.1pct,0.001,110,3;4;6;5;1;2,-4.538952916209706,1.0338010492953435e-08,1.4078665851140222,65.24482632697936
ampicillin,assumed_0.1pct,0.001,111,4;3;4;4;4;3,-4.2530799063969535,1.0099553235275682e-08,1.2786426379036926,100.74180456440858
ampicillin,assumed_0.1pct,0.001,112,5;3;3;6;6;1,-4.975548087186401,1.0000027097645299e-08,1.418868270320402,62.91436035970426
ampicillin,assumed_0.1pct,0.001,113,2;3;6;3;1;2,-4.810281647596015,1.0009695234173297e-08,1.4938053149168926,53.93135897974112
ampicillin,assumed_0.1pct,0.001,114,4;2;3;3;2;2,-4.54262672324879,1.0018203374869534e-08,1.4449459983877,63.77692685114029
ampicillin,assumed_0.1pct,0.001,115,5;5;4;3;1;2,-4.655066201211999,1.0031819670076214e-08,1.440170375262605,61.87366051927949
ampicillin,assumed_0.1pct,0.001,116,2;3;6;2;5;5,-4.608915932826562,3.952751700140299e-08,1.41950875797176,46.239533735076996
ampicillin,assumed_0.1pct,0.001,117,5;2;2;6;3;2,-4.482821536612644,1.2471174124559826e-07,1.4326831309967931,43.315628373284774
ampicillin,assumed_0.1pct,0.001,118,4;6;5;1;6;6,-4.268176497843179,1.0408852363845084e-07,1.3534387649763224,58.09464042969931
ampicillin,assumed_0.1pct,0.001,119,1;4;4;1;2;2,-4.269502748938009,4.209409653388421e-07,1.4320994058060057,63.437823431413165
ampicillin,assumed_0.1pct,0.001,120,2;6;4;6;5;2,-4.114978362904393,1.609186645877546e-07,1.3516129837369573,43.65416013173411
ampicillin,assumed_0.1pct,0.001,121,5;5;1;6;5;2,-4.594286367423262,4.3489843381165587e-07,1.4324907971371263,41.776498452730245
ampicillin,assumed_0.1pct,0.001,122,1;3;6;1;4;3,-4.853279703476468,1.0000003866276101e-08,1.4537426520749541,76.76790954030729
ampicillin,assumed_0.1pct,0.001,123,1;4;5;1;2;4,-4.3497651857841335,2.928280445766041e-08,1.422772989703384,67.70431144503682
ampicillin,assumed_0.1pct,0.001,124,6;5;3;3;2;5,-4.970218474819081,1.0000082891676193e-08,1.4210702046921797,55.310158732795834
ampicillin,assumed_0.1pct,0.001,125,5;5;6;4;2;5,-4.310772591324733,1.2717931675757067e-08,1.3705096024597958,50.002625501096254
ampicillin,assumed_0.1pct,0.001,126,4;3;4;1;5;4,-4.342343489691007,1.0061900512981257e-08,1.3546190108111058,88.91880894442068
ampicillin,assumed_0.1pct,0.001,127,1;1;2;6;3;3,-4.9546976901224005,1.019842122131258e-08,1.5247219069456024,53.58050658375911
ampicillin,assumed_0.1pct,0.001,128,5;5;3;3;5;6,-6.038342542359513,0.009027277822713276,1.6183401468967968,54.951375780775834
ampicillin,assumed_0.1pct,0.001,129,5;1;2;5;4;1,-4.535048645993521,1.0562746157246504e-07,1.4606374798039101,54.38178018679102
ampicillin,assumed_0.1pct,0.001,130,2;6;2;2;3;1,-4.525552819165262,4.481067688672165e-08,1.483495902246985,44.38159487636644
ampicillin,assumed_0.1pct,0.001,131,6;1;4;3;4;3,-4.601092481596784,6.812316238286777e-08,1.3689861695500436,90.47425691816397
ampicillin,assumed_0.1pct,0.001,132,6;4;3;4;2;2,-4.188527065448759,1.0511721335291221e-08,1.3347761105829805,65.4868215265342
ampicillin,assumed_0.1pct,0.001,133,5;4;1;5;1;6,-4.531161715816725,1.0035875139194414e-08,1.422213463925935,60.92860736237199
ampicillin,assumed_0.1pct,0.001,134,4;1;2;5;6;1,-4.434320549373821,1.0017436880037733e-08,1.4313187867696942,57.64704573456849
ampicillin,assumed_0.1pct,0.001,135,2;1;2;5;1;4,-4.437913491620541,1.0018925393000073e-08,1.4755232507680867,50.83198697004911
ampicillin,assumed_0.1pct,0.001,136,3;6;1;3;1;1,-5.091245528374553,1.00314835210889e-08,1.550344262167128,51.503007409585486
ampicillin,assumed_0.1pct,0.001,137,4;2;1;2;2;6,-4.199852283927526,1.0034633136575835e-08,1.414296379888005,45.86600731501477
ampicillin,assumed_0.1pct,0.001,138,3;2;6;5;1;3,-4.959309455013469,1.0019668134062e-08,1.471005274902121,55.481937135570426
ampicillin,assumed_0.1pct,0.001,139,3;6;1;3;5;2,-4.959309455013469,1.0019668134062e-08,1.471005274902121,55.48193713557043
ampicillin,assumed_0.1pct,0.001,140,6;5;6;6;3;3,-4.824723419105166,8.541577285099404e-08,1.353890170426157,64.51614501029745
ampicillin,assumed_0.1pct,0.001,141,6;6;3;4;6;2,-4.267416926217734,1.0000003537172302e-08,1.325291476386757,60.40696916943542
ampicillin,assumed_0.1pct,0.001,142,4;5;5;2;4;3,-4.383318525848905,1.1866305098095354e-08,1.3615161893932421,71.24219626780756
ampicillin,assumed_0.1pct,0.001,143,4;3;1;2;5;2,-4.53703157511071,1.5633741074369046e-08,1.4552096351915857,59.09952541045816
ampicillin,assumed_0.1pct,0.001,144,4;1;6;5;3;1,-4.688509249848218,1.0474166492577666e-08,1.4348827851136816,69.7482212433939
ampicillin,assumed_0.1pct,0.001,145,3;5;6;2;3;2,-4.803005002905539,1.4131850725444518e-07,1.436774427479395,54.20797949240727
ampicillin,assumed_0.1pct,0.001,146,4;4;4;6;6;5,-3.954784373743578,7.780214384224528e-08,1.2960001173885725,60.1106060954029
ampicillin,assumed_0.1pct,0.001,147,4;1;1;1;5;5,-4.676804828578369,1.4363711907570813e-07,1.4826123753053537,57.407923450571445
ampicillin,assumed_0.1pct,0.001,148,6;2;6;2;5;1,-4.373156831455447,1.8734919882851832e-08,1.4151285994051772,41.006252950132854
ampicillin,assumed_0.1pct,0.001,149,2;1;1;2;6;3,-4.671447583191151,1.000001017710436e-08,1.5124040866763726,46.73636178273562
ampicillin,assumed_0.1pct,0.001,150,4;4;5;4;5;2,-4.045192861155175,1.0001999479175494e-08,1.327916110808442,62.923422843414535
ampicillin,assumed_0.1pct,0.001,151,4;6;3;1;3;2,-4.708412792535537,1.0006707127511803e-08,1.4216975255765278,74.21821495803543
ampicillin,assumed_0.1pct,0.001,152,1;3;2;5;4;5,-4.655066201211999,1.0031819670076214e-08,1.440170375262605,61.87366051927949
ampicillin,assumed_0.1pct,0.001,153,3;5;3;3;5;2,-6.50826134098717,0.012727989284735109,1.7635825146218407,49.69864945427599
ampicillin,assumed_0.1pct,0.001,154,3;6;5;1;2;3,-4.959309455013469,1.0019668134062e-08,1.471005274902121,55.481937135570426
ampicillin,assumed_0.1pct,0.001,155,3;2;3;3;6;1,-5.1491997962201115,4.02303038474534e-08,1.5073450165734585,58.88795017035881
ampicillin,assumed_0.1pct,0.001,156,2;3;1;6;1;6,-4.678704152232659,3.0994471244421006e-08,1.454579539329251,55.434173905459055
ampicillin,assumed_0.1pct,0.001,157,6;4;1;1;5;4,-4.341871456089392,1.0489660937693889e-08,1.3907119548983469,72.5570669539618
ampicillin,assumed_0.1pct,0.001,158,5;2;4;1;4;3,-4.438941950217311,8.928643112963139e-08,1.397888930227984,75.5937784795658
ampicillin,assumed_0.1pct,0.001,159,6;2;4;3;3;5,-4.685576323207343,1.6943793887849178e-08,1.3767179310221436,71.66895987433105
ampicillin,assumed_0.1pct,0.001,160,3;5;2;2;2;2,-4.473176165837443,1.000173838143469e-08,1.5031282180494252,35.825917096574486
ampicillin,assumed_0.1pct,0.001,161,6;4;3;2;5;1,-4.538659876720996,5.829894836632507e-08,1.407874433250843,65.24491935661445
ampicillin,assumed_0.1pct,0.001,162,1;3;3;1;1;3,-5.370600773955357,1.4360992159720913e-07,1.6738441071774515,33.122435815310865
ampicillin,assumed_0.1pct,0.001,163,3;5;1;1;5;4,-4.809786405523067,2.6797581897730908e-08,1.467161502697732,64.33508319715125
ampicillin,assumed_0.1pct,0.001,164,2;4;2;4;4;2,-3.916586195788318,3.11698122108748e-08,1.3195239142767403,50.23016701666305
ampicillin,assumed_0.1pct,0.001,165,3;6;1;4;1;5,-4.688535681500767,1.0000000000816752e-08,1.4348986561178163,69.74822020352687
ampicillin,assumed_0.1pct,0.001,166,6;3;2;6;5;3,-4.8182100521900315,2.3371249586592644e-08,1.3873839486694406,60.065363314479896
ampicillin,assumed_0.1pct,0.001,167,5;1;2;4;6;2,-4.284739034399123,1.6186931393747727e-07,1.406266562356719,50.4609910507833
ampicillin,assumed_0.1pct,0.001,168,2;5;5;3;3;3,-6.4867517030348365,0.012331500558749446,1.7589484549381953,49.69671490475267
ampicillin,assumed_0.1pct,0.001,169,3;2;2;2;6;5,-4.4827348139065135,9.499005558932434e-08,1.432542903936927,43.315617093595066
ampicillin,assumed_0.1pct,0.001,170,5;3;5;1;4;5,-4.7906093187199845,4.7055052013976877e-07,1.4276249327059487,63.87633922022108
ampicillin,assumed_0.1pct,0.001,171,6;2;3;6;4;5,-4.37417527603201,6.579283286185926e-08,1.3473922393481808,61.826675629601056
ampicillin,assumed_0.1pct,0.001,172,3;1;1;2;5;4,-4.684716207100845,1.172572478180177e-07,1.4839472560800204,62.13511003034119
ampicillin,assumed_0.1pct,0.001,173,4;4;3;4;3;2,-4.349311651587095,1.000000000000549e-08,1.3164075975872687,91.24613818777819
ampicillin,assumed_0.1pct,0.001,174,5;2;1;1;1;1,-4.800250652671773,5.374368961076636e-08,1.5848953327330173,29.978545630930178
ampicillin,assumed_0.1pct,0.001,175,1;1;4;6;3;5,-4.688528477333728,1.5028123018929314e-08,1.4348802738635504,69.74823154492809
ampicillin,assumed_0.1pct,0.001,176,4;6;4;2;3;3,-4.448485230898961,1.0002259127959746e-08,1.3324368823702608,82.65266865367715
ampicillin,assumed_0.1pct,0.001,177,6;2;4;2;3;6,-4.273965213695933,4.540095090529351e-08,1.3488806339348938,57.66770860915438
ampicillin,assumed_0.1pct,0.001,178,4;6;3;1;2;2,-4.433053881375154,1.0122946640936938e-07,1.4173529160153653,62.03980912551679
ampicillin,assumed_0.1pct,0.001,179,1;4;4;4;2;4,-3.9911968759551932,1.0000000000000018e-08,1.3182557260600647,73.78586707659336
ampicillin,assumed_0.1pct,0.001,180,1;2;6;2;4;5,-4.2849914137625,1.0000634432917549e-08,1.4064202045789091,50.46069614662219
ampicillin,assumed_0.1pct,0.001,181,2;2;5;5;4;3,-4.49164432831888,3.4158950908905077e-08,1.4099581884379433,57.119655693195774
ampicillin,assumed_0.1pct,0.001,182,4;2;3;4;6;4,-4.103536262298433,1.0005935150269921e-08,1.298867296863478,74.42996251773525
ampicillin,assumed_0.1pct,0.001,183,4;5;3;6;4;1,-4.434636327561236,1.4508841217770136e-08,1.365400753172749,79.81260705930538
ampicillin,assumed_0.1pct,0.001,184,2;2;5;4;2;4,-4.051933895070746,1.0691664307260587e-07,1.364566646667153,47.91565354075778
ampicillin,assumed_0.1pct,0.001,185,5;2;5;4;5;1,-4.486866465085889,1.001550604145226e-08,1.4254052162587667,52.78114927570919
ampicillin,assumed_0.1pct,0.001,186,4;3;6;4;3;1,-4.602781562586295,1.1088756174902974e-08,1.368936038004051,90.47410224894688
ampicillin,assumed_0.1pct,0.001,187,3;6;6;3;2;4,-4.5586350706980605,1.0003682312688536e-08,1.3460176323423767,73.16719195083697
ampicillin,assumed_0.1pct,0.001,188,4;4;5;1;1;3,-4.5860954277108075,6.3800096292945e-08,1.426943131774449,81.35332494032937
ampicillin,assumed_0.1pct,0.001,189,2;5;2;5;3;4,-4.491859985735824,1.0024017393109848e-08,1.4097512160715548,57.11961533464594
ampicillin,assumed_0.1pct,0.001,190,1;5;4;4;3;4,-4.342525768909235,1.1460680522549951e-08,1.354605427515071,88.91881269862554
ampicillin,assumed_0.1pct,0.001,191,5;3;1;1;4;6,-4.688554061814816,1.1912305887229512e-08,1.43488394470616,69.74822445665593
ampicillin,assumed_0.1pct,0.001,192,5;5;4;5;6;1,-4.481955491260328,5.625502203729449e-08,1.393197461952661,58.00970672602994
ampicillin,assumed_0.1pct,0.001,193,6;1;5;2;5;1,-4.63500475408987,1.0018648936304913e-08,1.4668422693008853,42.70686798741321
ampicillin,assumed_0.1pct,0.001,194,5;5;4;5;4;5,-4.313145007819558,1.568158800209105e-08,1.3587856480071048,62.8708309866529
ampicillin,assumed_0.1pct,0.001,195,3;2;2;6;5;5,-4.609586540605342,3.1770811083173814e-08,1.419392702090846,46.23953174234052
ampicillin,assumed_0.1pct,0.001,196,3;4;5;3;5;6,-4.836223146512121,1.8192416097027818e-08,1.3703052810512317,73.31753368758162
ampicillin,assumed_0.1pct,0.001,197,5;5;6;1;5;2,-4.594286367423262,4.3489843381165587e-07,1.4324907971371263,41.776498452730245
ampicillin,assumed_0.1pct,0.001,198,2;3;5;1;1;2,-4.780045287153767,1.0014510345048023e-08,1.5604031264556868,38.21595633293216
ampicillin,assumed_0.1pct,0.001,199,3;6;5;3;4;3,-5.07304887539484,1.0426855513452711e-08,1.3763961870897339,80.26076347730556
ampicillin,assumed_0.1pct,0.001,200,5;4;4;2;5;6,-4.118402483400328,1.0000733916870045e-08,1.3399494692459866,56.19311591436875
ampicillin,classification_anchor,1.5908037919303823e-05,1,1;6;4;3;5;1,-4.319796704190053,0.00020853615859477105,0.9283271377684976,61.75499155015355
ampicillin,classification_anchor,1.5908037919303823e-05,2,2;6;4;5;2;6,-3.780279005300237,6.786572502462568e-05,0.7420338203510631,37.51287836486911
ampicillin,classification_anchor,1.5908037919303823e-05,3,4;5;6;1;5;2,-4.061250957668792,0.0002183768164186394,0.9342553919269138,48.97875240231497
ampicillin,classification_anchor,1.5908037919303823e-05,4,3;3;3;4;2;1,-4.518239756941612,6.15984518419295e-05,0.7368686300379664,64.41108405459751
ampicillin,classification_anchor,1.5908037919303823e-05,5,2;5;1;1;2;5,-4.446862337438098,0.000653741130634974,1.2005830168411442,30.316816283264192
ampicillin,classification_anchor,1.5908037919303823e-05,6,1;3;2;1;2;6,-4.454059993230485,0.0005453962588434334,1.1353483213006654,43.24051877140207
ampicillin,classification_anchor,1.5908037919303823e-05,7,5;2;3;4;1;3,-4.423559248835372,0.00015515549336225556,0.8780281752629103,60.91096862421303
ampicillin,classification_anchor,1.5908037919303823e-05,8,6;4;3;2;4;1,-3.95474373204148,1.0000000005634515e-08,0.5650983951588789,58.65202040221723
ampicillin,classification_anchor,1.5908037919303823e-05,9,4;2;2;2;5;3,-4.024773377356813,3.649906215169318e-05,0.6819511423867198,45.30146423064711
ampicillin,classification_anchor,1.5908037919303823e-05,10,5;5;2;5;2;5,-4.411033182729562,0.0014754477959246243,1.3020746713280291,33.26802046178136
ampicillin,classification_anchor,1.5908037919303823e-05,11,2;6;5;1;4;2,-3.9540658623858196,6.980813598238371e-05,0.7701960936506485,42.53988556555022
ampicillin,classification_anchor,1.5908037919303823e-05,12,6;1;3;6;1;2,-4.443132443612523,0.0006562012367537512,1.1317905688787777,51.97366961695113
ampicillin,classification_anchor,1.5908037919303823e-05,13,1;2;1;2;5;2,-4.366280280423337,0.000612210884890749,1.202712753632894,26.943771971651806
ampicillin,classification_anchor,1.5908037919303823e-05,14,1;4;6;2;1;3,-4.19810882959575,6.926396446070454e-05,0.7702647209901096,57.08789465066445
ampicillin,classification_anchor,1.5908037919303823e-05,15,4;5;3;1;5;3,-4.548145275212601,0.00029605762796895365,0.9868392595746283,63.890846003994525
ampicillin,classification_anchor,1.5908037919303823e-05,16,2;1;1;4;6;3,-4.198173484059809,6.943142543316457e-05,0.7705917954854495,57.087897389770745
ampicillin,classification_anchor,1.5908037919303823e-05,17,2;2;6;3;5;4,-4.0027990503287905,9.578356312542443e-05,0.7766824846882657,51.882646212586536
ampicillin,classification_anchor,1.5908037919303823e-05,18,6;3;6;3;2;3,-4.767218368428726,0.0013290301203871641,1.1992475072089561,66.14472265416126
ampicillin,classification_anchor,1.5908037919303823e-05,19,5;2;2;5;3;6,-4.432032833165044,0.0012614947890005395,1.2431273377601926,45.4961209183527
ampicillin,classification_anchor,1.5908037919303823e-05,20,5;2;6;1;4;3,-4.174069182504619,0.00016758712552759152,0.8760219409354343,58.35623958130261
ampicillin,classification_anchor,1.5908037919303823e-05,21,6;6;2;3;5;2,-4.303254949293176,0.0011273959982632548,1.1947094077991511,47.64394102920317
ampicillin,classification_anchor,1.5908037919303823e-05,22,6;2;4;6;2;3,-3.8698075949981696,2.145838394690294e-05,0.6159473630217042,49.70250105777645
ampicillin,classification_anchor,1.5908037919303823e-05,23,4;3;5;6;2;1,-4.174069182504619,0.00016758712552759152,0.8760219409354343,58.3562395813026
ampicillin,classification_anchor,1.5908037919303823e-05,24,1;3;6;3;3;4,-4.527450819986433,0.00018267649154955136,0.859725735136347,74.61365235831097
ampicillin,classification_anchor,1.5908037919303823e-05,25,2;5;6;3;6;6,-4.3737086827476706,0.0018938587967470245,1.2670031978994845,52.333443548256824
ampicillin,classification_anchor,1.5908037919303823e-05,26,3;2;3;1;2;5,-4.6848942121337105,0.0007553223028766287,1.2269360379387044,43.068832298772264
ampicillin,classification_anchor,1.5908037919303823e-05,27,1;3;1;3;5;1,-4.911272900321037,0.0005867628866096843,1.2147428009124708,33.537929818945
ampicillin,classification_anchor,1.5908037919303823e-05,28,4;4;6;5;2;3,-3.869160350540802,1.0076417112244931e-08,0.5649473252682816,57.79800304356194
ampicillin,classification_anchor,1.5908037919303823e-05,29,4;1;5;3;5;6,-4.313175134177876,0.0003936594491761393,1.0173524590908136,63.11567308528864
ampicillin,classification_anchor,1.5908037919303823e-05,30,2;2;2;2;1;1,-4.300085502153986,0.0006588727636761887,1.2382975178086981,23.05041480452031
ampicillin,classification_anchor,1.5908037919303823e-05,31,2;5;1;5;1;5,-4.535410298601802,0.0007220995464040056,1.2063778371005407,33.16268447451302
ampicillin,classification_anchor,1.5908037919303823e-05,32,4;3;6;6;4;1,-3.90634855688344,1.0905255897023061e-08,0.5676752656656332,65.27437912807864
ampicillin,classification_anchor,1.5908037919303823e-05,33,3;4;4;6;2;2,-3.8433516594150205,1.000010792752466e-08,0.5299898416230274,48.18587076583606
ampicillin,classification_anchor,1.5908037919303823e-05,34,6;6;4;3;5;3,-4.329532959914289,0.000589424168788607,1.0319577523733776,73.17506599272387
ampicillin,classification_anchor,1.5908037919303823e-05,35,5;1;5;6;4;2,-4.0606612601236005,0.00021716881076202328,0.9333141220746289,48.97876523116
ampicillin,classification_anchor,1.5908037919303823e-05,36,3;2;6;4;3;3,-4.3590681835007645,0.00010743635558174408,0.7449784680814772,72.84474984509711
ampicillin,classification_anchor,1.5908037919303823e-05,37,3;6;2;5;2;6,-4.303186509303819,0.0011273432679405118,1.1947360991945386,47.643940619389355
ampicillin,classification_anchor,1.5908037919303823e-05,38,6;5;3;5;6;5,-4.852677876109516,0.004458953204780276,1.4278959813431933,53.35833875887091
ampicillin,classification_anchor,1.5908037919303823e-05,39,4;4;1;4;5;2,-3.841353275741325,1.0000011265625379e-08,0.5756264607690323,47.62026042584341
ampicillin,classification_anchor,1.5908037919303823e-05,40,6;6;5;3;2;1,-4.443584913252887,0.0010351795014378578,1.196527824651966,52.507704179564
ampicillin,classification_anchor,1.5908037919303823e-05,41,1;2;6;1;2;4,-4.007124102005177,1.8928070529555556e-05,0.6692320916179667,42.91238780484368
ampicillin,classification_anchor,1.5908037919303823e-05,42,1;1;2;2;1;1,-4.5358619167087975,0.0005735844572541895,1.2383973682289056,21.72070847587285
ampicillin,classification_anchor,1.5908037919303823e-05,43,1;1;4;3;3;2,-4.439912841751899,7.383777513337263e-05,0.7956900424616055,57.13611034897384
ampicillin,classification_anchor,1.5908037919303823e-05,44,1;5;1;4;5;5,-4.328277013360323,0.00028989444269716773,1.0127676548627433,50.12615280954904
ampicillin,classification_anchor,1.5908037919303823e-05,45,5;4;2;5;1;5,-4.1891867092705475,0.0002884171317347831,0.9989444471669202,47.282275001755366
ampicillin,classification_anchor,1.5908037919303823e-05,46,3;2;4;1;2;6,-4.042199208574967,1.8269408454653385e-05,0.6373968154985737,52.11386740208119
ampicillin,classification_anchor,1.5908037919303823e-05,47,3;5;5;5;4;4,-4.041197287353893,7.037622118850658e-05,0.7655581943733697,66.90146490304049
ampicillin,classification_anchor,1.5908037919303823e-05,48,1;2;3;6;1;2,-4.453879264625714,0.0005463609001014751,1.1359155712535751,43.240516241340686
ampicillin,classification_anchor,1.5908037919303823e-05,49,3;6;4;2;6;2,-3.8698823884134277,2.156273470256069e-05,0.6162052731988433,49.70250189756899
ampicillin,classification_anchor,1.5908037919303823e-05,50,5;6;3;1;3;4,-4.426289128327136,0.0002948671056029194,0.9550446698161553,69.90497386577844
ampicillin,classification_anchor,1.5908037919303823e-05,51,2;2;2;2;5;2,-4.049478792730579,0.00047473506204969573,1.1115613008983647,19.706153909593848
ampicillin,classification_anchor,1.5908037919303823e-05,52,3;5;5;5;1;1,-4.762252028833148,0.0007204348687450297,1.202199577700911,38.77522722140035
ampicillin,classification_anchor,1.5908037919303823e-05,53,4;2;4;3;2;3,-4.04566495868767,1.0000012674110955e-08,0.516969610141619,59.43062508691946
ampicillin,classification_anchor,1.5908037919303823e-05,54,4;5;5;5;1;2,-4.188898693121368,0.00028783429819584795,0.9986915023597822,47.28227937108358
ampicillin,classification_anchor,1.5908037919303823e-05,55,5;1;5;6;6;6,-4.360115095926856,0.0017722534844121962,1.2803611106984312,48.772030974922515
ampicillin,classification_anchor,1.5908037919303823e-05,56,2;6;5;4;5;3,-4.156262059804002,0.0003575387136051977,0.9844575325914884,58.13791597919201
ampicillin,classification_anchor,1.5908037919303823e-05,57,5;6;6;3;3;6,-4.783283712856147,0.003030954630513913,1.3329129229519934,64.50006823501316
ampicillin,classification_anchor,1.5908037919303823e-05,58,1;3;5;6;5;2,-4.553834804644973,0.0010255726583342283,1.2217325775359809,47.998657848250936
ampicillin,classification_anchor,1.5908037919303823e-05,59,5;6;3;5;2;3,-4.778460172372404,0.0018259862067273895,1.3004168073331095,55.050927234452345
ampicillin,classification_anchor,1.5908037919303823e-05,60,2;5;4;6;6;5,-3.886586133514289,0.0002521441103115371,0.9329209797602702,45.55273210673924
ampicillin,classification_anchor,1.5908037919303823e-05,61,1;4;2;6;6;6,-3.8211734666307486,4.8909339315787045e-05,0.7077565075912565,46.09818948465103
ampicillin,classification_anchor,1.5908037919303823e-05,62,5;2;4;2;4;5,-3.805893496801748,1.0000056654472571e-08,0.591407965265369,40.68095217409685
ampicillin,classification_anchor,1.5908037919303823e-05,63,5;1;4;1;5;4,-4.036593312941424,1.7012046698098572e-07,0.6399412321836656,56.52690797609513
ampicillin,classification_anchor,1.5908037919303823e-05,64,4;3;6;3;3;4,-4.143354399907045,1.0001539767385312e-08,0.5286285422617081,82.07800480038304
ampicillin,classification_anchor,1.5908037919303823e-05,65,4;1;2;2;5;6,-3.954015753458831,6.963879135403948e-05,0.7699148792645182,42.53988463525256
ampicillin,classification_anchor,1.5908037919303823e-05,66,4;2;3;3;2;5,-4.267037703969261,0.00010728652581387182,0.7915987588643424,59.112398923246786
ampicillin,classification_anchor,1.5908037919303823e-05,67,1;5;1;4;6;2,-4.104685174933759,0.0001209390514367745,0.8563263973277039,49.1086021643479
ampicillin,classification_anchor,1.5908037919303823e-05,68,6;2;2;4;2;3,-3.90564448534606,1.0000011627781859e-08,0.5428793647663352,43.546976071393516
ampicillin,classification_anchor,1.5908037919303823e-05,69,3;3;4;6;6;1,-4.287390561605778,0.00022954114499522358,0.8886059962773808,73.3763789912872
ampicillin,classification_anchor,1.5908037919303823e-05,70,4;5;3;5;2;4,-3.956288061973419,6.3823634905746e-06,0.6134443265904758,59.78440298373873
ampicillin,classification_anchor,1.5908037919303823e-05,71,6;5;4;2;5;2,-3.891974474746254,0.00014370272363718067,0.8578477040853486,40.546171338222834
ampicillin,classification_anchor,1.5908037919303823e-05,72,4;3;4;1;1;1,-4.215960337878335,1.0001030870805942e-08,0.6293377022032426,60.92906329206698
ampicillin,classification_anchor,1.5908037919303823e-05,73,5;5;1;5;6;2,-4.424218753703246,0.0011940780265108017,1.251717884103051,40.57440572541974
ampicillin,classification_anchor,1.5908037919303823e-05,74,5;1;6;2;2;2,-4.187654007975897,0.0005916133019120137,1.13418630093539,32.55019777905953
ampicillin,classification_anchor,1.5908037919303823e-05,75,4;4;3;1;5;1,-4.147551440874579,1.7851905418692948e-08,0.6239960284158776,63.974843539157426
ampicillin,classification_anchor,1.5908037919303823e-05,76,4;2;4;2;5;5,-3.8058938977752232,1.0002940683671181e-08,0.5914079215084621,40.68095218161368
ampicillin,classification_anchor,1.5908037919303823e-05,77,5;4;2;3;3;6,-4.270937877487203,0.00024807592169950556,0.9016974381407609,66.76402358116002
ampicillin,classification_anchor,1.5908037919303823e-05,78,2;1;5;4;4;3,-4.037458378835709,1.0004945683179923e-08,0.5953461983672192,59.30363170796381
ampicillin,classification_anchor,1.5908037919303823e-05,79,4;1;1;2;2;1,-4.185077092227766,3.775117139814289e-05,0.7537233149517849,39.070343398888696
ampicillin,classification_anchor,1.5908037919303823e-05,80,2;2;1;6;1;2,-4.237332896041495,0.0004419359756673078,1.0995440653610582,32.2706363814534
ampicillin,classification_anchor,1.5908037919303823e-05,81,6;5;3;1;1;3,-4.803392484343958,0.0007787198265180644,1.1910859284250361,51.43291599905999
ampicillin,classification_anchor,1.5908037919303823e-05,82,5;6;5;5;4;4,-3.825700612418394,5.840968947959816e-05,0.7470694859972723,54.52256798915286
ampicillin,classification_anchor,1.5908037919303823e-05,83,1;3;3;5;2;5,-4.790481092030328,0.0008146359017492144,1.2224936399876951,44.48442175655777
ampicillin,classification_anchor,1.5908037919303823e-05,84,1;2;1;5;2;6,-4.329472861464874,0.0006052703947945301,1.1544049822929385,36.3019980336094
ampicillin,classification_anchor,1.5908037919303823e-05,85,1;1;2;2;3;4,-4.2306013777806015,3.1302065417822194e-05,0.7120917915696295,48.21824211962279
ampicillin,classification_anchor,1.5908037919303823e-05,86,4;5;2;3;2;4,-3.920546139994115,1.0000001238092958e-08,0.5611953374132708,51.48328109685204
ampicillin,classification_anchor,1.5908037919303823e-05,87,6;3;3;4;4;5,-4.02458738373609,9.503464259360572e-06,0.5939450884078514,75.57116294803289
ampicillin,classification_anchor,1.5908037919303823e-05,88,4;4;4;5;3;4,-3.80714766699626,1.0000000000017249e-08,0.534704733523078,60.756237993800525
ampicillin,classification_anchor,1.5908037919303823e-05,89,5;2;4;5;5;6,-4.0243753335572245,0.0004116990901412093,1.0274197197138268,47.280701084173735
ampicillin,classification_anchor,1.5908037919303823e-05,90,6;1;4;5;5;5,-4.1918219092745534,0.00046647239541650206,1.0586105639354977,54.35278270663143
ampicillin,classification_anchor,1.5908037919303823e-05,91,3;1;2;2;5;4,-4.195125475950039,9.528665562382842e-05,0.8142514059951461,50.553243402758895
ampicillin,classification_anchor,1.5908037919303823e-05,92,2;3;5;2;1;4,-4.194973660004817,9.497742498638801e-05,0.8138233544063946,50.55324091345768
ampicillin,classification_anchor,1.5908037919303823e-05,93,1;6;1;3;4;3,-4.42126661624983,0.00014334135613467715,0.8586675787930015,67.35821580243105
ampicillin,classification_anchor,1.5908037919303823e-05,94,6;2;1;2;2;1,-4.238435137421394,0.00044577568274441567,1.1013896986172032,32.27049770162211
ampicillin,classification_anchor,1.5908037919303823e-05,95,1;4;6;4;1;4,-3.876901315764901,1.000000306570853e-08,0.5774751017705779,55.26245067501801
ampicillin,classification_anchor,1.5908037919303823e-05,96,4;3;1;3;4;3,-4.32719275034359,1.000007686709843e-08,0.5676044130979715,76.923584551724
ampicillin,classification_anchor,1.5908037919303823e-05,97,1;4;1;4;4;2,-3.918852803266126,1.0000000000822898e-08,0.5771237989993105,48.91170351912532
ampicillin,classification_anchor,1.5908037919303823e-05,98,1;5;4;6;3;1,-4.321214056280412,0.00021146899970383504,0.9303949270117047,61.75489905961615
ampicillin,classification_anchor,1.5908037919303823e-05,99,4;6;4;6;2;3,-3.7978974753764203,1.0000000036790109e-08,0.5392880120504931,53.96599419160502
ampicillin,classification_anchor,1.5908037919303823e-05,100,1;4;6;3;2;4,-3.954742861245091,1.0000000950803766e-08,0.5650990921551619,58.65202040298562
ampicillin,classification_anchor,1.5908037919303823e-05,101,5;3;5;3;4;3,-4.678069614485259,0.00038474290745183886,1.0000556641935532,70.8165528521171
ampicillin,classification_anchor,1.5908037919303823e-05,102,1;2;5;1;5;4,-4.230583952292018,0.00017868771017354404,0.936645352021629,46.023400147796096
ampicillin,classification_anchor,1.5908037919303823e-05,103,5;6;6;4;3;5,-4.208850298540741,0.0007504970923543306,1.094894129932834,63.69733453013762
ampicillin,classification_anchor,1.5908037919303823e-05,104,1;1;3;6;5;1,-4.672642349910721,0.0006320634634751197,1.1717201158394035,44.4494192085041
ampicillin,classification_anchor,1.5908037919303823e-05,105,3;5;2;5;1;4,-4.311043154814944,0.00023102510985896445,0.9522982766953338,55.13758112187038
ampicillin,classification_anchor,1.5908037919303823e-05,106,2;4;3;2;4;4,-3.8335552493520417,1.0000000071579489e-08,0.5065442950515189,46.21755362083888
ampicillin,classification_anchor,1.5908037919303823e-05,107,2;6;4;4;1;5,-3.848944527216753,1.000000019962622e-08,0.5912354847259926,48.527006602423576
ampicillin,classification_anchor,1.5908037919303823e-05,108,3;3;3;2;1;6,-4.82312046850757,0.0007848961530654199,1.1789951537076053,56.98646662799875
ampicillin,classification_anchor,1.5908037919303823e-05,109,4;2;6;6;1;3,-4.02739666147386,7.331989287832016e-05,0.7443548156307946,59.07629161922891
ampicillin,classification_anchor,1.5908037919303823e-05,110,5;3;4;2;1;1,-4.340572034255906,0.00013382740194501491,0.8852498841841362,52.576311876265166
ampicillin,classification_anchor,1.5908037919303823e-05,111,5;4;5;3;5;1,-4.428687327643829,0.00038816652082530477,1.038781120259123,58.778542124716274
ampicillin,classification_anchor,1.5908037919303823e-05,112,5;1;1;1;4;5,-4.3578308973406505,0.00018881140692294672,0.9596543795322509,47.33763721280252
ampicillin,classification_anchor,1.5908037919303823e-05,113,4;2;6;1;5;4,-3.8489541604313264,1.0000019691427342e-08,0.5912333014429013,48.52700661217711
ampicillin,classification_anchor,1.5908037919303823e-05,114,4;4;6;3;3;6,-3.9311571536878973,1.0001197808146764e-08,0.5384951033454639,73.80105051110395
ampicillin,classification_anchor,1.5908037919303823e-05,115,1;1;5;4;3;1,-4.4651015032549655,0.00015154831109278334,0.9240112593710054,52.073518300398455
ampicillin,classification_anchor,1.5908037919303823e-05,116,3;4;5;3;5;2,-4.411654856754594,0.0003011709308190233,0.9645986872166912,63.464418113967184
ampicillin,classification_anchor,1.5908037919303823e-05,117,6;5;1;6;6;2,-4.19955199948283,0.0010875214763525585,1.196523373127657,44.46240285904154
ampicillin,classification_anchor,1.5908037919303823e-05,118,5;3;5;6;4;4,-3.928656019275597,3.906554039032721e-05,0.6903447204535877,66.26250406173929
ampicillin,classification_anchor,1.5908037919303823e-05,119,2;2;5;4;4;6,-3.736511176618464,1.0000000103038948e-08,0.5645499724149765,36.61682209024937
ampicillin,classification_anchor,1.5908037919303823e-05,120,4;6;1;3;6;6,-4.0389612615274135,0.0001888869085571657,0.8631404925612024,65.27725846100334
ampicillin,classification_anchor,1.5908037919303823e-05,121,1;4;6;2;4;6,-3.782386939136367,1.0000002467604649e-08,0.5673965574863403,45.14769519579775
ampicillin,classification_anchor,1.5908037919303823e-05,122,3;1;3;5;4;3,-4.661541608349871,0.00020378980949641823,0.9189524597540206,66.97941009157101
ampicillin,classification_anchor,1.5908037919303823e-05,123,3;1;5;3;6;5,-4.84500757028079,0.0012350794749809342,1.2478308868838062,54.70650302236189
ampicillin,classification_anchor,1.5908037919303823e-05,124,5;3;4;1;4;2,-4.0374534072261135,1.0000003111019038e-08,0.595350294527507,59.30363164915422
ampicillin,classification_anchor,1.5908037919303823e-05,125,5;1;3;2;2;6,-4.427465679175201,0.0007447608052369815,1.1687298488273785,45.15209416868437
ampicillin,classification_anchor,1.5908037919303823e-05,126,5;6;5;1;4;5,-4.190756832421188,0.0004647542300116284,1.0581866124815476,54.35277717706082
ampicillin,classification_anchor,1.5908037919303823e-05,127,5;2;6;3;4;5,-4.157199834673433,0.00036040576138615085,0.9857394819778461,58.13796802217208
ampicillin,classification_anchor,1.5908037919303823e-05,128,3;3;5;2;3;1,-4.953344237617758,0.0008889578075881685,1.2673104967498763,45.563035641657635
ampicillin,classification_anchor,1.5908037919303823e-05,129,5;4;5;6;4;4,-3.717413001244378,1.0000000000063043e-08,0.5767956907145523,49.99534914295659
ampicillin,classification_anchor,1.5908037919303823e-05,130,6;3;3;1;3;5,-4.995518322345506,0.0011207733316231413,1.2363136606261966,57.334711241126165
ampicillin,classification_anchor,1.5908037919303823e-05,131,6;5;5;3;2;3,-4.778942988349154,0.0018298219708160976,1.3008269046372656,55.0509274131752
ampicillin,classification_anchor,1.5908037919303823e-05,132,3;5;3;3;2;6,-4.9260886033807285,0.0015681925471103713,1.2741718943724318,59.80956866916892
ampicillin,classification_anchor,1.5908037919303823e-05,133,3;5;4;2;2;5,-4.15391746231003,0.0001953024333822874,0.9043692173213088,51.52473288371185
ampicillin,classification_anchor,1.5908037919303823e-05,134,3;1;5;6;4;3,-4.426239183288784,0.0002947780229054628,0.954998583587448,69.90497371667598
ampicillin,classification_anchor,1.5908037919303823e-05,135,6;1;2;5;3;6,-4.443357762860656,0.0010341041244495317,1.1963334162771033,52.50770389110114
ampicillin,classification_anchor,1.5908037919303823e-05,136,1;6;3;3;3;1,-4.948990722390657,0.0007581408840047607,1.1989173885066011,52.91997234692971
ampicillin,classification_anchor,1.5908037919303823e-05,137,6;1;1;1;1;6,-4.471359693617471,0.0005347459248713746,1.1296829765513674,44.56807030436751
ampicillin,classification_anchor,1.5908037919303823e-05,138,5;4;6;6;1;3,-4.184105763835417,0.0003221236758416774,0.963902338705427,65.22818753644056
ampicillin,classification_anchor,1.5908037919303823e-05,139,1;3;5;1;1;4,-4.465041377829707,0.00015155901547437415,0.9240792873435902,52.07351875357311
ampicillin,classification_anchor,1.5908037919303823e-05,140,2;6;3;2;2;6,-4.1190707867187975,0.0004626144260793663,1.0239040857726718,42.76779266031394
ampicillin,classification_anchor,1.5908037919303823e-05,141,2;6;5;6;1;5,-4.316249037023114,0.0012026758855842431,1.2327428302822427,43.43131751619706
ampicillin,classification_anchor,1.5908037919303823e-05,142,2;1;3;2;1;6,-4.453975061997747,0.0005456040910439374,1.1355544507158912,43.24051196211143
ampicillin,classification_anchor,1.5908037919303823e-05,143,1;3;5;1;4;4,-4.147626689643787,1.3065503992723967e-08,0.6240016738002573,63.974809552257675
ampicillin,classification_anchor,1.5908037919303823e-05,144,6;4;5;6;3;2,-4.0060638633818435,0.00021577231035122365,0.884095235468329,57.707551891988906
ampicillin,classification_anchor,1.5908037919303823e-05,145,2;1;3;1;3;6,-4.684694038288727,0.0006313636906323108,1.1621457729568117,50.18750076606128
ampicillin,classification_anchor,1.5908037919303823e-05,146,2;4;4;4;6;5,-3.695046589007164,1.0000000738977494e-08,0.5514545984843028,39.91403509216596
ampicillin,classification_anchor,1.5908037919303823e-05,147,5;6;2;1;6;6,-4.199656545216311,0.0010882830546840513,1.1966513788997712,44.46240212373612
ampicillin,classification_anchor,1.5908037919303823e-05,148,5;3;2;2;4;3,-4.267331275166019,0.00010755896206354203,0.7919369243827484,59.11239805059449
ampicillin,classification_anchor,1.5908037919303823e-05,149,1;2;3;4;3;4,-4.159350330901828,1.010446158645744e-08,0.5646801760935612,66.06056920666487
ampicillin,classification_anchor,1.5908037919303823e-05,150,1;3;1;2;3;2,-4.731363070544056,0.0008436487288903129,1.3050539433288944,37.71325244667308
ampicillin,classification_anchor,1.5908037919303823e-05,151,6;1;3;1;5;2,-4.555714957966233,0.0006893592626347442,1.1722929372414788,45.917497961453634
ampicillin,classification_anchor,1.5908037919303823e-05,152,4;5;4;4;4;5,-3.715022076527941,1.0000000027323405e-08,0.5614429818329219,48.63837405763068
ampicillin,classification_anchor,1.5908037919303823e-05,153,3;5;4;2;4;6,-3.869174591446931,1.4225527352783906e-08,0.5649663068080766,57.79802091111813
ampicillin,classification_anchor,1.5908037919303823e-05,154,5;1;4;1;3;5,-4.443728842008354,0.00023618479427814254,0.9747911619560048,55.98520354878438
ampicillin,classification_anchor,1.5908037919303823e-05,155,2;5;1;1;4;1,-4.275117813266632,0.00012076660236903082,0.8931784587711403,43.55129546638679
ampicillin,classification_anchor,1.5908037919303823e-05,156,3;5;5;6;3;5,-6.06694405265532,0.013828834929368372,1.6248551956934931,54.952884827135705
ampicillin,classification_anchor,1.5908037919303823e-05,157,5;2;3;1;3;4,-4.423612443059917,0.00015522123014951632,0.8780855371392754,60.91096854177071
ampicillin,classification_anchor,1.5908037919303823e-05,158,5;3;2;4;6;3,-4.270929808954472,0.00024802959165066854,0.9016805013684744,66.7640235484313
ampicillin,classification_anchor,1.5908037919303823e-05,159,2;6;3;4;2;4,-3.8433532457720783,1.0000029069371045e-08,0.5299868223302845,48.185870765870426
ampicillin,classification_anchor,1.5908037919303823e-05,160,2;5;6;6;6;4,-3.7650890099475847,0.0001246974698748797,0.8147693949750974,41.99917646454022
ampicillin,classification_anchor,1.5908037919303823e-05,161,3;1;3;4;5;6,-4.426117026381833,0.0002945524269694998,0.9548804285424785,69.90497394723923
ampicillin,classification_anchor,1.5908037919303823e-05,162,5;6;5;6;4;6,-3.9250189981657,0.0005466243591001127,1.049300043227898,49.9124607711335
ampicillin,classification_anchor,1.5908037919303823e-05,163,5;2;1;3;6;2,-4.428078550214118,0.0007472273466044743,1.1692005250423336,45.15210661322617
ampicillin,classification_anchor,1.5908037919303823e-05,164,6;3;5;2;1;4,-4.174069182504619,0.00016758712552759152,0.8760219409354343,58.3562395813026
ampicillin,classification_anchor,1.5908037919303823e-05,165,6;4;3;4;3;1,-4.096939231354123,1.0000535573402122e-08,0.5662883586462969,74.43694128258224
ampicillin,classification_anchor,1.5908037919303823e-05,166,5;1;1;4;4;5,-4.036510117878571,8.768273161480728e-08,0.6396665394354153,56.526890428247356
ampicillin,classification_anchor,1.5908037919303823e-05,167,6;5;2;5;1;2,-4.302758625010326,0.0008812801011769712,1.2037287112367572,36.909950643873316
ampicillin,classification_anchor,1.5908037919303823e-05,168,4;4;1;4;5;3,-3.9681658518442453,1.0000000007086758e-08,0.5782177531860723,66.19675002515109
ampicillin,classification_anchor,1.5908037919303823e-05,169,2;6;4;5;1;5,-4.062029691727579,0.00021963853997109244,0.934999207738792,48.978772655496094
ampicillin,classification_anchor,1.5908037919303823e-05,170,5;4;4;2;5;5,-3.853748848548068,2.7584032544807095e-05,0.6920455029774736,48.98443365352219
ampicillin,classification_anchor,1.5908037919303823e-05,171,1;4;6;3;3;5,-4.426126030122511,0.0002945666514655067,0.9548882021209845,69.9049739052572
ampicillin,classification_anchor,1.5908037919303823e-05,172,4;5;2;3;6;4,-3.869178537891633,1.051572277896768e-08,0.5649485656393838,57.79800492413574
ampicillin,classification_anchor,1.5908037919303823e-05,173,5;5;3;1;2;6,-4.5538104330948,0.0010255280134660845,1.2217077504906104,47.99865807395099
ampicillin,classification_anchor,1.5908037919303823e-05,174,4;3;5;2;2;1,-4.194956996150858,9.497830846651306e-05,0.8138275863858981,50.5532408873965
ampicillin,classification_anchor,1.5908037919303823e-05,175,2;6;1;4;1;3,-4.198202281709404,6.93770324129532e-05,0.7704289563874909,57.08789506722115
ampicillin,classification_anchor,1.5908037919303823e-05,176,2;5;4;1;3;1,-4.340596711666109,0.0001338604859966496,0.8852863972142765,52.57631192349969
ampicillin,classification_anchor,1.5908037919303823e-05,177,3;3;3;1;2;3,-6.791599279525386,0.02966768306298398,2.1419594052298803,40.05678309589295
ampicillin,classification_anchor,1.5908037919303823e-05,178,2;3;1;3;4;4,-4.159298754200882,1.0000904762906598e-08,0.564719893452337,66.0605657311064
ampicillin,classification_anchor,1.5908037919303823e-05,179,4;5;1;6;3;1,-4.318984240090384,0.00020630635648458267,0.9266201499865694,61.75510713146954
ampicillin,classification_anchor,1.5908037919303823e-05,180,2;4;1;3;4;5,-4.037457905930158,1.0000006432495344e-08,0.5953498125851887,59.303631649645425
ampicillin,classification_anchor,1.5908037919303823e-05,181,6;6;3;3;4;6,-4.17505174685628,0.00042429988084969006,0.957095959807728,73.34622564331983
ampicillin,classification_anchor,1.5908037919303823e-05,182,1;2;1;1;5;6,-4.456954010663231,0.000574257566420553,1.1577489677995503,37.55139379277233
ampicillin,classification_anchor,1.5908037919303823e-05,183,6;5;3;1;5;6,-4.603581632665149,0.001552008986518328,1.2650853532469062,55.25967084001147
ampicillin,classification_anchor,1.5908037919303823e-05,184,6;4;2;3;6;6,-3.8617617531758497,8.415707382961628e-05,0.7369291714860982,55.13902569340449
ampicillin,classification_anchor,1.5908037919303823e-05,185,5;4;1;3;4;6,-3.9827851974196746,1.0000028143980703e-08,0.5926469201214309,66.71025321805035
ampicillin,classification_anchor,1.5908037919303823e-05,186,1;3;4;2;6;4,-3.9547457896441354,1.0000088104407007e-08,0.5650969840099964,58.65202040396997
ampicillin,classification_anchor,1.5908037919303823e-05,187,1;5;4;5;4;2,-3.9239995225189257,1.0000136606034737e-08,0.6172496203968311,50.17179198890464
ampicillin,classification_anchor,1.5908037919303823e-05,188,4;1;5;6;3;4,-3.9827860043543377,1.0000568973260063e-08,0.5926448202458124,66.71025322103227
ampicillin,classification_anchor,1.5908037919303823e-05,189,3;3;2;2;2;1,-4.612346184389889,0.0009411871288002969,1.3065919482859216,40.94127782931653
ampicillin,classification_anchor,1.5908037919303823e-05,190,6;5;6;6;5;2,-4.236328312288777,0.0021763086818179555,1.3078174575396004,40.549333889718966
ampicillin,classification_anchor,1.5908037919303823e-05,191,4;5;6;2;1;4,-3.848944077996461,1.0000833907646699e-08,0.591240759921263,48.52700660559008
ampicillin,classification_anchor,1.5908037919303823e-05,192,4;6;1;1;5;6,-4.089491863331055,0.0001925516677734849,0.9094239398724446,56.223478307420635
ampicillin,classification_anchor,1.5908037919303823e-05,193,1;4;3;5;2;3,-4.4236578444561,0.00015527217961308311,0.8781297099954102,60.910968635169596
ampicillin,classification_anchor,1.5908037919303823e-05,194,3;6;1;6;1;2,-4.441948969927879,0.0006521384488885173,1.130665724200403,51.97368562038553
ampicillin,classification_anchor,1.5908037919303823e-05,195,2;5;6;1;3;5,-4.553909236794439,0.0010259440858634652,1.2217953217956288,47.998657807991506
ampicillin,classification_anchor,1.5908037919303823e-05,196,6;2;3;5;3;5,-4.778615447193139,0.0018269432521760037,1.3005146924489572,55.05092673528317
ampicillin,classification_anchor,1.5908037919303823e-05,197,1;4;3;2;5;4,-4.037451987310579,1.0006274140196212e-08,0.5953549434654087,59.30363172481547
ampicillin,classification_anchor,1.5908037919303823e-05,198,5;4;3;4;6;2,-3.8691773296001926,1.9129084654638217e-08,0.564977470069807,57.798042031983535
ampicillin,classification_anchor,1.5908037919303823e-05,199,1;5;1;5;3;4,-4.443682096746997,0.0002361251217792536,0.9747457303066535,55.985203177238006
ampicillin,classification_anchor,1.5908037919303823e-05,200,6;5;3;4;2;5,-4.156225015158288,0.0003575021902179906,0.9844502102901699,58.13791570854494
