tier,noise_fraction,trial,split_id,n_train_observations,n_test_observations,train_times_h,test_times_h,method,test_rmse_observed_log,test_rmse_latent_log,alpha,beta,alpha_relative_error_pct,beta_relative_error_pct,training_objective,initial_condition_max_abs_error
low,0.05,1,3877a033379a,80,20,0;0.12121212;0.24242424;0.48484848;0.60606061;0.84848485;0.96969697;1.0909091;1.2121212;1.3333333;1.4545455;1.5757576;1.8181818;1.9393939;2.0606061;2.3030303;2.4242424;2.6666667;2.7878788;2.9090909;3.030303;3.3939394;3.6363636;3.7575758;4;4.1212121;4.2424242;4.4848485;4.6060606;4.7272727;4.8484848;4.969697;5.0909091;5.2121212;5.3333333;5.4545455;5.5757576;5.6969697;5.8181818;5.9393939;6.0606061;6.1818182;6.3030303;6.6666667;6.7878788;6.9090909;7.1515152;7.2727273;7.3939394;7.5151515;7.8787879;8;8.1212121;8.2424242;8.3636364;8.4848485;8.6060606;8.7272727;8.8484848;8.969697;9.0909091;9.3333333;9.5757576;9.6969697;9.8181818;9.9393939;10.060606;10.30303;10.424242;10.666667;10.787879;10.909091;11.030303;11.151515;11.272727;11.393939;11.636364;11.757576;11.878788;12,0.36363636;0.72727273;1.6969697;2.1818182;2.5454545;3.1515152;3.2727273;3.5151515;3.8787879;4.3636364;6.4242424;6.5454545;7.030303;7.6363636;7.7575758;9.2121212;9.4545455;10.181818;10.545455;11.515152,NLLS,0.05793390061152465,0.006531607016725008,0.0009993459899973866,0.10584604872393232,0.06540100026134477,5.846048723932307,0.22141675001551236,0.0
low,0.05,1,3877a033379a,80,20,0;0.12121212;0.24242424;0.48484848;0.60606061;0.84848485;0.96969697;1.0909091;1.2121212;1.3333333;1.4545455;1.5757576;1.8181818;1.9393939;2.0606061;2.3030303;2.4242424;2.6666667;2.7878788;2.9090909;3.030303;3.3939394;3.6363636;3.7575758;4;4.1212121;4.2424242;4.4848485;4.6060606;4.7272727;4.8484848;4.969697;5.0909091;5.2121212;5.3333333;5.4545455;5.5757576;5.6969697;5.8181818;5.9393939;6.0606061;6.1818182;6.3030303;6.6666667;6.7878788;6.9090909;7.1515152;7.2727273;7.3939394;7.5151515;7.8787879;8;8.1212121;8.2424242;8.3636364;8.4848485;8.6060606;8.7272727;8.8484848;8.969697;9.0909091;9.3333333;9.5757576;9.6969697;9.8181818;9.9393939;10.060606;10.30303;10.424242;10.666667;10.787879;10.909091;11.030303;11.151515;11.272727;11.393939;11.636364;11.757576;11.878788;12,0.36363636;0.72727273;1.6969697;2.1818182;2.5454545;3.1515152;3.2727273;3.5151515;3.8787879;4.3636364;6.4242424;6.5454545;7.030303;7.6363636;7.7575758;9.2121212;9.4545455;10.181818;10.545455;11.515152,NN,0.07598250079417214,0.053892493874684116,,,,,0.004146159054274953,0.0
low,0.05,1,3877a033379a,80,20,0;0.12121212;0.24242424;0.48484848;0.60606061;0.84848485;0.96969697;1.0909091;1.2121212;1.3333333;1.4545455;1.5757576;1.8181818;1.9393939;2.0606061;2.3030303;2.4242424;2.6666667;2.7878788;2.9090909;3.030303;3.3939394;3.6363636;3.7575758;4;4.1212121;4.2424242;4.4848485;4.6060606;4.7272727;4.8484848;4.969697;5.0909091;5.2121212;5.3333333;5.4545455;5.5757576;5.6969697;5.8181818;5.9393939;6.0606061;6.1818182;6.3030303;6.6666667;6.7878788;6.9090909;7.1515152;7.2727273;7.3939394;7.5151515;7.8787879;8;8.1212121;8.2424242;8.3636364;8.4848485;8.6060606;8.7272727;8.8484848;8.969697;9.0909091;9.3333333;9.5757576;9.6969697;9.8181818;9.9393939;10.060606;10.30303;10.424242;10.666667;10.787879;10.909091;11.030303;11.151515;11.272727;11.393939;11.636364;11.757576;11.878788;12,0.36363636;0.72727273;1.6969697;2.1818182;2.5454545;3.1515152;3.2727273;3.5151515;3.8787879;4.3636364;6.4242424;6.5454545;7.030303;7.6363636;7.7575758;9.2121212;9.4545455;10.181818;10.545455;11.515152,PINN,0.07168445266199519,0.049398639015243856,0.0007446472307189718,0.008415990062551044,25.535276928102824,91.58400993744895,0.009455397381573175,0.0
low,0.05,2,fe60b53a55d9,80,20,0;0.60606061;0.72727273;0.84848485;0.96969697;1.0909091;1.3333333;1.4545455;1.5757576;1.6969697;1.9393939;2.0606061;2.1818182;2.3030303;2.4242424;2.6666667;2.7878788;2.9090909;3.030303;3.1515152;3.2727273;3.3939394;3.5151515;3.6363636;3.7575758;4;4.1212121;4.2424242;4.6060606;4.7272727;4.8484848;4.969697;5.0909091;5.2121212;5.3333333;5.4545455;5.5757576;5.8181818;5.9393939;6.0606061;6.1818182;6.4242424;6.5454545;6.6666667;6.7878788;6.9090909;7.2727273;7.3939394;7.5151515;7.6363636;7.7575758;7.8787879;8.1212121;8.2424242;8.4848485;8.6060606;8.7272727;8.8484848;8.969697;9.2121212;9.4545455;9.5757576;9.6969697;9.9393939;10.060606;10.181818;10.30303;10.424242;10.545455;10.666667;10.787879;10.909091;11.030303;11.272727;11.393939;11.515152;11.636364;11.757576;11.878788;12,0.12121212;0.24242424;0.36363636;0.48484848;1.2121212;1.8181818;2.5454545;3.8787879;4.3636364;4.4848485;5.6969697;6.3030303;7.030303;7.1515152;8;8.3636364;9.0909091;9.3333333;9.8181818;11.151515,NLLS,0.04925097089723952,0.005040587426370157,0.0009703170574472156,0.0949593713422274,2.9682942552784475,5.040628657772606,0.19256225220150008,0.0
low,0.05,2,fe60b53a55d9,80,20,0;0.60606061;0.72727273;0.84848485;0.96969697;1.0909091;1.3333333;1.4545455;1.5757576;1.6969697;1.9393939;2.0606061;2.1818182;2.3030303;2.4242424;2.6666667;2.7878788;2.9090909;3.030303;3.1515152;3.2727273;3.3939394;3.5151515;3.6363636;3.7575758;4;4.1212121;4.2424242;4.6060606;4.7272727;4.8484848;4.969697;5.0909091;5.2121212;5.3333333;5.4545455;5.5757576;5.8181818;5.9393939;6.0606061;6.1818182;6.4242424;6.5454545;6.6666667;6.7878788;6.9090909;7.2727273;7.3939394;7.5151515;7.6363636;7.7575758;7.8787879;8.1212121;8.2424242;8.4848485;8.6060606;8.7272727;8.8484848;8.969697;9.2121212;9.4545455;9.5757576;9.6969697;9.9393939;10.060606;10.181818;10.30303;10.424242;10.545455;10.666667;10.787879;10.909091;11.030303;11.272727;11.393939;11.515152;11.636364;11.757576;11.878788;12,0.12121212;0.24242424;0.36363636;0.48484848;1.2121212;1.8181818;2.5454545;3.8787879;4.3636364;4.4848485;5.6969697;6.3030303;7.030303;7.1515152;8;8.3636364;9.0909091;9.3333333;9.8181818;11.151515,NN,0.06436838737599257,0.053713137701755086,,,,,0.004583236612424196,0.0
low,0.05,2,fe60b53a55d9,80,20,0;0.60606061;0.72727273;0.84848485;0.96969697;1.0909091;1.3333333;1.4545455;1.5757576;1.6969697;1.9393939;2.0606061;2.1818182;2.3030303;2.4242424;2.6666667;2.7878788;2.9090909;3.030303;3.1515152;3.2727273;3.3939394;3.5151515;3.6363636;3.7575758;4;4.1212121;4.2424242;4.6060606;4.7272727;4.8484848;4.969697;5.0909091;5.2121212;5.3333333;5.4545455;5.5757576;5.8181818;5.9393939;6.0606061;6.1818182;6.4242424;6.5454545;6.6666667;6.7878788;6.9090909;7.2727273;7.3939394;7.5151515;7.6363636;7.7575758;7.8787879;8.1212121;8.2424242;8.4848485;8.6060606;8.7272727;8.8484848;8.969697;9.2121212;9.4545455;9.5757576;9.6969697;9.9393939;10.060606;10.181818;10.30303;10.424242;10.545455;10.666667;10.787879;10.909091;11.030303;11.272727;11.393939;11.515152;11.636364;11.757576;11.878788;12,0.12121212;0.24242424;0.36363636;0.48484848;1.2121212;1.8181818;2.5454545;3.8787879;4.3636364;4.4848485;5.6969697;6.3030303;7.030303;7.1515152;8;8.3636364;9.0909091;9.3333333;9.8181818;11.151515,PINN,0.06169960300599932,0.04275075312218652,0.000774008653948849,0.001017728619128297,22.5991346051151,98.9822713808717,0.010778072788298404,0.0
low,0.05,3,3ee3928f51f6,80,20,0;0.12121212;0.24242424;0.36363636;0.48484848;0.72727273;0.84848485;0.96969697;1.2121212;1.3333333;1.4545455;1.6969697;1.8181818;1.9393939;2.0606061;2.1818182;2.3030303;2.4242424;2.7878788;3.030303;3.2727273;3.3939394;3.6363636;3.7575758;3.8787879;4.3636364;4.6060606;4.8484848;5.0909091;5.2121212;5.3333333;5.4545455;5.5757576;5.6969697;5.9393939;6.0606061;6.3030303;6.4242424;6.5454545;6.6666667;6.9090909;7.030303;7.1515152;7.2727273;7.3939394;7.6363636;7.7575758;7.8787879;8;8.1212121;8.3636364;8.4848485;8.6060606;8.7272727;8.8484848;8.969697;9.0909091;9.2121212;9.3333333;9.4545455;9.5757576;9.6969697;9.8181818;9.9393939;10.060606;10.181818;10.424242;10.545455;10.666667;10.787879;10.909091;11.030303;11.151515;11.272727;11.393939;11.515152;11.636364;11.757576;11.878788;12,0.60606061;1.0909091;1.5757576;2.5454545;2.6666667;2.9090909;3.1515152;3.5151515;4;4.1212121;4.2424242;4.4848485;4.7272727;4.969697;5.8181818;6.1818182;6.7878788;7.5151515;8.2424242;10.30303,NLLS,0.04144139081277234,0.0027108340300182154,0.0010198151945762606,0.10219818595599338,1.9815194576260575,2.1981859559933703,0.1735835276049434,0.0
low,0.05,3,3ee3928f51f6,80,20,0;0.12121212;0.24242424;0.36363636;0.48484848;0.72727273;0.84848485;0.96969697;1.2121212;1.3333333;1.4545455;1.6969697;1.8181818;1.9393939;2.0606061;2.1818182;2.3030303;2.4242424;2.7878788;3.030303;3.2727273;3.3939394;3.6363636;3.7575758;3.8787879;4.3636364;4.6060606;4.8484848;5.0909091;5.2121212;5.3333333;5.4545455;5.5757576;5.6969697;5.9393939;6.0606061;6.3030303;6.4242424;6.5454545;6.6666667;6.9090909;7.030303;7.1515152;7.2727273;7.3939394;7.6363636;7.7575758;7.8787879;8;8.1212121;8.3636364;8.4848485;8.6060606;8.7272727;8.8484848;8.969697;9.0909091;9.2121212;9.3333333;9.4545455;9.5757576;9.6969697;9.8181818;9.9393939;10.060606;10.181818;10.424242;10.545455;10.666667;10.787879;10.909091;11.030303;11.151515;11.272727;11.393939;11.515152;11.636364;11.757576;11.878788;12,0.60606061;1.0909091;1.5757576;2.5454545;2.6666667;2.9090909;3.1515152;3.5151515;4;4.1212121;4.2424242;4.4848485;4.7272727;4.969697;5.8181818;6.1818182;6.7878788;7.5151515;8.2424242;10.30303,NN,0.08551462961299527,0.05926844304869105,,,,,0.0042318270020313895,0.0
low,0.05,3,3ee3928f51f6,80,20,0;0.12121212;0.24242424;0.36363636;0.48484848;0.72727273;0.84848485;0.96969697;1.2121212;1.3333333;1.4545455;1.6969697;1.8181818;1.9393939;2.0606061;2.1818182;2.3030303;2.4242424;2.7878788;3.030303;3.2727273;3.3939394;3.6363636;3.7575758;3.8787879;4.3636364;4.6060606;4.8484848;5.0909091;5.2121212;5.3333333;5.4545455;5.5757576;5.6969697;5.9393939;6.0606061;6.3030303;6.4242424;6.5454545;6.6666667;6.9090909;7.030303;7.1515152;7.2727273;7.3939394;7.6363636;7.7575758;7.8787879;8;8.1212121;8.3636364;8.4848485;8.6060606;8.7272727;8.8484848;8.969697;9.0909091;9.2121212;9.3333333;9.4545455;9.5757576;9.6969697;9.8181818;9.9393939;10.060606;10.181818;10.424242;10.545455;10.666667;10.787879;10.909091;11.030303;11.151515;11.272727;11.393939;11.515152;11.636364;11.757576;11.878788;12,0.60606061;1.0909091;1.5757576;2.5454545;2.6666667;2.9090909;3.1515152;3.5151515;4;4.1212121;4.2424242;4.4848485;4.7272727;4.969697;5.8181818;6.1818182;6.7878788;7.5151515;8.2424242;10.30303,PINN,0.061432495415955087,0.044260149337155136,0.0008584327684886254,0.0030937083175024936,14.156723151137463,96.9062916824975,0.01041002514144253,0.0
low,0.05,4,ad6abebe12d8,80,20,0;0.12121212;0.24242424;0.36363636;0.48484848;0.60606061;0.72727273;0.84848485;0.96969697;1.0909091;1.2121212;1.5757576;1.6969697;1.8181818;1.9393939;2.1818182;2.3030303;2.4242424;2.5454545;2.7878788;3.030303;3.3939394;3.5151515;3.6363636;3.7575758;4.2424242;4.3636364;4.4848485;4.6060606;4.969697;5.0909091;5.2121212;5.3333333;5.5757576;5.8181818;5.9393939;6.0606061;6.1818182;6.3030303;6.5454545;6.6666667;6.7878788;6.9090909;7.030303;7.1515152;7.2727273;7.3939394;7.5151515;7.6363636;7.7575758;7.8787879;8;8.1212121;8.4848485;8.6060606;8.7272727;8.8484848;8.969697;9.0909091;9.2121212;9.3333333;9.4545455;9.6969697;9.8181818;9.9393939;10.060606;10.181818;10.30303;10.424242;10.666667;10.787879;11.030303;11.151515;11.272727;11.393939;11.515152;11.636364;11.757576;11.878788;12,1.3333333;1.4545455;2.0606061;2.6666667;2.9090909;3.1515152;3.2727273;3.8787879;4;4.1212121;4.7272727;4.8484848;5.4545455;5.6969697;6.4242424;8.2424242;8.3636364;9.5757576;10.545455;10.909091,NLLS,0.04315298352215972,0.003370322882921072,0.0009922398482680136,0.09357622177865381,0.7760151731986409,6.423778221346199,0.20446768062146636,0.0
low,0.05,4,ad6abebe12d8,80,20,0;0.12121212;0.24242424;0.36363636;0.48484848;0.60606061;0.72727273;0.84848485;0.96969697;1.0909091;1.2121212;1.5757576;1.6969697;1.8181818;1.9393939;2.1818182;2.3030303;2.4242424;2.5454545;2.7878788;3.030303;3.3939394;3.5151515;3.6363636;3.7575758;4.2424242;4.3636364;4.4848485;4.6060606;4.969697;5.0909091;5.2121212;5.3333333;5.5757576;5.8181818;5.9393939;6.0606061;6.1818182;6.3030303;6.5454545;6.6666667;6.7878788;6.9090909;7.030303;7.1515152;7.2727273;7.3939394;7.5151515;7.6363636;7.7575758;7.8787879;8;8.1212121;8.4848485;8.6060606;8.7272727;8.8484848;8.969697;9.0909091;9.2121212;9.3333333;9.4545455;9.6969697;9.8181818;9.9393939;10.060606;10.181818;10.30303;10.424242;10.666667;10.787879;11.030303;11.151515;11.272727;11.393939;11.515152;11.636364;11.757576;11.878788;12,1.3333333;1.4545455;2.0606061;2.6666667;2.9090909;3.1515152;3.2727273;3.8787879;4;4.1212121;4.7272727;4.8484848;5.4545455;5.6969697;6.4242424;8.2424242;8.3636364;9.5757576;10.545455;10.909091,NN,0.08264666654552229,0.06752439668113838,,,,,0.004652512307102964,0.0
low,0.05,4,ad6abebe12d8,80,20,0;0.12121212;0.24242424;0.36363636;0.48484848;0.60606061;0.72727273;0.84848485;0.96969697;1.0909091;1.2121212;1.5757576;1.6969697;1.8181818;1.9393939;2.1818182;2.3030303;2.4242424;2.5454545;2.7878788;3.030303;3.3939394;3.5151515;3.6363636;3.7575758;4.2424242;4.3636364;4.4848485;4.6060606;4.969697;5.0909091;5.2121212;5.3333333;5.5757576;5.8181818;5.9393939;6.0606061;6.1818182;6.3030303;6.5454545;6.6666667;6.7878788;6.9090909;7.030303;7.1515152;7.2727273;7.3939394;7.5151515;7.6363636;7.7575758;7.8787879;8;8.1212121;8.4848485;8.6060606;8.7272727;8.8484848;8.969697;9.0909091;9.2121212;9.3333333;9.4545455;9.6969697;9.8181818;9.9393939;10.060606;10.181818;10.30303;10.424242;10.666667;10.787879;11.030303;11.151515;11.272727;11.393939;11.515152;11.636364;11.757576;11.878788;12,1.3333333;1.4545455;2.0606061;2.6666667;2.9090909;3.1515152;3.2727273;3.8787879;4;4.1212121;4.7272727;4.8484848;5.4545455;5.6969697;6.4242424;8.2424242;8.3636364;9.5757576;10.545455;10.909091,PINN,0.04752406129216144,0.03212854057118115,0.0006896654920105853,0.00021076601595912124,31.033450798941477,99.78923398404088,0.006336696932005795,0.0
low,0.05,5,a8d70a302186,80,20,0;0.12121212;0.48484848;0.60606061;0.72727273;0.96969697;1.0909091;1.2121212;1.3333333;1.4545455;1.5757576;1.8181818;1.9393939;2.0606061;2.3030303;2.4242424;2.5454545;2.6666667;2.7878788;2.9090909;3.030303;3.1515152;3.5151515;3.6363636;3.7575758;3.8787879;4;4.1212121;4.2424242;4.4848485;4.6060606;4.7272727;4.8484848;4.969697;5.0909091;5.2121212;5.3333333;5.4545455;5.5757576;5.8181818;5.9393939;6.0606061;6.1818182;6.3030303;6.5454545;6.6666667;6.7878788;6.9090909;7.030303;7.1515152;7.3939394;7.5151515;7.6363636;7.8787879;8;8.1212121;8.2424242;8.3636364;8.4848485;8.6060606;8.7272727;8.8484848;8.969697;9.0909091;9.2121212;9.3333333;9.4545455;9.6969697;9.8181818;10.30303;10.424242;10.545455;10.666667;10.787879;10.909091;11.151515;11.272727;11.393939;11.515152;12,0.24242424;0.36363636;0.84848485;1.6969697;2.1818182;3.2727273;3.3939394;4.3636364;5.6969697;6.4242424;7.2727273;7.7575758;9.5757576;9.9393939;10.060606;10.181818;11.030303;11.636364;11.757576;11.878788,NLLS,0.05653084283187786,0.010775693857668299,0.0010274002101908807,0.09343040415482592,2.740021019088057,6.5695958451740815,0.2342883756393459,0.0
low,0.05,5,a8d70a302186,80,20,0;0.12121212;0.48484848;0.60606061;0.72727273;0.96969697;1.0909091;1.2121212;1.3333333;1.4545455;1.5757576;1.8181818;1.9393939;2.0606061;2.3030303;2.4242424;2.5454545;2.6666667;2.7878788;2.9090909;3.030303;3.1515152;3.5151515;3.6363636;3.7575758;3.8787879;4;4.1212121;4.2424242;4.4848485;4.6060606;4.7272727;4.8484848;4.969697;5.0909091;5.2121212;5.3333333;5.4545455;5.5757576;5.8181818;5.9393939;6.0606061;6.1818182;6.3030303;6.5454545;6.6666667;6.7878788;6.9090909;7.030303;7.1515152;7.3939394;7.5151515;7.6363636;7.8787879;8;8.1212121;8.2424242;8.3636364;8.4848485;8.6060606;8.7272727;8.8484848;8.969697;9.0909091;9.2121212;9.3333333;9.4545455;9.6969697;9.8181818;10.30303;10.424242;10.545455;10.666667;10.787879;10.909091;11.151515;11.272727;11.393939;11.515152;12,0.24242424;0.36363636;0.84848485;1.6969697;2.1818182;3.2727273;3.3939394;4.3636364;5.6969697;6.4242424;7.2727273;7.7575758;9.5757576;9.9393939;10.060606;10.181818;11.030303;11.636364;11.757576;11.878788,NN,0.08563893566297971,0.04742677940656408,,,,,0.005957836055539961,0.0
low,0.05,5,a8d70a302186,80,20,0;0.12121212;0.48484848;0.60606061;0.72727273;0.96969697;1.0909091;1.2121212;1.3333333;1.4545455;1.5757576;1.8181818;1.9393939;2.0606061;2.3030303;2.4242424;2.5454545;2.6666667;2.7878788;2.9090909;3.030303;3.1515152;3.5151515;3.6363636;3.7575758;3.8787879;4;4.1212121;4.2424242;4.4848485;4.6060606;4.7272727;4.8484848;4.969697;5.0909091;5.2121212;5.3333333;5.4545455;5.5757576;5.8181818;5.9393939;6.0606061;6.1818182;6.3030303;6.5454545;6.6666667;6.7878788;6.9090909;7.030303;7.1515152;7.3939394;7.5151515;7.6363636;7.8787879;8;8.1212121;8.2424242;8.3636364;8.4848485;8.6060606;8.7272727;8.8484848;8.969697;9.0909091;9.2121212;9.3333333;9.4545455;9.6969697;9.8181818;10.30303;10.424242;10.545455;10.666667;10.787879;10.909091;11.151515;11.272727;11.393939;11.515152;12,0.24242424;0.36363636;0.84848485;1.6969697;2.1818182;3.2727273;3.3939394;4.3636364;5.6969697;6.4242424;7.2727273;7.7575758;9.5757576;9.9393939;10.060606;10.181818;11.030303;11.636364;11.757576;11.878788,PINN,0.06616544049983362,0.04428476493707532,0.0007097912597397815,0.000856211954157693,29.020874026021847,99.14378804584231,0.009382860829064204,0.0
low,0.05,6,896b5034e7e4,80,20,0;0.12121212;0.24242424;0.36363636;0.48484848;0.60606061;0.72727273;1.0909091;1.2121212;1.3333333;1.5757576;1.6969697;1.8181818;1.9393939;2.0606061;2.1818182;2.3030303;2.4242424;2.6666667;2.7878788;2.9090909;3.030303;3.1515152;3.2727273;3.3939394;3.6363636;3.8787879;4;4.1212121;4.2424242;4.4848485;4.6060606;4.7272727;4.8484848;5.2121212;5.3333333;5.4545455;5.5757576;5.8181818;5.9393939;6.0606061;6.3030303;6.4242424;6.5454545;6.6666667;6.7878788;6.9090909;7.030303;7.1515152;7.3939394;7.5151515;7.6363636;8;8.2424242;8.3636364;8.4848485;8.6060606;8.7272727;8.969697;9.0909091;9.3333333;9.4545455;9.5757576;9.6969697;9.8181818;9.9393939;10.060606;10.181818;10.30303;10.545455;10.787879;10.909091;11.030303;11.151515;11.272727;11.515152;11.636364;11.757576;11.878788;12,0.84848485;0.96969697;1.4545455;2.5454545;3.5151515;3.7575758;4.3636364;4.969697;5.0909091;5.6969697;6.1818182;7.2727273;7.7575758;7.8787879;8.1212121;8.8484848;9.2121212;10.424242;10.666667;11.393939,NLLS,0.05220279951423919,0.007882186816953678,0.0010373818479865271,0.10311123509656966,3.7381847986527106,3.1112350965696534,0.2035553959517174,0.0
low,0.05,6,896b5034e7e4,80,20,0;0.12121212;0.24242424;0.36363636;0.48484848;0.60606061;0.72727273;1.0909091;1.2121212;1.3333333;1.5757576;1.6969697;1.8181818;1.9393939;2.0606061;2.1818182;2.3030303;2.4242424;2.6666667;2.7878788;2.9090909;3.030303;3.1515152;3.2727273;3.3939394;3.6363636;3.8787879;4;4.1212121;4.2424242;4.4848485;4.6060606;4.7272727;4.8484848;5.2121212;5.3333333;5.4545455;5.5757576;5.8181818;5.9393939;6.0606061;6.3030303;6.4242424;6.5454545;6.6666667;6.7878788;6.9090909;7.030303;7.1515152;7.3939394;7.5151515;7.6363636;8;8.2424242;8.3636364;8.4848485;8.6060606;8.7272727;8.969697;9.0909091;9.3333333;9.4545455;9.5757576;9.6969697;9.8181818;9.9393939;10.060606;10.181818;10.30303;10.545455;10.787879;10.909091;11.030303;11.151515;11.272727;11.515152;11.636364;11.757576;11.878788;12,0.84848485;0.96969697;1.4545455;2.5454545;3.5151515;3.7575758;4.3636364;4.969697;5.0909091;5.6969697;6.1818182;7.2727273;7.7575758;7.8787879;8.1212121;8.8484848;9.2121212;10.424242;10.666667;11.393939,NN,0.060766015000339776,0.04604808929920015,,,,,0.005143068919316084,0.0
low,0.05,6,896b5034e7e4,80,20,0;0.12121212;0.24242424;0.36363636;0.48484848;0.60606061;0.72727273;1.0909091;1.2121212;1.3333333;1.5757576;1.6969697;1.8181818;1.9393939;2.0606061;2.1818182;2.3030303;2.4242424;2.6666667;2.7878788;2.9090909;3.030303;3.1515152;3.2727273;3.3939394;3.6363636;3.8787879;4;4.1212121;4.2424242;4.4848485;4.6060606;4.7272727;4.8484848;5.2121212;5.3333333;5.4545455;5.5757576;5.8181818;5.9393939;6.0606061;6.3030303;6.4242424;6.5454545;6.6666667;6.7878788;6.9090909;7.030303;7.1515152;7.3939394;7.5151515;7.6363636;8;8.2424242;8.3636364;8.4848485;8.6060606;8.7272727;8.969697;9.0909091;9.3333333;9.4545455;9.5757576;9.6969697;9.8181818;9.9393939;10.060606;10.181818;10.30303;10.545455;10.787879;10.909091;11.030303;11.151515;11.272727;11.515152;11.636364;11.757576;11.878788;12,0.84848485;0.96969697;1.4545455;2.5454545;3.5151515;3.7575758;4.3636364;4.969697;5.0909091;5.6969697;6.1818182;7.2727273;7.7575758;7.8787879;8.1212121;8.8484848;9.2121212;10.424242;10.666667;11.393939,PINN,0.0810294569357863,0.046850620378355835,0.000768120123965051,0.0010592041037677075,23.187987603494907,98.94079589623229,0.015396209433715457,0.0
low,0.05,7,47f4a41b6766,80,20,0;0.12121212;0.24242424;0.48484848;0.72727273;0.84848485;0.96969697;1.0909091;1.2121212;1.3333333;1.5757576;1.6969697;1.8181818;1.9393939;2.0606061;2.1818182;2.3030303;2.4242424;2.6666667;2.7878788;2.9090909;3.030303;3.2727273;3.5151515;3.7575758;3.8787879;4.1212121;4.2424242;4.3636364;4.4848485;4.6060606;4.8484848;4.969697;5.0909091;5.2121212;5.3333333;5.4545455;5.5757576;5.8181818;5.9393939;6.0606061;6.3030303;6.5454545;6.6666667;6.7878788;6.9090909;7.030303;7.1515152;7.2727273;7.3939394;7.5151515;7.7575758;7.8787879;8;8.2424242;8.6060606;8.7272727;8.8484848;8.969697;9.0909091;9.2121212;9.3333333;9.4545455;9.5757576;9.6969697;9.9393939;10.060606;10.181818;10.30303;10.545455;10.666667;10.909091;11.030303;11.151515;11.272727;11.515152;11.636364;11.757576;11.878788;12,0.36363636;0.60606061;1.4545455;2.5454545;3.1515152;3.3939394;3.6363636;4;4.7272727;5.6969697;6.1818182;6.4242424;7.6363636;8.1212121;8.3636364;8.4848485;9.8181818;10.424242;10.787879;11.393939,NLLS,0.04058513772936198,0.005664918790790943,0.0010283257674889108,0.10278731692783588,2.8325767488910802,2.78731692783587,0.20364989257395194,0.0
low,0.05,7,47f4a41b6766,80,20,0;0.12121212;0.24242424;0.48484848;0.72727273;0.84848485;0.96969697;1.0909091;1.2121212;1.3333333;1.5757576;1.6969697;1.8181818;1.9393939;2.0606061;2.1818182;2.3030303;2.4242424;2.6666667;2.7878788;2.9090909;3.030303;3.2727273;3.5151515;3.7575758;3.8787879;4.1212121;4.2424242;4.3636364;4.4848485;4.6060606;4.8484848;4.969697;5.0909091;5.2121212;5.3333333;5.4545455;5.5757576;5.8181818;5.9393939;6.0606061;6.3030303;6.5454545;6.6666667;6.7878788;6.9090909;7.030303;7.1515152;7.2727273;7.3939394;7.5151515;7.7575758;7.8787879;8;8.2424242;8.6060606;8.7272727;8.8484848;8.969697;9.0909091;9.2121212;9.3333333;9.4545455;9.5757576;9.6969697;9.9393939;10.060606;10.181818;10.30303;10.545455;10.666667;10.909091;11.030303;11.151515;11.272727;11.515152;11.636364;11.757576;11.878788;12,0.36363636;0.60606061;1.4545455;2.5454545;3.1515152;3.3939394;3.6363636;4;4.7272727;5.6969697;6.1818182;6.4242424;7.6363636;8.1212121;8.3636364;8.4848485;9.8181818;10.424242;10.787879;11.393939,NN,0.05287481350929877,0.04167544897272379,,,,,0.0034444274757147357,0.0
low,0.05,7,47f4a41b6766,80,20,0;0.12121212;0.24242424;0.48484848;0.72727273;0.84848485;0.96969697;1.0909091;1.2121212;1.3333333;1.5757576;1.6969697;1.8181818;1.9393939;2.0606061;2.1818182;2.3030303;2.4242424;2.6666667;2.7878788;2.9090909;3.030303;3.2727273;3.5151515;3.7575758;3.8787879;4.1212121;4.2424242;4.3636364;4.4848485;4.6060606;4.8484848;4.969697;5.0909091;5.2121212;5.3333333;5.4545455;5.5757576;5.8181818;5.9393939;6.0606061;6.3030303;6.5454545;6.6666667;6.7878788;6.9090909;7.030303;7.1515152;7.2727273;7.3939394;7.5151515;7.7575758;7.8787879;8;8.2424242;8.6060606;8.7272727;8.8484848;8.969697;9.0909091;9.2121212;9.3333333;9.4545455;9.5757576;9.6969697;9.9393939;10.060606;10.181818;10.30303;10.545455;10.666667;10.909091;11.030303;11.151515;11.272727;11.515152;11.636364;11.757576;11.878788;12,0.36363636;0.60606061;1.4545455;2.5454545;3.1515152;3.3939394;3.6363636;4;4.7272727;5.6969697;6.1818182;6.4242424;7.6363636;8.1212121;8.3636364;8.4848485;9.8181818;10.424242;10.787879;11.393939,PINN,0.06700910237574635,0.049771973741824765,0.0008223726045936471,0.0004621493095834965,17.762739540635298,99.5378506904165,0.015347111739707524,0.0
low,0.05,8,f89705f4c9d2,80,20,0;0.12121212;0.24242424;0.48484848;0.60606061;0.72727273;0.96969697;1.0909091;1.2121212;1.3333333;1.4545455;1.6969697;1.8181818;1.9393939;2.0606061;2.1818182;2.5454545;2.6666667;2.7878788;3.030303;3.1515152;3.3939394;3.6363636;3.7575758;3.8787879;4;4.1212121;4.2424242;4.3636364;4.7272727;4.8484848;4.969697;5.0909091;5.2121212;5.4545455;5.5757576;5.8181818;6.0606061;6.1818182;6.3030303;6.4242424;6.5454545;6.7878788;6.9090909;7.030303;7.1515152;7.3939394;7.5151515;7.6363636;7.7575758;7.8787879;8;8.2424242;8.3636364;8.4848485;8.6060606;8.7272727;8.969697;9.2121212;9.3333333;9.4545455;9.5757576;9.6969697;9.8181818;9.9393939;10.181818;10.30303;10.424242;10.545455;10.666667;10.787879;10.909091;11.030303;11.151515;11.272727;11.393939;11.515152;11.636364;11.757576;12,0.36363636;0.84848485;1.5757576;2.3030303;2.4242424;2.9090909;3.2727273;3.5151515;4.4848485;4.6060606;5.3333333;5.6969697;5.9393939;6.6666667;7.2727273;8.1212121;8.8484848;9.0909091;10.060606;11.878788,NLLS,0.051597823340164245,0.006807938468055498,0.0009638165793879708,0.09670539556753811,3.618342061202917,3.2946044324618895,0.22872461556081933,0.0
low,0.05,8,f89705f4c9d2,80,20,0;0.12121212;0.24242424;0.48484848;0.60606061;0.72727273;0.96969697;1.0909091;1.2121212;1.3333333;1.4545455;1.6969697;1.8181818;1.9393939;2.0606061;2.1818182;2.5454545;2.6666667;2.7878788;3.030303;3.1515152;3.3939394;3.6363636;3.7575758;3.8787879;4;4.1212121;4.2424242;4.3636364;4.7272727;4.8484848;4.969697;5.0909091;5.2121212;5.4545455;5.5757576;5.8181818;6.0606061;6.1818182;6.3030303;6.4242424;6.5454545;6.7878788;6.9090909;7.030303;7.1515152;7.3939394;7.5151515;7.6363636;7.7575758;7.8787879;8;8.2424242;8.3636364;8.4848485;8.6060606;8.7272727;8.969697;9.2121212;9.3333333;9.4545455;9.5757576;9.6969697;9.8181818;9.9393939;10.181818;10.30303;10.424242;10.545455;10.666667;10.787879;10.909091;11.030303;11.151515;11.272727;11.393939;11.515152;11.636364;11.757576;12,0.36363636;0.84848485;1.5757576;2.3030303;2.4242424;2.9090909;3.2727273;3.5151515;4.4848485;4.6060606;5.3333333;5.6969697;5.9393939;6.6666667;7.2727273;8.1212121;8.8484848;9.0909091;10.060606;11.878788,NN,0.05661229275120675,0.039993351244643885,,,,,0.006269394660942079,0.0
low,0.05,8,f89705f4c9d2,80,20,0;0.12121212;0.24242424;0.48484848;0.60606061;0.72727273;0.96969697;1.0909091;1.2121212;1.3333333;1.4545455;1.6969697;1.8181818;1.9393939;2.0606061;2.1818182;2.5454545;2.6666667;2.7878788;3.030303;3.1515152;3.3939394;3.6363636;3.7575758;3.8787879;4;4.1212121;4.2424242;4.3636364;4.7272727;4.8484848;4.969697;5.0909091;5.2121212;5.4545455;5.5757576;5.8181818;6.0606061;6.1818182;6.3030303;6.4242424;6.5454545;6.7878788;6.9090909;7.030303;7.1515152;7.3939394;7.5151515;7.6363636;7.7575758;7.8787879;8;8.2424242;8.3636364;8.4848485;8.6060606;8.7272727;8.969697;9.2121212;9.3333333;9.4545455;9.5757576;9.6969697;9.8181818;9.9393939;10.181818;10.30303;10.424242;10.545455;10.666667;10.787879;10.909091;11.030303;11.151515;11.272727;11.393939;11.515152;11.636364;11.757576;12,0.36363636;0.84848485;1.5757576;2.3030303;2.4242424;2.9090909;3.2727273;3.5151515;4.4848485;4.6060606;5.3333333;5.6969697;5.9393939;6.6666667;7.2727273;8.1212121;8.8484848;9.0909091;10.060606;11.878788,PINN,0.05788817003435124,0.02547286899942265,0.0005613508989129639,0.00022400094381918017,43.86491010870361,99.77599905618082,0.008619012133983051,0.0
low,0.05,9,3b1d2e8717ca,80,20,0;0.12121212;0.36363636;0.48484848;0.60606061;0.72727273;0.96969697;1.0909091;1.2121212;1.3333333;1.4545455;1.5757576;1.6969697;1.8181818;1.9393939;2.0606061;2.1818182;2.3030303;2.4242424;2.5454545;2.7878788;2.9090909;3.1515152;3.2727273;3.3939394;3.7575758;3.8787879;4;4.1212121;4.2424242;4.3636364;4.6060606;4.8484848;5.0909091;5.3333333;5.4545455;5.5757576;5.8181818;5.9393939;6.0606061;6.1818182;6.4242424;6.5454545;6.6666667;6.9090909;7.030303;7.1515152;7.2727273;7.3939394;7.5151515;7.6363636;8.1212121;8.3636364;8.4848485;8.6060606;8.7272727;8.8484848;8.969697;9.0909091;9.2121212;9.3333333;9.4545455;9.5757576;9.6969697;9.8181818;9.9393939;10.060606;10.181818;10.30303;10.424242;10.545455;10.666667;10.787879;11.151515;11.272727;11.393939;11.515152;11.636364;11.757576;11.878788,0.24242424;0.84848485;2.6666667;3.030303;3.5151515;3.6363636;4.4848485;4.7272727;4.969697;5.2121212;5.6969697;6.3030303;6.7878788;7.7575758;7.8787879;8;8.2424242;10.909091;11.030303;12,NLLS,0.0498318394081654,0.007256493255348477,0.000981188451243013,0.10271313981893901,1.8811548756986984,2.713139818938992,0.18383721077068507,0.0
low,0.05,9,3b1d2e8717ca,80,20,0;0.12121212;0.36363636;0.48484848;0.60606061;0.72727273;0.96969697;1.0909091;1.2121212;1.3333333;1.4545455;1.5757576;1.6969697;1.8181818;1.9393939;2.0606061;2.1818182;2.3030303;2.4242424;2.5454545;2.7878788;2.9090909;3.1515152;3.2727273;3.3939394;3.7575758;3.8787879;4;4.1212121;4.2424242;4.3636364;4.6060606;4.8484848;5.0909091;5.3333333;5.4545455;5.5757576;5.8181818;5.9393939;6.0606061;6.1818182;6.4242424;6.5454545;6.6666667;6.9090909;7.030303;7.1515152;7.2727273;7.3939394;7.5151515;7.6363636;8.1212121;8.3636364;8.4848485;8.6060606;8.7272727;8.8484848;8.969697;9.0909091;9.2121212;9.3333333;9.4545455;9.5757576;9.6969697;9.8181818;9.9393939;10.060606;10.181818;10.30303;10.424242;10.545455;10.666667;10.787879;11.151515;11.272727;11.393939;11.515152;11.636364;11.757576;11.878788,0.24242424;0.84848485;2.6666667;3.030303;3.5151515;3.6363636;4.4848485;4.7272727;4.969697;5.2121212;5.6969697;6.3030303;6.7878788;7.7575758;7.8787879;8;8.2424242;10.909091;11.030303;12,NN,0.05733540125966288,0.047782117922139516,,,,,0.00488576173383603,0.0
low,0.05,9,3b1d2e8717ca,80,20,0;0.12121212;0.36363636;0.48484848;0.60606061;0.72727273;0.96969697;1.0909091;1.2121212;1.3333333;1.4545455;1.5757576;1.6969697;1.8181818;1.9393939;2.0606061;2.1818182;2.3030303;2.4242424;2.5454545;2.7878788;2.9090909;3.1515152;3.2727273;3.3939394;3.7575758;3.8787879;4;4.1212121;4.2424242;4.3636364;4.6060606;4.8484848;5.0909091;5.3333333;5.4545455;5.5757576;5.8181818;5.9393939;6.0606061;6.1818182;6.4242424;6.5454545;6.6666667;6.9090909;7.030303;7.1515152;7.2727273;7.3939394;7.5151515;7.6363636;8.1212121;8.3636364;8.4848485;8.6060606;8.7272727;8.8484848;8.969697;9.0909091;9.2121212;9.3333333;9.4545455;9.5757576;9.6969697;9.8181818;9.9393939;10.060606;10.181818;10.30303;10.424242;10.545455;10.666667;10.787879;11.151515;11.272727;11.393939;11.515152;11.636364;11.757576;11.878788,0.24242424;0.84848485;2.6666667;3.030303;3.5151515;3.6363636;4.4848485;4.7272727;4.969697;5.2121212;5.6969697;6.3030303;6.7878788;7.7575758;7.8787879;8;8.2424242;10.909091;11.030303;12,PINN,0.08179998056016141,0.05223754121441358,0.0009025382822071496,0.00267992275561492,9.74617177928504,97.32007724438509,0.01552240920341546,0.0
low,0.05,10,cb35ae3abe06,80,20,0;0.24242424;0.36363636;0.60606061;0.72727273;0.84848485;0.96969697;1.0909091;1.2121212;1.5757576;1.8181818;1.9393939;2.0606061;2.1818182;2.3030303;2.4242424;2.5454545;2.6666667;2.9090909;3.030303;3.1515152;3.2727273;3.5151515;3.6363636;3.7575758;3.8787879;4.2424242;4.3636364;4.4848485;4.6060606;4.7272727;4.8484848;4.969697;5.0909091;5.2121212;5.3333333;5.4545455;5.5757576;5.6969697;5.8181818;5.9393939;6.4242424;6.5454545;6.6666667;6.7878788;6.9090909;7.1515152;7.2727273;7.3939394;7.6363636;7.7575758;7.8787879;8;8.1212121;8.2424242;8.3636364;8.4848485;8.6060606;8.7272727;8.8484848;8.969697;9.0909091;9.2121212;9.3333333;9.5757576;9.6969697;9.8181818;9.9393939;10.060606;10.424242;10.666667;10.787879;10.909091;11.030303;11.151515;11.272727;11.515152;11.757576;11.878788;12,0.12121212;0.48484848;1.3333333;1.4545455;1.6969697;2.7878788;3.3939394;4;4.1212121;6.0606061;6.1818182;6.3030303;7.030303;7.5151515;9.4545455;10.181818;10.30303;10.545455;11.393939;11.636364,NLLS,0.04165032036920172,0.013936107216506882,0.0009366543766944564,0.08642815548526712,6.334562330554361,13.571844514732877,0.1999721808816824,0.0
low,0.05,10,cb35ae3abe06,80,20,0;0.24242424;0.36363636;0.60606061;0.72727273;0.84848485;0.96969697;1.0909091;1.2121212;1.5757576;1.8181818;1.9393939;2.0606061;2.1818182;2.3030303;2.4242424;2.5454545;2.6666667;2.9090909;3.030303;3.1515152;3.2727273;3.5151515;3.6363636;3.7575758;3.8787879;4.2424242;4.3636364;4.4848485;4.6060606;4.7272727;4.8484848;4.969697;5.0909091;5.2121212;5.3333333;5.4545455;5.5757576;5.6969697;5.8181818;5.9393939;6.4242424;6.5454545;6.6666667;6.7878788;6.9090909;7.1515152;7.2727273;7.3939394;7.6363636;7.7575758;7.8787879;8;8.1212121;8.2424242;8.3636364;8.4848485;8.6060606;8.7272727;8.8484848;8.969697;9.0909091;9.2121212;9.3333333;9.5757576;9.6969697;9.8181818;9.9393939;10.060606;10.424242;10.666667;10.787879;10.909091;11.030303;11.151515;11.272727;11.515152;11.757576;11.878788;12,0.12121212;0.48484848;1.3333333;1.4545455;1.6969697;2.7878788;3.3939394;4;4.1212121;6.0606061;6.1818182;6.3030303;7.030303;7.5151515;9.4545455;10.181818;10.30303;10.545455;11.393939;11.636364,NN,0.048796219292285385,0.04632903168697597,,,,,0.006606198107681802,0.0
low,0.05,10,cb35ae3abe06,80,20,0;0.24242424;0.36363636;0.60606061;0.72727273;0.84848485;0.96969697;1.0909091;1.2121212;1.5757576;1.8181818;1.9393939;2.0606061;2.1818182;2.3030303;2.4242424;2.5454545;2.6666667;2.9090909;3.030303;3.1515152;3.2727273;3.5151515;3.6363636;3.7575758;3.8787879;4.2424242;4.3636364;4.4848485;4.6060606;4.7272727;4.8484848;4.969697;5.0909091;5.2121212;5.3333333;5.4545455;5.5757576;5.6969697;5.8181818;5.9393939;6.4242424;6.5454545;6.6666667;6.7878788;6.9090909;7.1515152;7.2727273;7.3939394;7.6363636;7.7575758;7.8787879;8;8.1212121;8.2424242;8.3636364;8.4848485;8.6060606;8.7272727;8.8484848;8.969697;9.0909091;9.2121212;9.3333333;9.5757576;9.6969697;9.8181818;9.9393939;10.060606;10.424242;10.666667;10.787879;10.909091;11.030303;11.151515;11.272727;11.515152;11.757576;11.878788;12,0.12121212;0.48484848;1.3333333;1.4545455;1.6969697;2.7878788;3.3939394;4;4.1212121;6.0606061;6.1818182;6.3030303;7.030303;7.5151515;9.4545455;10.181818;10.30303;10.545455;11.393939;11.636364,PINN,0.06688565196253529,0.04963787582834527,0.000738549730693017,0.00052112092509395,26.1450269306983,99.47887907490605,0.008244671820911589,0.0
moderate,0.1,1,3877a033379a,80,20,0;0.12121212;0.24242424;0.48484848;0.60606061;0.84848485;0.96969697;1.0909091;1.2121212;1.3333333;1.4545455;1.5757576;1.8181818;1.9393939;2.0606061;2.3030303;2.4242424;2.6666667;2.7878788;2.9090909;3.030303;3.3939394;3.6363636;3.7575758;4;4.1212121;4.2424242;4.4848485;4.6060606;4.7272727;4.8484848;4.969697;5.0909091;5.2121212;5.3333333;5.4545455;5.5757576;5.6969697;5.8181818;5.9393939;6.0606061;6.1818182;6.3030303;6.6666667;6.7878788;6.9090909;7.1515152;7.2727273;7.3939394;7.5151515;7.8787879;8;8.1212121;8.2424242;8.3636364;8.4848485;8.6060606;8.7272727;8.8484848;8.969697;9.0909091;9.3333333;9.5757576;9.6969697;9.8181818;9.9393939;10.060606;10.30303;10.424242;10.666667;10.787879;10.909091;11.030303;11.151515;11.272727;11.393939;11.636364;11.757576;11.878788;12,0.36363636;0.72727273;1.6969697;2.1818182;2.5454545;3.1515152;3.2727273;3.5151515;3.8787879;4.3636364;6.4242424;6.5454545;7.030303;7.6363636;7.7575758;9.2121212;9.4545455;10.181818;10.545455;11.515152,NLLS,0.10022299768514537,0.007291923530644729,0.0010303631934223574,0.11029805839954476,3.036319342235738,10.298058399544763,0.8449589726521552,0.0
moderate,0.1,1,3877a033379a,80,20,0;0.12121212;0.24242424;0.48484848;0.60606061;0.84848485;0.96969697;1.0909091;1.2121212;1.3333333;1.4545455;1.5757576;1.8181818;1.9393939;2.0606061;2.3030303;2.4242424;2.6666667;2.7878788;2.9090909;3.030303;3.3939394;3.6363636;3.7575758;4;4.1212121;4.2424242;4.4848485;4.6060606;4.7272727;4.8484848;4.969697;5.0909091;5.2121212;5.3333333;5.4545455;5.5757576;5.6969697;5.8181818;5.9393939;6.0606061;6.1818182;6.3030303;6.6666667;6.7878788;6.9090909;7.1515152;7.2727273;7.3939394;7.5151515;7.8787879;8;8.1212121;8.2424242;8.3636364;8.4848485;8.6060606;8.7272727;8.8484848;8.969697;9.0909091;9.3333333;9.5757576;9.6969697;9.8181818;9.9393939;10.060606;10.30303;10.424242;10.666667;10.787879;10.909091;11.030303;11.151515;11.272727;11.393939;11.636364;11.757576;11.878788;12,0.36363636;0.72727273;1.6969697;2.1818182;2.5454545;3.1515152;3.2727273;3.5151515;3.8787879;4.3636364;6.4242424;6.5454545;7.030303;7.6363636;7.7575758;9.2121212;9.4545455;10.181818;10.545455;11.515152,NN,0.13476673629937008,0.060946269747727266,,,,,0.009934276411468379,0.0
moderate,0.1,1,3877a033379a,80,20,0;0.12121212;0.24242424;0.48484848;0.60606061;0.84848485;0.96969697;1.0909091;1.2121212;1.3333333;1.4545455;1.5757576;1.8181818;1.9393939;2.0606061;2.3030303;2.4242424;2.6666667;2.7878788;2.9090909;3.030303;3.3939394;3.6363636;3.7575758;4;4.1212121;4.2424242;4.4848485;4.6060606;4.7272727;4.8484848;4.969697;5.0909091;5.2121212;5.3333333;5.4545455;5.5757576;5.6969697;5.8181818;5.9393939;6.0606061;6.1818182;6.3030303;6.6666667;6.7878788;6.9090909;7.1515152;7.2727273;7.3939394;7.5151515;7.8787879;8;8.1212121;8.2424242;8.3636364;8.4848485;8.6060606;8.7272727;8.8484848;8.969697;9.0909091;9.3333333;9.5757576;9.6969697;9.8181818;9.9393939;10.060606;10.30303;10.424242;10.666667;10.787879;10.909091;11.030303;11.151515;11.272727;11.393939;11.636364;11.757576;11.878788;12,0.36363636;0.72727273;1.6969697;2.1818182;2.5454545;3.1515152;3.2727273;3.5151515;3.8787879;4.3636364;6.4242424;6.5454545;7.030303;7.6363636;7.7575758;9.2121212;9.4545455;10.181818;10.545455;11.515152,PINN,0.11377602156846481,0.039645359013875385,0.000716446853727471,0.004018659441292765,28.355314627252902,95.98134055870725,0.011027606300164824,0.0
moderate,0.1,2,fe60b53a55d9,80,20,0;0.60606061;0.72727273;0.84848485;0.96969697;1.0909091;1.3333333;1.4545455;1.5757576;1.6969697;1.9393939;2.0606061;2.1818182;2.3030303;2.4242424;2.6666667;2.7878788;2.9090909;3.030303;3.1515152;3.2727273;3.3939394;3.5151515;3.6363636;3.7575758;4;4.1212121;4.2424242;4.6060606;4.7272727;4.8484848;4.969697;5.0909091;5.2121212;5.3333333;5.4545455;5.5757576;5.8181818;5.9393939;6.0606061;6.1818182;6.4242424;6.5454545;6.6666667;6.7878788;6.9090909;7.2727273;7.3939394;7.5151515;7.6363636;7.7575758;7.8787879;8.1212121;8.2424242;8.4848485;8.6060606;8.7272727;8.8484848;8.969697;9.2121212;9.4545455;9.5757576;9.6969697;9.9393939;10.060606;10.181818;10.30303;10.424242;10.545455;10.666667;10.787879;10.909091;11.030303;11.272727;11.393939;11.515152;11.636364;11.757576;11.878788;12,0.12121212;0.24242424;0.36363636;0.48484848;1.2121212;1.8181818;2.5454545;3.8787879;4.3636364;4.4848485;5.6969697;6.3030303;7.030303;7.1515152;8;8.3636364;9.0909091;9.3333333;9.8181818;11.151515,NLLS,0.10725716535096247,0.007173212034591459,0.0010000445278579599,0.09328166988341415,0.004452785795994174,6.718330116585857,0.8941199366002694,0.0
moderate,0.1,2,fe60b53a55d9,80,20,0;0.60606061;0.72727273;0.84848485;0.96969697;1.0909091;1.3333333;1.4545455;1.5757576;1.6969697;1.9393939;2.0606061;2.1818182;2.3030303;2.4242424;2.6666667;2.7878788;2.9090909;3.030303;3.1515152;3.2727273;3.3939394;3.5151515;3.6363636;3.7575758;4;4.1212121;4.2424242;4.6060606;4.7272727;4.8484848;4.969697;5.0909091;5.2121212;5.3333333;5.4545455;5.5757576;5.8181818;5.9393939;6.0606061;6.1818182;6.4242424;6.5454545;6.6666667;6.7878788;6.9090909;7.2727273;7.3939394;7.5151515;7.6363636;7.7575758;7.8787879;8.1212121;8.2424242;8.4848485;8.6060606;8.7272727;8.8484848;8.969697;9.2121212;9.4545455;9.5757576;9.6969697;9.9393939;10.060606;10.181818;10.30303;10.424242;10.545455;10.666667;10.787879;10.909091;11.030303;11.272727;11.393939;11.515152;11.636364;11.757576;11.878788;12,0.12121212;0.24242424;0.36363636;0.48484848;1.2121212;1.8181818;2.5454545;3.8787879;4.3636364;4.4848485;5.6969697;6.3030303;7.030303;7.1515152;8;8.3636364;9.0909091;9.3333333;9.8181818;11.151515,NN,0.12184809433515391,0.057694502414618286,,,,,0.013824661998850707,0.0
moderate,0.1,2,fe60b53a55d9,80,20,0;0.60606061;0.72727273;0.84848485;0.96969697;1.0909091;1.3333333;1.4545455;1.5757576;1.6969697;1.9393939;2.0606061;2.1818182;2.3030303;2.4242424;2.6666667;2.7878788;2.9090909;3.030303;3.1515152;3.2727273;3.3939394;3.5151515;3.6363636;3.7575758;4;4.1212121;4.2424242;4.6060606;4.7272727;4.8484848;4.969697;5.0909091;5.2121212;5.3333333;5.4545455;5.5757576;5.8181818;5.9393939;6.0606061;6.1818182;6.4242424;6.5454545;6.6666667;6.7878788;6.9090909;7.2727273;7.3939394;7.5151515;7.6363636;7.7575758;7.8787879;8.1212121;8.2424242;8.4848485;8.6060606;8.7272727;8.8484848;8.969697;9.2121212;9.4545455;9.5757576;9.6969697;9.9393939;10.060606;10.181818;10.30303;10.424242;10.545455;10.666667;10.787879;10.909091;11.030303;11.272727;11.393939;11.515152;11.636364;11.757576;11.878788;12,0.12121212;0.24242424;0.36363636;0.48484848;1.2121212;1.8181818;2.5454545;3.8787879;4.3636364;4.4848485;5.6969697;6.3030303;7.030303;7.1515152;8;8.3636364;9.0909091;9.3333333;9.8181818;11.151515,PINN,0.11840900654632985,0.04735673898890774,0.0008022183126699157,0.000876913173907294,19.778168733008428,99.12308682609272,0.013320814519616826,0.0
moderate,0.1,3,3ee3928f51f6,80,20,0;0.12121212;0.24242424;0.36363636;0.48484848;0.72727273;0.84848485;0.96969697;1.2121212;1.3333333;1.4545455;1.6969697;1.8181818;1.9393939;2.0606061;2.1818182;2.3030303;2.4242424;2.7878788;3.030303;3.2727273;3.3939394;3.6363636;3.7575758;3.8787879;4.3636364;4.6060606;4.8484848;5.0909091;5.2121212;5.3333333;5.4545455;5.5757576;5.6969697;5.9393939;6.0606061;6.3030303;6.4242424;6.5454545;6.6666667;6.9090909;7.030303;7.1515152;7.2727273;7.3939394;7.6363636;7.7575758;7.8787879;8;8.1212121;8.3636364;8.4848485;8.6060606;8.7272727;8.8484848;8.969697;9.0909091;9.2121212;9.3333333;9.4545455;9.5757576;9.6969697;9.8181818;9.9393939;10.060606;10.181818;10.424242;10.545455;10.666667;10.787879;10.909091;11.030303;11.151515;11.272727;11.393939;11.515152;11.636364;11.757576;11.878788;12,0.60606061;1.0909091;1.5757576;2.5454545;2.6666667;2.9090909;3.1515152;3.5151515;4;4.1212121;4.2424242;4.4848485;4.7272727;4.969697;5.8181818;6.1818182;6.7878788;7.5151515;8.2424242;10.30303,NLLS,0.09907251681620614,0.010507442031203872,0.00092628837110751,0.0916750087703718,7.371162889249005,8.324991229628209,0.7189615069957653,0.0
moderate,0.1,3,3ee3928f51f6,80,20,0;0.12121212;0.24242424;0.36363636;0.48484848;0.72727273;0.84848485;0.96969697;1.2121212;1.3333333;1.4545455;1.6969697;1.8181818;1.9393939;2.0606061;2.1818182;2.3030303;2.4242424;2.7878788;3.030303;3.2727273;3.3939394;3.6363636;3.7575758;3.8787879;4.3636364;4.6060606;4.8484848;5.0909091;5.2121212;5.3333333;5.4545455;5.5757576;5.6969697;5.9393939;6.0606061;6.3030303;6.4242424;6.5454545;6.6666667;6.9090909;7.030303;7.1515152;7.2727273;7.3939394;7.6363636;7.7575758;7.8787879;8;8.1212121;8.3636364;8.4848485;8.6060606;8.7272727;8.8484848;8.969697;9.0909091;9.2121212;9.3333333;9.4545455;9.5757576;9.6969697;9.8181818;9.9393939;10.060606;10.181818;10.424242;10.545455;10.666667;10.787879;10.909091;11.030303;11.151515;11.272727;11.393939;11.515152;11.636364;11.757576;11.878788;12,0.60606061;1.0909091;1.5757576;2.5454545;2.6666667;2.9090909;3.1515152;3.5151515;4;4.1212121;4.2424242;4.4848485;4.7272727;4.969697;5.8181818;6.1818182;6.7878788;7.5151515;8.2424242;10.30303,NN,0.1066851317589779,0.04648845467202944,,,,,0.011307461100962203,0.0
moderate,0.1,3,3ee3928f51f6,80,20,0;0.12121212;0.24242424;0.36363636;0.48484848;0.72727273;0.84848485;0.96969697;1.2121212;1.3333333;1.4545455;1.6969697;1.8181818;1.9393939;2.0606061;2.1818182;2.3030303;2.4242424;2.7878788;3.030303;3.2727273;3.3939394;3.6363636;3.7575758;3.8787879;4.3636364;4.6060606;4.8484848;5.0909091;5.2121212;5.3333333;5.4545455;5.5757576;5.6969697;5.9393939;6.0606061;6.3030303;6.4242424;6.5454545;6.6666667;6.9090909;7.030303;7.1515152;7.2727273;7.3939394;7.6363636;7.7575758;7.8787879;8;8.1212121;8.3636364;8.4848485;8.6060606;8.7272727;8.8484848;8.969697;9.0909091;9.2121212;9.3333333;9.4545455;9.5757576;9.6969697;9.8181818;9.9393939;10.060606;10.181818;10.424242;10.545455;10.666667;10.787879;10.909091;11.030303;11.151515;11.272727;11.393939;11.515152;11.636364;11.757576;11.878788;12,0.60606061;1.0909091;1.5757576;2.5454545;2.6666667;2.9090909;3.1515152;3.5151515;4;4.1212121;4.2424242;4.4848485;4.7272727;4.969697;5.8181818;6.1818182;6.7878788;7.5151515;8.2424242;10.30303,PINN,0.12223216202032003,0.05696551333547329,0.0008874072771759579,0.00374217359046985,11.25927228240422,96.25782640953014,0.012134238466620784,0.0
moderate,0.1,4,ad6abebe12d8,80,20,0;0.12121212;0.24242424;0.36363636;0.48484848;0.60606061;0.72727273;0.84848485;0.96969697;1.0909091;1.2121212;1.5757576;1.6969697;1.8181818;1.9393939;2.1818182;2.3030303;2.4242424;2.5454545;2.7878788;3.030303;3.3939394;3.5151515;3.6363636;3.7575758;4.2424242;4.3636364;4.4848485;4.6060606;4.969697;5.0909091;5.2121212;5.3333333;5.5757576;5.8181818;5.9393939;6.0606061;6.1818182;6.3030303;6.5454545;6.6666667;6.7878788;6.9090909;7.030303;7.1515152;7.2727273;7.3939394;7.5151515;7.6363636;7.7575758;7.8787879;8;8.1212121;8.4848485;8.6060606;8.7272727;8.8484848;8.969697;9.0909091;9.2121212;9.3333333;9.4545455;9.6969697;9.8181818;9.9393939;10.060606;10.181818;10.30303;10.424242;10.666667;10.787879;11.030303;11.151515;11.272727;11.393939;11.515152;11.636364;11.757576;11.878788;12,1.3333333;1.4545455;2.0606061;2.6666667;2.9090909;3.1515152;3.2727273;3.8787879;4;4.1212121;4.7272727;4.8484848;5.4545455;5.6969697;6.4242424;8.2424242;8.3636364;9.5757576;10.545455;10.909091,NLLS,0.10529217003895529,0.010140970342936392,0.0010675438112416184,0.11213805393945489,6.754381124161846,12.138053939454885,1.12346167334503,0.0
moderate,0.1,4,ad6abebe12d8,80,20,0;0.12121212;0.24242424;0.36363636;0.48484848;0.60606061;0.72727273;0.84848485;0.96969697;1.0909091;1.2121212;1.5757576;1.6969697;1.8181818;1.9393939;2.1818182;2.3030303;2.4242424;2.5454545;2.7878788;3.030303;3.3939394;3.5151515;3.6363636;3.7575758;4.2424242;4.3636364;4.4848485;4.6060606;4.969697;5.0909091;5.2121212;5.3333333;5.5757576;5.8181818;5.9393939;6.0606061;6.1818182;6.3030303;6.5454545;6.6666667;6.7878788;6.9090909;7.030303;7.1515152;7.2727273;7.3939394;7.5151515;7.6363636;7.7575758;7.8787879;8;8.1212121;8.4848485;8.6060606;8.7272727;8.8484848;8.969697;9.0909091;9.2121212;9.3333333;9.4545455;9.6969697;9.8181818;9.9393939;10.060606;10.181818;10.30303;10.424242;10.666667;10.787879;11.030303;11.151515;11.272727;11.393939;11.515152;11.636364;11.757576;11.878788;12,1.3333333;1.4545455;2.0606061;2.6666667;2.9090909;3.1515152;3.2727273;3.8787879;4;4.1212121;4.7272727;4.8484848;5.4545455;5.6969697;6.4242424;8.2424242;8.3636364;9.5757576;10.545455;10.909091,NN,0.16457553972453415,0.08907650513008888,,,,,0.014494349734238821,0.0
moderate,0.1,4,ad6abebe12d8,80,20,0;0.12121212;0.24242424;0.36363636;0.48484848;0.60606061;0.72727273;0.84848485;0.96969697;1.0909091;1.2121212;1.5757576;1.6969697;1.8181818;1.9393939;2.1818182;2.3030303;2.4242424;2.5454545;2.7878788;3.030303;3.3939394;3.5151515;3.6363636;3.7575758;4.2424242;4.3636364;4.4848485;4.6060606;4.969697;5.0909091;5.2121212;5.3333333;5.5757576;5.8181818;5.9393939;6.0606061;6.1818182;6.3030303;6.5454545;6.6666667;6.7878788;6.9090909;7.030303;7.1515152;7.2727273;7.3939394;7.5151515;7.6363636;7.7575758;7.8787879;8;8.1212121;8.4848485;8.6060606;8.7272727;8.8484848;8.969697;9.0909091;9.2121212;9.3333333;9.4545455;9.6969697;9.8181818;9.9393939;10.060606;10.181818;10.30303;10.424242;10.666667;10.787879;11.030303;11.151515;11.272727;11.393939;11.515152;11.636364;11.757576;11.878788;12,1.3333333;1.4545455;2.0606061;2.6666667;2.9090909;3.1515152;3.2727273;3.8787879;4;4.1212121;4.7272727;4.8484848;5.4545455;5.6969697;6.4242424;8.2424242;8.3636364;9.5757576;10.545455;10.909091,PINN,0.12179698713596376,0.04121834483451896,0.0006674141660317486,0.00014350809259610836,33.25858339682514,99.85649190740389,0.00989705769663701,0.0
moderate,0.1,5,a8d70a302186,80,20,0;0.12121212;0.48484848;0.60606061;0.72727273;0.96969697;1.0909091;1.2121212;1.3333333;1.4545455;1.5757576;1.8181818;1.9393939;2.0606061;2.3030303;2.4242424;2.5454545;2.6666667;2.7878788;2.9090909;3.030303;3.1515152;3.5151515;3.6363636;3.7575758;3.8787879;4;4.1212121;4.2424242;4.4848485;4.6060606;4.7272727;4.8484848;4.969697;5.0909091;5.2121212;5.3333333;5.4545455;5.5757576;5.8181818;5.9393939;6.0606061;6.1818182;6.3030303;6.5454545;6.6666667;6.7878788;6.9090909;7.030303;7.1515152;7.3939394;7.5151515;7.6363636;7.8787879;8;8.1212121;8.2424242;8.3636364;8.4848485;8.6060606;8.7272727;8.8484848;8.969697;9.0909091;9.2121212;9.3333333;9.4545455;9.6969697;9.8181818;10.30303;10.424242;10.545455;10.666667;10.787879;10.909091;11.151515;11.272727;11.393939;11.515152;12,0.24242424;0.36363636;0.84848485;1.6969697;2.1818182;3.2727273;3.3939394;4.3636364;5.6969697;6.4242424;7.2727273;7.7575758;9.5757576;9.9393939;10.060606;10.181818;11.030303;11.636364;11.757576;11.878788,NLLS,0.09924111195689637,0.03582553500983561,0.0009575122026166159,0.06489127597180722,4.248779738338415,35.10872402819278,0.7320324264254521,0.0
moderate,0.1,5,a8d70a302186,80,20,0;0.12121212;0.48484848;0.60606061;0.72727273;0.96969697;1.0909091;1.2121212;1.3333333;1.4545455;1.5757576;1.8181818;1.9393939;2.0606061;2.3030303;2.4242424;2.5454545;2.6666667;2.7878788;2.9090909;3.030303;3.1515152;3.5151515;3.6363636;3.7575758;3.8787879;4;4.1212121;4.2424242;4.4848485;4.6060606;4.7272727;4.8484848;4.969697;5.0909091;5.2121212;5.3333333;5.4545455;5.5757576;5.8181818;5.9393939;6.0606061;6.1818182;6.3030303;6.5454545;6.6666667;6.7878788;6.9090909;7.030303;7.1515152;7.3939394;7.5151515;7.6363636;7.8787879;8;8.1212121;8.2424242;8.3636364;8.4848485;8.6060606;8.7272727;8.8484848;8.969697;9.0909091;9.2121212;9.3333333;9.4545455;9.6969697;9.8181818;10.30303;10.424242;10.545455;10.666667;10.787879;10.909091;11.151515;11.272727;11.393939;11.515152;12,0.24242424;0.36363636;0.84848485;1.6969697;2.1818182;3.2727273;3.3939394;4.3636364;5.6969697;6.4242424;7.2727273;7.7575758;9.5757576;9.9393939;10.060606;10.181818;11.030303;11.636364;11.757576;11.878788,NN,0.09935614763187244,0.05831629742395221,,,,,0.012056700424317501,0.0
moderate,0.1,5,a8d70a302186,80,20,0;0.12121212;0.48484848;0.60606061;0.72727273;0.96969697;1.0909091;1.2121212;1.3333333;1.4545455;1.5757576;1.8181818;1.9393939;2.0606061;2.3030303;2.4242424;2.5454545;2.6666667;2.7878788;2.9090909;3.030303;3.1515152;3.5151515;3.6363636;3.7575758;3.8787879;4;4.1212121;4.2424242;4.4848485;4.6060606;4.7272727;4.8484848;4.969697;5.0909091;5.2121212;5.3333333;5.4545455;5.5757576;5.8181818;5.9393939;6.0606061;6.1818182;6.3030303;6.5454545;6.6666667;6.7878788;6.9090909;7.030303;7.1515152;7.3939394;7.5151515;7.6363636;7.8787879;8;8.1212121;8.2424242;8.3636364;8.4848485;8.6060606;8.7272727;8.8484848;8.969697;9.0909091;9.2121212;9.3333333;9.4545455;9.6969697;9.8181818;10.30303;10.424242;10.545455;10.666667;10.787879;10.909091;11.151515;11.272727;11.393939;11.515152;12,0.24242424;0.36363636;0.84848485;1.6969697;2.1818182;3.2727273;3.3939394;4.3636364;5.6969697;6.4242424;7.2727273;7.7575758;9.5757576;9.9393939;10.060606;10.181818;11.030303;11.636364;11.757576;11.878788,PINN,0.09943796912175629,0.06096685852747944,0.0007758591118135547,0.00013154418232536538,22.41408881864454,99.86845581767464,0.010899261462182489,0.0
moderate,0.1,6,896b5034e7e4,80,20,0;0.12121212;0.24242424;0.36363636;0.48484848;0.60606061;0.72727273;1.0909091;1.2121212;1.3333333;1.5757576;1.6969697;1.8181818;1.9393939;2.0606061;2.1818182;2.3030303;2.4242424;2.6666667;2.7878788;2.9090909;3.030303;3.1515152;3.2727273;3.3939394;3.6363636;3.8787879;4;4.1212121;4.2424242;4.4848485;4.6060606;4.7272727;4.8484848;5.2121212;5.3333333;5.4545455;5.5757576;5.8181818;5.9393939;6.0606061;6.3030303;6.4242424;6.5454545;6.6666667;6.7878788;6.9090909;7.030303;7.1515152;7.3939394;7.5151515;7.6363636;8;8.2424242;8.3636364;8.4848485;8.6060606;8.7272727;8.969697;9.0909091;9.3333333;9.4545455;9.5757576;9.6969697;9.8181818;9.9393939;10.060606;10.181818;10.30303;10.545455;10.787879;10.909091;11.030303;11.151515;11.272727;11.515152;11.636364;11.757576;11.878788;12,0.84848485;0.96969697;1.4545455;2.5454545;3.5151515;3.7575758;4.3636364;4.969697;5.0909091;5.6969697;6.1818182;7.2727273;7.7575758;7.8787879;8.1212121;8.8484848;9.2121212;10.424242;10.666667;11.393939,NLLS,0.11347871407734463,0.012665172652466083,0.0009413088061634762,0.09485701496785034,5.869119383652377,5.14298503214966,0.8564203555402199,0.0
moderate,0.1,6,896b5034e7e4,80,20,0;0.12121212;0.24242424;0.36363636;0.48484848;0.60606061;0.72727273;1.0909091;1.2121212;1.3333333;1.5757576;1.6969697;1.8181818;1.9393939;2.0606061;2.1818182;2.3030303;2.4242424;2.6666667;2.7878788;2.9090909;3.030303;3.1515152;3.2727273;3.3939394;3.6363636;3.8787879;4;4.1212121;4.2424242;4.4848485;4.6060606;4.7272727;4.8484848;5.2121212;5.3333333;5.4545455;5.5757576;5.8181818;5.9393939;6.0606061;6.3030303;6.4242424;6.5454545;6.6666667;6.7878788;6.9090909;7.030303;7.1515152;7.3939394;7.5151515;7.6363636;8;8.2424242;8.3636364;8.4848485;8.6060606;8.7272727;8.969697;9.0909091;9.3333333;9.4545455;9.5757576;9.6969697;9.8181818;9.9393939;10.060606;10.181818;10.30303;10.545455;10.787879;10.909091;11.030303;11.151515;11.272727;11.515152;11.636364;11.757576;11.878788;12,0.84848485;0.96969697;1.4545455;2.5454545;3.5151515;3.7575758;4.3636364;4.969697;5.0909091;5.6969697;6.1818182;7.2727273;7.7575758;7.8787879;8.1212121;8.8484848;9.2121212;10.424242;10.666667;11.393939,NN,0.14320828796873444,0.057263057348880174,,,,,0.01291316663540249,0.0
moderate,0.1,6,896b5034e7e4,80,20,0;0.12121212;0.24242424;0.36363636;0.48484848;0.60606061;0.72727273;1.0909091;1.2121212;1.3333333;1.5757576;1.6969697;1.8181818;1.9393939;2.0606061;2.1818182;2.3030303;2.4242424;2.6666667;2.7878788;2.9090909;3.030303;3.1515152;3.2727273;3.3939394;3.6363636;3.8787879;4;4.1212121;4.2424242;4.4848485;4.6060606;4.7272727;4.8484848;5.2121212;5.3333333;5.4545455;5.5757576;5.8181818;5.9393939;6.0606061;6.3030303;6.4242424;6.5454545;6.6666667;6.7878788;6.9090909;7.030303;7.1515152;7.3939394;7.5151515;7.6363636;8;8.2424242;8.3636364;8.4848485;8.6060606;8.7272727;8.969697;9.0909091;9.3333333;9.4545455;9.5757576;9.6969697;9.8181818;9.9393939;10.060606;10.181818;10.30303;10.545455;10.787879;10.909091;11.030303;11.151515;11.272727;11.515152;11.636364;11.757576;11.878788;12,0.84848485;0.96969697;1.4545455;2.5454545;3.5151515;3.7575758;4.3636364;4.969697;5.0909091;5.6969697;6.1818182;7.2727273;7.7575758;7.8787879;8.1212121;8.8484848;9.2121212;10.424242;10.666667;11.393939,PINN,0.13459405461773558,0.03965616047484871,0.0007365350401433705,0.003297642371181521,26.346495985662955,96.70235762881848,0.016446203624051442,0.0
moderate,0.1,7,47f4a41b6766,80,20,0;0.12121212;0.24242424;0.48484848;0.72727273;0.84848485;0.96969697;1.0909091;1.2121212;1.3333333;1.5757576;1.6969697;1.8181818;1.9393939;2.0606061;2.1818182;2.3030303;2.4242424;2.6666667;2.7878788;2.9090909;3.030303;3.2727273;3.5151515;3.7575758;3.8787879;4.1212121;4.2424242;4.3636364;4.4848485;4.6060606;4.8484848;4.969697;5.0909091;5.2121212;5.3333333;5.4545455;5.5757576;5.8181818;5.9393939;6.0606061;6.3030303;6.5454545;6.6666667;6.7878788;6.9090909;7.030303;7.1515152;7.2727273;7.3939394;7.5151515;7.7575758;7.8787879;8;8.2424242;8.6060606;8.7272727;8.8484848;8.969697;9.0909091;9.2121212;9.3333333;9.4545455;9.5757576;9.6969697;9.9393939;10.060606;10.181818;10.30303;10.545455;10.666667;10.909091;11.030303;11.151515;11.272727;11.515152;11.636364;11.757576;11.878788;12,0.36363636;0.60606061;1.4545455;2.5454545;3.1515152;3.3939394;3.6363636;4;4.7272727;5.6969697;6.1818182;6.4242424;7.6363636;8.1212121;8.3636364;8.4848485;9.8181818;10.424242;10.787879;11.393939,NLLS,0.06854673464173182,0.021250516170100004,0.0008935801444593044,0.08016410651013324,10.641985554069567,19.835893489866763,0.7819250331331493,0.0
moderate,0.1,7,47f4a41b6766,80,20,0;0.12121212;0.24242424;0.48484848;0.72727273;0.84848485;0.96969697;1.0909091;1.2121212;1.3333333;1.5757576;1.6969697;1.8181818;1.9393939;2.0606061;2.1818182;2.3030303;2.4242424;2.6666667;2.7878788;2.9090909;3.030303;3.2727273;3.5151515;3.7575758;3.8787879;4.1212121;4.2424242;4.3636364;4.4848485;4.6060606;4.8484848;4.969697;5.0909091;5.2121212;5.3333333;5.4545455;5.5757576;5.8181818;5.9393939;6.0606061;6.3030303;6.5454545;6.6666667;6.7878788;6.9090909;7.030303;7.1515152;7.2727273;7.3939394;7.5151515;7.7575758;7.8787879;8;8.2424242;8.6060606;8.7272727;8.8484848;8.969697;9.0909091;9.2121212;9.3333333;9.4545455;9.5757576;9.6969697;9.9393939;10.060606;10.181818;10.30303;10.545455;10.666667;10.909091;11.030303;11.151515;11.272727;11.515152;11.636364;11.757576;11.878788;12,0.36363636;0.60606061;1.4545455;2.5454545;3.1515152;3.3939394;3.6363636;4;4.7272727;5.6969697;6.1818182;6.4242424;7.6363636;8.1212121;8.3636364;8.4848485;9.8181818;10.424242;10.787879;11.393939,NN,0.07309083287153191,0.036849634463484805,,,,,0.012199765807090018,0.0
moderate,0.1,7,47f4a41b6766,80,20,0;0.12121212;0.24242424;0.48484848;0.72727273;0.84848485;0.96969697;1.0909091;1.2121212;1.3333333;1.5757576;1.6969697;1.8181818;1.9393939;2.0606061;2.1818182;2.3030303;2.4242424;2.6666667;2.7878788;2.9090909;3.030303;3.2727273;3.5151515;3.7575758;3.8787879;4.1212121;4.2424242;4.3636364;4.4848485;4.6060606;4.8484848;4.969697;5.0909091;5.2121212;5.3333333;5.4545455;5.5757576;5.8181818;5.9393939;6.0606061;6.3030303;6.5454545;6.6666667;6.7878788;6.9090909;7.030303;7.1515152;7.2727273;7.3939394;7.5151515;7.7575758;7.8787879;8;8.2424242;8.6060606;8.7272727;8.8484848;8.969697;9.0909091;9.2121212;9.3333333;9.4545455;9.5757576;9.6969697;9.9393939;10.060606;10.181818;10.30303;10.545455;10.666667;10.909091;11.030303;11.151515;11.272727;11.515152;11.636364;11.757576;11.878788;12,0.36363636;0.60606061;1.4545455;2.5454545;3.1515152;3.3939394;3.6363636;4;4.7272727;5.6969697;6.1818182;6.4242424;7.6363636;8.1212121;8.3636364;8.4848485;9.8181818;10.424242;10.787879;11.393939,PINN,0.09343889650867514,0.05911055189665876,0.0008753938600913399,0.0012372026854473954,12.46061399086602,98.76279731455261,0.0184054289781297,0.0
moderate,0.1,8,f89705f4c9d2,80,20,0;0.12121212;0.24242424;0.48484848;0.60606061;0.72727273;0.96969697;1.0909091;1.2121212;1.3333333;1.4545455;1.6969697;1.8181818;1.9393939;2.0606061;2.1818182;2.5454545;2.6666667;2.7878788;3.030303;3.1515152;3.3939394;3.6363636;3.7575758;3.8787879;4;4.1212121;4.2424242;4.3636364;4.7272727;4.8484848;4.969697;5.0909091;5.2121212;5.4545455;5.5757576;5.8181818;6.0606061;6.1818182;6.3030303;6.4242424;6.5454545;6.7878788;6.9090909;7.030303;7.1515152;7.3939394;7.5151515;7.6363636;7.7575758;7.8787879;8;8.2424242;8.3636364;8.4848485;8.6060606;8.7272727;8.969697;9.2121212;9.3333333;9.4545455;9.5757576;9.6969697;9.8181818;9.9393939;10.181818;10.30303;10.424242;10.545455;10.666667;10.787879;10.909091;11.030303;11.151515;11.272727;11.393939;11.515152;11.636364;11.757576;12,0.36363636;0.84848485;1.5757576;2.3030303;2.4242424;2.9090909;3.2727273;3.5151515;4.4848485;4.6060606;5.3333333;5.6969697;5.9393939;6.6666667;7.2727273;8.1212121;8.8484848;9.0909091;10.060606;11.878788,NLLS,0.14173915496439166,0.013560534409789608,0.0009635019505723687,0.07974736781288244,3.649804942763135,20.25263218711756,0.6804732680506885,0.0
moderate,0.1,8,f89705f4c9d2,80,20,0;0.12121212;0.24242424;0.48484848;0.60606061;0.72727273;0.96969697;1.0909091;1.2121212;1.3333333;1.4545455;1.6969697;1.8181818;1.9393939;2.0606061;2.1818182;2.5454545;2.6666667;2.7878788;3.030303;3.1515152;3.3939394;3.6363636;3.7575758;3.8787879;4;4.1212121;4.2424242;4.3636364;4.7272727;4.8484848;4.969697;5.0909091;5.2121212;5.4545455;5.5757576;5.8181818;6.0606061;6.1818182;6.3030303;6.4242424;6.5454545;6.7878788;6.9090909;7.030303;7.1515152;7.3939394;7.5151515;7.6363636;7.7575758;7.8787879;8;8.2424242;8.3636364;8.4848485;8.6060606;8.7272727;8.969697;9.2121212;9.3333333;9.4545455;9.5757576;9.6969697;9.8181818;9.9393939;10.181818;10.30303;10.424242;10.545455;10.666667;10.787879;10.909091;11.030303;11.151515;11.272727;11.393939;11.515152;11.636364;11.757576;12,0.36363636;0.84848485;1.5757576;2.3030303;2.4242424;2.9090909;3.2727273;3.5151515;4.4848485;4.6060606;5.3333333;5.6969697;5.9393939;6.6666667;7.2727273;8.1212121;8.8484848;9.0909091;10.060606;11.878788,NN,0.15079558945619978,0.05313590390338331,,,,,0.010770486900966795,0.0
moderate,0.1,8,f89705f4c9d2,80,20,0;0.12121212;0.24242424;0.48484848;0.60606061;0.72727273;0.96969697;1.0909091;1.2121212;1.3333333;1.4545455;1.6969697;1.8181818;1.9393939;2.0606061;2.1818182;2.5454545;2.6666667;2.7878788;3.030303;3.1515152;3.3939394;3.6363636;3.7575758;3.8787879;4;4.1212121;4.2424242;4.3636364;4.7272727;4.8484848;4.969697;5.0909091;5.2121212;5.4545455;5.5757576;5.8181818;6.0606061;6.1818182;6.3030303;6.4242424;6.5454545;6.7878788;6.9090909;7.030303;7.1515152;7.3939394;7.5151515;7.6363636;7.7575758;7.8787879;8;8.2424242;8.3636364;8.4848485;8.6060606;8.7272727;8.969697;9.2121212;9.3333333;9.4545455;9.5757576;9.6969697;9.8181818;9.9393939;10.181818;10.30303;10.424242;10.545455;10.666667;10.787879;10.909091;11.030303;11.151515;11.272727;11.393939;11.515152;11.636364;11.757576;12,0.36363636;0.84848485;1.5757576;2.3030303;2.4242424;2.9090909;3.2727273;3.5151515;4.4848485;4.6060606;5.3333333;5.6969697;5.9393939;6.6666667;7.2727273;8.1212121;8.8484848;9.0909091;10.060606;11.878788,PINN,0.1365668139021891,0.026942658978185173,0.0005602074669422176,8.007382652960973e-05,43.97925330577824,99.91992617347039,0.011980523778432606,0.0
moderate,0.1,9,3b1d2e8717ca,80,20,0;0.12121212;0.36363636;0.48484848;0.60606061;0.72727273;0.96969697;1.0909091;1.2121212;1.3333333;1.4545455;1.5757576;1.6969697;1.8181818;1.9393939;2.0606061;2.1818182;2.3030303;2.4242424;2.5454545;2.7878788;2.9090909;3.1515152;3.2727273;3.3939394;3.7575758;3.8787879;4;4.1212121;4.2424242;4.3636364;4.6060606;4.8484848;5.0909091;5.3333333;5.4545455;5.5757576;5.8181818;5.9393939;6.0606061;6.1818182;6.4242424;6.5454545;6.6666667;6.9090909;7.030303;7.1515152;7.2727273;7.3939394;7.5151515;7.6363636;8.1212121;8.3636364;8.4848485;8.6060606;8.7272727;8.8484848;8.969697;9.0909091;9.2121212;9.3333333;9.4545455;9.5757576;9.6969697;9.8181818;9.9393939;10.060606;10.181818;10.30303;10.424242;10.545455;10.666667;10.787879;11.151515;11.272727;11.393939;11.515152;11.636364;11.757576;11.878788,0.24242424;0.84848485;2.6666667;3.030303;3.5151515;3.6363636;4.4848485;4.7272727;4.969697;5.2121212;5.6969697;6.3030303;6.7878788;7.7575758;7.8787879;8;8.2424242;10.909091;11.030303;12,NLLS,0.10693689401881463,0.02874771022289991,0.0008639882841218825,0.08729230404778894,13.601171587811756,12.707695952211061,1.1192601823772317,0.0
moderate,0.1,9,3b1d2e8717ca,80,20,0;0.12121212;0.36363636;0.48484848;0.60606061;0.72727273;0.96969697;1.0909091;1.2121212;1.3333333;1.4545455;1.5757576;1.6969697;1.8181818;1.9393939;2.0606061;2.1818182;2.3030303;2.4242424;2.5454545;2.7878788;2.9090909;3.1515152;3.2727273;3.3939394;3.7575758;3.8787879;4;4.1212121;4.2424242;4.3636364;4.6060606;4.8484848;5.0909091;5.3333333;5.4545455;5.5757576;5.8181818;5.9393939;6.0606061;6.1818182;6.4242424;6.5454545;6.6666667;6.9090909;7.030303;7.1515152;7.2727273;7.3939394;7.5151515;7.6363636;8.1212121;8.3636364;8.4848485;8.6060606;8.7272727;8.8484848;8.969697;9.0909091;9.2121212;9.3333333;9.4545455;9.5757576;9.6969697;9.8181818;9.9393939;10.060606;10.181818;10.30303;10.424242;10.545455;10.666667;10.787879;11.151515;11.272727;11.393939;11.515152;11.636364;11.757576;11.878788,0.24242424;0.84848485;2.6666667;3.030303;3.5151515;3.6363636;4.4848485;4.7272727;4.969697;5.2121212;5.6969697;6.3030303;6.7878788;7.7575758;7.8787879;8;8.2424242;10.909091;11.030303;12,NN,0.11524361129066236,0.057659392877268456,,,,,0.01496743246361762,0.0
moderate,0.1,9,3b1d2e8717ca,80,20,0;0.12121212;0.36363636;0.48484848;0.60606061;0.72727273;0.96969697;1.0909091;1.2121212;1.3333333;1.4545455;1.5757576;1.6969697;1.8181818;1.9393939;2.0606061;2.1818182;2.3030303;2.4242424;2.5454545;2.7878788;2.9090909;3.1515152;3.2727273;3.3939394;3.7575758;3.8787879;4;4.1212121;4.2424242;4.3636364;4.6060606;4.8484848;5.0909091;5.3333333;5.4545455;5.5757576;5.8181818;5.9393939;6.0606061;6.1818182;6.4242424;6.5454545;6.6666667;6.9090909;7.030303;7.1515152;7.2727273;7.3939394;7.5151515;7.6363636;8.1212121;8.3636364;8.4848485;8.6060606;8.7272727;8.8484848;8.969697;9.0909091;9.2121212;9.3333333;9.4545455;9.5757576;9.6969697;9.8181818;9.9393939;10.060606;10.181818;10.30303;10.424242;10.545455;10.666667;10.787879;11.151515;11.272727;11.393939;11.515152;11.636364;11.757576;11.878788,0.24242424;0.84848485;2.6666667;3.030303;3.5151515;3.6363636;4.4848485;4.7272727;4.969697;5.2121212;5.6969697;6.3030303;6.7878788;7.7575758;7.8787879;8;8.2424242;10.909091;11.030303;12,PINN,0.1159443660447062,0.05482832707830033,0.0007593650318199032,0.00178344789460402,24.06349681800969,98.21655210539598,0.017461154154533035,0.0
moderate,0.1,10,cb35ae3abe06,80,20,0;0.24242424;0.36363636;0.60606061;0.72727273;0.84848485;0.96969697;1.0909091;1.2121212;1.5757576;1.8181818;1.9393939;2.0606061;2.1818182;2.3030303;2.4242424;2.5454545;2.6666667;2.9090909;3.030303;3.1515152;3.2727273;3.5151515;3.6363636;3.7575758;3.8787879;4.2424242;4.3636364;4.4848485;4.6060606;4.7272727;4.8484848;4.969697;5.0909091;5.2121212;5.3333333;5.4545455;5.5757576;5.6969697;5.8181818;5.9393939;6.4242424;6.5454545;6.6666667;6.7878788;6.9090909;7.1515152;7.2727273;7.3939394;7.6363636;7.7575758;7.8787879;8;8.1212121;8.2424242;8.3636364;8.4848485;8.6060606;8.7272727;8.8484848;8.969697;9.0909091;9.2121212;9.3333333;9.5757576;9.6969697;9.8181818;9.9393939;10.060606;10.424242;10.666667;10.787879;10.909091;11.030303;11.151515;11.272727;11.515152;11.757576;11.878788;12,0.12121212;0.48484848;1.3333333;1.4545455;1.6969697;2.7878788;3.3939394;4;4.1212121;6.0606061;6.1818182;6.3030303;7.030303;7.5151515;9.4545455;10.181818;10.30303;10.545455;11.393939;11.636364,NLLS,0.08574955394807882,0.019047618439273495,0.001038963600308483,0.1238288780664336,3.8963600308483004,23.82887806643359,0.7336084737167241,0.0
moderate,0.1,10,cb35ae3abe06,80,20,0;0.24242424;0.36363636;0.60606061;0.72727273;0.84848485;0.96969697;1.0909091;1.2121212;1.5757576;1.8181818;1.9393939;2.0606061;2.1818182;2.3030303;2.4242424;2.5454545;2.6666667;2.9090909;3.030303;3.1515152;3.2727273;3.5151515;3.6363636;3.7575758;3.8787879;4.2424242;4.3636364;4.4848485;4.6060606;4.7272727;4.8484848;4.969697;5.0909091;5.2121212;5.3333333;5.4545455;5.5757576;5.6969697;5.8181818;5.9393939;6.4242424;6.5454545;6.6666667;6.7878788;6.9090909;7.1515152;7.2727273;7.3939394;7.6363636;7.7575758;7.8787879;8;8.1212121;8.2424242;8.3636364;8.4848485;8.6060606;8.7272727;8.8484848;8.969697;9.0909091;9.2121212;9.3333333;9.5757576;9.6969697;9.8181818;9.9393939;10.060606;10.424242;10.666667;10.787879;10.909091;11.030303;11.151515;11.272727;11.515152;11.757576;11.878788;12,0.12121212;0.48484848;1.3333333;1.4545455;1.6969697;2.7878788;3.3939394;4;4.1212121;6.0606061;6.1818182;6.3030303;7.030303;7.5151515;9.4545455;10.181818;10.30303;10.545455;11.393939;11.636364,NN,0.11366507834821422,0.06318979993556238,,,,,0.012824022958435457,0.0
moderate,0.1,10,cb35ae3abe06,80,20,0;0.24242424;0.36363636;0.60606061;0.72727273;0.84848485;0.96969697;1.0909091;1.2121212;1.5757576;1.8181818;1.9393939;2.0606061;2.1818182;2.3030303;2.4242424;2.5454545;2.6666667;2.9090909;3.030303;3.1515152;3.2727273;3.5151515;3.6363636;3.7575758;3.8787879;4.2424242;4.3636364;4.4848485;4.6060606;4.7272727;4.8484848;4.969697;5.0909091;5.2121212;5.3333333;5.4545455;5.5757576;5.6969697;5.8181818;5.9393939;6.4242424;6.5454545;6.6666667;6.7878788;6.9090909;7.1515152;7.2727273;7.3939394;7.6363636;7.7575758;7.8787879;8;8.1212121;8.2424242;8.3636364;8.4848485;8.6060606;8.7272727;8.8484848;8.969697;9.0909091;9.2121212;9.3333333;9.5757576;9.6969697;9.8181818;9.9393939;10.060606;10.424242;10.666667;10.787879;10.909091;11.030303;11.151515;11.272727;11.515152;11.757576;11.878788;12,0.12121212;0.48484848;1.3333333;1.4545455;1.6969697;2.7878788;3.3939394;4;4.1212121;6.0606061;6.1818182;6.3030303;7.030303;7.5151515;9.4545455;10.181818;10.30303;10.545455;11.393939;11.636364,PINN,0.10365943707297945,0.038335795499549435,0.0007961210351436961,0.007928416519493784,20.387896485630385,92.07158348050622,0.01172962737564972,0.0
high,0.2,1,3877a033379a,80,20,0;0.12121212;0.24242424;0.48484848;0.60606061;0.84848485;0.96969697;1.0909091;1.2121212;1.3333333;1.4545455;1.5757576;1.8181818;1.9393939;2.0606061;2.3030303;2.4242424;2.6666667;2.7878788;2.9090909;3.030303;3.3939394;3.6363636;3.7575758;4;4.1212121;4.2424242;4.4848485;4.6060606;4.7272727;4.8484848;4.969697;5.0909091;5.2121212;5.3333333;5.4545455;5.5757576;5.6969697;5.8181818;5.9393939;6.0606061;6.1818182;6.3030303;6.6666667;6.7878788;6.9090909;7.1515152;7.2727273;7.3939394;7.5151515;7.8787879;8;8.1212121;8.2424242;8.3636364;8.4848485;8.6060606;8.7272727;8.8484848;8.969697;9.0909091;9.3333333;9.5757576;9.6969697;9.8181818;9.9393939;10.060606;10.30303;10.424242;10.666667;10.787879;10.909091;11.030303;11.151515;11.272727;11.393939;11.636364;11.757576;11.878788;12,0.36363636;0.72727273;1.6969697;2.1818182;2.5454545;3.1515152;3.2727273;3.5151515;3.8787879;4.3636364;6.4242424;6.5454545;7.030303;7.6363636;7.7575758;9.2121212;9.4545455;10.181818;10.545455;11.515152,NLLS,0.17851577919297212,0.08325295506073935,0.0007245247847832949,0.10320875182718983,27.547521521670504,3.2087518271898263,3.0627918778785923,0.0
high,0.2,1,3877a033379a,80,20,0;0.12121212;0.24242424;0.48484848;0.60606061;0.84848485;0.96969697;1.0909091;1.2121212;1.3333333;1.4545455;1.5757576;1.8181818;1.9393939;2.0606061;2.3030303;2.4242424;2.6666667;2.7878788;2.9090909;3.030303;3.3939394;3.6363636;3.7575758;4;4.1212121;4.2424242;4.4848485;4.6060606;4.7272727;4.8484848;4.969697;5.0909091;5.2121212;5.3333333;5.4545455;5.5757576;5.6969697;5.8181818;5.9393939;6.0606061;6.1818182;6.3030303;6.6666667;6.7878788;6.9090909;7.1515152;7.2727273;7.3939394;7.5151515;7.8787879;8;8.1212121;8.2424242;8.3636364;8.4848485;8.6060606;8.7272727;8.8484848;8.969697;9.0909091;9.3333333;9.5757576;9.6969697;9.8181818;9.9393939;10.060606;10.30303;10.424242;10.666667;10.787879;10.909091;11.030303;11.151515;11.272727;11.393939;11.636364;11.757576;11.878788;12,0.36363636;0.72727273;1.6969697;2.1818182;2.5454545;3.1515152;3.2727273;3.5151515;3.8787879;4.3636364;6.4242424;6.5454545;7.030303;7.6363636;7.7575758;9.2121212;9.4545455;10.181818;10.545455;11.515152,NN,0.20261976815632807,0.11159787450920448,,,,,0.03994306849765396,0.0
high,0.2,1,3877a033379a,80,20,0;0.12121212;0.24242424;0.48484848;0.60606061;0.84848485;0.96969697;1.0909091;1.2121212;1.3333333;1.4545455;1.5757576;1.8181818;1.9393939;2.0606061;2.3030303;2.4242424;2.6666667;2.7878788;2.9090909;3.030303;3.3939394;3.6363636;3.7575758;4;4.1212121;4.2424242;4.4848485;4.6060606;4.7272727;4.8484848;4.969697;5.0909091;5.2121212;5.3333333;5.4545455;5.5757576;5.6969697;5.8181818;5.9393939;6.0606061;6.1818182;6.3030303;6.6666667;6.7878788;6.9090909;7.1515152;7.2727273;7.3939394;7.5151515;7.8787879;8;8.1212121;8.2424242;8.3636364;8.4848485;8.6060606;8.7272727;8.8484848;8.969697;9.0909091;9.3333333;9.5757576;9.6969697;9.8181818;9.9393939;10.060606;10.30303;10.424242;10.666667;10.787879;10.909091;11.030303;11.151515;11.272727;11.393939;11.636364;11.757576;11.878788;12,0.36363636;0.72727273;1.6969697;2.1818182;2.5454545;3.1515152;3.2727273;3.5151515;3.8787879;4.3636364;6.4242424;6.5454545;7.030303;7.6363636;7.7575758;9.2121212;9.4545455;10.181818;10.545455;11.515152,PINN,0.17045359542488017,0.07276167883148793,0.0008839284302022477,0.09722232412819233,11.607156979775235,2.777675871807672,0.01901327542342149,0.0
high,0.2,2,fe60b53a55d9,80,20,0;0.60606061;0.72727273;0.84848485;0.96969697;1.0909091;1.3333333;1.4545455;1.5757576;1.6969697;1.9393939;2.0606061;2.1818182;2.3030303;2.4242424;2.6666667;2.7878788;2.9090909;3.030303;3.1515152;3.2727273;3.3939394;3.5151515;3.6363636;3.7575758;4;4.1212121;4.2424242;4.6060606;4.7272727;4.8484848;4.969697;5.0909091;5.2121212;5.3333333;5.4545455;5.5757576;5.8181818;5.9393939;6.0606061;6.1818182;6.4242424;6.5454545;6.6666667;6.7878788;6.9090909;7.2727273;7.3939394;7.5151515;7.6363636;7.7575758;7.8787879;8.1212121;8.2424242;8.4848485;8.6060606;8.7272727;8.8484848;8.969697;9.2121212;9.4545455;9.5757576;9.6969697;9.9393939;10.060606;10.181818;10.30303;10.424242;10.545455;10.666667;10.787879;10.909091;11.030303;11.272727;11.393939;11.515152;11.636364;11.757576;11.878788;12,0.12121212;0.24242424;0.36363636;0.48484848;1.2121212;1.8181818;2.5454545;3.8787879;4.3636364;4.4848485;5.6969697;6.3030303;7.030303;7.1515152;8;8.3636364;9.0909091;9.3333333;9.8181818;11.151515,NLLS,0.2144830690925571,0.035276006864790085,0.0011389303240254183,0.1014011321201006,13.893032402541827,1.401132120100601,4.011023462407051,0.0
high,0.2,2,fe60b53a55d9,80,20,0;0.60606061;0.72727273;0.84848485;0.96969697;1.0909091;1.3333333;1.4545455;1.5757576;1.6969697;1.9393939;2.0606061;2.1818182;2.3030303;2.4242424;2.6666667;2.7878788;2.9090909;3.030303;3.1515152;3.2727273;3.3939394;3.5151515;3.6363636;3.7575758;4;4.1212121;4.2424242;4.6060606;4.7272727;4.8484848;4.969697;5.0909091;5.2121212;5.3333333;5.4545455;5.5757576;5.8181818;5.9393939;6.0606061;6.1818182;6.4242424;6.5454545;6.6666667;6.7878788;6.9090909;7.2727273;7.3939394;7.5151515;7.6363636;7.7575758;7.8787879;8.1212121;8.2424242;8.4848485;8.6060606;8.7272727;8.8484848;8.969697;9.2121212;9.4545455;9.5757576;9.6969697;9.9393939;10.060606;10.181818;10.30303;10.424242;10.545455;10.666667;10.787879;10.909091;11.030303;11.272727;11.393939;11.515152;11.636364;11.757576;11.878788;12,0.12121212;0.24242424;0.36363636;0.48484848;1.2121212;1.8181818;2.5454545;3.8787879;4.3636364;4.4848485;5.6969697;6.3030303;7.030303;7.1515152;8;8.3636364;9.0909091;9.3333333;9.8181818;11.151515,NN,0.2346779471828809,0.08064776011613445,,,,,0.044525205485622256,0.0
high,0.2,2,fe60b53a55d9,80,20,0;0.60606061;0.72727273;0.84848485;0.96969697;1.0909091;1.3333333;1.4545455;1.5757576;1.6969697;1.9393939;2.0606061;2.1818182;2.3030303;2.4242424;2.6666667;2.7878788;2.9090909;3.030303;3.1515152;3.2727273;3.3939394;3.5151515;3.6363636;3.7575758;4;4.1212121;4.2424242;4.6060606;4.7272727;4.8484848;4.969697;5.0909091;5.2121212;5.3333333;5.4545455;5.5757576;5.8181818;5.9393939;6.0606061;6.1818182;6.4242424;6.5454545;6.6666667;6.7878788;6.9090909;7.2727273;7.3939394;7.5151515;7.6363636;7.7575758;7.8787879;8.1212121;8.2424242;8.4848485;8.6060606;8.7272727;8.8484848;8.969697;9.2121212;9.4545455;9.5757576;9.6969697;9.9393939;10.060606;10.181818;10.30303;10.424242;10.545455;10.666667;10.787879;10.909091;11.030303;11.272727;11.393939;11.515152;11.636364;11.757576;11.878788;12,0.12121212;0.24242424;0.36363636;0.48484848;1.2121212;1.8181818;2.5454545;3.8787879;4.3636364;4.4848485;5.6969697;6.3030303;7.030303;7.1515152;8;8.3636364;9.0909091;9.3333333;9.8181818;11.151515,PINN,0.21946013242495896,0.04892326637252445,0.0007216864789386558,0.0003553334641494729,27.83135210613442,99.64466653585052,0.0245698061823214,0.0
high,0.2,3,3ee3928f51f6,80,20,0;0.12121212;0.24242424;0.36363636;0.48484848;0.72727273;0.84848485;0.96969697;1.2121212;1.3333333;1.4545455;1.6969697;1.8181818;1.9393939;2.0606061;2.1818182;2.3030303;2.4242424;2.7878788;3.030303;3.2727273;3.3939394;3.6363636;3.7575758;3.8787879;4.3636364;4.6060606;4.8484848;5.0909091;5.2121212;5.3333333;5.4545455;5.5757576;5.6969697;5.9393939;6.0606061;6.3030303;6.4242424;6.5454545;6.6666667;6.9090909;7.030303;7.1515152;7.2727273;7.3939394;7.6363636;7.7575758;7.8787879;8;8.1212121;8.3636364;8.4848485;8.6060606;8.7272727;8.8484848;8.969697;9.0909091;9.2121212;9.3333333;9.4545455;9.5757576;9.6969697;9.8181818;9.9393939;10.060606;10.181818;10.424242;10.545455;10.666667;10.787879;10.909091;11.030303;11.151515;11.272727;11.393939;11.515152;11.636364;11.757576;11.878788;12,0.60606061;1.0909091;1.5757576;2.5454545;2.6666667;2.9090909;3.1515152;3.5151515;4;4.1212121;4.2424242;4.4848485;4.7272727;4.969697;5.8181818;6.1818182;6.7878788;7.5151515;8.2424242;10.30303,NLLS,0.24903029032063412,0.01963083385620675,0.0008451792551908046,0.054260034749167324,15.48207448091954,45.73996525083268,2.911346149023024,0.0
high,0.2,3,3ee3928f51f6,80,20,0;0.12121212;0.24242424;0.36363636;0.48484848;0.72727273;0.84848485;0.96969697;1.2121212;1.3333333;1.4545455;1.6969697;1.8181818;1.9393939;2.0606061;2.1818182;2.3030303;2.4242424;2.7878788;3.030303;3.2727273;3.3939394;3.6363636;3.7575758;3.8787879;4.3636364;4.6060606;4.8484848;5.0909091;5.2121212;5.3333333;5.4545455;5.5757576;5.6969697;5.9393939;6.0606061;6.3030303;6.4242424;6.5454545;6.6666667;6.9090909;7.030303;7.1515152;7.2727273;7.3939394;7.6363636;7.7575758;7.8787879;8;8.1212121;8.3636364;8.4848485;8.6060606;8.7272727;8.8484848;8.969697;9.0909091;9.2121212;9.3333333;9.4545455;9.5757576;9.6969697;9.8181818;9.9393939;10.060606;10.181818;10.424242;10.545455;10.666667;10.787879;10.909091;11.030303;11.151515;11.272727;11.393939;11.515152;11.636364;11.757576;11.878788;12,0.60606061;1.0909091;1.5757576;2.5454545;2.6666667;2.9090909;3.1515152;3.5151515;4;4.1212121;4.2424242;4.4848485;4.7272727;4.969697;5.8181818;6.1818182;6.7878788;7.5151515;8.2424242;10.30303,NN,0.3013521675600269,0.12983822598079436,,,,,0.03333436036843705,0.0
high,0.2,3,3ee3928f51f6,80,20,0;0.12121212;0.24242424;0.36363636;0.48484848;0.72727273;0.84848485;0.96969697;1.2121212;1.3333333;1.4545455;1.6969697;1.8181818;1.9393939;2.0606061;2.1818182;2.3030303;2.4242424;2.7878788;3.030303;3.2727273;3.3939394;3.6363636;3.7575758;3.8787879;4.3636364;4.6060606;4.8484848;5.0909091;5.2121212;5.3333333;5.4545455;5.5757576;5.6969697;5.9393939;6.0606061;6.3030303;6.4242424;6.5454545;6.6666667;6.9090909;7.030303;7.1515152;7.2727273;7.3939394;7.6363636;7.7575758;7.8787879;8;8.1212121;8.3636364;8.4848485;8.6060606;8.7272727;8.8484848;8.969697;9.0909091;9.2121212;9.3333333;9.4545455;9.5757576;9.6969697;9.8181818;9.9393939;10.060606;10.181818;10.424242;10.545455;10.666667;10.787879;10.909091;11.030303;11.151515;11.272727;11.393939;11.515152;11.636364;11.757576;11.878788;12,0.60606061;1.0909091;1.5757576;2.5454545;2.6666667;2.9090909;3.1515152;3.5151515;4;4.1212121;4.2424242;4.4848485;4.7272727;4.969697;5.8181818;6.1818182;6.7878788;7.5151515;8.2424242;10.30303,PINN,0.25244181846463426,0.038236412957116425,0.0007083131946508872,0.0005450539560465284,29.168680534911285,99.45494604395347,0.01858506244332972,0.0
high,0.2,4,ad6abebe12d8,80,20,0;0.12121212;0.24242424;0.36363636;0.48484848;0.60606061;0.72727273;0.84848485;0.96969697;1.0909091;1.2121212;1.5757576;1.6969697;1.8181818;1.9393939;2.1818182;2.3030303;2.4242424;2.5454545;2.7878788;3.030303;3.3939394;3.5151515;3.6363636;3.7575758;4.2424242;4.3636364;4.4848485;4.6060606;4.969697;5.0909091;5.2121212;5.3333333;5.5757576;5.8181818;5.9393939;6.0606061;6.1818182;6.3030303;6.5454545;6.6666667;6.7878788;6.9090909;7.030303;7.1515152;7.2727273;7.3939394;7.5151515;7.6363636;7.7575758;7.8787879;8;8.1212121;8.4848485;8.6060606;8.7272727;8.8484848;8.969697;9.0909091;9.2121212;9.3333333;9.4545455;9.6969697;9.8181818;9.9393939;10.060606;10.181818;10.30303;10.424242;10.666667;10.787879;11.030303;11.151515;11.272727;11.393939;11.515152;11.636364;11.757576;11.878788;12,1.3333333;1.4545455;2.0606061;2.6666667;2.9090909;3.1515152;3.2727273;3.8787879;4;4.1212121;4.7272727;4.8484848;5.4545455;5.6969697;6.4242424;8.2424242;8.3636364;9.5757576;10.545455;10.909091,NLLS,0.1648325108866272,0.0022177517034846056,0.0009872058893427645,0.09936660660924816,1.279411065723557,0.6333933907518463,2.1732851908654798,0.0
high,0.2,4,ad6abebe12d8,80,20,0;0.12121212;0.24242424;0.36363636;0.48484848;0.60606061;0.72727273;0.84848485;0.96969697;1.0909091;1.2121212;1.5757576;1.6969697;1.8181818;1.9393939;2.1818182;2.3030303;2.4242424;2.5454545;2.7878788;3.030303;3.3939394;3.5151515;3.6363636;3.7575758;4.2424242;4.3636364;4.4848485;4.6060606;4.969697;5.0909091;5.2121212;5.3333333;5.5757576;5.8181818;5.9393939;6.0606061;6.1818182;6.3030303;6.5454545;6.6666667;6.7878788;6.9090909;7.030303;7.1515152;7.2727273;7.3939394;7.5151515;7.6363636;7.7575758;7.8787879;8;8.1212121;8.4848485;8.6060606;8.7272727;8.8484848;8.969697;9.0909091;9.2121212;9.3333333;9.4545455;9.6969697;9.8181818;9.9393939;10.060606;10.181818;10.30303;10.424242;10.666667;10.787879;11.030303;11.151515;11.272727;11.393939;11.515152;11.636364;11.757576;11.878788;12,1.3333333;1.4545455;2.0606061;2.6666667;2.9090909;3.1515152;3.2727273;3.8787879;4;4.1212121;4.7272727;4.8484848;5.4545455;5.6969697;6.4242424;8.2424242;8.3636364;9.5757576;10.545455;10.909091,NN,0.18751856693475338,0.07592650831467525,,,,,0.030872760569667403,0.0
high,0.2,4,ad6abebe12d8,80,20,0;0.12121212;0.24242424;0.36363636;0.48484848;0.60606061;0.72727273;0.84848485;0.96969697;1.0909091;1.2121212;1.5757576;1.6969697;1.8181818;1.9393939;2.1818182;2.3030303;2.4242424;2.5454545;2.7878788;3.030303;3.3939394;3.5151515;3.6363636;3.7575758;4.2424242;4.3636364;4.4848485;4.6060606;4.969697;5.0909091;5.2121212;5.3333333;5.5757576;5.8181818;5.9393939;6.0606061;6.1818182;6.3030303;6.5454545;6.6666667;6.7878788;6.9090909;7.030303;7.1515152;7.2727273;7.3939394;7.5151515;7.6363636;7.7575758;7.8787879;8;8.1212121;8.4848485;8.6060606;8.7272727;8.8484848;8.969697;9.0909091;9.2121212;9.3333333;9.4545455;9.6969697;9.8181818;9.9393939;10.060606;10.181818;10.30303;10.424242;10.666667;10.787879;11.030303;11.151515;11.272727;11.393939;11.515152;11.636364;11.757576;11.878788;12,1.3333333;1.4545455;2.0606061;2.6666667;2.9090909;3.1515152;3.2727273;3.8787879;4;4.1212121;4.7272727;4.8484848;5.4545455;5.6969697;6.4242424;8.2424242;8.3636364;9.5757576;10.545455;10.909091,PINN,0.16246933833027216,0.015154326788087653,0.0005935290433512981,0.0003880805384943088,40.64709566487019,99.61191946150569,0.013629214600753716,0.0
high,0.2,5,a8d70a302186,80,20,0;0.12121212;0.48484848;0.60606061;0.72727273;0.96969697;1.0909091;1.2121212;1.3333333;1.4545455;1.5757576;1.8181818;1.9393939;2.0606061;2.3030303;2.4242424;2.5454545;2.6666667;2.7878788;2.9090909;3.030303;3.1515152;3.5151515;3.6363636;3.7575758;3.8787879;4;4.1212121;4.2424242;4.4848485;4.6060606;4.7272727;4.8484848;4.969697;5.0909091;5.2121212;5.3333333;5.4545455;5.5757576;5.8181818;5.9393939;6.0606061;6.1818182;6.3030303;6.5454545;6.6666667;6.7878788;6.9090909;7.030303;7.1515152;7.3939394;7.5151515;7.6363636;7.8787879;8;8.1212121;8.2424242;8.3636364;8.4848485;8.6060606;8.7272727;8.8484848;8.969697;9.0909091;9.2121212;9.3333333;9.4545455;9.6969697;9.8181818;10.30303;10.424242;10.545455;10.666667;10.787879;10.909091;11.151515;11.272727;11.393939;11.515152;12,0.24242424;0.36363636;0.84848485;1.6969697;2.1818182;3.2727273;3.3939394;4.3636364;5.6969697;6.4242424;7.2727273;7.7575758;9.5757576;9.9393939;10.060606;10.181818;11.030303;11.636364;11.757576;11.878788,NLLS,0.19215036846783756,0.028473074689221688,0.0008809368237069302,0.09756908156304259,11.906317629306983,2.430918436957419,3.3306838401419494,0.0
high,0.2,5,a8d70a302186,80,20,0;0.12121212;0.48484848;0.60606061;0.72727273;0.96969697;1.0909091;1.2121212;1.3333333;1.4545455;1.5757576;1.8181818;1.9393939;2.0606061;2.3030303;2.4242424;2.5454545;2.6666667;2.7878788;2.9090909;3.030303;3.1515152;3.5151515;3.6363636;3.7575758;3.8787879;4;4.1212121;4.2424242;4.4848485;4.6060606;4.7272727;4.8484848;4.969697;5.0909091;5.2121212;5.3333333;5.4545455;5.5757576;5.8181818;5.9393939;6.0606061;6.1818182;6.3030303;6.5454545;6.6666667;6.7878788;6.9090909;7.030303;7.1515152;7.3939394;7.5151515;7.6363636;7.8787879;8;8.1212121;8.2424242;8.3636364;8.4848485;8.6060606;8.7272727;8.8484848;8.969697;9.0909091;9.2121212;9.3333333;9.4545455;9.6969697;9.8181818;10.30303;10.424242;10.545455;10.666667;10.787879;10.909091;11.151515;11.272727;11.393939;11.515152;12,0.24242424;0.36363636;0.84848485;1.6969697;2.1818182;3.2727273;3.3939394;4.3636364;5.6969697;6.4242424;7.2727273;7.7575758;9.5757576;9.9393939;10.060606;10.181818;11.030303;11.636364;11.757576;11.878788,NN,0.19155290081258217,0.08198128619806844,,,,,0.04171976892245456,0.0
high,0.2,5,a8d70a302186,80,20,0;0.12121212;0.48484848;0.60606061;0.72727273;0.96969697;1.0909091;1.2121212;1.3333333;1.4545455;1.5757576;1.8181818;1.9393939;2.0606061;2.3030303;2.4242424;2.5454545;2.6666667;2.7878788;2.9090909;3.030303;3.1515152;3.5151515;3.6363636;3.7575758;3.8787879;4;4.1212121;4.2424242;4.4848485;4.6060606;4.7272727;4.8484848;4.969697;5.0909091;5.2121212;5.3333333;5.4545455;5.5757576;5.8181818;5.9393939;6.0606061;6.1818182;6.3030303;6.5454545;6.6666667;6.7878788;6.9090909;7.030303;7.1515152;7.3939394;7.5151515;7.6363636;7.8787879;8;8.1212121;8.2424242;8.3636364;8.4848485;8.6060606;8.7272727;8.8484848;8.969697;9.0909091;9.2121212;9.3333333;9.4545455;9.6969697;9.8181818;10.30303;10.424242;10.545455;10.666667;10.787879;10.909091;11.151515;11.272727;11.393939;11.515152;12,0.24242424;0.36363636;0.84848485;1.6969697;2.1818182;3.2727273;3.3939394;4.3636364;5.6969697;6.4242424;7.2727273;7.7575758;9.5757576;9.9393939;10.060606;10.181818;11.030303;11.636364;11.757576;11.878788,PINN,0.19852669457727817,0.04622056373472363,0.0006651014309215022,0.020555994426814234,33.48985690784978,79.44400557318576,0.021133339225612686,0.0
high,0.2,6,896b5034e7e4,80,20,0;0.12121212;0.24242424;0.36363636;0.48484848;0.60606061;0.72727273;1.0909091;1.2121212;1.3333333;1.5757576;1.6969697;1.8181818;1.9393939;2.0606061;2.1818182;2.3030303;2.4242424;2.6666667;2.7878788;2.9090909;3.030303;3.1515152;3.2727273;3.3939394;3.6363636;3.8787879;4;4.1212121;4.2424242;4.4848485;4.6060606;4.7272727;4.8484848;5.2121212;5.3333333;5.4545455;5.5757576;5.8181818;5.9393939;6.0606061;6.3030303;6.4242424;6.5454545;6.6666667;6.7878788;6.9090909;7.030303;7.1515152;7.3939394;7.5151515;7.6363636;8;8.2424242;8.3636364;8.4848485;8.6060606;8.7272727;8.969697;9.0909091;9.3333333;9.4545455;9.5757576;9.6969697;9.8181818;9.9393939;10.060606;10.181818;10.30303;10.545455;10.787879;10.909091;11.030303;11.151515;11.272727;11.515152;11.636364;11.757576;11.878788;12,0.84848485;0.96969697;1.4545455;2.5454545;3.5151515;3.7575758;4.3636364;4.969697;5.0909091;5.6969697;6.1818182;7.2727273;7.7575758;7.8787879;8.1212121;8.8484848;9.2121212;10.424242;10.666667;11.393939,NLLS,0.145673100389866,0.030976503647273484,0.0011497648998036695,0.15549358937625002,14.976489980366935,55.49358937625002,2.637835387482373,0.0
high,0.2,6,896b5034e7e4,80,20,0;0.12121212;0.24242424;0.36363636;0.48484848;0.60606061;0.72727273;1.0909091;1.2121212;1.3333333;1.5757576;1.6969697;1.8181818;1.9393939;2.0606061;2.1818182;2.3030303;2.4242424;2.6666667;2.7878788;2.9090909;3.030303;3.1515152;3.2727273;3.3939394;3.6363636;3.8787879;4;4.1212121;4.2424242;4.4848485;4.6060606;4.7272727;4.8484848;5.2121212;5.3333333;5.4545455;5.5757576;5.8181818;5.9393939;6.0606061;6.3030303;6.4242424;6.5454545;6.6666667;6.7878788;6.9090909;7.030303;7.1515152;7.3939394;7.5151515;7.6363636;8;8.2424242;8.3636364;8.4848485;8.6060606;8.7272727;8.969697;9.0909091;9.3333333;9.4545455;9.5757576;9.6969697;9.8181818;9.9393939;10.060606;10.181818;10.30303;10.545455;10.787879;10.909091;11.030303;11.151515;11.272727;11.515152;11.636364;11.757576;11.878788;12,0.84848485;0.96969697;1.4545455;2.5454545;3.5151515;3.7575758;4.3636364;4.969697;5.0909091;5.6969697;6.1818182;7.2727273;7.7575758;7.8787879;8.1212121;8.8484848;9.2121212;10.424242;10.666667;11.393939,NN,0.14808531154346827,0.11598681858796259,,,,,0.025836198981510395,0.0
high,0.2,6,896b5034e7e4,80,20,0;0.12121212;0.24242424;0.36363636;0.48484848;0.60606061;0.72727273;1.0909091;1.2121212;1.3333333;1.5757576;1.6969697;1.8181818;1.9393939;2.0606061;2.1818182;2.3030303;2.4242424;2.6666667;2.7878788;2.9090909;3.030303;3.1515152;3.2727273;3.3939394;3.6363636;3.8787879;4;4.1212121;4.2424242;4.4848485;4.6060606;4.7272727;4.8484848;5.2121212;5.3333333;5.4545455;5.5757576;5.8181818;5.9393939;6.0606061;6.3030303;6.4242424;6.5454545;6.6666667;6.7878788;6.9090909;7.030303;7.1515152;7.3939394;7.5151515;7.6363636;8;8.2424242;8.3636364;8.4848485;8.6060606;8.7272727;8.969697;9.0909091;9.3333333;9.4545455;9.5757576;9.6969697;9.8181818;9.9393939;10.060606;10.181818;10.30303;10.545455;10.787879;10.909091;11.030303;11.151515;11.272727;11.515152;11.636364;11.757576;11.878788;12,0.84848485;0.96969697;1.4545455;2.5454545;3.5151515;3.7575758;4.3636364;4.969697;5.0909091;5.6969697;6.1818182;7.2727273;7.7575758;7.8787879;8.1212121;8.8484848;9.2121212;10.424242;10.666667;11.393939,PINN,0.14720945961132156,0.04522082988143811,0.0011542296013260572,0.15894825803958312,15.422960132605713,58.94825803958312,0.02213400373395887,0.0
high,0.2,7,47f4a41b6766,80,20,0;0.12121212;0.24242424;0.48484848;0.72727273;0.84848485;0.96969697;1.0909091;1.2121212;1.3333333;1.5757576;1.6969697;1.8181818;1.9393939;2.0606061;2.1818182;2.3030303;2.4242424;2.6666667;2.7878788;2.9090909;3.030303;3.2727273;3.5151515;3.7575758;3.8787879;4.1212121;4.2424242;4.3636364;4.4848485;4.6060606;4.8484848;4.969697;5.0909091;5.2121212;5.3333333;5.4545455;5.5757576;5.8181818;5.9393939;6.0606061;6.3030303;6.5454545;6.6666667;6.7878788;6.9090909;7.030303;7.1515152;7.2727273;7.3939394;7.5151515;7.7575758;7.8787879;8;8.2424242;8.6060606;8.7272727;8.8484848;8.969697;9.0909091;9.2121212;9.3333333;9.4545455;9.5757576;9.6969697;9.9393939;10.060606;10.181818;10.30303;10.545455;10.666667;10.909091;11.030303;11.151515;11.272727;11.515152;11.636364;11.757576;11.878788;12,0.36363636;0.60606061;1.4545455;2.5454545;3.1515152;3.3939394;3.6363636;4;4.7272727;5.6969697;6.1818182;6.4242424;7.6363636;8.1212121;8.3636364;8.4848485;9.8181818;10.424242;10.787879;11.393939,NLLS,0.2006921097603048,0.017536698903292163,0.0009129635987629725,0.08908543421466465,8.70364012370275,10.91456578533535,3.7317539330911598,0.0
high,0.2,7,47f4a41b6766,80,20,0;0.12121212;0.24242424;0.48484848;0.72727273;0.84848485;0.96969697;1.0909091;1.2121212;1.3333333;1.5757576;1.6969697;1.8181818;1.9393939;2.0606061;2.1818182;2.3030303;2.4242424;2.6666667;2.7878788;2.9090909;3.030303;3.2727273;3.5151515;3.7575758;3.8787879;4.1212121;4.2424242;4.3636364;4.4848485;4.6060606;4.8484848;4.969697;5.0909091;5.2121212;5.3333333;5.4545455;5.5757576;5.8181818;5.9393939;6.0606061;6.3030303;6.5454545;6.6666667;6.7878788;6.9090909;7.030303;7.1515152;7.2727273;7.3939394;7.5151515;7.7575758;7.8787879;8;8.2424242;8.6060606;8.7272727;8.8484848;8.969697;9.0909091;9.2121212;9.3333333;9.4545455;9.5757576;9.6969697;9.9393939;10.060606;10.181818;10.30303;10.545455;10.666667;10.909091;11.030303;11.151515;11.272727;11.515152;11.636364;11.757576;11.878788;12,0.36363636;0.60606061;1.4545455;2.5454545;3.1515152;3.3939394;3.6363636;4;4.7272727;5.6969697;6.1818182;6.4242424;7.6363636;8.1212121;8.3636364;8.4848485;9.8181818;10.424242;10.787879;11.393939,NN,0.21982457823015517,0.0872958569322629,,,,,0.04375690814154739,0.0
high,0.2,7,47f4a41b6766,80,20,0;0.12121212;0.24242424;0.48484848;0.72727273;0.84848485;0.96969697;1.0909091;1.2121212;1.3333333;1.5757576;1.6969697;1.8181818;1.9393939;2.0606061;2.1818182;2.3030303;2.4242424;2.6666667;2.7878788;2.9090909;3.030303;3.2727273;3.5151515;3.7575758;3.8787879;4.1212121;4.2424242;4.3636364;4.4848485;4.6060606;4.8484848;4.969697;5.0909091;5.2121212;5.3333333;5.4545455;5.5757576;5.8181818;5.9393939;6.0606061;6.3030303;6.5454545;6.6666667;6.7878788;6.9090909;7.030303;7.1515152;7.2727273;7.3939394;7.5151515;7.7575758;7.8787879;8;8.2424242;8.6060606;8.7272727;8.8484848;8.969697;9.0909091;9.2121212;9.3333333;9.4545455;9.5757576;9.6969697;9.9393939;10.060606;10.181818;10.30303;10.545455;10.666667;10.909091;11.030303;11.151515;11.272727;11.515152;11.636364;11.757576;11.878788;12,0.36363636;0.60606061;1.4545455;2.5454545;3.1515152;3.3939394;3.6363636;4;4.7272727;5.6969697;6.1818182;6.4242424;7.6363636;8.1212121;8.3636364;8.4848485;9.8181818;10.424242;10.787879;11.393939,PINN,0.1952687389908992,0.04569168374713221,0.0006724466792433293,0.00027631629813193334,32.75533207566708,99.72368370186807,0.026709344551234346,0.0
high,0.2,8,f89705f4c9d2,80,20,0;0.12121212;0.24242424;0.48484848;0.60606061;0.72727273;0.96969697;1.0909091;1.2121212;1.3333333;1.4545455;1.6969697;1.8181818;1.9393939;2.0606061;2.1818182;2.5454545;2.6666667;2.7878788;3.030303;3.1515152;3.3939394;3.6363636;3.7575758;3.8787879;4;4.1212121;4.2424242;4.3636364;4.7272727;4.8484848;4.969697;5.0909091;5.2121212;5.4545455;5.5757576;5.8181818;6.0606061;6.1818182;6.3030303;6.4242424;6.5454545;6.7878788;6.9090909;7.030303;7.1515152;7.3939394;7.5151515;7.6363636;7.7575758;7.8787879;8;8.2424242;8.3636364;8.4848485;8.6060606;8.7272727;8.969697;9.2121212;9.3333333;9.4545455;9.5757576;9.6969697;9.8181818;9.9393939;10.181818;10.30303;10.424242;10.545455;10.666667;10.787879;10.909091;11.030303;11.151515;11.272727;11.393939;11.515152;11.636364;11.757576;12,0.36363636;0.84848485;1.5757576;2.3030303;2.4242424;2.9090909;3.2727273;3.5151515;4.4848485;4.6060606;5.3333333;5.6969697;5.9393939;6.6666667;7.2727273;8.1212121;8.8484848;9.0909091;10.060606;11.878788,NLLS,0.17937916424643416,0.027461580630438683,0.0008548721792592764,0.06143891320768661,14.512782074072362,38.56108679231339,3.106044787136411,0.0
high,0.2,8,f89705f4c9d2,80,20,0;0.12121212;0.24242424;0.48484848;0.60606061;0.72727273;0.96969697;1.0909091;1.2121212;1.3333333;1.4545455;1.6969697;1.8181818;1.9393939;2.0606061;2.1818182;2.5454545;2.6666667;2.7878788;3.030303;3.1515152;3.3939394;3.6363636;3.7575758;3.8787879;4;4.1212121;4.2424242;4.3636364;4.7272727;4.8484848;4.969697;5.0909091;5.2121212;5.4545455;5.5757576;5.8181818;6.0606061;6.1818182;6.3030303;6.4242424;6.5454545;6.7878788;6.9090909;7.030303;7.1515152;7.3939394;7.5151515;7.6363636;7.7575758;7.8787879;8;8.2424242;8.3636364;8.4848485;8.6060606;8.7272727;8.969697;9.2121212;9.3333333;9.4545455;9.5757576;9.6969697;9.8181818;9.9393939;10.181818;10.30303;10.424242;10.545455;10.666667;10.787879;10.909091;11.030303;11.151515;11.272727;11.393939;11.515152;11.636364;11.757576;12,0.36363636;0.84848485;1.5757576;2.3030303;2.4242424;2.9090909;3.2727273;3.5151515;4.4848485;4.6060606;5.3333333;5.6969697;5.9393939;6.6666667;7.2727273;8.1212121;8.8484848;9.0909091;10.060606;11.878788,NN,0.1898890256544346,0.0670233949545571,,,,,0.035872996743550115,0.0
high,0.2,8,f89705f4c9d2,80,20,0;0.12121212;0.24242424;0.48484848;0.60606061;0.72727273;0.96969697;1.0909091;1.2121212;1.3333333;1.4545455;1.6969697;1.8181818;1.9393939;2.0606061;2.1818182;2.5454545;2.6666667;2.7878788;3.030303;3.1515152;3.3939394;3.6363636;3.7575758;3.8787879;4;4.1212121;4.2424242;4.3636364;4.7272727;4.8484848;4.969697;5.0909091;5.2121212;5.4545455;5.5757576;5.8181818;6.0606061;6.1818182;6.3030303;6.4242424;6.5454545;6.7878788;6.9090909;7.030303;7.1515152;7.3939394;7.5151515;7.6363636;7.7575758;7.8787879;8;8.2424242;8.3636364;8.4848485;8.6060606;8.7272727;8.969697;9.2121212;9.3333333;9.4545455;9.5757576;9.6969697;9.8181818;9.9393939;10.181818;10.30303;10.424242;10.545455;10.666667;10.787879;10.909091;11.030303;11.151515;11.272727;11.393939;11.515152;11.636364;11.757576;12,0.36363636;0.84848485;1.5757576;2.3030303;2.4242424;2.9090909;3.2727273;3.5151515;4.4848485;4.6060606;5.3333333;5.6969697;5.9393939;6.6666667;7.2727273;8.1212121;8.8484848;9.0909091;10.060606;11.878788,PINN,0.18160576393024686,0.036064165147457326,0.000583166948746738,1.4034344236148754e-06,41.6833051253262,99.99859656557638,0.018057441707538143,0.0
high,0.2,9,3b1d2e8717ca,80,20,0;0.12121212;0.36363636;0.48484848;0.60606061;0.72727273;0.96969697;1.0909091;1.2121212;1.3333333;1.4545455;1.5757576;1.6969697;1.8181818;1.9393939;2.0606061;2.1818182;2.3030303;2.4242424;2.5454545;2.7878788;2.9090909;3.1515152;3.2727273;3.3939394;3.7575758;3.8787879;4;4.1212121;4.2424242;4.3636364;4.6060606;4.8484848;5.0909091;5.3333333;5.4545455;5.5757576;5.8181818;5.9393939;6.0606061;6.1818182;6.4242424;6.5454545;6.6666667;6.9090909;7.030303;7.1515152;7.2727273;7.3939394;7.5151515;7.6363636;8.1212121;8.3636364;8.4848485;8.6060606;8.7272727;8.8484848;8.969697;9.0909091;9.2121212;9.3333333;9.4545455;9.5757576;9.6969697;9.8181818;9.9393939;10.060606;10.181818;10.30303;10.424242;10.545455;10.666667;10.787879;11.151515;11.272727;11.393939;11.515152;11.636364;11.757576;11.878788,0.24242424;0.84848485;2.6666667;3.030303;3.5151515;3.6363636;4.4848485;4.7272727;4.969697;5.2121212;5.6969697;6.3030303;6.7878788;7.7575758;7.8787879;8;8.2424242;10.909091;11.030303;12,NLLS,0.17475229471327566,0.029900393976140364,0.0011470881262777906,0.11043117466810994,14.708812627779055,10.431174668109922,2.6340527220320915,0.0
high,0.2,9,3b1d2e8717ca,80,20,0;0.12121212;0.36363636;0.48484848;0.60606061;0.72727273;0.96969697;1.0909091;1.2121212;1.3333333;1.4545455;1.5757576;1.6969697;1.8181818;1.9393939;2.0606061;2.1818182;2.3030303;2.4242424;2.5454545;2.7878788;2.9090909;3.1515152;3.2727273;3.3939394;3.7575758;3.8787879;4;4.1212121;4.2424242;4.3636364;4.6060606;4.8484848;5.0909091;5.3333333;5.4545455;5.5757576;5.8181818;5.9393939;6.0606061;6.1818182;6.4242424;6.5454545;6.6666667;6.9090909;7.030303;7.1515152;7.2727273;7.3939394;7.5151515;7.6363636;8.1212121;8.3636364;8.4848485;8.6060606;8.7272727;8.8484848;8.969697;9.0909091;9.2121212;9.3333333;9.4545455;9.5757576;9.6969697;9.8181818;9.9393939;10.060606;10.181818;10.30303;10.424242;10.545455;10.666667;10.787879;11.151515;11.272727;11.393939;11.515152;11.636364;11.757576;11.878788,0.24242424;0.84848485;2.6666667;3.030303;3.5151515;3.6363636;4.4848485;4.7272727;4.969697;5.2121212;5.6969697;6.3030303;6.7878788;7.7575758;7.8787879;8;8.2424242;10.909091;11.030303;12,NN,0.14916412008244542,0.04845782112952209,,,,,0.03578467009383833,0.0
high,0.2,9,3b1d2e8717ca,80,20,0;0.12121212;0.36363636;0.48484848;0.60606061;0.72727273;0.96969697;1.0909091;1.2121212;1.3333333;1.4545455;1.5757576;1.6969697;1.8181818;1.9393939;2.0606061;2.1818182;2.3030303;2.4242424;2.5454545;2.7878788;2.9090909;3.1515152;3.2727273;3.3939394;3.7575758;3.8787879;4;4.1212121;4.2424242;4.3636364;4.6060606;4.8484848;5.0909091;5.3333333;5.4545455;5.5757576;5.8181818;5.9393939;6.0606061;6.1818182;6.4242424;6.5454545;6.6666667;6.9090909;7.030303;7.1515152;7.2727273;7.3939394;7.5151515;7.6363636;8.1212121;8.3636364;8.4848485;8.6060606;8.7272727;8.8484848;8.969697;9.0909091;9.2121212;9.3333333;9.4545455;9.5757576;9.6969697;9.8181818;9.9393939;10.060606;10.181818;10.30303;10.424242;10.545455;10.666667;10.787879;11.151515;11.272727;11.393939;11.515152;11.636364;11.757576;11.878788,0.24242424;0.84848485;2.6666667;3.030303;3.5151515;3.6363636;4.4848485;4.7272727;4.969697;5.2121212;5.6969697;6.3030303;6.7878788;7.7575758;7.8787879;8;8.2424242;10.909091;11.030303;12,PINN,0.1922247133180543,0.07091716771924549,0.0008263522569449144,0.0001924630826108321,17.36477430550857,99.80753691738917,0.017904477480708593,0.0
high,0.2,10,cb35ae3abe06,80,20,0;0.24242424;0.36363636;0.60606061;0.72727273;0.84848485;0.96969697;1.0909091;1.2121212;1.5757576;1.8181818;1.9393939;2.0606061;2.1818182;2.3030303;2.4242424;2.5454545;2.6666667;2.9090909;3.030303;3.1515152;3.2727273;3.5151515;3.6363636;3.7575758;3.8787879;4.2424242;4.3636364;4.4848485;4.6060606;4.7272727;4.8484848;4.969697;5.0909091;5.2121212;5.3333333;5.4545455;5.5757576;5.6969697;5.8181818;5.9393939;6.4242424;6.5454545;6.6666667;6.7878788;6.9090909;7.1515152;7.2727273;7.3939394;7.6363636;7.7575758;7.8787879;8;8.1212121;8.2424242;8.3636364;8.4848485;8.6060606;8.7272727;8.8484848;8.969697;9.0909091;9.2121212;9.3333333;9.5757576;9.6969697;9.8181818;9.9393939;10.060606;10.424242;10.666667;10.787879;10.909091;11.030303;11.151515;11.272727;11.515152;11.757576;11.878788;12,0.12121212;0.48484848;1.3333333;1.4545455;1.6969697;2.7878788;3.3939394;4;4.1212121;6.0606061;6.1818182;6.3030303;7.030303;7.5151515;9.4545455;10.181818;10.30303;10.545455;11.393939;11.636364,NLLS,0.19125209182229755,0.03722167254404718,0.0009409834055271363,0.06215154920067493,5.901659447286367,37.84845079932507,4.716893444501405,0.0
high,0.2,10,cb35ae3abe06,80,20,0;0.24242424;0.36363636;0.60606061;0.72727273;0.84848485;0.96969697;1.0909091;1.2121212;1.5757576;1.8181818;1.9393939;2.0606061;2.1818182;2.3030303;2.4242424;2.5454545;2.6666667;2.9090909;3.030303;3.1515152;3.2727273;3.5151515;3.6363636;3.7575758;3.8787879;4.2424242;4.3636364;4.4848485;4.6060606;4.7272727;4.8484848;4.969697;5.0909091;5.2121212;5.3333333;5.4545455;5.5757576;5.6969697;5.8181818;5.9393939;6.4242424;6.5454545;6.6666667;6.7878788;6.9090909;7.1515152;7.2727273;7.3939394;7.6363636;7.7575758;7.8787879;8;8.1212121;8.2424242;8.3636364;8.4848485;8.6060606;8.7272727;8.8484848;8.969697;9.0909091;9.2121212;9.3333333;9.5757576;9.6969697;9.8181818;9.9393939;10.060606;10.424242;10.666667;10.787879;10.909091;11.030303;11.151515;11.272727;11.515152;11.757576;11.878788;12,0.12121212;0.48484848;1.3333333;1.4545455;1.6969697;2.7878788;3.3939394;4;4.1212121;6.0606061;6.1818182;6.3030303;7.030303;7.5151515;9.4545455;10.181818;10.30303;10.545455;11.393939;11.636364,NN,0.2418169190044289,0.10504755660135155,,,,,0.054800971067713845,0.0
high,0.2,10,cb35ae3abe06,80,20,0;0.24242424;0.36363636;0.60606061;0.72727273;0.84848485;0.96969697;1.0909091;1.2121212;1.5757576;1.8181818;1.9393939;2.0606061;2.1818182;2.3030303;2.4242424;2.5454545;2.6666667;2.9090909;3.030303;3.1515152;3.2727273;3.5151515;3.6363636;3.7575758;3.8787879;4.2424242;4.3636364;4.4848485;4.6060606;4.7272727;4.8484848;4.969697;5.0909091;5.2121212;5.3333333;5.4545455;5.5757576;5.6969697;5.8181818;5.9393939;6.4242424;6.5454545;6.6666667;6.7878788;6.9090909;7.1515152;7.2727273;7.3939394;7.6363636;7.7575758;7.8787879;8;8.1212121;8.2424242;8.3636364;8.4848485;8.6060606;8.7272727;8.8484848;8.969697;9.0909091;9.2121212;9.3333333;9.5757576;9.6969697;9.8181818;9.9393939;10.060606;10.424242;10.666667;10.787879;10.909091;11.030303;11.151515;11.272727;11.515152;11.757576;11.878788;12,0.12121212;0.48484848;1.3333333;1.4545455;1.6969697;2.7878788;3.3939394;4;4.1212121;6.0606061;6.1818182;6.3030303;7.030303;7.5151515;9.4545455;10.181818;10.30303;10.545455;11.393939;11.636364,PINN,0.2043672974657707,0.08189251113352825,0.0009269179702041368,8.10003148512956e-06,7.30820297958632,99.99189996851487,0.023777596566880353,0.0
