tier,noise_fraction,trial,seed,frozen_rule_sha256,n_train_observations,n_test_observations,train_times_h,test_times_h,method,alpha,beta,alpha_relative_error_pct,beta_relative_error_pct,test_rmse_observed_log,test_rmse_latent_log,training_objective,selected_start_id,initial_condition_max_abs_error,network_to_fitted_ode_rmse_log,pre_RN_rmse_h-1,pre_RP_rmse_h-1,treatment_RN_rmse_h-1,treatment_RP_rmse_h-1,post_RN_rmse_h-1,post_RP_rmse_h-1
high,0.2,1,2001,7fe456a139bdd337c4ea52ff50758ac0b7e92ac16da18e70424f2c30b0252f44,80,20,0;0.12121212;0.24242424;0.36363636;0.48484848;0.60606061;0.72727273;0.84848485;0.96969697;1.0909091;1.2121212;1.3333333;1.5757576;1.6969697;1.8181818;1.9393939;2.0606061;2.3030303;2.4242424;2.5454545;2.6666667;2.7878788;3.030303;3.1515152;3.2727273;3.3939394;3.5151515;3.6363636;3.7575758;4;4.1212121;4.3636364;4.4848485;4.6060606;4.969697;5.0909091;5.2121212;5.3333333;5.4545455;5.9393939;6.0606061;6.1818182;6.3030303;6.4242424;6.5454545;6.6666667;6.7878788;6.9090909;7.030303;7.1515152;7.2727273;7.3939394;7.5151515;7.8787879;8;8.1212121;8.2424242;8.4848485;8.7272727;8.8484848;9.2121212;9.3333333;9.4545455;9.5757576;9.8181818;10.060606;10.181818;10.30303;10.424242;10.545455;10.666667;10.787879;10.909091;11.030303;11.151515;11.515152;11.636364;11.757576;11.878788;12,1.4545455;2.1818182;2.9090909;3.8787879;4.2424242;4.7272727;4.8484848;5.5757576;5.6969697;5.8181818;7.6363636;7.7575758;8.3636364;8.6060606;8.969697;9.0909091;9.6969697;9.9393939;11.272727;11.393939,NLLS,0.0011554767157078,0.125672065131273,15.54767157078465,25.672065131273047,0.2034838206456471,0.029428046962969,3.719470662756758,,0.0,0.0,,,,,,
high,0.2,1,2001,7fe456a139bdd337c4ea52ff50758ac0b7e92ac16da18e70424f2c30b0252f44,80,20,0;0.12121212;0.24242424;0.36363636;0.48484848;0.60606061;0.72727273;0.84848485;0.96969697;1.0909091;1.2121212;1.3333333;1.5757576;1.6969697;1.8181818;1.9393939;2.0606061;2.3030303;2.4242424;2.5454545;2.6666667;2.7878788;3.030303;3.1515152;3.2727273;3.3939394;3.5151515;3.6363636;3.7575758;4;4.1212121;4.3636364;4.4848485;4.6060606;4.969697;5.0909091;5.2121212;5.3333333;5.4545455;5.9393939;6.0606061;6.1818182;6.3030303;6.4242424;6.5454545;6.6666667;6.7878788;6.9090909;7.030303;7.1515152;7.2727273;7.3939394;7.5151515;7.8787879;8;8.1212121;8.2424242;8.4848485;8.7272727;8.8484848;9.2121212;9.3333333;9.4545455;9.5757576;9.8181818;10.060606;10.181818;10.30303;10.424242;10.545455;10.666667;10.787879;10.909091;11.030303;11.151515;11.515152;11.636364;11.757576;11.878788;12,1.4545455;2.1818182;2.9090909;3.8787879;4.2424242;4.7272727;4.8484848;5.5757576;5.6969697;5.8181818;7.6363636;7.7575758;8.3636364;8.6060606;8.969697;9.0909091;9.6969697;9.9393939;11.272727;11.393939,NN,,,,,0.2020538207598329,0.0632522786871133,0.0401636426694494,,0.0,,,,,,,
high,0.2,1,2001,7fe456a139bdd337c4ea52ff50758ac0b7e92ac16da18e70424f2c30b0252f44,80,20,0;0.12121212;0.24242424;0.36363636;0.48484848;0.60606061;0.72727273;0.84848485;0.96969697;1.0909091;1.2121212;1.3333333;1.5757576;1.6969697;1.8181818;1.9393939;2.0606061;2.3030303;2.4242424;2.5454545;2.6666667;2.7878788;3.030303;3.1515152;3.2727273;3.3939394;3.5151515;3.6363636;3.7575758;4;4.1212121;4.3636364;4.4848485;4.6060606;4.969697;5.0909091;5.2121212;5.3333333;5.4545455;5.9393939;6.0606061;6.1818182;6.3030303;6.4242424;6.5454545;6.6666667;6.7878788;6.9090909;7.030303;7.1515152;7.2727273;7.3939394;7.5151515;7.8787879;8;8.1212121;8.2424242;8.4848485;8.7272727;8.8484848;9.2121212;9.3333333;9.4545455;9.5757576;9.8181818;10.060606;10.181818;10.30303;10.424242;10.545455;10.666667;10.787879;10.909091;11.030303;11.151515;11.515152;11.636364;11.757576;11.878788;12,1.4545455;2.1818182;2.9090909;3.8787879;4.2424242;4.7272727;4.8484848;5.5757576;5.6969697;5.8181818;7.6363636;7.7575758;8.3636364;8.6060606;8.969697;9.0909091;9.6969697;9.9393939;11.272727;11.393939,PINN,0.0010382771885318,0.1008051178517605,3.827718853188689,0.8051178517604951,0.2010370810031008,0.0287783207404644,0.0136596931138746,2.0,0.0,0.0245779721438954,0.0138928994305392,0.0012610828759481,0.0182850448290857,0.0044736214747006,0.0164251069639283,0.0032820051406173
high,0.2,2,2002,7fe456a139bdd337c4ea52ff50758ac0b7e92ac16da18e70424f2c30b0252f44,80,20,0;0.12121212;0.24242424;0.36363636;0.48484848;0.72727273;0.84848485;0.96969697;1.0909091;1.3333333;1.4545455;1.5757576;1.6969697;1.8181818;1.9393939;2.1818182;2.3030303;2.4242424;2.5454545;2.6666667;2.9090909;3.030303;3.3939394;3.5151515;3.7575758;4;4.1212121;4.4848485;4.6060606;4.7272727;4.8484848;4.969697;5.0909091;5.2121212;5.3333333;5.4545455;5.5757576;5.6969697;5.8181818;5.9393939;6.0606061;6.1818182;6.3030303;6.4242424;6.5454545;6.6666667;6.7878788;6.9090909;7.2727273;7.3939394;7.5151515;7.6363636;7.7575758;7.8787879;8;8.2424242;8.3636364;8.4848485;8.6060606;8.8484848;8.969697;9.0909091;9.2121212;9.4545455;9.5757576;9.6969697;9.8181818;9.9393939;10.060606;10.181818;10.424242;10.545455;10.666667;10.787879;10.909091;11.030303;11.151515;11.393939;11.757576;12,0.60606061;1.2121212;2.0606061;2.7878788;3.1515152;3.2727273;3.6363636;3.8787879;4.2424242;4.3636364;7.030303;7.1515152;8.1212121;8.7272727;9.3333333;10.30303;11.272727;11.515152;11.636364;11.878788,NLLS,0.0011017232105978,0.1128805563993779,10.17232105978596,12.880556399377973,0.220201579614023,0.0204714136720614,2.587022108449222,,0.0,0.0,,,,,,
high,0.2,2,2002,7fe456a139bdd337c4ea52ff50758ac0b7e92ac16da18e70424f2c30b0252f44,80,20,0;0.12121212;0.24242424;0.36363636;0.48484848;0.72727273;0.84848485;0.96969697;1.0909091;1.3333333;1.4545455;1.5757576;1.6969697;1.8181818;1.9393939;2.1818182;2.3030303;2.4242424;2.5454545;2.6666667;2.9090909;3.030303;3.3939394;3.5151515;3.7575758;4;4.1212121;4.4848485;4.6060606;4.7272727;4.8484848;4.969697;5.0909091;5.2121212;5.3333333;5.4545455;5.5757576;5.6969697;5.8181818;5.9393939;6.0606061;6.1818182;6.3030303;6.4242424;6.5454545;6.6666667;6.7878788;6.9090909;7.2727273;7.3939394;7.5151515;7.6363636;7.7575758;7.8787879;8;8.2424242;8.3636364;8.4848485;8.6060606;8.8484848;8.969697;9.0909091;9.2121212;9.4545455;9.5757576;9.6969697;9.8181818;9.9393939;10.060606;10.181818;10.424242;10.545455;10.666667;10.787879;10.909091;11.030303;11.151515;11.393939;11.757576;12,0.60606061;1.2121212;2.0606061;2.7878788;3.1515152;3.2727273;3.6363636;3.8787879;4.2424242;4.3636364;7.030303;7.1515152;8.1212121;8.7272727;9.3333333;10.30303;11.272727;11.515152;11.636364;11.878788,NN,,,,,0.2168005511120198,0.0401954874583395,0.031835509441568,,0.0,,,,,,,
high,0.2,2,2002,7fe456a139bdd337c4ea52ff50758ac0b7e92ac16da18e70424f2c30b0252f44,80,20,0;0.12121212;0.24242424;0.36363636;0.48484848;0.72727273;0.84848485;0.96969697;1.0909091;1.3333333;1.4545455;1.5757576;1.6969697;1.8181818;1.9393939;2.1818182;2.3030303;2.4242424;2.5454545;2.6666667;2.9090909;3.030303;3.3939394;3.5151515;3.7575758;4;4.1212121;4.4848485;4.6060606;4.7272727;4.8484848;4.969697;5.0909091;5.2121212;5.3333333;5.4545455;5.5757576;5.6969697;5.8181818;5.9393939;6.0606061;6.1818182;6.3030303;6.4242424;6.5454545;6.6666667;6.7878788;6.9090909;7.2727273;7.3939394;7.5151515;7.6363636;7.7575758;7.8787879;8;8.2424242;8.3636364;8.4848485;8.6060606;8.8484848;8.969697;9.0909091;9.2121212;9.4545455;9.5757576;9.6969697;9.8181818;9.9393939;10.060606;10.181818;10.424242;10.545455;10.666667;10.787879;10.909091;11.030303;11.151515;11.393939;11.757576;12,0.60606061;1.2121212;2.0606061;2.7878788;3.1515152;3.2727273;3.6363636;3.8787879;4.2424242;4.3636364;7.030303;7.1515152;8.1212121;8.7272727;9.3333333;10.30303;11.272727;11.515152;11.636364;11.878788,PINN,0.0009677336428066,0.091271114650693,3.2266357193339035,8.728885349307003,0.2177376388248179,0.0204758560795314,0.009705042996941,2.0,0.0,0.025084682923662,0.0045636446971676,0.000806240674488,0.011326534251964,0.0030763800742134,0.0092254637095148,0.0009767799101914
high,0.2,3,2003,7fe456a139bdd337c4ea52ff50758ac0b7e92ac16da18e70424f2c30b0252f44,80,20,0;0.36363636;0.60606061;0.72727273;0.84848485;0.96969697;1.0909091;1.2121212;1.3333333;1.4545455;1.5757576;1.8181818;2.0606061;2.1818182;2.3030303;2.4242424;2.5454545;2.6666667;2.7878788;3.030303;3.1515152;3.3939394;3.5151515;3.7575758;3.8787879;4.2424242;4.3636364;4.4848485;4.6060606;4.7272727;4.8484848;4.969697;5.0909091;5.3333333;5.4545455;5.6969697;5.8181818;5.9393939;6.0606061;6.3030303;6.4242424;6.6666667;6.7878788;6.9090909;7.1515152;7.2727273;7.3939394;7.5151515;7.6363636;7.8787879;8.1212121;8.2424242;8.3636364;8.6060606;8.7272727;8.8484848;8.969697;9.0909091;9.2121212;9.3333333;9.4545455;9.5757576;9.6969697;9.8181818;9.9393939;10.060606;10.181818;10.30303;10.424242;10.545455;10.666667;10.787879;10.909091;11.151515;11.272727;11.515152;11.636364;11.757576;11.878788;12,0.12121212;0.24242424;0.48484848;1.6969697;1.9393939;2.9090909;3.2727273;3.6363636;4;4.1212121;5.2121212;5.5757576;6.1818182;6.5454545;7.030303;7.7575758;8;8.4848485;11.030303;11.393939,NLLS,0.0008695582286382,0.0676780450933909,13.04417713617616,32.32195490660911,0.2360339119663035,0.0215179073509721,3.3529612728761693,,0.0,0.0,,,,,,
high,0.2,3,2003,7fe456a139bdd337c4ea52ff50758ac0b7e92ac16da18e70424f2c30b0252f44,80,20,0;0.36363636;0.60606061;0.72727273;0.84848485;0.96969697;1.0909091;1.2121212;1.3333333;1.4545455;1.5757576;1.8181818;2.0606061;2.1818182;2.3030303;2.4242424;2.5454545;2.6666667;2.7878788;3.030303;3.1515152;3.3939394;3.5151515;3.7575758;3.8787879;4.2424242;4.3636364;4.4848485;4.6060606;4.7272727;4.8484848;4.969697;5.0909091;5.3333333;5.4545455;5.6969697;5.8181818;5.9393939;6.0606061;6.3030303;6.4242424;6.6666667;6.7878788;6.9090909;7.1515152;7.2727273;7.3939394;7.5151515;7.6363636;7.8787879;8.1212121;8.2424242;8.3636364;8.6060606;8.7272727;8.8484848;8.969697;9.0909091;9.2121212;9.3333333;9.4545455;9.5757576;9.6969697;9.8181818;9.9393939;10.060606;10.181818;10.30303;10.424242;10.545455;10.666667;10.787879;10.909091;11.151515;11.272727;11.515152;11.636364;11.757576;11.878788;12,0.12121212;0.24242424;0.48484848;1.6969697;1.9393939;2.9090909;3.2727273;3.6363636;4;4.1212121;5.2121212;5.5757576;6.1818182;6.5454545;7.030303;7.7575758;8;8.4848485;11.030303;11.393939,NN,,,,,0.2350998076773142,0.0301578738561139,0.0408921601089314,,0.0,,,,,,,
high,0.2,3,2003,7fe456a139bdd337c4ea52ff50758ac0b7e92ac16da18e70424f2c30b0252f44,80,20,0;0.36363636;0.60606061;0.72727273;0.84848485;0.96969697;1.0909091;1.2121212;1.3333333;1.4545455;1.5757576;1.8181818;2.0606061;2.1818182;2.3030303;2.4242424;2.5454545;2.6666667;2.7878788;3.030303;3.1515152;3.3939394;3.5151515;3.7575758;3.8787879;4.2424242;4.3636364;4.4848485;4.6060606;4.7272727;4.8484848;4.969697;5.0909091;5.3333333;5.4545455;5.6969697;5.8181818;5.9393939;6.0606061;6.3030303;6.4242424;6.6666667;6.7878788;6.9090909;7.1515152;7.2727273;7.3939394;7.5151515;7.6363636;7.8787879;8.1212121;8.2424242;8.3636364;8.6060606;8.7272727;8.8484848;8.969697;9.0909091;9.2121212;9.3333333;9.4545455;9.5757576;9.6969697;9.8181818;9.9393939;10.060606;10.181818;10.30303;10.424242;10.545455;10.666667;10.787879;10.909091;11.151515;11.272727;11.515152;11.636364;11.757576;11.878788;12,0.12121212;0.24242424;0.48484848;1.6969697;1.9393939;2.9090909;3.2727273;3.6363636;4;4.1212121;5.2121212;5.5757576;6.1818182;6.5454545;7.030303;7.7575758;8;8.4848485;11.030303;11.393939,PINN,0.000817516628424,0.0549059638295689,18.248337157591987,45.09403617043105,0.2357731084302963,0.0226138485221456,0.0125468580967635,2.0,0.0,0.0135120980340942,0.006626582095556,0.000896556973904,0.007409348337832,0.0042307754939653,0.0110482502680639,0.0060920227791294
high,0.2,4,2004,7fe456a139bdd337c4ea52ff50758ac0b7e92ac16da18e70424f2c30b0252f44,80,20,0;0.12121212;0.24242424;0.48484848;0.84848485;0.96969697;1.0909091;1.2121212;1.3333333;1.4545455;1.5757576;1.6969697;1.8181818;1.9393939;2.0606061;2.1818182;2.3030303;2.5454545;2.6666667;2.7878788;2.9090909;3.1515152;3.2727273;3.3939394;3.5151515;3.6363636;3.7575758;3.8787879;4;4.2424242;4.3636364;4.7272727;4.969697;5.0909091;5.2121212;5.3333333;5.4545455;5.5757576;5.6969697;6.1818182;6.3030303;6.4242424;6.5454545;6.6666667;6.7878788;6.9090909;7.030303;7.1515152;7.2727273;7.3939394;7.5151515;7.6363636;7.7575758;7.8787879;8.1212121;8.2424242;8.3636364;8.4848485;8.6060606;8.7272727;8.8484848;8.969697;9.0909091;9.2121212;9.3333333;9.4545455;9.5757576;9.6969697;9.8181818;9.9393939;10.060606;10.424242;10.545455;10.666667;10.787879;11.030303;11.151515;11.393939;11.515152;11.878788,0.36363636;0.60606061;0.72727273;2.4242424;3.030303;4.1212121;4.4848485;4.6060606;4.8484848;5.8181818;5.9393939;6.0606061;8;10.181818;10.30303;10.909091;11.272727;11.636364;11.757576;12,NLLS,0.0009489293588397,0.082147614325511,5.10706411602686,17.852385674488936,0.2336950222608766,0.0170373111611268,2.924281280476883,,0.0,0.0,,,,,,
high,0.2,4,2004,7fe456a139bdd337c4ea52ff50758ac0b7e92ac16da18e70424f2c30b0252f44,80,20,0;0.12121212;0.24242424;0.48484848;0.84848485;0.96969697;1.0909091;1.2121212;1.3333333;1.4545455;1.5757576;1.6969697;1.8181818;1.9393939;2.0606061;2.1818182;2.3030303;2.5454545;2.6666667;2.7878788;2.9090909;3.1515152;3.2727273;3.3939394;3.5151515;3.6363636;3.7575758;3.8787879;4;4.2424242;4.3636364;4.7272727;4.969697;5.0909091;5.2121212;5.3333333;5.4545455;5.5757576;5.6969697;6.1818182;6.3030303;6.4242424;6.5454545;6.6666667;6.7878788;6.9090909;7.030303;7.1515152;7.2727273;7.3939394;7.5151515;7.6363636;7.7575758;7.8787879;8.1212121;8.2424242;8.3636364;8.4848485;8.6060606;8.7272727;8.8484848;8.969697;9.0909091;9.2121212;9.3333333;9.4545455;9.5757576;9.6969697;9.8181818;9.9393939;10.060606;10.424242;10.545455;10.666667;10.787879;11.030303;11.151515;11.393939;11.515152;11.878788,0.36363636;0.60606061;0.72727273;2.4242424;3.030303;4.1212121;4.4848485;4.6060606;4.8484848;5.8181818;5.9393939;6.0606061;8;10.181818;10.30303;10.909091;11.272727;11.636364;11.757576;12,NN,,,,,0.2144834139382336,0.0734151684221459,0.0326138838771887,,0.0,,,,,,,
high,0.2,4,2004,7fe456a139bdd337c4ea52ff50758ac0b7e92ac16da18e70424f2c30b0252f44,80,20,0;0.12121212;0.24242424;0.48484848;0.84848485;0.96969697;1.0909091;1.2121212;1.3333333;1.4545455;1.5757576;1.6969697;1.8181818;1.9393939;2.0606061;2.1818182;2.3030303;2.5454545;2.6666667;2.7878788;2.9090909;3.1515152;3.2727273;3.3939394;3.5151515;3.6363636;3.7575758;3.8787879;4;4.2424242;4.3636364;4.7272727;4.969697;5.0909091;5.2121212;5.3333333;5.4545455;5.5757576;5.6969697;6.1818182;6.3030303;6.4242424;6.5454545;6.6666667;6.7878788;6.9090909;7.030303;7.1515152;7.2727273;7.3939394;7.5151515;7.6363636;7.7575758;7.8787879;8.1212121;8.2424242;8.3636364;8.4848485;8.6060606;8.7272727;8.8484848;8.969697;9.0909091;9.2121212;9.3333333;9.4545455;9.5757576;9.6969697;9.8181818;9.9393939;10.060606;10.424242;10.545455;10.666667;10.787879;11.030303;11.151515;11.393939;11.515152;11.878788,0.36363636;0.60606061;0.72727273;2.4242424;3.030303;4.1212121;4.4848485;4.6060606;4.8484848;5.8181818;5.9393939;6.0606061;8;10.181818;10.30303;10.909091;11.272727;11.636364;11.757576;12,PINN,0.0009219675516513,0.0768676174266016,7.8032448348677725,23.1323825733984,0.2319530377564472,0.0211652313932158,0.0108426036444378,2.0,0.0,0.0102924271550891,0.004479464017971,0.0008506404840035,0.016886139621921,0.0056611065442935,0.0073365892651298,0.0028675058324019
high,0.2,5,2005,7fe456a139bdd337c4ea52ff50758ac0b7e92ac16da18e70424f2c30b0252f44,80,20,0;0.12121212;0.24242424;0.36363636;0.48484848;0.72727273;0.84848485;0.96969697;1.2121212;1.3333333;1.4545455;1.5757576;1.6969697;1.8181818;1.9393939;2.1818182;2.3030303;2.4242424;2.5454545;2.6666667;2.7878788;2.9090909;3.030303;3.1515152;3.2727273;3.3939394;3.5151515;3.6363636;3.7575758;3.8787879;4;4.1212121;4.3636364;4.4848485;4.6060606;4.7272727;4.8484848;4.969697;5.0909091;5.2121212;5.3333333;5.6969697;5.9393939;6.1818182;6.3030303;6.4242424;6.5454545;6.6666667;6.7878788;6.9090909;7.030303;7.1515152;7.2727273;7.6363636;7.8787879;8;8.1212121;8.3636364;8.4848485;8.6060606;8.7272727;9.0909091;9.2121212;9.4545455;9.6969697;9.8181818;10.181818;10.30303;10.424242;10.545455;10.666667;10.787879;10.909091;11.030303;11.151515;11.272727;11.393939;11.515152;11.636364;11.757576,0.60606061;1.0909091;2.0606061;4.2424242;5.4545455;5.5757576;5.8181818;6.0606061;7.3939394;7.5151515;7.7575758;8.2424242;8.8484848;8.969697;9.3333333;9.5757576;9.9393939;10.060606;11.878788;12,NLLS,0.0008587832337803,0.1125523213959566,14.121676621965772,12.552321395956657,0.178976365568014,0.0498370013264536,3.677551941999152,,0.0,0.0,,,,,,
high,0.2,5,2005,7fe456a139bdd337c4ea52ff50758ac0b7e92ac16da18e70424f2c30b0252f44,80,20,0;0.12121212;0.24242424;0.36363636;0.48484848;0.72727273;0.84848485;0.96969697;1.2121212;1.3333333;1.4545455;1.5757576;1.6969697;1.8181818;1.9393939;2.1818182;2.3030303;2.4242424;2.5454545;2.6666667;2.7878788;2.9090909;3.030303;3.1515152;3.2727273;3.3939394;3.5151515;3.6363636;3.7575758;3.8787879;4;4.1212121;4.3636364;4.4848485;4.6060606;4.7272727;4.8484848;4.969697;5.0909091;5.2121212;5.3333333;5.6969697;5.9393939;6.1818182;6.3030303;6.4242424;6.5454545;6.6666667;6.7878788;6.9090909;7.030303;7.1515152;7.2727273;7.6363636;7.8787879;8;8.1212121;8.3636364;8.4848485;8.6060606;8.7272727;9.0909091;9.2121212;9.4545455;9.6969697;9.8181818;10.181818;10.30303;10.424242;10.545455;10.666667;10.787879;10.909091;11.030303;11.151515;11.272727;11.393939;11.515152;11.636364;11.757576,0.60606061;1.0909091;2.0606061;4.2424242;5.4545455;5.5757576;5.8181818;6.0606061;7.3939394;7.5151515;7.7575758;8.2424242;8.8484848;8.969697;9.3333333;9.5757576;9.9393939;10.060606;11.878788;12,NN,,,,,0.2162828685032622,0.1022554349258753,0.0406684755466584,,0.0,,,,,,,
high,0.2,5,2005,7fe456a139bdd337c4ea52ff50758ac0b7e92ac16da18e70424f2c30b0252f44,80,20,0;0.12121212;0.24242424;0.36363636;0.48484848;0.72727273;0.84848485;0.96969697;1.2121212;1.3333333;1.4545455;1.5757576;1.6969697;1.8181818;1.9393939;2.1818182;2.3030303;2.4242424;2.5454545;2.6666667;2.7878788;2.9090909;3.030303;3.1515152;3.2727273;3.3939394;3.5151515;3.6363636;3.7575758;3.8787879;4;4.1212121;4.3636364;4.4848485;4.6060606;4.7272727;4.8484848;4.969697;5.0909091;5.2121212;5.3333333;5.6969697;5.9393939;6.1818182;6.3030303;6.4242424;6.5454545;6.6666667;6.7878788;6.9090909;7.030303;7.1515152;7.2727273;7.6363636;7.8787879;8;8.1212121;8.3636364;8.4848485;8.6060606;8.7272727;9.0909091;9.2121212;9.4545455;9.6969697;9.8181818;10.181818;10.30303;10.424242;10.545455;10.666667;10.787879;10.909091;11.030303;11.151515;11.272727;11.393939;11.515152;11.636364;11.757576,0.60606061;1.0909091;2.0606061;4.2424242;5.4545455;5.5757576;5.8181818;6.0606061;7.3939394;7.5151515;7.7575758;8.2424242;8.8484848;8.969697;9.3333333;9.5757576;9.9393939;10.060606;11.878788;12,PINN,0.000673677280359,0.0742425996189499,32.63227196409645,25.75740038105008,0.1925354687433612,0.0565487838770347,0.0134476097711724,2.0,0.0,0.0442103434986067,0.0088382705868458,0.0010949953694633,0.0225015394030455,0.004804563499422,0.0120688836832092,0.0049690115963366
high,0.2,6,2006,7fe456a139bdd337c4ea52ff50758ac0b7e92ac16da18e70424f2c30b0252f44,80,20,0;0.12121212;0.24242424;0.36363636;0.60606061;0.72727273;0.84848485;0.96969697;1.0909091;1.2121212;1.3333333;1.4545455;1.5757576;1.6969697;2.0606061;2.1818182;2.3030303;2.4242424;2.5454545;2.6666667;2.9090909;3.030303;3.1515152;3.5151515;3.7575758;3.8787879;4;4.1212121;4.3636364;4.4848485;4.6060606;4.8484848;4.969697;5.2121212;5.3333333;5.5757576;5.8181818;5.9393939;6.0606061;6.1818182;6.3030303;6.4242424;6.6666667;6.7878788;6.9090909;7.030303;7.1515152;7.2727273;7.3939394;7.5151515;7.6363636;7.8787879;8;8.1212121;8.3636364;8.4848485;8.6060606;8.7272727;8.8484848;9.0909091;9.2121212;9.3333333;9.4545455;9.5757576;9.6969697;9.8181818;9.9393939;10.060606;10.181818;10.30303;10.545455;10.666667;11.030303;11.151515;11.272727;11.393939;11.515152;11.757576;11.878788;12,0.48484848;1.8181818;1.9393939;2.7878788;3.2727273;3.3939394;3.6363636;4.2424242;4.7272727;5.0909091;5.4545455;5.6969697;6.5454545;7.7575758;8.2424242;8.969697;10.424242;10.787879;10.909091;11.636364,NLLS,0.0011880944438585,0.1765320331954584,18.80944438585108,76.53203319545841,0.2111038974030712,0.0391836123126844,2.6708642936169458,,0.0,0.0,,,,,,
high,0.2,6,2006,7fe456a139bdd337c4ea52ff50758ac0b7e92ac16da18e70424f2c30b0252f44,80,20,0;0.12121212;0.24242424;0.36363636;0.60606061;0.72727273;0.84848485;0.96969697;1.0909091;1.2121212;1.3333333;1.4545455;1.5757576;1.6969697;2.0606061;2.1818182;2.3030303;2.4242424;2.5454545;2.6666667;2.9090909;3.030303;3.1515152;3.5151515;3.7575758;3.8787879;4;4.1212121;4.3636364;4.4848485;4.6060606;4.8484848;4.969697;5.2121212;5.3333333;5.5757576;5.8181818;5.9393939;6.0606061;6.1818182;6.3030303;6.4242424;6.6666667;6.7878788;6.9090909;7.030303;7.1515152;7.2727273;7.3939394;7.5151515;7.6363636;7.8787879;8;8.1212121;8.3636364;8.4848485;8.6060606;8.7272727;8.8484848;9.0909091;9.2121212;9.3333333;9.4545455;9.5757576;9.6969697;9.8181818;9.9393939;10.060606;10.181818;10.30303;10.545455;10.666667;11.030303;11.151515;11.272727;11.393939;11.515152;11.757576;11.878788;12,0.48484848;1.8181818;1.9393939;2.7878788;3.2727273;3.3939394;3.6363636;4.2424242;4.7272727;5.0909091;5.4545455;5.6969697;6.5454545;7.7575758;8.2424242;8.969697;10.424242;10.787879;10.909091;11.636364,NN,,,,,0.2008925406900676,0.0448093760165894,0.0306790422417263,,0.0,,,,,,,
high,0.2,6,2006,7fe456a139bdd337c4ea52ff50758ac0b7e92ac16da18e70424f2c30b0252f44,80,20,0;0.12121212;0.24242424;0.36363636;0.60606061;0.72727273;0.84848485;0.96969697;1.0909091;1.2121212;1.3333333;1.4545455;1.5757576;1.6969697;2.0606061;2.1818182;2.3030303;2.4242424;2.5454545;2.6666667;2.9090909;3.030303;3.1515152;3.5151515;3.7575758;3.8787879;4;4.1212121;4.3636364;4.4848485;4.6060606;4.8484848;4.969697;5.2121212;5.3333333;5.5757576;5.8181818;5.9393939;6.0606061;6.1818182;6.3030303;6.4242424;6.6666667;6.7878788;6.9090909;7.030303;7.1515152;7.2727273;7.3939394;7.5151515;7.6363636;7.8787879;8;8.1212121;8.3636364;8.4848485;8.6060606;8.7272727;8.8484848;9.0909091;9.2121212;9.3333333;9.4545455;9.5757576;9.6969697;9.8181818;9.9393939;10.060606;10.181818;10.30303;10.545455;10.666667;11.030303;11.151515;11.272727;11.393939;11.515152;11.757576;11.878788;12,0.48484848;1.8181818;1.9393939;2.7878788;3.2727273;3.3939394;3.6363636;4.2424242;4.7272727;5.0909091;5.4545455;5.6969697;6.5454545;7.7575758;8.2424242;8.969697;10.424242;10.787879;10.909091;11.636364,PINN,0.0012209583813364,0.1916492292899447,22.095838133640463,91.64922928994476,0.2072809147614222,0.0357257943123981,0.0099243145981215,2.0,0.0,0.0130210813620126,0.0082515629315523,0.00109324102047,0.0146706861896758,0.0053761422847986,0.0161364250416403,0.0041331717309509
high,0.2,7,2007,7fe456a139bdd337c4ea52ff50758ac0b7e92ac16da18e70424f2c30b0252f44,80,20,0;0.12121212;0.24242424;0.36363636;0.48484848;0.60606061;0.72727273;0.84848485;0.96969697;1.0909091;1.2121212;1.5757576;1.6969697;1.9393939;2.0606061;2.1818182;2.3030303;2.4242424;2.5454545;2.6666667;2.7878788;3.030303;3.1515152;3.2727273;3.3939394;3.6363636;3.7575758;3.8787879;4;4.1212121;4.2424242;4.3636364;4.4848485;4.6060606;4.7272727;4.8484848;5.2121212;5.4545455;5.5757576;5.6969697;5.8181818;5.9393939;6.0606061;6.1818182;6.4242424;6.5454545;6.6666667;6.7878788;6.9090909;7.030303;7.1515152;7.2727273;7.3939394;7.6363636;8;8.1212121;8.2424242;8.3636364;8.6060606;8.7272727;8.8484848;9.3333333;9.4545455;9.5757576;9.6969697;9.8181818;9.9393939;10.181818;10.30303;10.424242;10.545455;10.666667;10.787879;10.909091;11.030303;11.151515;11.272727;11.393939;11.757576;11.878788,1.3333333;1.4545455;1.8181818;2.9090909;3.5151515;4.969697;5.0909091;5.3333333;6.3030303;7.5151515;7.7575758;7.8787879;8.4848485;8.969697;9.0909091;9.2121212;10.060606;11.515152;11.636364;12,NLLS,0.001158391991126,0.1700059844304719,15.839199112607204,70.00598443047194,0.2368408193901869,0.0407491888783493,2.698619066834292,,0.0,0.0,,,,,,
high,0.2,7,2007,7fe456a139bdd337c4ea52ff50758ac0b7e92ac16da18e70424f2c30b0252f44,80,20,0;0.12121212;0.24242424;0.36363636;0.48484848;0.60606061;0.72727273;0.84848485;0.96969697;1.0909091;1.2121212;1.5757576;1.6969697;1.9393939;2.0606061;2.1818182;2.3030303;2.4242424;2.5454545;2.6666667;2.7878788;3.030303;3.1515152;3.2727273;3.3939394;3.6363636;3.7575758;3.8787879;4;4.1212121;4.2424242;4.3636364;4.4848485;4.6060606;4.7272727;4.8484848;5.2121212;5.4545455;5.5757576;5.6969697;5.8181818;5.9393939;6.0606061;6.1818182;6.4242424;6.5454545;6.6666667;6.7878788;6.9090909;7.030303;7.1515152;7.2727273;7.3939394;7.6363636;8;8.1212121;8.2424242;8.3636364;8.6060606;8.7272727;8.8484848;9.3333333;9.4545455;9.5757576;9.6969697;9.8181818;9.9393939;10.181818;10.30303;10.424242;10.545455;10.666667;10.787879;10.909091;11.030303;11.151515;11.272727;11.393939;11.757576;11.878788,1.3333333;1.4545455;1.8181818;2.9090909;3.5151515;4.969697;5.0909091;5.3333333;6.3030303;7.5151515;7.7575758;7.8787879;8.4848485;8.969697;9.0909091;9.2121212;10.060606;11.515152;11.636364;12,NN,,,,,0.2431412013472628,0.0436215430086181,0.0321660046103874,,0.0,,,,,,,
high,0.2,7,2007,7fe456a139bdd337c4ea52ff50758ac0b7e92ac16da18e70424f2c30b0252f44,80,20,0;0.12121212;0.24242424;0.36363636;0.48484848;0.60606061;0.72727273;0.84848485;0.96969697;1.0909091;1.2121212;1.5757576;1.6969697;1.9393939;2.0606061;2.1818182;2.3030303;2.4242424;2.5454545;2.6666667;2.7878788;3.030303;3.1515152;3.2727273;3.3939394;3.6363636;3.7575758;3.8787879;4;4.1212121;4.2424242;4.3636364;4.4848485;4.6060606;4.7272727;4.8484848;5.2121212;5.4545455;5.5757576;5.6969697;5.8181818;5.9393939;6.0606061;6.1818182;6.4242424;6.5454545;6.6666667;6.7878788;6.9090909;7.030303;7.1515152;7.2727273;7.3939394;7.6363636;8;8.1212121;8.2424242;8.3636364;8.6060606;8.7272727;8.8484848;9.3333333;9.4545455;9.5757576;9.6969697;9.8181818;9.9393939;10.181818;10.30303;10.424242;10.545455;10.666667;10.787879;10.909091;11.030303;11.151515;11.272727;11.393939;11.757576;11.878788,1.3333333;1.4545455;1.8181818;2.9090909;3.5151515;4.969697;5.0909091;5.3333333;6.3030303;7.5151515;7.7575758;7.8787879;8.4848485;8.969697;9.0909091;9.2121212;10.060606;11.515152;11.636364;12,PINN,0.0011966193186091,0.1692848278364993,19.661931860917186,69.28482783649936,0.238169414463464,0.0411378169682327,0.0100398055473473,2.0,0.0,0.0155652349522286,0.0099270467361194,0.0015978602698858,0.0099116760280516,0.0037771863482734,0.0045706413200215,0.0015029073567206
high,0.2,8,2008,7fe456a139bdd337c4ea52ff50758ac0b7e92ac16da18e70424f2c30b0252f44,80,20,0;0.24242424;0.36363636;0.48484848;0.72727273;0.84848485;0.96969697;1.0909091;1.2121212;1.3333333;1.5757576;1.6969697;1.8181818;1.9393939;2.3030303;2.4242424;2.5454545;2.6666667;2.9090909;3.030303;3.1515152;3.2727273;3.3939394;3.6363636;3.7575758;3.8787879;4;4.1212121;4.2424242;4.3636364;4.4848485;4.6060606;4.7272727;4.8484848;4.969697;5.0909091;5.2121212;5.3333333;5.4545455;5.5757576;5.9393939;6.0606061;6.1818182;6.3030303;6.4242424;6.5454545;6.6666667;7.1515152;7.2727273;7.3939394;7.5151515;7.6363636;7.7575758;7.8787879;8.1212121;8.2424242;8.3636364;8.4848485;8.6060606;8.7272727;8.8484848;8.969697;9.0909091;9.2121212;9.3333333;9.4545455;9.5757576;9.6969697;9.8181818;10.060606;10.424242;10.545455;10.666667;10.787879;10.909091;11.030303;11.272727;11.515152;11.636364;11.757576,0.12121212;0.60606061;1.4545455;2.0606061;2.1818182;2.7878788;3.5151515;5.6969697;5.8181818;6.7878788;6.9090909;7.030303;8;9.9393939;10.181818;10.30303;11.151515;11.393939;11.878788;12,NLLS,0.000991623673605,0.1029950161442649,0.8376326394913147,2.995016144264961,0.2271361130556778,0.0054760325061277,5.000508409275177,,0.0,0.0,,,,,,
high,0.2,8,2008,7fe456a139bdd337c4ea52ff50758ac0b7e92ac16da18e70424f2c30b0252f44,80,20,0;0.24242424;0.36363636;0.48484848;0.72727273;0.84848485;0.96969697;1.0909091;1.2121212;1.3333333;1.5757576;1.6969697;1.8181818;1.9393939;2.3030303;2.4242424;2.5454545;2.6666667;2.9090909;3.030303;3.1515152;3.2727273;3.3939394;3.6363636;3.7575758;3.8787879;4;4.1212121;4.2424242;4.3636364;4.4848485;4.6060606;4.7272727;4.8484848;4.969697;5.0909091;5.2121212;5.3333333;5.4545455;5.5757576;5.9393939;6.0606061;6.1818182;6.3030303;6.4242424;6.5454545;6.6666667;7.1515152;7.2727273;7.3939394;7.5151515;7.6363636;7.7575758;7.8787879;8.1212121;8.2424242;8.3636364;8.4848485;8.6060606;8.7272727;8.8484848;8.969697;9.0909091;9.2121212;9.3333333;9.4545455;9.5757576;9.6969697;9.8181818;10.060606;10.424242;10.545455;10.666667;10.787879;10.909091;11.030303;11.272727;11.515152;11.636364;11.757576,0.12121212;0.60606061;1.4545455;2.0606061;2.1818182;2.7878788;3.5151515;5.6969697;5.8181818;6.7878788;6.9090909;7.030303;8;9.9393939;10.181818;10.30303;11.151515;11.393939;11.878788;12,NN,,,,,0.2549936577668306,0.069950764565846,0.0544934391522511,,0.0,,,,,,,
high,0.2,8,2008,7fe456a139bdd337c4ea52ff50758ac0b7e92ac16da18e70424f2c30b0252f44,80,20,0;0.24242424;0.36363636;0.48484848;0.72727273;0.84848485;0.96969697;1.0909091;1.2121212;1.3333333;1.5757576;1.6969697;1.8181818;1.9393939;2.3030303;2.4242424;2.5454545;2.6666667;2.9090909;3.030303;3.1515152;3.2727273;3.3939394;3.6363636;3.7575758;3.8787879;4;4.1212121;4.2424242;4.3636364;4.4848485;4.6060606;4.7272727;4.8484848;4.969697;5.0909091;5.2121212;5.3333333;5.4545455;5.5757576;5.9393939;6.0606061;6.1818182;6.3030303;6.4242424;6.5454545;6.6666667;7.1515152;7.2727273;7.3939394;7.5151515;7.6363636;7.7575758;7.8787879;8.1212121;8.2424242;8.3636364;8.4848485;8.6060606;8.7272727;8.8484848;8.969697;9.0909091;9.2121212;9.3333333;9.4545455;9.5757576;9.6969697;9.8181818;10.060606;10.424242;10.545455;10.666667;10.787879;10.909091;11.030303;11.272727;11.515152;11.636364;11.757576,0.12121212;0.60606061;1.4545455;2.0606061;2.1818182;2.7878788;3.5151515;5.6969697;5.8181818;6.7878788;6.9090909;7.030303;8;9.9393939;10.181818;10.30303;11.151515;11.393939;11.878788;12,PINN,0.0012998216478288,0.1252946245954617,29.982164782889026,25.29462459546177,0.2350883183163118,0.0401148043151712,0.0172418048683176,2.0,0.0,0.0821584702588525,0.0142309415651074,0.0014724064461018,0.0333645116442341,0.0062400954899183,0.0105772776383883,0.0029246500943951
high,0.2,9,2009,7fe456a139bdd337c4ea52ff50758ac0b7e92ac16da18e70424f2c30b0252f44,80,20,0;0.24242424;0.36363636;0.60606061;0.72727273;0.84848485;0.96969697;1.0909091;1.2121212;1.3333333;1.6969697;1.9393939;2.0606061;2.1818182;2.3030303;2.4242424;2.5454545;2.6666667;2.9090909;3.030303;3.1515152;3.3939394;3.5151515;3.6363636;3.7575758;3.8787879;4;4.1212121;4.2424242;4.3636364;4.4848485;4.6060606;4.8484848;4.969697;5.0909091;5.2121212;5.3333333;5.6969697;5.8181818;5.9393939;6.0606061;6.1818182;6.3030303;6.4242424;6.5454545;6.6666667;6.7878788;6.9090909;7.030303;7.1515152;7.2727273;7.3939394;7.5151515;7.6363636;7.8787879;8;8.2424242;8.3636364;8.4848485;8.6060606;8.8484848;8.969697;9.0909091;9.3333333;9.4545455;9.5757576;9.8181818;9.9393939;10.060606;10.666667;10.787879;11.030303;11.151515;11.272727;11.393939;11.515152;11.636364;11.757576;11.878788;12,0.12121212;0.48484848;1.4545455;1.5757576;1.8181818;2.7878788;3.2727273;4.7272727;5.4545455;5.5757576;7.7575758;8.1212121;8.7272727;9.2121212;9.6969697;10.181818;10.30303;10.424242;10.545455;10.909091,NLLS,0.0010159944048693,0.0915010734288394,1.5994404869374312,8.498926571160581,0.2219542879791418,0.0072015451621859,3.1707255515600576,,0.0,0.0,,,,,,
high,0.2,9,2009,7fe456a139bdd337c4ea52ff50758ac0b7e92ac16da18e70424f2c30b0252f44,80,20,0;0.24242424;0.36363636;0.60606061;0.72727273;0.84848485;0.96969697;1.0909091;1.2121212;1.3333333;1.6969697;1.9393939;2.0606061;2.1818182;2.3030303;2.4242424;2.5454545;2.6666667;2.9090909;3.030303;3.1515152;3.3939394;3.5151515;3.6363636;3.7575758;3.8787879;4;4.1212121;4.2424242;4.3636364;4.4848485;4.6060606;4.8484848;4.969697;5.0909091;5.2121212;5.3333333;5.6969697;5.8181818;5.9393939;6.0606061;6.1818182;6.3030303;6.4242424;6.5454545;6.6666667;6.7878788;6.9090909;7.030303;7.1515152;7.2727273;7.3939394;7.5151515;7.6363636;7.8787879;8;8.2424242;8.3636364;8.4848485;8.6060606;8.8484848;8.969697;9.0909091;9.3333333;9.4545455;9.5757576;9.8181818;9.9393939;10.060606;10.666667;10.787879;11.030303;11.151515;11.272727;11.393939;11.515152;11.636364;11.757576;11.878788;12,0.12121212;0.48484848;1.4545455;1.5757576;1.8181818;2.7878788;3.2727273;4.7272727;5.4545455;5.5757576;7.7575758;8.1212121;8.7272727;9.2121212;9.6969697;10.181818;10.30303;10.424242;10.545455;10.909091,NN,,,,,0.2156608003293215,0.050178319966371,0.035981464082778,,0.0,,,,,,,
high,0.2,9,2009,7fe456a139bdd337c4ea52ff50758ac0b7e92ac16da18e70424f2c30b0252f44,80,20,0;0.24242424;0.36363636;0.60606061;0.72727273;0.84848485;0.96969697;1.0909091;1.2121212;1.3333333;1.6969697;1.9393939;2.0606061;2.1818182;2.3030303;2.4242424;2.5454545;2.6666667;2.9090909;3.030303;3.1515152;3.3939394;3.5151515;3.6363636;3.7575758;3.8787879;4;4.1212121;4.2424242;4.3636364;4.4848485;4.6060606;4.8484848;4.969697;5.0909091;5.2121212;5.3333333;5.6969697;5.8181818;5.9393939;6.0606061;6.1818182;6.3030303;6.4242424;6.5454545;6.6666667;6.7878788;6.9090909;7.030303;7.1515152;7.2727273;7.3939394;7.5151515;7.6363636;7.8787879;8;8.2424242;8.3636364;8.4848485;8.6060606;8.8484848;8.969697;9.0909091;9.3333333;9.4545455;9.5757576;9.8181818;9.9393939;10.060606;10.666667;10.787879;11.030303;11.151515;11.272727;11.393939;11.515152;11.636364;11.757576;11.878788;12,0.12121212;0.48484848;1.4545455;1.5757576;1.8181818;2.7878788;3.2727273;4.7272727;5.4545455;5.5757576;7.7575758;8.1212121;8.7272727;9.2121212;9.6969697;10.181818;10.30303;10.424242;10.545455;10.909091,PINN,0.0009271347025659,0.0709594909246912,7.286529743406911,29.040509075308808,0.2189957207328023,0.012560027385889,0.0116858555269744,2.0,0.0,0.0228974058406893,0.005229537084333,0.0008418141030185,0.0114193343860094,0.0051268716051773,0.0212981562080495,0.0049159258571027
high,0.2,10,2010,7fe456a139bdd337c4ea52ff50758ac0b7e92ac16da18e70424f2c30b0252f44,80,20,0;0.12121212;0.24242424;0.36363636;0.48484848;0.60606061;0.72727273;1.0909091;1.2121212;1.3333333;1.4545455;1.5757576;1.6969697;1.8181818;1.9393939;2.0606061;2.1818182;2.4242424;2.5454545;2.6666667;2.7878788;2.9090909;3.030303;3.2727273;3.3939394;3.5151515;3.6363636;3.7575758;3.8787879;4;4.1212121;4.2424242;4.3636364;4.6060606;4.8484848;5.0909091;5.2121212;5.3333333;5.4545455;5.5757576;5.6969697;5.9393939;6.0606061;6.1818182;6.4242424;6.5454545;6.6666667;6.7878788;6.9090909;7.030303;7.2727273;7.3939394;7.5151515;7.6363636;7.7575758;7.8787879;8;8.2424242;8.3636364;8.6060606;8.969697;9.2121212;9.4545455;9.5757576;9.8181818;9.9393939;10.060606;10.181818;10.30303;10.424242;10.545455;10.666667;10.787879;10.909091;11.030303;11.393939;11.636364;11.757576;11.878788;12,0.84848485;0.96969697;2.3030303;3.1515152;4.4848485;4.7272727;4.969697;5.8181818;6.3030303;7.1515152;8.1212121;8.4848485;8.7272727;8.8484848;9.0909091;9.3333333;9.6969697;11.151515;11.272727;11.515152,NLLS,0.0009856022119304,0.0777949975277207,1.439778806956904,22.20500247227925,0.2070629675983901,0.0190131293418626,3.619974297853613,,0.0,0.0,,,,,,
high,0.2,10,2010,7fe456a139bdd337c4ea52ff50758ac0b7e92ac16da18e70424f2c30b0252f44,80,20,0;0.12121212;0.24242424;0.36363636;0.48484848;0.60606061;0.72727273;1.0909091;1.2121212;1.3333333;1.4545455;1.5757576;1.6969697;1.8181818;1.9393939;2.0606061;2.1818182;2.4242424;2.5454545;2.6666667;2.7878788;2.9090909;3.030303;3.2727273;3.3939394;3.5151515;3.6363636;3.7575758;3.8787879;4;4.1212121;4.2424242;4.3636364;4.6060606;4.8484848;5.0909091;5.2121212;5.3333333;5.4545455;5.5757576;5.6969697;5.9393939;6.0606061;6.1818182;6.4242424;6.5454545;6.6666667;6.7878788;6.9090909;7.030303;7.2727273;7.3939394;7.5151515;7.6363636;7.7575758;7.8787879;8;8.2424242;8.3636364;8.6060606;8.969697;9.2121212;9.4545455;9.5757576;9.8181818;9.9393939;10.060606;10.181818;10.30303;10.424242;10.545455;10.666667;10.787879;10.909091;11.030303;11.393939;11.636364;11.757576;11.878788;12,0.84848485;0.96969697;2.3030303;3.1515152;4.4848485;4.7272727;4.969697;5.8181818;6.3030303;7.1515152;8.1212121;8.4848485;8.7272727;8.8484848;9.0909091;9.3333333;9.6969697;11.151515;11.272727;11.515152,NN,,,,,0.2167771605652452,0.0700463611234154,0.0419532959472785,,0.0,,,,,,,
high,0.2,10,2010,7fe456a139bdd337c4ea52ff50758ac0b7e92ac16da18e70424f2c30b0252f44,80,20,0;0.12121212;0.24242424;0.36363636;0.48484848;0.60606061;0.72727273;1.0909091;1.2121212;1.3333333;1.4545455;1.5757576;1.6969697;1.8181818;1.9393939;2.0606061;2.1818182;2.4242424;2.5454545;2.6666667;2.7878788;2.9090909;3.030303;3.2727273;3.3939394;3.5151515;3.6363636;3.7575758;3.8787879;4;4.1212121;4.2424242;4.3636364;4.6060606;4.8484848;5.0909091;5.2121212;5.3333333;5.4545455;5.5757576;5.6969697;5.9393939;6.0606061;6.1818182;6.4242424;6.5454545;6.6666667;6.7878788;6.9090909;7.030303;7.2727273;7.3939394;7.5151515;7.6363636;7.7575758;7.8787879;8;8.2424242;8.3636364;8.6060606;8.969697;9.2121212;9.4545455;9.5757576;9.8181818;9.9393939;10.060606;10.181818;10.30303;10.424242;10.545455;10.666667;10.787879;10.909091;11.030303;11.393939;11.636364;11.757576;11.878788;12,0.84848485;0.96969697;2.3030303;3.1515152;4.4848485;4.7272727;4.969697;5.8181818;6.3030303;7.1515152;8.1212121;8.4848485;8.7272727;8.8484848;9.0909091;9.3333333;9.6969697;11.151515;11.272727;11.515152,PINN,0.0009869195033842,0.0715225991557842,1.308049661571575,28.47740084421576,0.2061526235549978,0.022993780597057,0.0134487801049919,2.0,0.0,0.0132805122680781,0.0053062910518258,0.0010876877689922,0.0122303959466885,0.0064650236450924,0.0120608786253088,0.0057761309097079
high,0.2,11,2011,7fe456a139bdd337c4ea52ff50758ac0b7e92ac16da18e70424f2c30b0252f44,80,20,0;0.12121212;0.24242424;0.48484848;0.60606061;0.72727273;0.84848485;1.0909091;1.3333333;1.4545455;1.5757576;1.6969697;1.8181818;1.9393939;2.0606061;2.1818182;2.3030303;2.5454545;2.7878788;2.9090909;3.030303;3.1515152;3.2727273;3.3939394;3.5151515;3.7575758;3.8787879;4;4.1212121;4.3636364;4.4848485;4.6060606;4.7272727;4.8484848;4.969697;5.0909091;5.2121212;5.4545455;5.5757576;5.6969697;5.9393939;6.1818182;6.3030303;6.4242424;6.5454545;6.6666667;6.9090909;7.030303;7.2727273;7.5151515;7.7575758;7.8787879;8;8.1212121;8.3636364;8.4848485;8.6060606;8.7272727;8.8484848;8.969697;9.2121212;9.3333333;9.4545455;9.5757576;9.6969697;9.8181818;10.060606;10.181818;10.424242;10.545455;10.787879;10.909091;11.030303;11.151515;11.272727;11.515152;11.636364;11.757576;11.878788;12,0.36363636;0.96969697;1.2121212;2.4242424;2.6666667;3.6363636;4.2424242;5.3333333;5.8181818;6.0606061;6.7878788;7.1515152;7.3939394;7.6363636;8.2424242;9.0909091;9.9393939;10.30303;10.666667;11.393939,NLLS,0.0009567846144362,0.0912023122092211,4.321538556378368,8.79768779077883,0.2982982842978697,0.0084011436826469,3.99205782289914,,0.0,0.0,,,,,,
high,0.2,11,2011,7fe456a139bdd337c4ea52ff50758ac0b7e92ac16da18e70424f2c30b0252f44,80,20,0;0.12121212;0.24242424;0.48484848;0.60606061;0.72727273;0.84848485;1.0909091;1.3333333;1.4545455;1.5757576;1.6969697;1.8181818;1.9393939;2.0606061;2.1818182;2.3030303;2.5454545;2.7878788;2.9090909;3.030303;3.1515152;3.2727273;3.3939394;3.5151515;3.7575758;3.8787879;4;4.1212121;4.3636364;4.4848485;4.6060606;4.7272727;4.8484848;4.969697;5.0909091;5.2121212;5.4545455;5.5757576;5.6969697;5.9393939;6.1818182;6.3030303;6.4242424;6.5454545;6.6666667;6.9090909;7.030303;7.2727273;7.5151515;7.7575758;7.8787879;8;8.1212121;8.3636364;8.4848485;8.6060606;8.7272727;8.8484848;8.969697;9.2121212;9.3333333;9.4545455;9.5757576;9.6969697;9.8181818;10.060606;10.181818;10.424242;10.545455;10.787879;10.909091;11.030303;11.151515;11.272727;11.515152;11.636364;11.757576;11.878788;12,0.36363636;0.96969697;1.2121212;2.4242424;2.6666667;3.6363636;4.2424242;5.3333333;5.8181818;6.0606061;6.7878788;7.1515152;7.3939394;7.6363636;8.2424242;9.0909091;9.9393939;10.30303;10.666667;11.393939,NN,,,,,0.3057577894275168,0.0376103170319797,0.0480699212092456,,0.0,,,,,,,
high,0.2,11,2011,7fe456a139bdd337c4ea52ff50758ac0b7e92ac16da18e70424f2c30b0252f44,80,20,0;0.12121212;0.24242424;0.48484848;0.60606061;0.72727273;0.84848485;1.0909091;1.3333333;1.4545455;1.5757576;1.6969697;1.8181818;1.9393939;2.0606061;2.1818182;2.3030303;2.5454545;2.7878788;2.9090909;3.030303;3.1515152;3.2727273;3.3939394;3.5151515;3.7575758;3.8787879;4;4.1212121;4.3636364;4.4848485;4.6060606;4.7272727;4.8484848;4.969697;5.0909091;5.2121212;5.4545455;5.5757576;5.6969697;5.9393939;6.1818182;6.3030303;6.4242424;6.5454545;6.6666667;6.9090909;7.030303;7.2727273;7.5151515;7.7575758;7.8787879;8;8.1212121;8.3636364;8.4848485;8.6060606;8.7272727;8.8484848;8.969697;9.2121212;9.3333333;9.4545455;9.5757576;9.6969697;9.8181818;10.060606;10.181818;10.424242;10.545455;10.787879;10.909091;11.030303;11.151515;11.272727;11.515152;11.636364;11.757576;11.878788;12,0.36363636;0.96969697;1.2121212;2.4242424;2.6666667;3.6363636;4.2424242;5.3333333;5.8181818;6.0606061;6.7878788;7.1515152;7.3939394;7.6363636;8.2424242;9.0909091;9.9393939;10.30303;10.666667;11.393939,PINN,0.0009091846336034,0.0781479711357269,9.081536639652589,21.852028864273063,0.2999369055296191,0.0124174764423982,0.0149474909217915,2.0,0.0,0.0121064530068455,0.0084224783481574,0.0018509867627828,0.0081428720406218,0.0048005851889192,0.0094184064954314,0.0057926686200495
high,0.2,12,2012,7fe456a139bdd337c4ea52ff50758ac0b7e92ac16da18e70424f2c30b0252f44,80,20,0;0.12121212;0.24242424;0.48484848;0.72727273;0.84848485;1.0909091;1.3333333;1.5757576;1.6969697;1.8181818;1.9393939;2.3030303;2.4242424;2.6666667;2.7878788;2.9090909;3.030303;3.1515152;3.2727273;3.3939394;3.5151515;3.7575758;3.8787879;4;4.1212121;4.2424242;4.3636364;4.6060606;4.7272727;4.8484848;4.969697;5.0909091;5.2121212;5.4545455;5.5757576;5.6969697;5.8181818;6.0606061;6.1818182;6.3030303;6.4242424;6.6666667;6.7878788;6.9090909;7.030303;7.1515152;7.2727273;7.3939394;7.5151515;7.6363636;8;8.1212121;8.2424242;8.3636364;8.4848485;8.6060606;8.7272727;8.8484848;8.969697;9.0909091;9.2121212;9.3333333;9.5757576;9.6969697;9.8181818;9.9393939;10.060606;10.30303;10.424242;10.545455;10.666667;10.787879;10.909091;11.030303;11.151515;11.272727;11.515152;11.878788;12,0.36363636;0.60606061;0.96969697;1.2121212;1.4545455;2.0606061;2.1818182;2.5454545;3.6363636;4.4848485;5.3333333;5.9393939;6.5454545;7.7575758;7.8787879;9.4545455;10.181818;11.393939;11.636364;11.757576,NLLS,0.0009316089857052,0.0721289547408839,6.839101429476624,27.871045259116062,0.1770681845510266,0.0224024028186271,3.480260811769184,,0.0,0.0,,,,,,
high,0.2,12,2012,7fe456a139bdd337c4ea52ff50758ac0b7e92ac16da18e70424f2c30b0252f44,80,20,0;0.12121212;0.24242424;0.48484848;0.72727273;0.84848485;1.0909091;1.3333333;1.5757576;1.6969697;1.8181818;1.9393939;2.3030303;2.4242424;2.6666667;2.7878788;2.9090909;3.030303;3.1515152;3.2727273;3.3939394;3.5151515;3.7575758;3.8787879;4;4.1212121;4.2424242;4.3636364;4.6060606;4.7272727;4.8484848;4.969697;5.0909091;5.2121212;5.4545455;5.5757576;5.6969697;5.8181818;6.0606061;6.1818182;6.3030303;6.4242424;6.6666667;6.7878788;6.9090909;7.030303;7.1515152;7.2727273;7.3939394;7.5151515;7.6363636;8;8.1212121;8.2424242;8.3636364;8.4848485;8.6060606;8.7272727;8.8484848;8.969697;9.0909091;9.2121212;9.3333333;9.5757576;9.6969697;9.8181818;9.9393939;10.060606;10.30303;10.424242;10.545455;10.666667;10.787879;10.909091;11.030303;11.151515;11.272727;11.515152;11.878788;12,0.36363636;0.60606061;0.96969697;1.2121212;1.4545455;2.0606061;2.1818182;2.5454545;3.6363636;4.4848485;5.3333333;5.9393939;6.5454545;7.7575758;7.8787879;9.4545455;10.181818;11.393939;11.636364;11.757576,NN,,,,,0.2095879491422602,0.0643132243351861,0.0412781899636969,,0.0,,,,,,,
high,0.2,12,2012,7fe456a139bdd337c4ea52ff50758ac0b7e92ac16da18e70424f2c30b0252f44,80,20,0;0.12121212;0.24242424;0.48484848;0.72727273;0.84848485;1.0909091;1.3333333;1.5757576;1.6969697;1.8181818;1.9393939;2.3030303;2.4242424;2.6666667;2.7878788;2.9090909;3.030303;3.1515152;3.2727273;3.3939394;3.5151515;3.7575758;3.8787879;4;4.1212121;4.2424242;4.3636364;4.6060606;4.7272727;4.8484848;4.969697;5.0909091;5.2121212;5.4545455;5.5757576;5.6969697;5.8181818;6.0606061;6.1818182;6.3030303;6.4242424;6.6666667;6.7878788;6.9090909;7.030303;7.1515152;7.2727273;7.3939394;7.5151515;7.6363636;8;8.1212121;8.2424242;8.3636364;8.4848485;8.6060606;8.7272727;8.8484848;8.969697;9.0909091;9.2121212;9.3333333;9.5757576;9.6969697;9.8181818;9.9393939;10.060606;10.30303;10.424242;10.545455;10.666667;10.787879;10.909091;11.030303;11.151515;11.272727;11.515152;11.878788;12,0.36363636;0.60606061;0.96969697;1.2121212;1.4545455;2.0606061;2.1818182;2.5454545;3.6363636;4.4848485;5.3333333;5.9393939;6.5454545;7.7575758;7.8787879;9.4545455;10.181818;11.393939;11.636364;11.757576,PINN,0.0009492882508953,0.0739949449218862,5.071174910460597,26.00505507811376,0.180133394287399,0.0246460197562154,0.012947305462413,2.0,0.0,0.0097345296048634,0.0059700320499055,0.0007129356451154,0.0139679099675682,0.0063062090509691,0.0064662398323316,0.0024679147310684
high,0.2,13,2013,7fe456a139bdd337c4ea52ff50758ac0b7e92ac16da18e70424f2c30b0252f44,80,20,0;0.12121212;0.24242424;0.36363636;0.60606061;0.72727273;0.84848485;0.96969697;1.3333333;1.4545455;1.5757576;1.6969697;1.8181818;1.9393939;2.0606061;2.3030303;2.4242424;2.5454545;2.6666667;2.7878788;2.9090909;3.1515152;3.2727273;3.3939394;3.5151515;3.6363636;3.7575758;3.8787879;4;4.1212121;4.2424242;4.3636364;4.4848485;4.6060606;4.7272727;4.8484848;5.0909091;5.3333333;5.4545455;5.6969697;5.8181818;6.1818182;6.4242424;6.5454545;6.6666667;6.7878788;7.1515152;7.3939394;7.5151515;7.6363636;7.8787879;8;8.1212121;8.2424242;8.4848485;8.6060606;8.7272727;8.8484848;8.969697;9.0909091;9.2121212;9.3333333;9.4545455;9.5757576;9.6969697;9.9393939;10.060606;10.181818;10.30303;10.424242;10.545455;10.666667;10.787879;10.909091;11.151515;11.272727;11.515152;11.757576;11.878788;12,0.48484848;1.0909091;1.2121212;2.1818182;3.030303;4.969697;5.2121212;5.5757576;5.9393939;6.0606061;6.3030303;6.9090909;7.030303;7.2727273;7.7575758;8.3636364;9.8181818;11.030303;11.393939;11.636364,NLLS,0.0008771588341254,0.0986520620104373,12.28411658745514,1.3479379895626642,0.2083610142519347,0.0380068168276021,3.634944523218457,,0.0,0.0,,,,,,
high,0.2,13,2013,7fe456a139bdd337c4ea52ff50758ac0b7e92ac16da18e70424f2c30b0252f44,80,20,0;0.12121212;0.24242424;0.36363636;0.60606061;0.72727273;0.84848485;0.96969697;1.3333333;1.4545455;1.5757576;1.6969697;1.8181818;1.9393939;2.0606061;2.3030303;2.4242424;2.5454545;2.6666667;2.7878788;2.9090909;3.1515152;3.2727273;3.3939394;3.5151515;3.6363636;3.7575758;3.8787879;4;4.1212121;4.2424242;4.3636364;4.4848485;4.6060606;4.7272727;4.8484848;5.0909091;5.3333333;5.4545455;5.6969697;5.8181818;6.1818182;6.4242424;6.5454545;6.6666667;6.7878788;7.1515152;7.3939394;7.5151515;7.6363636;7.8787879;8;8.1212121;8.2424242;8.4848485;8.6060606;8.7272727;8.8484848;8.969697;9.0909091;9.2121212;9.3333333;9.4545455;9.5757576;9.6969697;9.9393939;10.060606;10.181818;10.30303;10.424242;10.545455;10.666667;10.787879;10.909091;11.151515;11.272727;11.515152;11.757576;11.878788;12,0.48484848;1.0909091;1.2121212;2.1818182;3.030303;4.969697;5.2121212;5.5757576;5.9393939;6.0606061;6.3030303;6.9090909;7.030303;7.2727273;7.7575758;8.3636364;9.8181818;11.030303;11.393939;11.636364,NN,,,,,0.1935187468521375,0.0979010919546927,0.0412766210273455,,0.0,,,,,,,
high,0.2,13,2013,7fe456a139bdd337c4ea52ff50758ac0b7e92ac16da18e70424f2c30b0252f44,80,20,0;0.12121212;0.24242424;0.36363636;0.60606061;0.72727273;0.84848485;0.96969697;1.3333333;1.4545455;1.5757576;1.6969697;1.8181818;1.9393939;2.0606061;2.3030303;2.4242424;2.5454545;2.6666667;2.7878788;2.9090909;3.1515152;3.2727273;3.3939394;3.5151515;3.6363636;3.7575758;3.8787879;4;4.1212121;4.2424242;4.3636364;4.4848485;4.6060606;4.7272727;4.8484848;5.0909091;5.3333333;5.4545455;5.6969697;5.8181818;6.1818182;6.4242424;6.5454545;6.6666667;6.7878788;7.1515152;7.3939394;7.5151515;7.6363636;7.8787879;8;8.1212121;8.2424242;8.4848485;8.6060606;8.7272727;8.8484848;8.969697;9.0909091;9.2121212;9.3333333;9.4545455;9.5757576;9.6969697;9.9393939;10.060606;10.181818;10.30303;10.424242;10.545455;10.666667;10.787879;10.909091;11.151515;11.272727;11.515152;11.757576;11.878788;12,0.48484848;1.0909091;1.2121212;2.1818182;3.030303;4.969697;5.2121212;5.5757576;5.9393939;6.0606061;6.3030303;6.9090909;7.030303;7.2727273;7.7575758;8.3636364;9.8181818;11.030303;11.393939;11.636364,PINN,0.0009684022603784,0.1087467686494849,3.1597739621501697,8.74676864948498,0.2024325156376266,0.04704948945917,0.0134028059945179,2.0,0.0,0.029361861795918,0.0056779658954903,0.0016927389052201,0.0179488769844698,0.005163860721579,0.0117717116777386,0.0078291516330895
high,0.2,14,2014,7fe456a139bdd337c4ea52ff50758ac0b7e92ac16da18e70424f2c30b0252f44,80,20,0;0.24242424;0.36363636;0.48484848;0.60606061;0.84848485;0.96969697;1.0909091;1.2121212;1.3333333;1.6969697;1.8181818;1.9393939;2.0606061;2.1818182;2.4242424;2.6666667;2.9090909;3.030303;3.1515152;3.2727273;3.6363636;3.7575758;3.8787879;4;4.1212121;4.2424242;4.3636364;4.4848485;4.6060606;4.7272727;4.8484848;4.969697;5.0909091;5.3333333;5.4545455;5.6969697;5.8181818;6.0606061;6.1818182;6.3030303;6.4242424;6.6666667;6.7878788;7.030303;7.1515152;7.2727273;7.3939394;7.5151515;7.6363636;7.7575758;7.8787879;8;8.2424242;8.3636364;8.4848485;8.6060606;8.7272727;8.8484848;8.969697;9.0909091;9.3333333;9.4545455;9.5757576;9.8181818;9.9393939;10.060606;10.181818;10.30303;10.545455;10.666667;10.787879;10.909091;11.151515;11.272727;11.515152;11.636364;11.757576;11.878788;12,0.12121212;0.72727273;1.4545455;1.5757576;2.3030303;2.5454545;2.7878788;3.3939394;3.5151515;5.2121212;5.5757576;5.9393939;6.5454545;6.9090909;8.1212121;9.2121212;9.6969697;10.424242;11.030303;11.393939,NLLS,0.0009089806865434,0.0938670986510585,9.10193134565722,6.132901348941511,0.1750023945849767,0.0190198683023144,2.927851094577173,,0.0,0.0,,,,,,
high,0.2,14,2014,7fe456a139bdd337c4ea52ff50758ac0b7e92ac16da18e70424f2c30b0252f44,80,20,0;0.24242424;0.36363636;0.48484848;0.60606061;0.84848485;0.96969697;1.0909091;1.2121212;1.3333333;1.6969697;1.8181818;1.9393939;2.0606061;2.1818182;2.4242424;2.6666667;2.9090909;3.030303;3.1515152;3.2727273;3.6363636;3.7575758;3.8787879;4;4.1212121;4.2424242;4.3636364;4.4848485;4.6060606;4.7272727;4.8484848;4.969697;5.0909091;5.3333333;5.4545455;5.6969697;5.8181818;6.0606061;6.1818182;6.3030303;6.4242424;6.6666667;6.7878788;7.030303;7.1515152;7.2727273;7.3939394;7.5151515;7.6363636;7.7575758;7.8787879;8;8.2424242;8.3636364;8.4848485;8.6060606;8.7272727;8.8484848;8.969697;9.0909091;9.3333333;9.4545455;9.5757576;9.8181818;9.9393939;10.060606;10.181818;10.30303;10.545455;10.666667;10.787879;10.909091;11.151515;11.272727;11.515152;11.636364;11.757576;11.878788;12,0.12121212;0.72727273;1.4545455;1.5757576;2.3030303;2.5454545;2.7878788;3.3939394;3.5151515;5.2121212;5.5757576;5.9393939;6.5454545;6.9090909;8.1212121;9.2121212;9.6969697;10.424242;11.030303;11.393939,NN,,,,,0.1957539633668495,0.0441521159178423,0.0344546882260746,,0.0,,,,,,,
high,0.2,14,2014,7fe456a139bdd337c4ea52ff50758ac0b7e92ac16da18e70424f2c30b0252f44,80,20,0;0.24242424;0.36363636;0.48484848;0.60606061;0.84848485;0.96969697;1.0909091;1.2121212;1.3333333;1.6969697;1.8181818;1.9393939;2.0606061;2.1818182;2.4242424;2.6666667;2.9090909;3.030303;3.1515152;3.2727273;3.6363636;3.7575758;3.8787879;4;4.1212121;4.2424242;4.3636364;4.4848485;4.6060606;4.7272727;4.8484848;4.969697;5.0909091;5.3333333;5.4545455;5.6969697;5.8181818;6.0606061;6.1818182;6.3030303;6.4242424;6.6666667;6.7878788;7.030303;7.1515152;7.2727273;7.3939394;7.5151515;7.6363636;7.7575758;7.8787879;8;8.2424242;8.3636364;8.4848485;8.6060606;8.7272727;8.8484848;8.969697;9.0909091;9.3333333;9.4545455;9.5757576;9.8181818;9.9393939;10.060606;10.181818;10.30303;10.545455;10.666667;10.787879;10.909091;11.151515;11.272727;11.515152;11.636364;11.757576;11.878788;12,0.12121212;0.72727273;1.4545455;1.5757576;2.3030303;2.5454545;2.7878788;3.3939394;3.5151515;5.2121212;5.5757576;5.9393939;6.5454545;6.9090909;8.1212121;9.2121212;9.6969697;10.424242;11.030303;11.393939,PINN,0.0008038790466717,0.0757280935785486,19.61209533282129,24.271906421451327,0.1767237696827908,0.0225257498515191,0.0108821846937593,2.0,0.0,0.0255573361993835,0.0071616561999272,0.0016720329994373,0.0095147075548314,0.0060010191312099,0.0078016695227389,0.0019804708450782
high,0.2,15,2015,7fe456a139bdd337c4ea52ff50758ac0b7e92ac16da18e70424f2c30b0252f44,80,20,0;0.12121212;0.24242424;0.36363636;0.48484848;0.60606061;0.72727273;0.84848485;1.0909091;1.2121212;1.3333333;1.4545455;1.5757576;1.6969697;1.8181818;1.9393939;2.0606061;2.1818182;2.3030303;2.4242424;2.7878788;2.9090909;3.030303;3.1515152;3.3939394;3.5151515;3.6363636;3.7575758;3.8787879;4.1212121;4.2424242;4.3636364;4.4848485;4.6060606;4.7272727;4.8484848;4.969697;5.2121212;5.3333333;5.4545455;5.5757576;5.6969697;5.8181818;5.9393939;6.0606061;6.3030303;6.4242424;6.5454545;6.6666667;6.7878788;7.030303;7.1515152;7.3939394;7.6363636;7.8787879;8;8.1212121;8.2424242;8.7272727;8.8484848;8.969697;9.0909091;9.2121212;9.3333333;9.5757576;9.6969697;9.9393939;10.060606;10.181818;10.30303;10.545455;10.787879;10.909091;11.030303;11.151515;11.272727;11.393939;11.757576;11.878788;12,0.96969697;2.5454545;2.6666667;3.2727273;4;5.0909091;6.1818182;6.9090909;7.2727273;7.5151515;7.7575758;8.3636364;8.4848485;8.6060606;9.4545455;9.8181818;10.424242;10.666667;11.515152;11.636364,NLLS,0.0011612014373544,0.1649340485288718,16.120143735448277,64.93404852887186,0.192015254607315,0.0461398760512693,4.5914116916108565,,0.0,0.0,,,,,,
high,0.2,15,2015,7fe456a139bdd337c4ea52ff50758ac0b7e92ac16da18e70424f2c30b0252f44,80,20,0;0.12121212;0.24242424;0.36363636;0.48484848;0.60606061;0.72727273;0.84848485;1.0909091;1.2121212;1.3333333;1.4545455;1.5757576;1.6969697;1.8181818;1.9393939;2.0606061;2.1818182;2.3030303;2.4242424;2.7878788;2.9090909;3.030303;3.1515152;3.3939394;3.5151515;3.6363636;3.7575758;3.8787879;4.1212121;4.2424242;4.3636364;4.4848485;4.6060606;4.7272727;4.8484848;4.969697;5.2121212;5.3333333;5.4545455;5.5757576;5.6969697;5.8181818;5.9393939;6.0606061;6.3030303;6.4242424;6.5454545;6.6666667;6.7878788;7.030303;7.1515152;7.3939394;7.6363636;7.8787879;8;8.1212121;8.2424242;8.7272727;8.8484848;8.969697;9.0909091;9.2121212;9.3333333;9.5757576;9.6969697;9.9393939;10.060606;10.181818;10.30303;10.545455;10.787879;10.909091;11.030303;11.151515;11.272727;11.393939;11.757576;11.878788;12,0.96969697;2.5454545;2.6666667;3.2727273;4;5.0909091;6.1818182;6.9090909;7.2727273;7.5151515;7.7575758;8.3636364;8.4848485;8.6060606;9.4545455;9.8181818;10.424242;10.666667;11.515152;11.636364,NN,,,,,0.2095044683850304,0.0588040712635742,0.0550872572014644,,0.0,,,,,,,
high,0.2,15,2015,7fe456a139bdd337c4ea52ff50758ac0b7e92ac16da18e70424f2c30b0252f44,80,20,0;0.12121212;0.24242424;0.36363636;0.48484848;0.60606061;0.72727273;0.84848485;1.0909091;1.2121212;1.3333333;1.4545455;1.5757576;1.6969697;1.8181818;1.9393939;2.0606061;2.1818182;2.3030303;2.4242424;2.7878788;2.9090909;3.030303;3.1515152;3.3939394;3.5151515;3.6363636;3.7575758;3.8787879;4.1212121;4.2424242;4.3636364;4.4848485;4.6060606;4.7272727;4.8484848;4.969697;5.2121212;5.3333333;5.4545455;5.5757576;5.6969697;5.8181818;5.9393939;6.0606061;6.3030303;6.4242424;6.5454545;6.6666667;6.7878788;7.030303;7.1515152;7.3939394;7.6363636;7.8787879;8;8.1212121;8.2424242;8.7272727;8.8484848;8.969697;9.0909091;9.2121212;9.3333333;9.5757576;9.6969697;9.9393939;10.060606;10.181818;10.30303;10.545455;10.787879;10.909091;11.030303;11.151515;11.272727;11.393939;11.757576;11.878788;12,0.96969697;2.5454545;2.6666667;3.2727273;4;5.0909091;6.1818182;6.9090909;7.2727273;7.5151515;7.7575758;8.3636364;8.4848485;8.6060606;9.4545455;9.8181818;10.424242;10.666667;11.515152;11.636364,PINN,0.0012479633606696,0.1655354322585707,24.79633606696634,65.53543225857076,0.1990942969288719,0.0494439115182881,0.0168841040127068,2.0,0.0,0.0293554609152732,0.0184630865655397,0.0007691284982975,0.0138022535144728,0.0061953168397911,0.0094020932359936,0.0014066901227838
high,0.2,16,2016,7fe456a139bdd337c4ea52ff50758ac0b7e92ac16da18e70424f2c30b0252f44,80,20,0;0.12121212;0.36363636;0.48484848;0.72727273;0.84848485;0.96969697;1.0909091;1.2121212;1.3333333;1.4545455;1.5757576;1.6969697;1.8181818;1.9393939;2.3030303;2.4242424;2.5454545;2.6666667;2.7878788;2.9090909;3.030303;3.1515152;3.5151515;3.6363636;3.8787879;4;4.1212121;4.2424242;4.3636364;4.4848485;4.6060606;4.7272727;5.0909091;5.2121212;5.3333333;5.4545455;5.5757576;5.6969697;5.8181818;5.9393939;6.1818182;6.3030303;6.4242424;6.5454545;6.6666667;7.030303;7.1515152;7.2727273;7.3939394;7.5151515;7.6363636;7.7575758;7.8787879;8;8.2424242;8.3636364;8.4848485;8.6060606;8.7272727;8.8484848;8.969697;9.0909091;9.2121212;9.3333333;9.4545455;9.5757576;9.6969697;10.060606;10.181818;10.666667;10.787879;10.909091;11.030303;11.151515;11.393939;11.515152;11.757576;11.878788;12,0.24242424;0.60606061;2.0606061;2.1818182;3.2727273;3.3939394;3.7575758;4.8484848;4.969697;6.0606061;6.7878788;6.9090909;8.1212121;9.8181818;9.9393939;10.30303;10.424242;10.545455;11.272727;11.636364,NLLS,0.0010308056676321,0.1483724363708619,3.080566763211179,48.37243637086189,0.1526247601043746,0.0400673740823813,2.2342333379604,,0.0,0.0,,,,,,
high,0.2,16,2016,7fe456a139bdd337c4ea52ff50758ac0b7e92ac16da18e70424f2c30b0252f44,80,20,0;0.12121212;0.36363636;0.48484848;0.72727273;0.84848485;0.96969697;1.0909091;1.2121212;1.3333333;1.4545455;1.5757576;1.6969697;1.8181818;1.9393939;2.3030303;2.4242424;2.5454545;2.6666667;2.7878788;2.9090909;3.030303;3.1515152;3.5151515;3.6363636;3.8787879;4;4.1212121;4.2424242;4.3636364;4.4848485;4.6060606;4.7272727;5.0909091;5.2121212;5.3333333;5.4545455;5.5757576;5.6969697;5.8181818;5.9393939;6.1818182;6.3030303;6.4242424;6.5454545;6.6666667;7.030303;7.1515152;7.2727273;7.3939394;7.5151515;7.6363636;7.7575758;7.8787879;8;8.2424242;8.3636364;8.4848485;8.6060606;8.7272727;8.8484848;8.969697;9.0909091;9.2121212;9.3333333;9.4545455;9.5757576;9.6969697;10.060606;10.181818;10.666667;10.787879;10.909091;11.030303;11.151515;11.393939;11.515152;11.757576;11.878788;12,0.24242424;0.60606061;2.0606061;2.1818182;3.2727273;3.3939394;3.7575758;4.8484848;4.969697;6.0606061;6.7878788;6.9090909;8.1212121;9.8181818;9.9393939;10.30303;10.424242;10.545455;11.272727;11.636364,NN,,,,,0.1487626865614922,0.0654902149165819,0.025427547511559,,0.0,,,,,,,
high,0.2,16,2016,7fe456a139bdd337c4ea52ff50758ac0b7e92ac16da18e70424f2c30b0252f44,80,20,0;0.12121212;0.36363636;0.48484848;0.72727273;0.84848485;0.96969697;1.0909091;1.2121212;1.3333333;1.4545455;1.5757576;1.6969697;1.8181818;1.9393939;2.3030303;2.4242424;2.5454545;2.6666667;2.7878788;2.9090909;3.030303;3.1515152;3.5151515;3.6363636;3.8787879;4;4.1212121;4.2424242;4.3636364;4.4848485;4.6060606;4.7272727;5.0909091;5.2121212;5.3333333;5.4545455;5.5757576;5.6969697;5.8181818;5.9393939;6.1818182;6.3030303;6.4242424;6.5454545;6.6666667;7.030303;7.1515152;7.2727273;7.3939394;7.5151515;7.6363636;7.7575758;7.8787879;8;8.2424242;8.3636364;8.4848485;8.6060606;8.7272727;8.8484848;8.969697;9.0909091;9.2121212;9.3333333;9.4545455;9.5757576;9.6969697;10.060606;10.181818;10.666667;10.787879;10.909091;11.030303;11.151515;11.393939;11.515152;11.757576;11.878788;12,0.24242424;0.60606061;2.0606061;2.1818182;3.2727273;3.3939394;3.7575758;4.8484848;4.969697;6.0606061;6.7878788;6.9090909;8.1212121;9.8181818;9.9393939;10.30303;10.424242;10.545455;11.272727;11.636364,PINN,0.000911337384807,0.1221168547891124,8.866261519295438,22.11685478911245,0.1528447564480853,0.03942863425913,0.0082541028815503,2.0,0.0,0.021539401932555,0.0029961047889257,0.0005282003021815,0.0110391843282213,0.0043491763999459,0.0143020599934813,0.0016303338877573
high,0.2,17,2017,7fe456a139bdd337c4ea52ff50758ac0b7e92ac16da18e70424f2c30b0252f44,80,20,0;0.12121212;0.36363636;0.48484848;0.60606061;0.72727273;0.84848485;0.96969697;1.0909091;1.2121212;1.3333333;1.6969697;1.8181818;1.9393939;2.0606061;2.1818182;2.3030303;2.4242424;2.5454545;2.6666667;2.7878788;3.030303;3.1515152;3.2727273;3.3939394;3.6363636;3.7575758;3.8787879;4;4.1212121;4.2424242;4.7272727;4.969697;5.0909091;5.4545455;5.5757576;5.6969697;5.8181818;6.0606061;6.1818182;6.3030303;6.5454545;6.6666667;6.7878788;6.9090909;7.030303;7.2727273;7.3939394;7.5151515;7.6363636;7.7575758;8;8.2424242;8.3636364;8.4848485;8.6060606;8.7272727;8.8484848;9.2121212;9.3333333;9.4545455;9.6969697;9.8181818;9.9393939;10.060606;10.30303;10.424242;10.545455;10.666667;10.787879;10.909091;11.030303;11.151515;11.272727;11.393939;11.515152;11.636364;11.757576;11.878788;12,0.24242424;1.4545455;1.5757576;2.9090909;3.5151515;4.3636364;4.4848485;4.6060606;4.8484848;5.2121212;5.3333333;5.9393939;6.4242424;7.1515152;7.8787879;8.1212121;8.969697;9.0909091;9.5757576;10.181818,NLLS,0.0007037992716497,0.0521674873398574,29.620072835026136,47.83251266014253,0.2732523919317286,0.0567477132839136,3.325129883610014,,0.0,0.0,,,,,,
high,0.2,17,2017,7fe456a139bdd337c4ea52ff50758ac0b7e92ac16da18e70424f2c30b0252f44,80,20,0;0.12121212;0.36363636;0.48484848;0.60606061;0.72727273;0.84848485;0.96969697;1.0909091;1.2121212;1.3333333;1.6969697;1.8181818;1.9393939;2.0606061;2.1818182;2.3030303;2.4242424;2.5454545;2.6666667;2.7878788;3.030303;3.1515152;3.2727273;3.3939394;3.6363636;3.7575758;3.8787879;4;4.1212121;4.2424242;4.7272727;4.969697;5.0909091;5.4545455;5.5757576;5.6969697;5.8181818;6.0606061;6.1818182;6.3030303;6.5454545;6.6666667;6.7878788;6.9090909;7.030303;7.2727273;7.3939394;7.5151515;7.6363636;7.7575758;8;8.2424242;8.3636364;8.4848485;8.6060606;8.7272727;8.8484848;9.2121212;9.3333333;9.4545455;9.6969697;9.8181818;9.9393939;10.060606;10.30303;10.424242;10.545455;10.666667;10.787879;10.909091;11.030303;11.151515;11.272727;11.393939;11.515152;11.636364;11.757576;11.878788;12,0.24242424;1.4545455;1.5757576;2.9090909;3.5151515;4.3636364;4.4848485;4.6060606;4.8484848;5.2121212;5.3333333;5.9393939;6.4242424;7.1515152;7.8787879;8.1212121;8.969697;9.0909091;9.5757576;10.181818,NN,,,,,0.2940106450202624,0.0613811022699475,0.03891223620186,,0.0,,,,,,,
high,0.2,17,2017,7fe456a139bdd337c4ea52ff50758ac0b7e92ac16da18e70424f2c30b0252f44,80,20,0;0.12121212;0.36363636;0.48484848;0.60606061;0.72727273;0.84848485;0.96969697;1.0909091;1.2121212;1.3333333;1.6969697;1.8181818;1.9393939;2.0606061;2.1818182;2.3030303;2.4242424;2.5454545;2.6666667;2.7878788;3.030303;3.1515152;3.2727273;3.3939394;3.6363636;3.7575758;3.8787879;4;4.1212121;4.2424242;4.7272727;4.969697;5.0909091;5.4545455;5.5757576;5.6969697;5.8181818;6.0606061;6.1818182;6.3030303;6.5454545;6.6666667;6.7878788;6.9090909;7.030303;7.2727273;7.3939394;7.5151515;7.6363636;7.7575758;8;8.2424242;8.3636364;8.4848485;8.6060606;8.7272727;8.8484848;9.2121212;9.3333333;9.4545455;9.6969697;9.8181818;9.9393939;10.060606;10.30303;10.424242;10.545455;10.666667;10.787879;10.909091;11.030303;11.151515;11.272727;11.393939;11.515152;11.636364;11.757576;11.878788;12,0.24242424;1.4545455;1.5757576;2.9090909;3.5151515;4.3636364;4.4848485;4.6060606;4.8484848;5.2121212;5.3333333;5.9393939;6.4242424;7.1515152;7.8787879;8.1212121;8.969697;9.0909091;9.5757576;10.181818,PINN,0.000737444298557,0.0569951495474269,26.25557014429133,43.00485045257305,0.2781287541958459,0.0567118003746866,0.0122583900929765,2.0,0.0,0.0200230971187659,0.0072914358391006,0.0014461174170748,0.0114943869599626,0.0039486567042144,0.0191945916264358,0.0014832412132961
high,0.2,18,2018,7fe456a139bdd337c4ea52ff50758ac0b7e92ac16da18e70424f2c30b0252f44,80,20,0;0.12121212;0.24242424;0.36363636;0.48484848;0.60606061;0.72727273;0.84848485;1.3333333;1.4545455;1.5757576;1.6969697;1.8181818;1.9393939;2.1818182;2.3030303;2.4242424;2.6666667;2.7878788;2.9090909;3.030303;3.1515152;3.2727273;3.3939394;3.6363636;3.7575758;3.8787879;4;4.3636364;4.4848485;4.6060606;4.7272727;4.8484848;4.969697;5.0909091;5.2121212;5.3333333;5.5757576;5.6969697;5.8181818;5.9393939;6.0606061;6.1818182;6.3030303;6.4242424;6.5454545;6.6666667;6.7878788;6.9090909;7.030303;7.1515152;7.2727273;7.3939394;7.7575758;8;8.1212121;8.2424242;8.3636364;8.4848485;8.6060606;8.7272727;8.969697;9.0909091;9.2121212;9.3333333;9.4545455;9.5757576;9.6969697;9.8181818;9.9393939;10.181818;10.30303;10.666667;10.909091;11.030303;11.151515;11.272727;11.393939;11.515152;11.636364,0.96969697;1.0909091;1.2121212;2.0606061;2.5454545;3.5151515;4.1212121;4.2424242;5.4545455;7.5151515;7.6363636;7.8787879;8.8484848;10.060606;10.424242;10.545455;10.787879;11.757576;11.878788;12,NLLS,0.0010763879270616,0.0600131882059415,7.638792706161501,39.98681179405846,0.2152572966579879,0.0509678617444892,2.402005914071621,,0.0,0.0,,,,,,
high,0.2,18,2018,7fe456a139bdd337c4ea52ff50758ac0b7e92ac16da18e70424f2c30b0252f44,80,20,0;0.12121212;0.24242424;0.36363636;0.48484848;0.60606061;0.72727273;0.84848485;1.3333333;1.4545455;1.5757576;1.6969697;1.8181818;1.9393939;2.1818182;2.3030303;2.4242424;2.6666667;2.7878788;2.9090909;3.030303;3.1515152;3.2727273;3.3939394;3.6363636;3.7575758;3.8787879;4;4.3636364;4.4848485;4.6060606;4.7272727;4.8484848;4.969697;5.0909091;5.2121212;5.3333333;5.5757576;5.6969697;5.8181818;5.9393939;6.0606061;6.1818182;6.3030303;6.4242424;6.5454545;6.6666667;6.7878788;6.9090909;7.030303;7.1515152;7.2727273;7.3939394;7.7575758;8;8.1212121;8.2424242;8.3636364;8.4848485;8.6060606;8.7272727;8.969697;9.0909091;9.2121212;9.3333333;9.4545455;9.5757576;9.6969697;9.8181818;9.9393939;10.181818;10.30303;10.666667;10.909091;11.030303;11.151515;11.272727;11.393939;11.515152;11.636364,0.96969697;1.0909091;1.2121212;2.0606061;2.5454545;3.5151515;4.1212121;4.2424242;5.4545455;7.5151515;7.6363636;7.8787879;8.8484848;10.060606;10.424242;10.545455;10.787879;11.757576;11.878788;12,NN,,,,,0.2524715933847763,0.0993621868362808,0.0251066496678295,,0.0,,,,,,,
high,0.2,18,2018,7fe456a139bdd337c4ea52ff50758ac0b7e92ac16da18e70424f2c30b0252f44,80,20,0;0.12121212;0.24242424;0.36363636;0.48484848;0.60606061;0.72727273;0.84848485;1.3333333;1.4545455;1.5757576;1.6969697;1.8181818;1.9393939;2.1818182;2.3030303;2.4242424;2.6666667;2.7878788;2.9090909;3.030303;3.1515152;3.2727273;3.3939394;3.6363636;3.7575758;3.8787879;4;4.3636364;4.4848485;4.6060606;4.7272727;4.8484848;4.969697;5.0909091;5.2121212;5.3333333;5.5757576;5.6969697;5.8181818;5.9393939;6.0606061;6.1818182;6.3030303;6.4242424;6.5454545;6.6666667;6.7878788;6.9090909;7.030303;7.1515152;7.2727273;7.3939394;7.7575758;8;8.1212121;8.2424242;8.3636364;8.4848485;8.6060606;8.7272727;8.969697;9.0909091;9.2121212;9.3333333;9.4545455;9.5757576;9.6969697;9.8181818;9.9393939;10.181818;10.30303;10.666667;10.909091;11.030303;11.151515;11.272727;11.393939;11.515152;11.636364,0.96969697;1.0909091;1.2121212;2.0606061;2.5454545;3.5151515;4.1212121;4.2424242;5.4545455;7.5151515;7.6363636;7.8787879;8.8484848;10.060606;10.424242;10.545455;10.787879;11.757576;11.878788;12,PINN,0.0009883355845278,0.0482276506930764,1.166441547212571,51.77234930692354,0.2176422416010476,0.0553389035013271,0.0088235222965699,2.0,0.0,0.0224021876542305,0.015133296088882,0.0009611193790527,0.0163703513264273,0.0053815766090836,0.0090524337199197,0.0050838824922777
high,0.2,19,2019,7fe456a139bdd337c4ea52ff50758ac0b7e92ac16da18e70424f2c30b0252f44,80,20,0;0.24242424;0.36363636;0.48484848;0.60606061;0.72727273;0.84848485;0.96969697;1.0909091;1.2121212;1.3333333;1.4545455;1.5757576;1.6969697;1.8181818;2.0606061;2.1818182;2.4242424;2.5454545;2.6666667;2.9090909;3.030303;3.1515152;3.3939394;3.5151515;3.6363636;3.7575758;4;4.1212121;4.2424242;4.3636364;4.4848485;4.6060606;4.7272727;4.969697;5.0909091;5.3333333;5.4545455;5.5757576;5.9393939;6.0606061;6.1818182;6.3030303;6.5454545;6.6666667;6.7878788;6.9090909;7.030303;7.1515152;7.2727273;7.5151515;7.6363636;7.7575758;7.8787879;8;8.3636364;8.6060606;8.7272727;8.8484848;9.0909091;9.2121212;9.3333333;9.4545455;9.6969697;9.8181818;9.9393939;10.060606;10.181818;10.424242;10.545455;10.666667;10.787879;11.030303;11.151515;11.272727;11.393939;11.515152;11.636364;11.757576;12,0.12121212;1.9393939;2.3030303;2.7878788;3.2727273;3.8787879;4.8484848;5.2121212;5.6969697;5.8181818;6.4242424;7.3939394;8.1212121;8.2424242;8.4848485;8.969697;9.5757576;10.30303;10.909091;11.878788,NLLS,0.0009382130716003,0.0745563311658471,6.178692839961419,25.44366883415282,0.2005141075238037,0.018760628653641,3.928404417202525,,0.0,0.0,,,,,,
high,0.2,19,2019,7fe456a139bdd337c4ea52ff50758ac0b7e92ac16da18e70424f2c30b0252f44,80,20,0;0.24242424;0.36363636;0.48484848;0.60606061;0.72727273;0.84848485;0.96969697;1.0909091;1.2121212;1.3333333;1.4545455;1.5757576;1.6969697;1.8181818;2.0606061;2.1818182;2.4242424;2.5454545;2.6666667;2.9090909;3.030303;3.1515152;3.3939394;3.5151515;3.6363636;3.7575758;4;4.1212121;4.2424242;4.3636364;4.4848485;4.6060606;4.7272727;4.969697;5.0909091;5.3333333;5.4545455;5.5757576;5.9393939;6.0606061;6.1818182;6.3030303;6.5454545;6.6666667;6.7878788;6.9090909;7.030303;7.1515152;7.2727273;7.5151515;7.6363636;7.7575758;7.8787879;8;8.3636364;8.6060606;8.7272727;8.8484848;9.0909091;9.2121212;9.3333333;9.4545455;9.6969697;9.8181818;9.9393939;10.060606;10.181818;10.424242;10.545455;10.666667;10.787879;11.030303;11.151515;11.272727;11.393939;11.515152;11.636364;11.757576;12,0.12121212;1.9393939;2.3030303;2.7878788;3.2727273;3.8787879;4.8484848;5.2121212;5.6969697;5.8181818;6.4242424;7.3939394;8.1212121;8.2424242;8.4848485;8.969697;9.5757576;10.30303;10.909091;11.878788,NN,,,,,0.2345978056808807,0.0717635554489242,0.0454955346125358,,0.0,,,,,,,
high,0.2,19,2019,7fe456a139bdd337c4ea52ff50758ac0b7e92ac16da18e70424f2c30b0252f44,80,20,0;0.24242424;0.36363636;0.48484848;0.60606061;0.72727273;0.84848485;0.96969697;1.0909091;1.2121212;1.3333333;1.4545455;1.5757576;1.6969697;1.8181818;2.0606061;2.1818182;2.4242424;2.5454545;2.6666667;2.9090909;3.030303;3.1515152;3.3939394;3.5151515;3.6363636;3.7575758;4;4.1212121;4.2424242;4.3636364;4.4848485;4.6060606;4.7272727;4.969697;5.0909091;5.3333333;5.4545455;5.5757576;5.9393939;6.0606061;6.1818182;6.3030303;6.5454545;6.6666667;6.7878788;6.9090909;7.030303;7.1515152;7.2727273;7.5151515;7.6363636;7.7575758;7.8787879;8;8.3636364;8.6060606;8.7272727;8.8484848;9.0909091;9.2121212;9.3333333;9.4545455;9.6969697;9.8181818;9.9393939;10.060606;10.181818;10.424242;10.545455;10.666667;10.787879;11.030303;11.151515;11.272727;11.393939;11.515152;11.636364;11.757576;12,0.12121212;1.9393939;2.3030303;2.7878788;3.2727273;3.8787879;4.8484848;5.2121212;5.6969697;5.8181818;6.4242424;7.3939394;8.1212121;8.2424242;8.4848485;8.969697;9.5757576;10.30303;10.909091;11.878788,PINN,0.0008870461785227,0.0559863516280774,11.295382147729429,44.01364837192252,0.2052505249169434,0.0251230630339255,0.0145411430577524,2.0,0.0,0.0206480844240249,0.010173750752404,0.0016649870462625,0.0091158542931063,0.004974732262312,0.0199813240520706,0.0054377366402601
high,0.2,20,2020,7fe456a139bdd337c4ea52ff50758ac0b7e92ac16da18e70424f2c30b0252f44,80,20,0;0.12121212;0.24242424;0.48484848;0.60606061;0.84848485;0.96969697;1.0909091;1.2121212;1.3333333;1.5757576;1.6969697;1.8181818;1.9393939;2.0606061;2.1818182;2.3030303;2.4242424;2.5454545;2.6666667;2.7878788;3.030303;3.1515152;3.3939394;3.5151515;3.6363636;3.7575758;3.8787879;4.1212121;4.2424242;4.3636364;4.4848485;4.7272727;4.8484848;4.969697;5.0909091;5.2121212;5.4545455;5.6969697;5.8181818;5.9393939;6.1818182;6.3030303;6.4242424;6.5454545;6.6666667;6.7878788;6.9090909;7.030303;7.2727273;7.5151515;7.6363636;7.7575758;7.8787879;8;8.2424242;8.4848485;8.7272727;8.969697;9.0909091;9.2121212;9.3333333;9.4545455;9.5757576;9.6969697;9.8181818;9.9393939;10.060606;10.181818;10.30303;10.424242;10.545455;10.787879;10.909091;11.030303;11.272727;11.515152;11.636364;11.757576;12,0.36363636;0.72727273;1.4545455;2.9090909;3.2727273;4;4.6060606;5.3333333;5.5757576;6.0606061;7.1515152;7.3939394;8.1212121;8.3636364;8.6060606;8.8484848;10.666667;11.151515;11.393939;11.878788,NLLS,0.0008275278796317,0.1225902488636116,17.247212036825587,22.590248863611677,0.1988568597892659,0.0643326121239519,3.612575242246333,,0.0,0.0,,,,,,
high,0.2,20,2020,7fe456a139bdd337c4ea52ff50758ac0b7e92ac16da18e70424f2c30b0252f44,80,20,0;0.12121212;0.24242424;0.48484848;0.60606061;0.84848485;0.96969697;1.0909091;1.2121212;1.3333333;1.5757576;1.6969697;1.8181818;1.9393939;2.0606061;2.1818182;2.3030303;2.4242424;2.5454545;2.6666667;2.7878788;3.030303;3.1515152;3.3939394;3.5151515;3.6363636;3.7575758;3.8787879;4.1212121;4.2424242;4.3636364;4.4848485;4.7272727;4.8484848;4.969697;5.0909091;5.2121212;5.4545455;5.6969697;5.8181818;5.9393939;6.1818182;6.3030303;6.4242424;6.5454545;6.6666667;6.7878788;6.9090909;7.030303;7.2727273;7.5151515;7.6363636;7.7575758;7.8787879;8;8.2424242;8.4848485;8.7272727;8.969697;9.0909091;9.2121212;9.3333333;9.4545455;9.5757576;9.6969697;9.8181818;9.9393939;10.060606;10.181818;10.30303;10.424242;10.545455;10.787879;10.909091;11.030303;11.272727;11.515152;11.636364;11.757576;12,0.36363636;0.72727273;1.4545455;2.9090909;3.2727273;4;4.6060606;5.3333333;5.5757576;6.0606061;7.1515152;7.3939394;8.1212121;8.3636364;8.6060606;8.8484848;10.666667;11.151515;11.393939;11.878788,NN,,,,,0.2079956361738161,0.1183169229170929,0.0352965613084127,,0.0,,,,,,,
high,0.2,20,2020,7fe456a139bdd337c4ea52ff50758ac0b7e92ac16da18e70424f2c30b0252f44,80,20,0;0.12121212;0.24242424;0.48484848;0.60606061;0.84848485;0.96969697;1.0909091;1.2121212;1.3333333;1.5757576;1.6969697;1.8181818;1.9393939;2.0606061;2.1818182;2.3030303;2.4242424;2.5454545;2.6666667;2.7878788;3.030303;3.1515152;3.3939394;3.5151515;3.6363636;3.7575758;3.8787879;4.1212121;4.2424242;4.3636364;4.4848485;4.7272727;4.8484848;4.969697;5.0909091;5.2121212;5.4545455;5.6969697;5.8181818;5.9393939;6.1818182;6.3030303;6.4242424;6.5454545;6.6666667;6.7878788;6.9090909;7.030303;7.2727273;7.5151515;7.6363636;7.7575758;7.8787879;8;8.2424242;8.4848485;8.7272727;8.969697;9.0909091;9.2121212;9.3333333;9.4545455;9.5757576;9.6969697;9.8181818;9.9393939;10.060606;10.181818;10.30303;10.424242;10.545455;10.787879;10.909091;11.030303;11.272727;11.515152;11.636364;11.757576;12,0.36363636;0.72727273;1.4545455;2.9090909;3.2727273;4;4.6060606;5.3333333;5.5757576;6.0606061;7.1515152;7.3939394;8.1212121;8.3636364;8.6060606;8.8484848;10.666667;11.151515;11.393939;11.878788,PINN,0.0011388695910856,0.1581697451685757,13.8869591085659,58.16974516857574,0.1962141376707605,0.0809805024009734,0.0123931934150146,2.0,0.0,0.0756452274823175,0.0220694683944539,0.0018723999891147,0.032359057027756,0.0065467875825754,0.0086216323601543,0.0035785848527496
low,0.05,1,2001,7fe456a139bdd337c4ea52ff50758ac0b7e92ac16da18e70424f2c30b0252f44,80,20,0;0.12121212;0.24242424;0.36363636;0.48484848;0.60606061;0.72727273;0.84848485;0.96969697;1.0909091;1.2121212;1.3333333;1.5757576;1.6969697;1.8181818;1.9393939;2.0606061;2.3030303;2.4242424;2.5454545;2.6666667;2.7878788;3.030303;3.1515152;3.2727273;3.3939394;3.5151515;3.6363636;3.7575758;4;4.1212121;4.3636364;4.4848485;4.6060606;4.969697;5.0909091;5.2121212;5.3333333;5.4545455;5.9393939;6.0606061;6.1818182;6.3030303;6.4242424;6.5454545;6.6666667;6.7878788;6.9090909;7.030303;7.1515152;7.2727273;7.3939394;7.5151515;7.8787879;8;8.1212121;8.2424242;8.4848485;8.7272727;8.8484848;9.2121212;9.3333333;9.4545455;9.5757576;9.8181818;10.060606;10.181818;10.30303;10.424242;10.545455;10.666667;10.787879;10.909091;11.030303;11.151515;11.515152;11.636364;11.757576;11.878788;12,1.4545455;2.1818182;2.9090909;3.8787879;4.2424242;4.7272727;4.8484848;5.5757576;5.6969697;5.8181818;7.6363636;7.7575758;8.3636364;8.6060606;8.969697;9.0909091;9.6969697;9.9393939;11.272727;11.393939,NLLS,0.0010199822349111,0.1022097403033677,1.9982234911115395,2.209740303367713,0.0525946180220488,0.0042010639397739,0.1647805606386912,,0.0,0.0,,,,,,
low,0.05,1,2001,7fe456a139bdd337c4ea52ff50758ac0b7e92ac16da18e70424f2c30b0252f44,80,20,0;0.12121212;0.24242424;0.36363636;0.48484848;0.60606061;0.72727273;0.84848485;0.96969697;1.0909091;1.2121212;1.3333333;1.5757576;1.6969697;1.8181818;1.9393939;2.0606061;2.3030303;2.4242424;2.5454545;2.6666667;2.7878788;3.030303;3.1515152;3.2727273;3.3939394;3.5151515;3.6363636;3.7575758;4;4.1212121;4.3636364;4.4848485;4.6060606;4.969697;5.0909091;5.2121212;5.3333333;5.4545455;5.9393939;6.0606061;6.1818182;6.3030303;6.4242424;6.5454545;6.6666667;6.7878788;6.9090909;7.030303;7.1515152;7.2727273;7.3939394;7.5151515;7.8787879;8;8.1212121;8.2424242;8.4848485;8.7272727;8.8484848;9.2121212;9.3333333;9.4545455;9.5757576;9.8181818;10.060606;10.181818;10.30303;10.424242;10.545455;10.666667;10.787879;10.909091;11.030303;11.151515;11.515152;11.636364;11.757576;11.878788;12,1.4545455;2.1818182;2.9090909;3.8787879;4.2424242;4.7272727;4.8484848;5.5757576;5.6969697;5.8181818;7.6363636;7.7575758;8.3636364;8.6060606;8.969697;9.0909091;9.6969697;9.9393939;11.272727;11.393939,NN,,,,,0.0548758436652412,0.0154320780181574,0.0020098876513603,,0.0,,,,,,,
low,0.05,1,2001,7fe456a139bdd337c4ea52ff50758ac0b7e92ac16da18e70424f2c30b0252f44,80,20,0;0.12121212;0.24242424;0.36363636;0.48484848;0.60606061;0.72727273;0.84848485;0.96969697;1.0909091;1.2121212;1.3333333;1.5757576;1.6969697;1.8181818;1.9393939;2.0606061;2.3030303;2.4242424;2.5454545;2.6666667;2.7878788;3.030303;3.1515152;3.2727273;3.3939394;3.5151515;3.6363636;3.7575758;4;4.1212121;4.3636364;4.4848485;4.6060606;4.969697;5.0909091;5.2121212;5.3333333;5.4545455;5.9393939;6.0606061;6.1818182;6.3030303;6.4242424;6.5454545;6.6666667;6.7878788;6.9090909;7.030303;7.1515152;7.2727273;7.3939394;7.5151515;7.8787879;8;8.1212121;8.2424242;8.4848485;8.7272727;8.8484848;9.2121212;9.3333333;9.4545455;9.5757576;9.8181818;10.060606;10.181818;10.30303;10.424242;10.545455;10.666667;10.787879;10.909091;11.030303;11.151515;11.515152;11.636364;11.757576;11.878788;12,1.4545455;2.1818182;2.9090909;3.8787879;4.2424242;4.7272727;4.8484848;5.5757576;5.6969697;5.8181818;7.6363636;7.7575758;8.3636364;8.6060606;8.969697;9.0909091;9.6969697;9.9393939;11.272727;11.393939,PINN,0.0009656756349163,0.0942281967328391,3.432436508361014,5.771803267160824,0.0535829876255544,0.0066540072392152,0.0006386749268033,2.0,0.0,0.0113479993735394,0.0021889662574946,0.0004669103419969,0.0082531584750031,0.0043071444844788,0.0032105866711883,0.0010315784310351
low,0.05,2,2002,7fe456a139bdd337c4ea52ff50758ac0b7e92ac16da18e70424f2c30b0252f44,80,20,0;0.12121212;0.24242424;0.36363636;0.48484848;0.72727273;0.84848485;0.96969697;1.0909091;1.3333333;1.4545455;1.5757576;1.6969697;1.8181818;1.9393939;2.1818182;2.3030303;2.4242424;2.5454545;2.6666667;2.9090909;3.030303;3.3939394;3.5151515;3.7575758;4;4.1212121;4.4848485;4.6060606;4.7272727;4.8484848;4.969697;5.0909091;5.2121212;5.3333333;5.4545455;5.5757576;5.6969697;5.8181818;5.9393939;6.0606061;6.1818182;6.3030303;6.4242424;6.5454545;6.6666667;6.7878788;6.9090909;7.2727273;7.3939394;7.5151515;7.6363636;7.7575758;7.8787879;8;8.2424242;8.3636364;8.4848485;8.6060606;8.8484848;8.969697;9.0909091;9.2121212;9.4545455;9.5757576;9.6969697;9.8181818;9.9393939;10.060606;10.181818;10.424242;10.545455;10.666667;10.787879;10.909091;11.030303;11.151515;11.393939;11.757576;12,0.60606061;1.2121212;2.0606061;2.7878788;3.1515152;3.2727273;3.6363636;3.8787879;4.2424242;4.3636364;7.030303;7.1515152;8.1212121;8.7272727;9.3333333;10.30303;11.272727;11.515152;11.636364;11.878788,NLLS,0.0009810193711669,0.1024791325375069,1.8980628833007,2.4791325375068896,0.0622694978102845,0.0065602117099989,0.1599453155609993,,0.0,0.0,,,,,,
low,0.05,2,2002,7fe456a139bdd337c4ea52ff50758ac0b7e92ac16da18e70424f2c30b0252f44,80,20,0;0.12121212;0.24242424;0.36363636;0.48484848;0.72727273;0.84848485;0.96969697;1.0909091;1.3333333;1.4545455;1.5757576;1.6969697;1.8181818;1.9393939;2.1818182;2.3030303;2.4242424;2.5454545;2.6666667;2.9090909;3.030303;3.3939394;3.5151515;3.7575758;4;4.1212121;4.4848485;4.6060606;4.7272727;4.8484848;4.969697;5.0909091;5.2121212;5.3333333;5.4545455;5.5757576;5.6969697;5.8181818;5.9393939;6.0606061;6.1818182;6.3030303;6.4242424;6.5454545;6.6666667;6.7878788;6.9090909;7.2727273;7.3939394;7.5151515;7.6363636;7.7575758;7.8787879;8;8.2424242;8.3636364;8.4848485;8.6060606;8.8484848;8.969697;9.0909091;9.2121212;9.4545455;9.5757576;9.6969697;9.8181818;9.9393939;10.060606;10.181818;10.424242;10.545455;10.666667;10.787879;10.909091;11.030303;11.151515;11.393939;11.757576;12,0.60606061;1.2121212;2.0606061;2.7878788;3.1515152;3.2727273;3.6363636;3.8787879;4.2424242;4.3636364;7.030303;7.1515152;8.1212121;8.7272727;9.3333333;10.30303;11.272727;11.515152;11.636364;11.878788,NN,,,,,0.0630398108495459,0.0280888302391268,0.0018558113913407,,0.0,,,,,,,
low,0.05,2,2002,7fe456a139bdd337c4ea52ff50758ac0b7e92ac16da18e70424f2c30b0252f44,80,20,0;0.12121212;0.24242424;0.36363636;0.48484848;0.72727273;0.84848485;0.96969697;1.0909091;1.3333333;1.4545455;1.5757576;1.6969697;1.8181818;1.9393939;2.1818182;2.3030303;2.4242424;2.5454545;2.6666667;2.9090909;3.030303;3.3939394;3.5151515;3.7575758;4;4.1212121;4.4848485;4.6060606;4.7272727;4.8484848;4.969697;5.0909091;5.2121212;5.3333333;5.4545455;5.5757576;5.6969697;5.8181818;5.9393939;6.0606061;6.1818182;6.3030303;6.4242424;6.5454545;6.6666667;6.7878788;6.9090909;7.2727273;7.3939394;7.5151515;7.6363636;7.7575758;7.8787879;8;8.2424242;8.3636364;8.4848485;8.6060606;8.8484848;8.969697;9.0909091;9.2121212;9.4545455;9.5757576;9.6969697;9.8181818;9.9393939;10.060606;10.181818;10.424242;10.545455;10.666667;10.787879;10.909091;11.030303;11.151515;11.393939;11.757576;12,0.60606061;1.2121212;2.0606061;2.7878788;3.1515152;3.2727273;3.6363636;3.8787879;4.2424242;4.3636364;7.030303;7.1515152;8.1212121;8.7272727;9.3333333;10.30303;11.272727;11.515152;11.636364;11.878788,PINN,0.0008690138237293,0.082261994105571,13.098617627064035,17.73800589442892,0.0637225766937904,0.009759197186148,0.0006182432933781,2.0,0.0,0.0221824155745645,0.003138863972997,0.0008345716038938,0.0080490415438823,0.0033702226068875,0.0061989250439406,0.0015293427400054
low,0.05,3,2003,7fe456a139bdd337c4ea52ff50758ac0b7e92ac16da18e70424f2c30b0252f44,80,20,0;0.36363636;0.60606061;0.72727273;0.84848485;0.96969697;1.0909091;1.2121212;1.3333333;1.4545455;1.5757576;1.8181818;2.0606061;2.1818182;2.3030303;2.4242424;2.5454545;2.6666667;2.7878788;3.030303;3.1515152;3.3939394;3.5151515;3.7575758;3.8787879;4.2424242;4.3636364;4.4848485;4.6060606;4.7272727;4.8484848;4.969697;5.0909091;5.3333333;5.4545455;5.6969697;5.8181818;5.9393939;6.0606061;6.3030303;6.4242424;6.6666667;6.7878788;6.9090909;7.1515152;7.2727273;7.3939394;7.5151515;7.6363636;7.8787879;8.1212121;8.2424242;8.3636364;8.6060606;8.7272727;8.8484848;8.969697;9.0909091;9.2121212;9.3333333;9.4545455;9.5757576;9.6969697;9.8181818;9.9393939;10.060606;10.181818;10.30303;10.424242;10.545455;10.666667;10.787879;10.909091;11.151515;11.272727;11.515152;11.636364;11.757576;11.878788;12,0.12121212;0.24242424;0.48484848;1.6969697;1.9393939;2.9090909;3.2727273;3.6363636;4;4.1212121;5.2121212;5.5757576;6.1818182;6.5454545;7.030303;7.7575758;8;8.4848485;11.030303;11.393939,NLLS,0.0010087888405804,0.1040818122081609,0.8788840580482127,4.081812208160929,0.0498779761501699,0.0026332234379852,0.1929786182746724,,0.0,0.0,,,,,,
low,0.05,3,2003,7fe456a139bdd337c4ea52ff50758ac0b7e92ac16da18e70424f2c30b0252f44,80,20,0;0.36363636;0.60606061;0.72727273;0.84848485;0.96969697;1.0909091;1.2121212;1.3333333;1.4545455;1.5757576;1.8181818;2.0606061;2.1818182;2.3030303;2.4242424;2.5454545;2.6666667;2.7878788;3.030303;3.1515152;3.3939394;3.5151515;3.7575758;3.8787879;4.2424242;4.3636364;4.4848485;4.6060606;4.7272727;4.8484848;4.969697;5.0909091;5.3333333;5.4545455;5.6969697;5.8181818;5.9393939;6.0606061;6.3030303;6.4242424;6.6666667;6.7878788;6.9090909;7.1515152;7.2727273;7.3939394;7.5151515;7.6363636;7.8787879;8.1212121;8.2424242;8.3636364;8.6060606;8.7272727;8.8484848;8.969697;9.0909091;9.2121212;9.3333333;9.4545455;9.5757576;9.6969697;9.8181818;9.9393939;10.060606;10.181818;10.30303;10.424242;10.545455;10.666667;10.787879;10.909091;11.151515;11.272727;11.515152;11.636364;11.757576;11.878788;12,0.12121212;0.24242424;0.48484848;1.6969697;1.9393939;2.9090909;3.2727273;3.6363636;4;4.1212121;5.2121212;5.5757576;6.1818182;6.5454545;7.030303;7.7575758;8;8.4848485;11.030303;11.393939,NN,,,,,0.0592931878186681,0.0198846101776529,0.0020618308922039,,0.0,,,,,,,
low,0.05,3,2003,7fe456a139bdd337c4ea52ff50758ac0b7e92ac16da18e70424f2c30b0252f44,80,20,0;0.36363636;0.60606061;0.72727273;0.84848485;0.96969697;1.0909091;1.2121212;1.3333333;1.4545455;1.5757576;1.8181818;2.0606061;2.1818182;2.3030303;2.4242424;2.5454545;2.6666667;2.7878788;3.030303;3.1515152;3.3939394;3.5151515;3.7575758;3.8787879;4.2424242;4.3636364;4.4848485;4.6060606;4.7272727;4.8484848;4.969697;5.0909091;5.3333333;5.4545455;5.6969697;5.8181818;5.9393939;6.0606061;6.3030303;6.4242424;6.6666667;6.7878788;6.9090909;7.1515152;7.2727273;7.3939394;7.5151515;7.6363636;7.8787879;8.1212121;8.2424242;8.3636364;8.6060606;8.7272727;8.8484848;8.969697;9.0909091;9.2121212;9.3333333;9.4545455;9.5757576;9.6969697;9.8181818;9.9393939;10.060606;10.181818;10.30303;10.424242;10.545455;10.666667;10.787879;10.909091;11.151515;11.272727;11.515152;11.636364;11.757576;11.878788;12,0.12121212;0.24242424;0.48484848;1.6969697;1.9393939;2.9090909;3.2727273;3.6363636;4;4.1212121;5.2121212;5.5757576;6.1818182;6.5454545;7.030303;7.7575758;8;8.4848485;11.030303;11.393939,PINN,0.000871212694837,0.0834368757056629,12.878730516294246,16.56312429433705,0.050479852248105,0.0079054225666569,0.000767912046426,2.0,0.0,0.0271660599998771,0.0048531603522612,0.001081596827489,0.0100814052380052,0.0039797115138683,0.0051671223149562,0.0060244304795903
low,0.05,4,2004,7fe456a139bdd337c4ea52ff50758ac0b7e92ac16da18e70424f2c30b0252f44,80,20,0;0.12121212;0.24242424;0.48484848;0.84848485;0.96969697;1.0909091;1.2121212;1.3333333;1.4545455;1.5757576;1.6969697;1.8181818;1.9393939;2.0606061;2.1818182;2.3030303;2.5454545;2.6666667;2.7878788;2.9090909;3.1515152;3.2727273;3.3939394;3.5151515;3.6363636;3.7575758;3.8787879;4;4.2424242;4.3636364;4.7272727;4.969697;5.0909091;5.2121212;5.3333333;5.4545455;5.5757576;5.6969697;6.1818182;6.3030303;6.4242424;6.5454545;6.6666667;6.7878788;6.9090909;7.030303;7.1515152;7.2727273;7.3939394;7.5151515;7.6363636;7.7575758;7.8787879;8.1212121;8.2424242;8.3636364;8.4848485;8.6060606;8.7272727;8.8484848;8.969697;9.0909091;9.2121212;9.3333333;9.4545455;9.5757576;9.6969697;9.8181818;9.9393939;10.060606;10.424242;10.545455;10.666667;10.787879;11.030303;11.151515;11.393939;11.515152;11.878788,0.36363636;0.60606061;0.72727273;2.4242424;3.030303;4.1212121;4.4848485;4.6060606;4.8484848;5.8181818;5.9393939;6.0606061;8;10.181818;10.30303;10.909091;11.272727;11.636364;11.757576;12,NLLS,0.0010125489697614,0.0994164446031319,1.2548969761453588,0.5835553968680962,0.0466374141068216,0.0024794409983522,0.224485315105014,,0.0,0.0,,,,,,
low,0.05,4,2004,7fe456a139bdd337c4ea52ff50758ac0b7e92ac16da18e70424f2c30b0252f44,80,20,0;0.12121212;0.24242424;0.48484848;0.84848485;0.96969697;1.0909091;1.2121212;1.3333333;1.4545455;1.5757576;1.6969697;1.8181818;1.9393939;2.0606061;2.1818182;2.3030303;2.5454545;2.6666667;2.7878788;2.9090909;3.1515152;3.2727273;3.3939394;3.5151515;3.6363636;3.7575758;3.8787879;4;4.2424242;4.3636364;4.7272727;4.969697;5.0909091;5.2121212;5.3333333;5.4545455;5.5757576;5.6969697;6.1818182;6.3030303;6.4242424;6.5454545;6.6666667;6.7878788;6.9090909;7.030303;7.1515152;7.2727273;7.3939394;7.5151515;7.6363636;7.7575758;7.8787879;8.1212121;8.2424242;8.3636364;8.4848485;8.6060606;8.7272727;8.8484848;8.969697;9.0909091;9.2121212;9.3333333;9.4545455;9.5757576;9.6969697;9.8181818;9.9393939;10.060606;10.424242;10.545455;10.666667;10.787879;11.030303;11.151515;11.393939;11.515152;11.878788,0.36363636;0.60606061;0.72727273;2.4242424;3.030303;4.1212121;4.4848485;4.6060606;4.8484848;5.8181818;5.9393939;6.0606061;8;10.181818;10.30303;10.909091;11.272727;11.636364;11.757576;12,NN,,,,,0.0513544745078681,0.0142257917331875,0.0025849087349034,,0.0,,,,,,,
low,0.05,4,2004,7fe456a139bdd337c4ea52ff50758ac0b7e92ac16da18e70424f2c30b0252f44,80,20,0;0.12121212;0.24242424;0.48484848;0.84848485;0.96969697;1.0909091;1.2121212;1.3333333;1.4545455;1.5757576;1.6969697;1.8181818;1.9393939;2.0606061;2.1818182;2.3030303;2.5454545;2.6666667;2.7878788;2.9090909;3.1515152;3.2727273;3.3939394;3.5151515;3.6363636;3.7575758;3.8787879;4;4.2424242;4.3636364;4.7272727;4.969697;5.0909091;5.2121212;5.3333333;5.4545455;5.5757576;5.6969697;6.1818182;6.3030303;6.4242424;6.5454545;6.6666667;6.7878788;6.9090909;7.030303;7.1515152;7.2727273;7.3939394;7.5151515;7.6363636;7.7575758;7.8787879;8.1212121;8.2424242;8.3636364;8.4848485;8.6060606;8.7272727;8.8484848;8.969697;9.0909091;9.2121212;9.3333333;9.4545455;9.5757576;9.6969697;9.8181818;9.9393939;10.060606;10.424242;10.545455;10.666667;10.787879;11.030303;11.151515;11.393939;11.515152;11.878788,0.36363636;0.60606061;0.72727273;2.4242424;3.030303;4.1212121;4.4848485;4.6060606;4.8484848;5.8181818;5.9393939;6.0606061;8;10.181818;10.30303;10.909091;11.272727;11.636364;11.757576;12,PINN,0.0009434852696669,0.0883413195188705,5.651473033308796,11.658680481129435,0.0474301110329307,0.0046786158637033,0.0008552282547364,2.0,0.0,0.0134361678639294,0.0033731983008647,0.0022525808585643,0.006070294634819,0.0035467401115171,0.0057830033594645,0.0016564230164732
low,0.05,5,2005,7fe456a139bdd337c4ea52ff50758ac0b7e92ac16da18e70424f2c30b0252f44,80,20,0;0.12121212;0.24242424;0.36363636;0.48484848;0.72727273;0.84848485;0.96969697;1.2121212;1.3333333;1.4545455;1.5757576;1.6969697;1.8181818;1.9393939;2.1818182;2.3030303;2.4242424;2.5454545;2.6666667;2.7878788;2.9090909;3.030303;3.1515152;3.2727273;3.3939394;3.5151515;3.6363636;3.7575758;3.8787879;4;4.1212121;4.3636364;4.4848485;4.6060606;4.7272727;4.8484848;4.969697;5.0909091;5.2121212;5.3333333;5.6969697;5.9393939;6.1818182;6.3030303;6.4242424;6.5454545;6.6666667;6.7878788;6.9090909;7.030303;7.1515152;7.2727273;7.6363636;7.8787879;8;8.1212121;8.3636364;8.4848485;8.6060606;8.7272727;9.0909091;9.2121212;9.4545455;9.6969697;9.8181818;10.181818;10.30303;10.424242;10.545455;10.666667;10.787879;10.909091;11.030303;11.151515;11.272727;11.393939;11.515152;11.636364;11.757576,0.60606061;1.0909091;2.0606061;4.2424242;5.4545455;5.5757576;5.8181818;6.0606061;7.3939394;7.5151515;7.7575758;8.2424242;8.8484848;8.969697;9.3333333;9.5757576;9.9393939;10.060606;11.878788;12,NLLS,0.0009713263897808,0.1038640466184933,2.8673610219145496,3.8640466184932887,0.0484193730151833,0.0110356898092488,0.2224583270963714,,0.0,0.0,,,,,,
low,0.05,5,2005,7fe456a139bdd337c4ea52ff50758ac0b7e92ac16da18e70424f2c30b0252f44,80,20,0;0.12121212;0.24242424;0.36363636;0.48484848;0.72727273;0.84848485;0.96969697;1.2121212;1.3333333;1.4545455;1.5757576;1.6969697;1.8181818;1.9393939;2.1818182;2.3030303;2.4242424;2.5454545;2.6666667;2.7878788;2.9090909;3.030303;3.1515152;3.2727273;3.3939394;3.5151515;3.6363636;3.7575758;3.8787879;4;4.1212121;4.3636364;4.4848485;4.6060606;4.7272727;4.8484848;4.969697;5.0909091;5.2121212;5.3333333;5.6969697;5.9393939;6.1818182;6.3030303;6.4242424;6.5454545;6.6666667;6.7878788;6.9090909;7.030303;7.1515152;7.2727273;7.6363636;7.8787879;8;8.1212121;8.3636364;8.4848485;8.6060606;8.7272727;9.0909091;9.2121212;9.4545455;9.6969697;9.8181818;10.181818;10.30303;10.424242;10.545455;10.666667;10.787879;10.909091;11.030303;11.151515;11.272727;11.393939;11.515152;11.636364;11.757576,0.60606061;1.0909091;2.0606061;4.2424242;5.4545455;5.5757576;5.8181818;6.0606061;7.3939394;7.5151515;7.7575758;8.2424242;8.8484848;8.969697;9.3333333;9.5757576;9.9393939;10.060606;11.878788;12,NN,,,,,0.0506534352931978,0.0160921972792357,0.0025691893541584,,0.0,,,,,,,
low,0.05,5,2005,7fe456a139bdd337c4ea52ff50758ac0b7e92ac16da18e70424f2c30b0252f44,80,20,0;0.12121212;0.24242424;0.36363636;0.48484848;0.72727273;0.84848485;0.96969697;1.2121212;1.3333333;1.4545455;1.5757576;1.6969697;1.8181818;1.9393939;2.1818182;2.3030303;2.4242424;2.5454545;2.6666667;2.7878788;2.9090909;3.030303;3.1515152;3.2727273;3.3939394;3.5151515;3.6363636;3.7575758;3.8787879;4;4.1212121;4.3636364;4.4848485;4.6060606;4.7272727;4.8484848;4.969697;5.0909091;5.2121212;5.3333333;5.6969697;5.9393939;6.1818182;6.3030303;6.4242424;6.5454545;6.6666667;6.7878788;6.9090909;7.030303;7.1515152;7.2727273;7.6363636;7.8787879;8;8.1212121;8.3636364;8.4848485;8.6060606;8.7272727;9.0909091;9.2121212;9.4545455;9.6969697;9.8181818;10.181818;10.30303;10.424242;10.545455;10.666667;10.787879;10.909091;11.030303;11.151515;11.272727;11.393939;11.515152;11.636364;11.757576,0.60606061;1.0909091;2.0606061;4.2424242;5.4545455;5.5757576;5.8181818;6.0606061;7.3939394;7.5151515;7.7575758;8.2424242;8.8484848;8.969697;9.3333333;9.5757576;9.9393939;10.060606;11.878788;12,PINN,0.0008989313144421,0.0935002164702929,10.10686855578431,6.499783529707049,0.0486919889418464,0.0117593897640967,0.0008343009872999,2.0,0.0,0.015483303521693,0.0014897804681409,0.0010884114681802,0.0084250397009708,0.0038323103429174,0.0040585607593705,0.0013069017809097
low,0.05,6,2006,7fe456a139bdd337c4ea52ff50758ac0b7e92ac16da18e70424f2c30b0252f44,80,20,0;0.12121212;0.24242424;0.36363636;0.60606061;0.72727273;0.84848485;0.96969697;1.0909091;1.2121212;1.3333333;1.4545455;1.5757576;1.6969697;2.0606061;2.1818182;2.3030303;2.4242424;2.5454545;2.6666667;2.9090909;3.030303;3.1515152;3.5151515;3.7575758;3.8787879;4;4.1212121;4.3636364;4.4848485;4.6060606;4.8484848;4.969697;5.2121212;5.3333333;5.5757576;5.8181818;5.9393939;6.0606061;6.1818182;6.3030303;6.4242424;6.6666667;6.7878788;6.9090909;7.030303;7.1515152;7.2727273;7.3939394;7.5151515;7.6363636;7.8787879;8;8.1212121;8.3636364;8.4848485;8.6060606;8.7272727;8.8484848;9.0909091;9.2121212;9.3333333;9.4545455;9.5757576;9.6969697;9.8181818;9.9393939;10.060606;10.181818;10.30303;10.545455;10.666667;11.030303;11.151515;11.272727;11.393939;11.515152;11.757576;11.878788;12,0.48484848;1.8181818;1.9393939;2.7878788;3.2727273;3.3939394;3.6363636;4.2424242;4.7272727;5.0909091;5.4545455;5.6969697;6.5454545;7.7575758;8.2424242;8.969697;10.424242;10.787879;10.909091;11.636364,NLLS,0.0009813408334177,0.0955016753130221,1.8659166582227216,4.498324686977906,0.0550107311938117,0.0038194414319651,0.1576839535215025,,0.0,0.0,,,,,,
low,0.05,6,2006,7fe456a139bdd337c4ea52ff50758ac0b7e92ac16da18e70424f2c30b0252f44,80,20,0;0.12121212;0.24242424;0.36363636;0.60606061;0.72727273;0.84848485;0.96969697;1.0909091;1.2121212;1.3333333;1.4545455;1.5757576;1.6969697;2.0606061;2.1818182;2.3030303;2.4242424;2.5454545;2.6666667;2.9090909;3.030303;3.1515152;3.5151515;3.7575758;3.8787879;4;4.1212121;4.3636364;4.4848485;4.6060606;4.8484848;4.969697;5.2121212;5.3333333;5.5757576;5.8181818;5.9393939;6.0606061;6.1818182;6.3030303;6.4242424;6.6666667;6.7878788;6.9090909;7.030303;7.1515152;7.2727273;7.3939394;7.5151515;7.6363636;7.8787879;8;8.1212121;8.3636364;8.4848485;8.6060606;8.7272727;8.8484848;9.0909091;9.2121212;9.3333333;9.4545455;9.5757576;9.6969697;9.8181818;9.9393939;10.060606;10.181818;10.30303;10.545455;10.666667;11.030303;11.151515;11.272727;11.393939;11.515152;11.757576;11.878788;12,0.48484848;1.8181818;1.9393939;2.7878788;3.2727273;3.3939394;3.6363636;4.2424242;4.7272727;5.0909091;5.4545455;5.6969697;6.5454545;7.7575758;8.2424242;8.969697;10.424242;10.787879;10.909091;11.636364,NN,,,,,0.0571699024529983,0.0128571834042268,0.0020428186661653,,0.0,,,,,,,
low,0.05,6,2006,7fe456a139bdd337c4ea52ff50758ac0b7e92ac16da18e70424f2c30b0252f44,80,20,0;0.12121212;0.24242424;0.36363636;0.60606061;0.72727273;0.84848485;0.96969697;1.0909091;1.2121212;1.3333333;1.4545455;1.5757576;1.6969697;2.0606061;2.1818182;2.3030303;2.4242424;2.5454545;2.6666667;2.9090909;3.030303;3.1515152;3.5151515;3.7575758;3.8787879;4;4.1212121;4.3636364;4.4848485;4.6060606;4.8484848;4.969697;5.2121212;5.3333333;5.5757576;5.8181818;5.9393939;6.0606061;6.1818182;6.3030303;6.4242424;6.6666667;6.7878788;6.9090909;7.030303;7.1515152;7.2727273;7.3939394;7.5151515;7.6363636;7.8787879;8;8.1212121;8.3636364;8.4848485;8.6060606;8.7272727;8.8484848;9.0909091;9.2121212;9.3333333;9.4545455;9.5757576;9.6969697;9.8181818;9.9393939;10.060606;10.181818;10.30303;10.545455;10.666667;11.030303;11.151515;11.272727;11.393939;11.515152;11.757576;11.878788;12,0.48484848;1.8181818;1.9393939;2.7878788;3.2727273;3.3939394;3.6363636;4.2424242;4.7272727;5.0909091;5.4545455;5.6969697;6.5454545;7.7575758;8.2424242;8.969697;10.424242;10.787879;10.909091;11.636364,PINN,0.0009029155903109,0.0822814600195469,9.708440968907173,17.718539980453084,0.0558278565654106,0.0062514986392839,0.0006227439536414,2.0,0.0,0.0154929192416935,0.0018280351017144,0.0006313211178112,0.0082870404917873,0.0037935040281653,0.0044213204975223,0.0012903840927231
low,0.05,7,2007,7fe456a139bdd337c4ea52ff50758ac0b7e92ac16da18e70424f2c30b0252f44,80,20,0;0.12121212;0.24242424;0.36363636;0.48484848;0.60606061;0.72727273;0.84848485;0.96969697;1.0909091;1.2121212;1.5757576;1.6969697;1.9393939;2.0606061;2.1818182;2.3030303;2.4242424;2.5454545;2.6666667;2.7878788;3.030303;3.1515152;3.2727273;3.3939394;3.6363636;3.7575758;3.8787879;4;4.1212121;4.2424242;4.3636364;4.4848485;4.6060606;4.7272727;4.8484848;5.2121212;5.4545455;5.5757576;5.6969697;5.8181818;5.9393939;6.0606061;6.1818182;6.4242424;6.5454545;6.6666667;6.7878788;6.9090909;7.030303;7.1515152;7.2727273;7.3939394;7.6363636;8;8.1212121;8.2424242;8.3636364;8.6060606;8.7272727;8.8484848;9.3333333;9.4545455;9.5757576;9.6969697;9.8181818;9.9393939;10.181818;10.30303;10.424242;10.545455;10.666667;10.787879;10.909091;11.030303;11.151515;11.272727;11.393939;11.757576;11.878788,1.3333333;1.4545455;1.8181818;2.9090909;3.5151515;4.969697;5.0909091;5.3333333;6.3030303;7.5151515;7.7575758;7.8787879;8.4848485;8.969697;9.0909091;9.2121212;10.060606;11.515152;11.636364;12,NLLS,0.0010152976176972,0.1000306121795543,1.5297617697262789,0.0306121795543345,0.0371744546084596,0.0040265313277176,0.1587253831822203,,0.0,0.0,,,,,,
low,0.05,7,2007,7fe456a139bdd337c4ea52ff50758ac0b7e92ac16da18e70424f2c30b0252f44,80,20,0;0.12121212;0.24242424;0.36363636;0.48484848;0.60606061;0.72727273;0.84848485;0.96969697;1.0909091;1.2121212;1.5757576;1.6969697;1.9393939;2.0606061;2.1818182;2.3030303;2.4242424;2.5454545;2.6666667;2.7878788;3.030303;3.1515152;3.2727273;3.3939394;3.6363636;3.7575758;3.8787879;4;4.1212121;4.2424242;4.3636364;4.4848485;4.6060606;4.7272727;4.8484848;5.2121212;5.4545455;5.5757576;5.6969697;5.8181818;5.9393939;6.0606061;6.1818182;6.4242424;6.5454545;6.6666667;6.7878788;6.9090909;7.030303;7.1515152;7.2727273;7.3939394;7.6363636;8;8.1212121;8.2424242;8.3636364;8.6060606;8.7272727;8.8484848;9.3333333;9.4545455;9.5757576;9.6969697;9.8181818;9.9393939;10.181818;10.30303;10.424242;10.545455;10.666667;10.787879;10.909091;11.030303;11.151515;11.272727;11.393939;11.757576;11.878788,1.3333333;1.4545455;1.8181818;2.9090909;3.5151515;4.969697;5.0909091;5.3333333;6.3030303;7.5151515;7.7575758;7.8787879;8.4848485;8.969697;9.0909091;9.2121212;10.060606;11.515152;11.636364;12,NN,,,,,0.0371182429978153,0.0078111342726753,0.0019197656846233,,0.0,,,,,,,
low,0.05,7,2007,7fe456a139bdd337c4ea52ff50758ac0b7e92ac16da18e70424f2c30b0252f44,80,20,0;0.12121212;0.24242424;0.36363636;0.48484848;0.60606061;0.72727273;0.84848485;0.96969697;1.0909091;1.2121212;1.5757576;1.6969697;1.9393939;2.0606061;2.1818182;2.3030303;2.4242424;2.5454545;2.6666667;2.7878788;3.030303;3.1515152;3.2727273;3.3939394;3.6363636;3.7575758;3.8787879;4;4.1212121;4.2424242;4.3636364;4.4848485;4.6060606;4.7272727;4.8484848;5.2121212;5.4545455;5.5757576;5.6969697;5.8181818;5.9393939;6.0606061;6.1818182;6.4242424;6.5454545;6.6666667;6.7878788;6.9090909;7.030303;7.1515152;7.2727273;7.3939394;7.6363636;8;8.1212121;8.2424242;8.3636364;8.6060606;8.7272727;8.8484848;9.3333333;9.4545455;9.5757576;9.6969697;9.8181818;9.9393939;10.181818;10.30303;10.424242;10.545455;10.666667;10.787879;10.909091;11.030303;11.151515;11.272727;11.393939;11.757576;11.878788,1.3333333;1.4545455;1.8181818;2.9090909;3.5151515;4.969697;5.0909091;5.3333333;6.3030303;7.5151515;7.7575758;7.8787879;8.4848485;8.969697;9.0909091;9.2121212;10.060606;11.515152;11.636364;12,PINN,0.0009498753353274,0.0867227471798239,5.012466467255694,13.2772528201761,0.0377076266954932,0.0040070739481709,0.0006404824123058,2.0,0.0,0.0118842020725197,0.0022086916523401,0.0008220136603366,0.0071662319875795,0.0057416360887576,0.0054604738114767,0.0036181767164601
low,0.05,8,2008,7fe456a139bdd337c4ea52ff50758ac0b7e92ac16da18e70424f2c30b0252f44,80,20,0;0.24242424;0.36363636;0.48484848;0.72727273;0.84848485;0.96969697;1.0909091;1.2121212;1.3333333;1.5757576;1.6969697;1.8181818;1.9393939;2.3030303;2.4242424;2.5454545;2.6666667;2.9090909;3.030303;3.1515152;3.2727273;3.3939394;3.6363636;3.7575758;3.8787879;4;4.1212121;4.2424242;4.3636364;4.4848485;4.6060606;4.7272727;4.8484848;4.969697;5.0909091;5.2121212;5.3333333;5.4545455;5.5757576;5.9393939;6.0606061;6.1818182;6.3030303;6.4242424;6.5454545;6.6666667;7.1515152;7.2727273;7.3939394;7.5151515;7.6363636;7.7575758;7.8787879;8.1212121;8.2424242;8.3636364;8.4848485;8.6060606;8.7272727;8.8484848;8.969697;9.0909091;9.2121212;9.3333333;9.4545455;9.5757576;9.6969697;9.8181818;10.060606;10.424242;10.545455;10.666667;10.787879;10.909091;11.030303;11.272727;11.515152;11.636364;11.757576,0.12121212;0.60606061;1.4545455;2.0606061;2.1818182;2.7878788;3.5151515;5.6969697;5.8181818;6.7878788;6.9090909;7.030303;8;9.9393939;10.181818;10.30303;11.151515;11.393939;11.878788;12,NLLS,0.0009991799837507,0.0970061767053675,0.0820016249214572,2.9938232946325027,0.0489493982931775,0.0035556261951896,0.1770692372701109,,0.0,0.0,,,,,,
low,0.05,8,2008,7fe456a139bdd337c4ea52ff50758ac0b7e92ac16da18e70424f2c30b0252f44,80,20,0;0.24242424;0.36363636;0.48484848;0.72727273;0.84848485;0.96969697;1.0909091;1.2121212;1.3333333;1.5757576;1.6969697;1.8181818;1.9393939;2.3030303;2.4242424;2.5454545;2.6666667;2.9090909;3.030303;3.1515152;3.2727273;3.3939394;3.6363636;3.7575758;3.8787879;4;4.1212121;4.2424242;4.3636364;4.4848485;4.6060606;4.7272727;4.8484848;4.969697;5.0909091;5.2121212;5.3333333;5.4545455;5.5757576;5.9393939;6.0606061;6.1818182;6.3030303;6.4242424;6.5454545;6.6666667;7.1515152;7.2727273;7.3939394;7.5151515;7.6363636;7.7575758;7.8787879;8.1212121;8.2424242;8.3636364;8.4848485;8.6060606;8.7272727;8.8484848;8.969697;9.0909091;9.2121212;9.3333333;9.4545455;9.5757576;9.6969697;9.8181818;10.060606;10.424242;10.545455;10.666667;10.787879;10.909091;11.030303;11.272727;11.515152;11.636364;11.757576,0.12121212;0.60606061;1.4545455;2.0606061;2.1818182;2.7878788;3.5151515;5.6969697;5.8181818;6.7878788;6.9090909;7.030303;8;9.9393939;10.181818;10.30303;11.151515;11.393939;11.878788;12,NN,,,,,0.0577560472314907,0.018312799541378,0.0020098015272801,,0.0,,,,,,,
low,0.05,8,2008,7fe456a139bdd337c4ea52ff50758ac0b7e92ac16da18e70424f2c30b0252f44,80,20,0;0.24242424;0.36363636;0.48484848;0.72727273;0.84848485;0.96969697;1.0909091;1.2121212;1.3333333;1.5757576;1.6969697;1.8181818;1.9393939;2.3030303;2.4242424;2.5454545;2.6666667;2.9090909;3.030303;3.1515152;3.2727273;3.3939394;3.6363636;3.7575758;3.8787879;4;4.1212121;4.2424242;4.3636364;4.4848485;4.6060606;4.7272727;4.8484848;4.969697;5.0909091;5.2121212;5.3333333;5.4545455;5.5757576;5.9393939;6.0606061;6.1818182;6.3030303;6.4242424;6.5454545;6.6666667;7.1515152;7.2727273;7.3939394;7.5151515;7.6363636;7.7575758;7.8787879;8.1212121;8.2424242;8.3636364;8.4848485;8.6060606;8.7272727;8.8484848;8.969697;9.0909091;9.2121212;9.3333333;9.4545455;9.5757576;9.6969697;9.8181818;10.060606;10.424242;10.545455;10.666667;10.787879;10.909091;11.030303;11.272727;11.515152;11.636364;11.757576,0.12121212;0.60606061;1.4545455;2.0606061;2.1818182;2.7878788;3.5151515;5.6969697;5.8181818;6.7878788;6.9090909;7.030303;8;9.9393939;10.181818;10.30303;11.151515;11.393939;11.878788;12,PINN,0.0010043348763777,0.0940389329589743,0.4334876377726449,5.9610670410256805,0.0517724074290667,0.0078653120477202,0.0006605788493872,2.0,0.0,0.0079560905956973,0.0025909330666392,0.0010487878367105,0.0066502887471559,0.0040883342608208,0.0028706275419524,0.0024524767512984
low,0.05,9,2009,7fe456a139bdd337c4ea52ff50758ac0b7e92ac16da18e70424f2c30b0252f44,80,20,0;0.24242424;0.36363636;0.60606061;0.72727273;0.84848485;0.96969697;1.0909091;1.2121212;1.3333333;1.6969697;1.9393939;2.0606061;2.1818182;2.3030303;2.4242424;2.5454545;2.6666667;2.9090909;3.030303;3.1515152;3.3939394;3.5151515;3.6363636;3.7575758;3.8787879;4;4.1212121;4.2424242;4.3636364;4.4848485;4.6060606;4.8484848;4.969697;5.0909091;5.2121212;5.3333333;5.6969697;5.8181818;5.9393939;6.0606061;6.1818182;6.3030303;6.4242424;6.5454545;6.6666667;6.7878788;6.9090909;7.030303;7.1515152;7.2727273;7.3939394;7.5151515;7.6363636;7.8787879;8;8.2424242;8.3636364;8.4848485;8.6060606;8.8484848;8.969697;9.0909091;9.3333333;9.4545455;9.5757576;9.8181818;9.9393939;10.060606;10.666667;10.787879;11.030303;11.151515;11.272727;11.393939;11.515152;11.636364;11.757576;11.878788;12,0.12121212;0.48484848;1.4545455;1.5757576;1.8181818;2.7878788;3.2727273;4.7272727;5.4545455;5.5757576;7.7575758;8.1212121;8.7272727;9.2121212;9.6969697;10.181818;10.30303;10.424242;10.545455;10.909091,NLLS,0.0010232121331851,0.1063442737484477,2.321213318519444,6.344273748447726,0.0520318681984388,0.0055906775651503,0.177767589584713,,0.0,0.0,,,,,,
low,0.05,9,2009,7fe456a139bdd337c4ea52ff50758ac0b7e92ac16da18e70424f2c30b0252f44,80,20,0;0.24242424;0.36363636;0.60606061;0.72727273;0.84848485;0.96969697;1.0909091;1.2121212;1.3333333;1.6969697;1.9393939;2.0606061;2.1818182;2.3030303;2.4242424;2.5454545;2.6666667;2.9090909;3.030303;3.1515152;3.3939394;3.5151515;3.6363636;3.7575758;3.8787879;4;4.1212121;4.2424242;4.3636364;4.4848485;4.6060606;4.8484848;4.969697;5.0909091;5.2121212;5.3333333;5.6969697;5.8181818;5.9393939;6.0606061;6.1818182;6.3030303;6.4242424;6.5454545;6.6666667;6.7878788;6.9090909;7.030303;7.1515152;7.2727273;7.3939394;7.5151515;7.6363636;7.8787879;8;8.2424242;8.3636364;8.4848485;8.6060606;8.8484848;8.969697;9.0909091;9.3333333;9.4545455;9.5757576;9.8181818;9.9393939;10.060606;10.666667;10.787879;11.030303;11.151515;11.272727;11.393939;11.515152;11.636364;11.757576;11.878788;12,0.12121212;0.48484848;1.4545455;1.5757576;1.8181818;2.7878788;3.2727273;4.7272727;5.4545455;5.5757576;7.7575758;8.1212121;8.7272727;9.2121212;9.6969697;10.181818;10.30303;10.424242;10.545455;10.909091,NN,,,,,0.0531203720388913,0.01085757779055,0.0020751135292094,,0.0,,,,,,,
low,0.05,9,2009,7fe456a139bdd337c4ea52ff50758ac0b7e92ac16da18e70424f2c30b0252f44,80,20,0;0.24242424;0.36363636;0.60606061;0.72727273;0.84848485;0.96969697;1.0909091;1.2121212;1.3333333;1.6969697;1.9393939;2.0606061;2.1818182;2.3030303;2.4242424;2.5454545;2.6666667;2.9090909;3.030303;3.1515152;3.3939394;3.5151515;3.6363636;3.7575758;3.8787879;4;4.1212121;4.2424242;4.3636364;4.4848485;4.6060606;4.8484848;4.969697;5.0909091;5.2121212;5.3333333;5.6969697;5.8181818;5.9393939;6.0606061;6.1818182;6.3030303;6.4242424;6.5454545;6.6666667;6.7878788;6.9090909;7.030303;7.1515152;7.2727273;7.3939394;7.5151515;7.6363636;7.8787879;8;8.2424242;8.3636364;8.4848485;8.6060606;8.8484848;8.969697;9.0909091;9.3333333;9.4545455;9.5757576;9.8181818;9.9393939;10.060606;10.666667;10.787879;11.030303;11.151515;11.272727;11.393939;11.515152;11.636364;11.757576;11.878788;12,0.12121212;0.48484848;1.4545455;1.5757576;1.8181818;2.7878788;3.2727273;4.7272727;5.4545455;5.5757576;7.7575758;8.1212121;8.7272727;9.2121212;9.6969697;10.181818;10.30303;10.424242;10.545455;10.909091,PINN,0.000989159926931,0.0974147945763225,1.0840073068981049,2.5852054236774724,0.0514806050046629,0.0050857742796518,0.0006822306392068,2.0,0.0,0.0072608807658554,0.0017881894278997,0.0013704328396933,0.0066813230304152,0.0052625176385674,0.0050361830269742,0.0021090643378819
low,0.05,10,2010,7fe456a139bdd337c4ea52ff50758ac0b7e92ac16da18e70424f2c30b0252f44,80,20,0;0.12121212;0.24242424;0.36363636;0.48484848;0.60606061;0.72727273;1.0909091;1.2121212;1.3333333;1.4545455;1.5757576;1.6969697;1.8181818;1.9393939;2.0606061;2.1818182;2.4242424;2.5454545;2.6666667;2.7878788;2.9090909;3.030303;3.2727273;3.3939394;3.5151515;3.6363636;3.7575758;3.8787879;4;4.1212121;4.2424242;4.3636364;4.6060606;4.8484848;5.0909091;5.2121212;5.3333333;5.4545455;5.5757576;5.6969697;5.9393939;6.0606061;6.1818182;6.4242424;6.5454545;6.6666667;6.7878788;6.9090909;7.030303;7.2727273;7.3939394;7.5151515;7.6363636;7.7575758;7.8787879;8;8.2424242;8.3636364;8.6060606;8.969697;9.2121212;9.4545455;9.5757576;9.8181818;9.9393939;10.060606;10.181818;10.30303;10.424242;10.545455;10.666667;10.787879;10.909091;11.030303;11.393939;11.636364;11.757576;11.878788;12,0.84848485;0.96969697;2.3030303;3.1515152;4.4848485;4.7272727;4.969697;5.8181818;6.3030303;7.1515152;8.1212121;8.4848485;8.7272727;8.8484848;9.0909091;9.3333333;9.6969697;11.151515;11.272727;11.515152,NLLS,0.0009955620873655,0.1053898071864679,0.4437912634452701,5.38980718646791,0.0414586484537988,0.0054236592674257,0.2111181954045017,,0.0,0.0,,,,,,
low,0.05,10,2010,7fe456a139bdd337c4ea52ff50758ac0b7e92ac16da18e70424f2c30b0252f44,80,20,0;0.12121212;0.24242424;0.36363636;0.48484848;0.60606061;0.72727273;1.0909091;1.2121212;1.3333333;1.4545455;1.5757576;1.6969697;1.8181818;1.9393939;2.0606061;2.1818182;2.4242424;2.5454545;2.6666667;2.7878788;2.9090909;3.030303;3.2727273;3.3939394;3.5151515;3.6363636;3.7575758;3.8787879;4;4.1212121;4.2424242;4.3636364;4.6060606;4.8484848;5.0909091;5.2121212;5.3333333;5.4545455;5.5757576;5.6969697;5.9393939;6.0606061;6.1818182;6.4242424;6.5454545;6.6666667;6.7878788;6.9090909;7.030303;7.2727273;7.3939394;7.5151515;7.6363636;7.7575758;7.8787879;8;8.2424242;8.3636364;8.6060606;8.969697;9.2121212;9.4545455;9.5757576;9.8181818;9.9393939;10.060606;10.181818;10.30303;10.424242;10.545455;10.666667;10.787879;10.909091;11.030303;11.393939;11.636364;11.757576;11.878788;12,0.84848485;0.96969697;2.3030303;3.1515152;4.4848485;4.7272727;4.969697;5.8181818;6.3030303;7.1515152;8.1212121;8.4848485;8.7272727;8.8484848;9.0909091;9.3333333;9.6969697;11.151515;11.272727;11.515152,NN,,,,,0.0435345646543119,0.0134660483098585,0.0024397082043556,,0.0,,,,,,,
low,0.05,10,2010,7fe456a139bdd337c4ea52ff50758ac0b7e92ac16da18e70424f2c30b0252f44,80,20,0;0.12121212;0.24242424;0.36363636;0.48484848;0.60606061;0.72727273;1.0909091;1.2121212;1.3333333;1.4545455;1.5757576;1.6969697;1.8181818;1.9393939;2.0606061;2.1818182;2.4242424;2.5454545;2.6666667;2.7878788;2.9090909;3.030303;3.2727273;3.3939394;3.5151515;3.6363636;3.7575758;3.8787879;4;4.1212121;4.2424242;4.3636364;4.6060606;4.8484848;5.0909091;5.2121212;5.3333333;5.4545455;5.5757576;5.6969697;5.9393939;6.0606061;6.1818182;6.4242424;6.5454545;6.6666667;6.7878788;6.9090909;7.030303;7.2727273;7.3939394;7.5151515;7.6363636;7.7575758;7.8787879;8;8.2424242;8.3636364;8.6060606;8.969697;9.2121212;9.4545455;9.5757576;9.8181818;9.9393939;10.060606;10.181818;10.30303;10.424242;10.545455;10.666667;10.787879;10.909091;11.030303;11.393939;11.636364;11.757576;11.878788;12,0.84848485;0.96969697;2.3030303;3.1515152;4.4848485;4.7272727;4.969697;5.8181818;6.3030303;7.1515152;8.1212121;8.4848485;8.7272727;8.8484848;9.0909091;9.3333333;9.6969697;11.151515;11.272727;11.515152,PINN,0.0009624269531727,0.0975877137241616,3.757304682726093,2.412286275838338,0.0421027080362693,0.0064218985918732,0.0008054304328746,2.0,0.0,0.0068712847918935,0.0045036964339729,0.0004852504728264,0.00589957237452,0.0034695212293124,0.0048761925208654,0.002941726009866
low,0.05,11,2011,7fe456a139bdd337c4ea52ff50758ac0b7e92ac16da18e70424f2c30b0252f44,80,20,0;0.12121212;0.24242424;0.48484848;0.60606061;0.72727273;0.84848485;1.0909091;1.3333333;1.4545455;1.5757576;1.6969697;1.8181818;1.9393939;2.0606061;2.1818182;2.3030303;2.5454545;2.7878788;2.9090909;3.030303;3.1515152;3.2727273;3.3939394;3.5151515;3.7575758;3.8787879;4;4.1212121;4.3636364;4.4848485;4.6060606;4.7272727;4.8484848;4.969697;5.0909091;5.2121212;5.4545455;5.5757576;5.6969697;5.9393939;6.1818182;6.3030303;6.4242424;6.5454545;6.6666667;6.9090909;7.030303;7.2727273;7.5151515;7.7575758;7.8787879;8;8.1212121;8.3636364;8.4848485;8.6060606;8.7272727;8.8484848;8.969697;9.2121212;9.3333333;9.4545455;9.5757576;9.6969697;9.8181818;10.060606;10.181818;10.424242;10.545455;10.787879;10.909091;11.030303;11.151515;11.272727;11.515152;11.636364;11.757576;11.878788;12,0.36363636;0.96969697;1.2121212;2.4242424;2.6666667;3.6363636;4.2424242;5.3333333;5.8181818;6.0606061;6.7878788;7.1515152;7.3939394;7.6363636;8.2424242;9.0909091;9.9393939;10.30303;10.666667;11.393939,NLLS,0.0009993745266464,0.1020058543656879,0.0625473353547567,2.0058543656879424,0.0714685843318571,0.0025314525642262,0.2403798487854349,,0.0,0.0,,,,,,
low,0.05,11,2011,7fe456a139bdd337c4ea52ff50758ac0b7e92ac16da18e70424f2c30b0252f44,80,20,0;0.12121212;0.24242424;0.48484848;0.60606061;0.72727273;0.84848485;1.0909091;1.3333333;1.4545455;1.5757576;1.6969697;1.8181818;1.9393939;2.0606061;2.1818182;2.3030303;2.5454545;2.7878788;2.9090909;3.030303;3.1515152;3.2727273;3.3939394;3.5151515;3.7575758;3.8787879;4;4.1212121;4.3636364;4.4848485;4.6060606;4.7272727;4.8484848;4.969697;5.0909091;5.2121212;5.4545455;5.5757576;5.6969697;5.9393939;6.1818182;6.3030303;6.4242424;6.5454545;6.6666667;6.9090909;7.030303;7.2727273;7.5151515;7.7575758;7.8787879;8;8.1212121;8.3636364;8.4848485;8.6060606;8.7272727;8.8484848;8.969697;9.2121212;9.3333333;9.4545455;9.5757576;9.6969697;9.8181818;10.060606;10.181818;10.424242;10.545455;10.787879;10.909091;11.030303;11.151515;11.272727;11.515152;11.636364;11.757576;11.878788;12,0.36363636;0.96969697;1.2121212;2.4242424;2.6666667;3.6363636;4.2424242;5.3333333;5.8181818;6.0606061;6.7878788;7.1515152;7.3939394;7.6363636;8.2424242;9.0909091;9.9393939;10.30303;10.666667;11.393939,NN,,,,,0.0697910558818576,0.0120479020468795,0.002800448783436,,0.0,,,,,,,
low,0.05,11,2011,7fe456a139bdd337c4ea52ff50758ac0b7e92ac16da18e70424f2c30b0252f44,80,20,0;0.12121212;0.24242424;0.48484848;0.60606061;0.72727273;0.84848485;1.0909091;1.3333333;1.4545455;1.5757576;1.6969697;1.8181818;1.9393939;2.0606061;2.1818182;2.3030303;2.5454545;2.7878788;2.9090909;3.030303;3.1515152;3.2727273;3.3939394;3.5151515;3.7575758;3.8787879;4;4.1212121;4.3636364;4.4848485;4.6060606;4.7272727;4.8484848;4.969697;5.0909091;5.2121212;5.4545455;5.5757576;5.6969697;5.9393939;6.1818182;6.3030303;6.4242424;6.5454545;6.6666667;6.9090909;7.030303;7.2727273;7.5151515;7.7575758;7.8787879;8;8.1212121;8.3636364;8.4848485;8.6060606;8.7272727;8.8484848;8.969697;9.2121212;9.3333333;9.4545455;9.5757576;9.6969697;9.8181818;10.060606;10.181818;10.424242;10.545455;10.787879;10.909091;11.030303;11.151515;11.272727;11.515152;11.636364;11.757576;11.878788;12,0.36363636;0.96969697;1.2121212;2.4242424;2.6666667;3.6363636;4.2424242;5.3333333;5.8181818;6.0606061;6.7878788;7.1515152;7.3939394;7.6363636;8.2424242;9.0909091;9.9393939;10.30303;10.666667;11.393939,PINN,0.0009712866192724,0.0946726562004564,2.871338072754304,5.327343799543538,0.0711711864860363,0.0044228179982374,0.0009437292017139,2.0,0.0,0.0063469394167041,0.0021641507239422,0.0017958913798391,0.0076853770370419,0.0047069422166828,0.0065124085316349,0.0048828999022706
low,0.05,12,2012,7fe456a139bdd337c4ea52ff50758ac0b7e92ac16da18e70424f2c30b0252f44,80,20,0;0.12121212;0.24242424;0.48484848;0.72727273;0.84848485;1.0909091;1.3333333;1.5757576;1.6969697;1.8181818;1.9393939;2.3030303;2.4242424;2.6666667;2.7878788;2.9090909;3.030303;3.1515152;3.2727273;3.3939394;3.5151515;3.7575758;3.8787879;4;4.1212121;4.2424242;4.3636364;4.6060606;4.7272727;4.8484848;4.969697;5.0909091;5.2121212;5.4545455;5.5757576;5.6969697;5.8181818;6.0606061;6.1818182;6.3030303;6.4242424;6.6666667;6.7878788;6.9090909;7.030303;7.1515152;7.2727273;7.3939394;7.5151515;7.6363636;8;8.1212121;8.2424242;8.3636364;8.4848485;8.6060606;8.7272727;8.8484848;8.969697;9.0909091;9.2121212;9.3333333;9.5757576;9.6969697;9.8181818;9.9393939;10.060606;10.30303;10.424242;10.545455;10.666667;10.787879;10.909091;11.030303;11.151515;11.272727;11.515152;11.878788;12,0.36363636;0.60606061;0.96969697;1.2121212;1.4545455;2.0606061;2.1818182;2.5454545;3.6363636;4.4848485;5.3333333;5.9393939;6.5454545;7.7575758;7.8787879;9.4545455;10.181818;11.393939;11.636364;11.757576,NLLS,0.0010062196492643,0.1047109324316885,0.6219649264352256,4.710932431688564,0.0351154430644786,0.0033683719070054,0.1929910042078162,,0.0,0.0,,,,,,
low,0.05,12,2012,7fe456a139bdd337c4ea52ff50758ac0b7e92ac16da18e70424f2c30b0252f44,80,20,0;0.12121212;0.24242424;0.48484848;0.72727273;0.84848485;1.0909091;1.3333333;1.5757576;1.6969697;1.8181818;1.9393939;2.3030303;2.4242424;2.6666667;2.7878788;2.9090909;3.030303;3.1515152;3.2727273;3.3939394;3.5151515;3.7575758;3.8787879;4;4.1212121;4.2424242;4.3636364;4.6060606;4.7272727;4.8484848;4.969697;5.0909091;5.2121212;5.4545455;5.5757576;5.6969697;5.8181818;6.0606061;6.1818182;6.3030303;6.4242424;6.6666667;6.7878788;6.9090909;7.030303;7.1515152;7.2727273;7.3939394;7.5151515;7.6363636;8;8.1212121;8.2424242;8.3636364;8.4848485;8.6060606;8.7272727;8.8484848;8.969697;9.0909091;9.2121212;9.3333333;9.5757576;9.6969697;9.8181818;9.9393939;10.060606;10.30303;10.424242;10.545455;10.666667;10.787879;10.909091;11.030303;11.151515;11.272727;11.515152;11.878788;12,0.36363636;0.60606061;0.96969697;1.2121212;1.4545455;2.0606061;2.1818182;2.5454545;3.6363636;4.4848485;5.3333333;5.9393939;6.5454545;7.7575758;7.8787879;9.4545455;10.181818;11.393939;11.636364;11.757576,NN,,,,,0.0349186251733791,0.0219995648700654,0.0024716366204542,,0.0,,,,,,,
low,0.05,12,2012,7fe456a139bdd337c4ea52ff50758ac0b7e92ac16da18e70424f2c30b0252f44,80,20,0;0.12121212;0.24242424;0.48484848;0.72727273;0.84848485;1.0909091;1.3333333;1.5757576;1.6969697;1.8181818;1.9393939;2.3030303;2.4242424;2.6666667;2.7878788;2.9090909;3.030303;3.1515152;3.2727273;3.3939394;3.5151515;3.7575758;3.8787879;4;4.1212121;4.2424242;4.3636364;4.6060606;4.7272727;4.8484848;4.969697;5.0909091;5.2121212;5.4545455;5.5757576;5.6969697;5.8181818;6.0606061;6.1818182;6.3030303;6.4242424;6.6666667;6.7878788;6.9090909;7.030303;7.1515152;7.2727273;7.3939394;7.5151515;7.6363636;8;8.1212121;8.2424242;8.3636364;8.4848485;8.6060606;8.7272727;8.8484848;8.969697;9.0909091;9.2121212;9.3333333;9.5757576;9.6969697;9.8181818;9.9393939;10.060606;10.30303;10.424242;10.545455;10.666667;10.787879;10.909091;11.030303;11.151515;11.272727;11.515152;11.878788;12,0.36363636;0.60606061;0.96969697;1.2121212;1.4545455;2.0606061;2.1818182;2.5454545;3.6363636;4.4848485;5.3333333;5.9393939;6.5454545;7.7575758;7.8787879;9.4545455;10.181818;11.393939;11.636364;11.757576,PINN,0.0009522640047795,0.095865670686853,4.77359952204961,4.134329313146912,0.034126288420505,0.0052400355320779,0.0007262640144623,2.0,0.0,0.0112505405480053,0.0017639221473082,0.0007674185671297,0.0037277976963408,0.0040538815586528,0.0041414162793419,0.0011486087943924
low,0.05,13,2013,7fe456a139bdd337c4ea52ff50758ac0b7e92ac16da18e70424f2c30b0252f44,80,20,0;0.12121212;0.24242424;0.36363636;0.60606061;0.72727273;0.84848485;0.96969697;1.3333333;1.4545455;1.5757576;1.6969697;1.8181818;1.9393939;2.0606061;2.3030303;2.4242424;2.5454545;2.6666667;2.7878788;2.9090909;3.1515152;3.2727273;3.3939394;3.5151515;3.6363636;3.7575758;3.8787879;4;4.1212121;4.2424242;4.3636364;4.4848485;4.6060606;4.7272727;4.8484848;5.0909091;5.3333333;5.4545455;5.6969697;5.8181818;6.1818182;6.4242424;6.5454545;6.6666667;6.7878788;7.1515152;7.3939394;7.5151515;7.6363636;7.8787879;8;8.1212121;8.2424242;8.4848485;8.6060606;8.7272727;8.8484848;8.969697;9.0909091;9.2121212;9.3333333;9.4545455;9.5757576;9.6969697;9.9393939;10.060606;10.181818;10.30303;10.424242;10.545455;10.666667;10.787879;10.909091;11.151515;11.272727;11.515152;11.757576;11.878788;12,0.48484848;1.0909091;1.2121212;2.1818182;3.030303;4.969697;5.2121212;5.5757576;5.9393939;6.0606061;6.3030303;6.9090909;7.030303;7.2727273;7.7575758;8.3636364;9.8181818;11.030303;11.393939;11.636364,NLLS,0.0009554100323777,0.0907633776824098,4.458996762223332,9.236622317590191,0.0364474923058534,0.0084523169424812,0.1730555524613563,,0.0,0.0,,,,,,
low,0.05,13,2013,7fe456a139bdd337c4ea52ff50758ac0b7e92ac16da18e70424f2c30b0252f44,80,20,0;0.12121212;0.24242424;0.36363636;0.60606061;0.72727273;0.84848485;0.96969697;1.3333333;1.4545455;1.5757576;1.6969697;1.8181818;1.9393939;2.0606061;2.3030303;2.4242424;2.5454545;2.6666667;2.7878788;2.9090909;3.1515152;3.2727273;3.3939394;3.5151515;3.6363636;3.7575758;3.8787879;4;4.1212121;4.2424242;4.3636364;4.4848485;4.6060606;4.7272727;4.8484848;5.0909091;5.3333333;5.4545455;5.6969697;5.8181818;6.1818182;6.4242424;6.5454545;6.6666667;6.7878788;7.1515152;7.3939394;7.5151515;7.6363636;7.8787879;8;8.1212121;8.2424242;8.4848485;8.6060606;8.7272727;8.8484848;8.969697;9.0909091;9.2121212;9.3333333;9.4545455;9.5757576;9.6969697;9.9393939;10.060606;10.181818;10.30303;10.424242;10.545455;10.666667;10.787879;10.909091;11.151515;11.272727;11.515152;11.757576;11.878788;12,0.48484848;1.0909091;1.2121212;2.1818182;3.030303;4.969697;5.2121212;5.5757576;5.9393939;6.0606061;6.3030303;6.9090909;7.030303;7.2727273;7.7575758;8.3636364;9.8181818;11.030303;11.393939;11.636364,NN,,,,,0.0494136185169219,0.019171670671395,0.0019108535576937,,0.0,,,,,,,
low,0.05,13,2013,7fe456a139bdd337c4ea52ff50758ac0b7e92ac16da18e70424f2c30b0252f44,80,20,0;0.12121212;0.24242424;0.36363636;0.60606061;0.72727273;0.84848485;0.96969697;1.3333333;1.4545455;1.5757576;1.6969697;1.8181818;1.9393939;2.0606061;2.3030303;2.4242424;2.5454545;2.6666667;2.7878788;2.9090909;3.1515152;3.2727273;3.3939394;3.5151515;3.6363636;3.7575758;3.8787879;4;4.1212121;4.2424242;4.3636364;4.4848485;4.6060606;4.7272727;4.8484848;5.0909091;5.3333333;5.4545455;5.6969697;5.8181818;6.1818182;6.4242424;6.5454545;6.6666667;6.7878788;7.1515152;7.3939394;7.5151515;7.6363636;7.8787879;8;8.1212121;8.2424242;8.4848485;8.6060606;8.7272727;8.8484848;8.969697;9.0909091;9.2121212;9.3333333;9.4545455;9.5757576;9.6969697;9.9393939;10.060606;10.181818;10.30303;10.424242;10.545455;10.666667;10.787879;10.909091;11.151515;11.272727;11.515152;11.757576;11.878788;12,0.48484848;1.0909091;1.2121212;2.1818182;3.030303;4.969697;5.2121212;5.5757576;5.9393939;6.0606061;6.3030303;6.9090909;7.030303;7.2727273;7.7575758;8.3636364;9.8181818;11.030303;11.393939;11.636364,PINN,0.0009512385752496,0.0887170098055838,4.876142475039124,11.282990194416143,0.0377981966370469,0.0116380511234117,0.0006878373449777,2.0,0.0,0.0067950690171911,0.0060540699018175,0.0017419639271798,0.0076363482555662,0.0044412394774111,0.0053511113755181,0.0077423331013893
low,0.05,14,2014,7fe456a139bdd337c4ea52ff50758ac0b7e92ac16da18e70424f2c30b0252f44,80,20,0;0.24242424;0.36363636;0.48484848;0.60606061;0.84848485;0.96969697;1.0909091;1.2121212;1.3333333;1.6969697;1.8181818;1.9393939;2.0606061;2.1818182;2.4242424;2.6666667;2.9090909;3.030303;3.1515152;3.2727273;3.6363636;3.7575758;3.8787879;4;4.1212121;4.2424242;4.3636364;4.4848485;4.6060606;4.7272727;4.8484848;4.969697;5.0909091;5.3333333;5.4545455;5.6969697;5.8181818;6.0606061;6.1818182;6.3030303;6.4242424;6.6666667;6.7878788;7.030303;7.1515152;7.2727273;7.3939394;7.5151515;7.6363636;7.7575758;7.8787879;8;8.2424242;8.3636364;8.4848485;8.6060606;8.7272727;8.8484848;8.969697;9.0909091;9.3333333;9.4545455;9.5757576;9.8181818;9.9393939;10.060606;10.181818;10.30303;10.545455;10.666667;10.787879;10.909091;11.151515;11.272727;11.515152;11.636364;11.757576;11.878788;12,0.12121212;0.72727273;1.4545455;1.5757576;2.3030303;2.5454545;2.7878788;3.3939394;3.5151515;5.2121212;5.5757576;5.9393939;6.5454545;6.9090909;8.1212121;9.2121212;9.6969697;10.424242;11.030303;11.393939,NLLS,0.0010204374538328,0.0985885002118945,2.0437453832837127,1.411499788105497,0.0451646472353878,0.0057356718782464,0.1731236636463722,,0.0,0.0,,,,,,
low,0.05,14,2014,7fe456a139bdd337c4ea52ff50758ac0b7e92ac16da18e70424f2c30b0252f44,80,20,0;0.24242424;0.36363636;0.48484848;0.60606061;0.84848485;0.96969697;1.0909091;1.2121212;1.3333333;1.6969697;1.8181818;1.9393939;2.0606061;2.1818182;2.4242424;2.6666667;2.9090909;3.030303;3.1515152;3.2727273;3.6363636;3.7575758;3.8787879;4;4.1212121;4.2424242;4.3636364;4.4848485;4.6060606;4.7272727;4.8484848;4.969697;5.0909091;5.3333333;5.4545455;5.6969697;5.8181818;6.0606061;6.1818182;6.3030303;6.4242424;6.6666667;6.7878788;7.030303;7.1515152;7.2727273;7.3939394;7.5151515;7.6363636;7.7575758;7.8787879;8;8.2424242;8.3636364;8.4848485;8.6060606;8.7272727;8.8484848;8.969697;9.0909091;9.3333333;9.4545455;9.5757576;9.8181818;9.9393939;10.060606;10.181818;10.30303;10.545455;10.666667;10.787879;10.909091;11.151515;11.272727;11.515152;11.636364;11.757576;11.878788;12,0.12121212;0.72727273;1.4545455;1.5757576;2.3030303;2.5454545;2.7878788;3.3939394;3.5151515;5.2121212;5.5757576;5.9393939;6.5454545;6.9090909;8.1212121;9.2121212;9.6969697;10.424242;11.030303;11.393939,NN,,,,,0.0465580612547434,0.0164786109790915,0.0020591915839347,,0.0,,,,,,,
low,0.05,14,2014,7fe456a139bdd337c4ea52ff50758ac0b7e92ac16da18e70424f2c30b0252f44,80,20,0;0.24242424;0.36363636;0.48484848;0.60606061;0.84848485;0.96969697;1.0909091;1.2121212;1.3333333;1.6969697;1.8181818;1.9393939;2.0606061;2.1818182;2.4242424;2.6666667;2.9090909;3.030303;3.1515152;3.2727273;3.6363636;3.7575758;3.8787879;4;4.1212121;4.2424242;4.3636364;4.4848485;4.6060606;4.7272727;4.8484848;4.969697;5.0909091;5.3333333;5.4545455;5.6969697;5.8181818;6.0606061;6.1818182;6.3030303;6.4242424;6.6666667;6.7878788;7.030303;7.1515152;7.2727273;7.3939394;7.5151515;7.6363636;7.7575758;7.8787879;8;8.2424242;8.3636364;8.4848485;8.6060606;8.7272727;8.8484848;8.969697;9.0909091;9.3333333;9.4545455;9.5757576;9.8181818;9.9393939;10.060606;10.181818;10.30303;10.545455;10.666667;10.787879;10.909091;11.151515;11.272727;11.515152;11.636364;11.757576;11.878788;12,0.12121212;0.72727273;1.4545455;1.5757576;2.3030303;2.5454545;2.7878788;3.3939394;3.5151515;5.2121212;5.5757576;5.9393939;6.5454545;6.9090909;8.1212121;9.2121212;9.6969697;10.424242;11.030303;11.393939,PINN,0.0009570378901595,0.0878435339323212,4.296210984049543,12.156466067678728,0.0454596141975653,0.0066028197592858,0.0006811161246067,2.0,0.0,0.0118130959547728,0.0014710100273233,0.0004451972248918,0.0059870842421987,0.0060375085685357,0.0049901393825383,0.0040273786739832
low,0.05,15,2015,7fe456a139bdd337c4ea52ff50758ac0b7e92ac16da18e70424f2c30b0252f44,80,20,0;0.12121212;0.24242424;0.36363636;0.48484848;0.60606061;0.72727273;0.84848485;1.0909091;1.2121212;1.3333333;1.4545455;1.5757576;1.6969697;1.8181818;1.9393939;2.0606061;2.1818182;2.3030303;2.4242424;2.7878788;2.9090909;3.030303;3.1515152;3.3939394;3.5151515;3.6363636;3.7575758;3.8787879;4.1212121;4.2424242;4.3636364;4.4848485;4.6060606;4.7272727;4.8484848;4.969697;5.2121212;5.3333333;5.4545455;5.5757576;5.6969697;5.8181818;5.9393939;6.0606061;6.3030303;6.4242424;6.5454545;6.6666667;6.7878788;7.030303;7.1515152;7.3939394;7.6363636;7.8787879;8;8.1212121;8.2424242;8.7272727;8.8484848;8.969697;9.0909091;9.2121212;9.3333333;9.5757576;9.6969697;9.9393939;10.060606;10.181818;10.30303;10.545455;10.787879;10.909091;11.030303;11.151515;11.272727;11.393939;11.757576;11.878788;12,0.96969697;2.5454545;2.6666667;3.2727273;4;5.0909091;6.1818182;6.9090909;7.2727273;7.5151515;7.7575758;8.3636364;8.4848485;8.6060606;9.4545455;9.8181818;10.424242;10.666667;11.515152;11.636364,NLLS,0.0009900612696538,0.0971208789456539,0.9938730346124468,2.87912105434609,0.0503965041817542,0.0025720853019604,0.2358135245197405,,0.0,0.0,,,,,,
low,0.05,15,2015,7fe456a139bdd337c4ea52ff50758ac0b7e92ac16da18e70424f2c30b0252f44,80,20,0;0.12121212;0.24242424;0.36363636;0.48484848;0.60606061;0.72727273;0.84848485;1.0909091;1.2121212;1.3333333;1.4545455;1.5757576;1.6969697;1.8181818;1.9393939;2.0606061;2.1818182;2.3030303;2.4242424;2.7878788;2.9090909;3.030303;3.1515152;3.3939394;3.5151515;3.6363636;3.7575758;3.8787879;4.1212121;4.2424242;4.3636364;4.4848485;4.6060606;4.7272727;4.8484848;4.969697;5.2121212;5.3333333;5.4545455;5.5757576;5.6969697;5.8181818;5.9393939;6.0606061;6.3030303;6.4242424;6.5454545;6.6666667;6.7878788;7.030303;7.1515152;7.3939394;7.6363636;7.8787879;8;8.1212121;8.2424242;8.7272727;8.8484848;8.969697;9.0909091;9.2121212;9.3333333;9.5757576;9.6969697;9.9393939;10.060606;10.181818;10.30303;10.545455;10.787879;10.909091;11.030303;11.151515;11.272727;11.393939;11.757576;11.878788;12,0.96969697;2.5454545;2.6666667;3.2727273;4;5.0909091;6.1818182;6.9090909;7.2727273;7.5151515;7.7575758;8.3636364;8.4848485;8.6060606;9.4545455;9.8181818;10.424242;10.666667;11.515152;11.636364,NN,,,,,0.0486118130750654,0.0231176168497396,0.002747660664671,,0.0,,,,,,,
low,0.05,15,2015,7fe456a139bdd337c4ea52ff50758ac0b7e92ac16da18e70424f2c30b0252f44,80,20,0;0.12121212;0.24242424;0.36363636;0.48484848;0.60606061;0.72727273;0.84848485;1.0909091;1.2121212;1.3333333;1.4545455;1.5757576;1.6969697;1.8181818;1.9393939;2.0606061;2.1818182;2.3030303;2.4242424;2.7878788;2.9090909;3.030303;3.1515152;3.3939394;3.5151515;3.6363636;3.7575758;3.8787879;4.1212121;4.2424242;4.3636364;4.4848485;4.6060606;4.7272727;4.8484848;4.969697;5.2121212;5.3333333;5.4545455;5.5757576;5.6969697;5.8181818;5.9393939;6.0606061;6.3030303;6.4242424;6.5454545;6.6666667;6.7878788;7.030303;7.1515152;7.3939394;7.6363636;7.8787879;8;8.1212121;8.2424242;8.7272727;8.8484848;8.969697;9.0909091;9.2121212;9.3333333;9.5757576;9.6969697;9.9393939;10.060606;10.181818;10.30303;10.545455;10.787879;10.909091;11.030303;11.151515;11.272727;11.393939;11.757576;11.878788;12,0.96969697;2.5454545;2.6666667;3.2727273;4;5.0909091;6.1818182;6.9090909;7.2727273;7.5151515;7.7575758;8.3636364;8.4848485;8.6060606;9.4545455;9.8181818;10.424242;10.666667;11.515152;11.636364,PINN,0.0009524382142558,0.0928169700778012,4.756178574412539,7.183029922198758,0.0491567464023282,0.0056299614758045,0.0008800790352481,2.0,0.0,0.0083025707138709,0.001593756829653,0.0005667001051938,0.0032719399962961,0.0041606956096759,0.0063432989104503,0.0026236440740271
low,0.05,16,2016,7fe456a139bdd337c4ea52ff50758ac0b7e92ac16da18e70424f2c30b0252f44,80,20,0;0.12121212;0.36363636;0.48484848;0.72727273;0.84848485;0.96969697;1.0909091;1.2121212;1.3333333;1.4545455;1.5757576;1.6969697;1.8181818;1.9393939;2.3030303;2.4242424;2.5454545;2.6666667;2.7878788;2.9090909;3.030303;3.1515152;3.5151515;3.6363636;3.8787879;4;4.1212121;4.2424242;4.3636364;4.4848485;4.6060606;4.7272727;5.0909091;5.2121212;5.3333333;5.4545455;5.5757576;5.6969697;5.8181818;5.9393939;6.1818182;6.3030303;6.4242424;6.5454545;6.6666667;7.030303;7.1515152;7.2727273;7.3939394;7.5151515;7.6363636;7.7575758;7.8787879;8;8.2424242;8.3636364;8.4848485;8.6060606;8.7272727;8.8484848;8.969697;9.0909091;9.2121212;9.3333333;9.4545455;9.5757576;9.6969697;10.060606;10.181818;10.666667;10.787879;10.909091;11.030303;11.151515;11.393939;11.515152;11.757576;11.878788;12,0.24242424;0.60606061;2.0606061;2.1818182;3.2727273;3.3939394;3.7575758;4.8484848;4.969697;6.0606061;6.7878788;6.9090909;8.1212121;9.8181818;9.9393939;10.30303;10.424242;10.545455;11.272727;11.636364,NLLS,0.000939888350267,0.0880101709065006,6.011164973299133,11.989829093499347,0.0502535241222524,0.0140314248108651,0.2196352226031473,,0.0,0.0,,,,,,
low,0.05,16,2016,7fe456a139bdd337c4ea52ff50758ac0b7e92ac16da18e70424f2c30b0252f44,80,20,0;0.12121212;0.36363636;0.48484848;0.72727273;0.84848485;0.96969697;1.0909091;1.2121212;1.3333333;1.4545455;1.5757576;1.6969697;1.8181818;1.9393939;2.3030303;2.4242424;2.5454545;2.6666667;2.7878788;2.9090909;3.030303;3.1515152;3.5151515;3.6363636;3.8787879;4;4.1212121;4.2424242;4.3636364;4.4848485;4.6060606;4.7272727;5.0909091;5.2121212;5.3333333;5.4545455;5.5757576;5.6969697;5.8181818;5.9393939;6.1818182;6.3030303;6.4242424;6.5454545;6.6666667;7.030303;7.1515152;7.2727273;7.3939394;7.5151515;7.6363636;7.7575758;7.8787879;8;8.2424242;8.3636364;8.4848485;8.6060606;8.7272727;8.8484848;8.969697;9.0909091;9.2121212;9.3333333;9.4545455;9.5757576;9.6969697;10.060606;10.181818;10.666667;10.787879;10.909091;11.030303;11.151515;11.393939;11.515152;11.757576;11.878788;12,0.24242424;0.60606061;2.0606061;2.1818182;3.2727273;3.3939394;3.7575758;4.8484848;4.969697;6.0606061;6.7878788;6.9090909;8.1212121;9.8181818;9.9393939;10.30303;10.424242;10.545455;11.272727;11.636364,NN,,,,,0.0589494744551026,0.0298170879163287,0.0025354284108057,,0.0,,,,,,,
low,0.05,16,2016,7fe456a139bdd337c4ea52ff50758ac0b7e92ac16da18e70424f2c30b0252f44,80,20,0;0.12121212;0.36363636;0.48484848;0.72727273;0.84848485;0.96969697;1.0909091;1.2121212;1.3333333;1.4545455;1.5757576;1.6969697;1.8181818;1.9393939;2.3030303;2.4242424;2.5454545;2.6666667;2.7878788;2.9090909;3.030303;3.1515152;3.5151515;3.6363636;3.8787879;4;4.1212121;4.2424242;4.3636364;4.4848485;4.6060606;4.7272727;5.0909091;5.2121212;5.3333333;5.4545455;5.5757576;5.6969697;5.8181818;5.9393939;6.1818182;6.3030303;6.4242424;6.5454545;6.6666667;7.030303;7.1515152;7.2727273;7.3939394;7.5151515;7.6363636;7.7575758;7.8787879;8;8.2424242;8.3636364;8.4848485;8.6060606;8.7272727;8.8484848;8.969697;9.0909091;9.2121212;9.3333333;9.4545455;9.5757576;9.6969697;10.060606;10.181818;10.666667;10.787879;10.909091;11.030303;11.151515;11.393939;11.515152;11.757576;11.878788;12,0.24242424;0.60606061;2.0606061;2.1818182;3.2727273;3.3939394;3.7575758;4.8484848;4.969697;6.0606061;6.7878788;6.9090909;8.1212121;9.8181818;9.9393939;10.30303;10.424242;10.545455;11.272727;11.636364,PINN,0.00093751665877,0.0882486041482437,6.248334122992283,11.751395851756264,0.0512568597432886,0.0160639447180793,0.0008282504926955,2.0,0.0,0.0041387655187805,0.0028513369647871,0.0010131272953311,0.0061731362178063,0.0034407805661412,0.0056579964750104,0.0019690098592544
low,0.05,17,2017,7fe456a139bdd337c4ea52ff50758ac0b7e92ac16da18e70424f2c30b0252f44,80,20,0;0.12121212;0.36363636;0.48484848;0.60606061;0.72727273;0.84848485;0.96969697;1.0909091;1.2121212;1.3333333;1.6969697;1.8181818;1.9393939;2.0606061;2.1818182;2.3030303;2.4242424;2.5454545;2.6666667;2.7878788;3.030303;3.1515152;3.2727273;3.3939394;3.6363636;3.7575758;3.8787879;4;4.1212121;4.2424242;4.7272727;4.969697;5.0909091;5.4545455;5.5757576;5.6969697;5.8181818;6.0606061;6.1818182;6.3030303;6.5454545;6.6666667;6.7878788;6.9090909;7.030303;7.2727273;7.3939394;7.5151515;7.6363636;7.7575758;8;8.2424242;8.3636364;8.4848485;8.6060606;8.7272727;8.8484848;9.2121212;9.3333333;9.4545455;9.6969697;9.8181818;9.9393939;10.060606;10.30303;10.424242;10.545455;10.666667;10.787879;10.909091;11.030303;11.151515;11.272727;11.393939;11.515152;11.636364;11.757576;11.878788;12,0.24242424;1.4545455;1.5757576;2.9090909;3.5151515;4.3636364;4.4848485;4.6060606;4.8484848;5.2121212;5.3333333;5.9393939;6.4242424;7.1515152;7.8787879;8.1212121;8.969697;9.0909091;9.5757576;10.181818,NLLS,0.001028925061017,0.1188985955942406,2.892506101707326,18.898595594240632,0.0497690418735063,0.0116169212448368,0.2534500797042598,,0.0,0.0,,,,,,
low,0.05,17,2017,7fe456a139bdd337c4ea52ff50758ac0b7e92ac16da18e70424f2c30b0252f44,80,20,0;0.12121212;0.36363636;0.48484848;0.60606061;0.72727273;0.84848485;0.96969697;1.0909091;1.2121212;1.3333333;1.6969697;1.8181818;1.9393939;2.0606061;2.1818182;2.3030303;2.4242424;2.5454545;2.6666667;2.7878788;3.030303;3.1515152;3.2727273;3.3939394;3.6363636;3.7575758;3.8787879;4;4.1212121;4.2424242;4.7272727;4.969697;5.0909091;5.4545455;5.5757576;5.6969697;5.8181818;6.0606061;6.1818182;6.3030303;6.5454545;6.6666667;6.7878788;6.9090909;7.030303;7.2727273;7.3939394;7.5151515;7.6363636;7.7575758;8;8.2424242;8.3636364;8.4848485;8.6060606;8.7272727;8.8484848;9.2121212;9.3333333;9.4545455;9.6969697;9.8181818;9.9393939;10.060606;10.30303;10.424242;10.545455;10.666667;10.787879;10.909091;11.030303;11.151515;11.272727;11.393939;11.515152;11.636364;11.757576;11.878788;12,0.24242424;1.4545455;1.5757576;2.9090909;3.5151515;4.3636364;4.4848485;4.6060606;4.8484848;5.2121212;5.3333333;5.9393939;6.4242424;7.1515152;7.8787879;8.1212121;8.969697;9.0909091;9.5757576;10.181818,NN,,,,,0.046703513968085,0.0144051224723808,0.0030852540004262,,0.0,,,,,,,
low,0.05,17,2017,7fe456a139bdd337c4ea52ff50758ac0b7e92ac16da18e70424f2c30b0252f44,80,20,0;0.12121212;0.36363636;0.48484848;0.60606061;0.72727273;0.84848485;0.96969697;1.0909091;1.2121212;1.3333333;1.6969697;1.8181818;1.9393939;2.0606061;2.1818182;2.3030303;2.4242424;2.5454545;2.6666667;2.7878788;3.030303;3.1515152;3.2727273;3.3939394;3.6363636;3.7575758;3.8787879;4;4.1212121;4.2424242;4.7272727;4.969697;5.0909091;5.4545455;5.5757576;5.6969697;5.8181818;6.0606061;6.1818182;6.3030303;6.5454545;6.6666667;6.7878788;6.9090909;7.030303;7.2727273;7.3939394;7.5151515;7.6363636;7.7575758;8;8.2424242;8.3636364;8.4848485;8.6060606;8.7272727;8.8484848;9.2121212;9.3333333;9.4545455;9.6969697;9.8181818;9.9393939;10.060606;10.30303;10.424242;10.545455;10.666667;10.787879;10.909091;11.030303;11.151515;11.272727;11.393939;11.515152;11.636364;11.757576;11.878788;12,0.24242424;1.4545455;1.5757576;2.9090909;3.5151515;4.3636364;4.4848485;4.6060606;4.8484848;5.2121212;5.3333333;5.9393939;6.4242424;7.1515152;7.8787879;8.1212121;8.969697;9.0909091;9.5757576;10.181818,PINN,0.0009409231962151,0.1034923052588599,5.907680378482116,3.4923052588599512,0.0479159051870143,0.0113818615836039,0.0009846510717859,2.0,0.0,0.0158553877975061,0.0021465557229609,0.0017788131949669,0.0081968135217303,0.0063822775097749,0.0042377413296389,0.0005076020742012
low,0.05,18,2018,7fe456a139bdd337c4ea52ff50758ac0b7e92ac16da18e70424f2c30b0252f44,80,20,0;0.12121212;0.24242424;0.36363636;0.48484848;0.60606061;0.72727273;0.84848485;1.3333333;1.4545455;1.5757576;1.6969697;1.8181818;1.9393939;2.1818182;2.3030303;2.4242424;2.6666667;2.7878788;2.9090909;3.030303;3.1515152;3.2727273;3.3939394;3.6363636;3.7575758;3.8787879;4;4.3636364;4.4848485;4.6060606;4.7272727;4.8484848;4.969697;5.0909091;5.2121212;5.3333333;5.5757576;5.6969697;5.8181818;5.9393939;6.0606061;6.1818182;6.3030303;6.4242424;6.5454545;6.6666667;6.7878788;6.9090909;7.030303;7.1515152;7.2727273;7.3939394;7.7575758;8;8.1212121;8.2424242;8.3636364;8.4848485;8.6060606;8.7272727;8.969697;9.0909091;9.2121212;9.3333333;9.4545455;9.5757576;9.6969697;9.8181818;9.9393939;10.181818;10.30303;10.666667;10.909091;11.030303;11.151515;11.272727;11.393939;11.515152;11.636364,0.96969697;1.0909091;1.2121212;2.0606061;2.5454545;3.5151515;4.1212121;4.2424242;5.4545455;7.5151515;7.6363636;7.8787879;8.8484848;10.060606;10.424242;10.545455;10.787879;11.757576;11.878788;12,NLLS,0.0009699455677898,0.0897583127150893,3.0054432210170456,10.241687284910704,0.0489735000970586,0.0097404410555243,0.2165796041689701,,0.0,0.0,,,,,,
low,0.05,18,2018,7fe456a139bdd337c4ea52ff50758ac0b7e92ac16da18e70424f2c30b0252f44,80,20,0;0.12121212;0.24242424;0.36363636;0.48484848;0.60606061;0.72727273;0.84848485;1.3333333;1.4545455;1.5757576;1.6969697;1.8181818;1.9393939;2.1818182;2.3030303;2.4242424;2.6666667;2.7878788;2.9090909;3.030303;3.1515152;3.2727273;3.3939394;3.6363636;3.7575758;3.8787879;4;4.3636364;4.4848485;4.6060606;4.7272727;4.8484848;4.969697;5.0909091;5.2121212;5.3333333;5.5757576;5.6969697;5.8181818;5.9393939;6.0606061;6.1818182;6.3030303;6.4242424;6.5454545;6.6666667;6.7878788;6.9090909;7.030303;7.1515152;7.2727273;7.3939394;7.7575758;8;8.1212121;8.2424242;8.3636364;8.4848485;8.6060606;8.7272727;8.969697;9.0909091;9.2121212;9.3333333;9.4545455;9.5757576;9.6969697;9.8181818;9.9393939;10.181818;10.30303;10.666667;10.909091;11.030303;11.151515;11.272727;11.393939;11.515152;11.636364,0.96969697;1.0909091;1.2121212;2.0606061;2.5454545;3.5151515;4.1212121;4.2424242;5.4545455;7.5151515;7.6363636;7.8787879;8.8484848;10.060606;10.424242;10.545455;10.787879;11.757576;11.878788;12,NN,,,,,0.0521803598114784,0.0245509241891718,0.0023258541102957,,0.0,,,,,,,
low,0.05,18,2018,7fe456a139bdd337c4ea52ff50758ac0b7e92ac16da18e70424f2c30b0252f44,80,20,0;0.12121212;0.24242424;0.36363636;0.48484848;0.60606061;0.72727273;0.84848485;1.3333333;1.4545455;1.5757576;1.6969697;1.8181818;1.9393939;2.1818182;2.3030303;2.4242424;2.6666667;2.7878788;2.9090909;3.030303;3.1515152;3.2727273;3.3939394;3.6363636;3.7575758;3.8787879;4;4.3636364;4.4848485;4.6060606;4.7272727;4.8484848;4.969697;5.0909091;5.2121212;5.3333333;5.5757576;5.6969697;5.8181818;5.9393939;6.0606061;6.1818182;6.3030303;6.4242424;6.5454545;6.6666667;6.7878788;6.9090909;7.030303;7.1515152;7.2727273;7.3939394;7.7575758;8;8.1212121;8.2424242;8.3636364;8.4848485;8.6060606;8.7272727;8.969697;9.0909091;9.2121212;9.3333333;9.4545455;9.5757576;9.6969697;9.8181818;9.9393939;10.181818;10.30303;10.666667;10.909091;11.030303;11.151515;11.272727;11.393939;11.515152;11.636364,0.96969697;1.0909091;1.2121212;2.0606061;2.5454545;3.5151515;4.1212121;4.2424242;5.4545455;7.5151515;7.6363636;7.8787879;8.8484848;10.060606;10.424242;10.545455;10.787879;11.757576;11.878788;12,PINN,0.0009678496585238,0.0846056551095943,3.215034147614604,15.394344890405607,0.048319022833026,0.013847582911402,0.0008127679349518,2.0,0.0,0.0098255160790457,0.0024811662324118,0.001976891695684,0.009922728499818,0.0051298705694835,0.0047358860187273,0.0024901728535745
low,0.05,19,2019,7fe456a139bdd337c4ea52ff50758ac0b7e92ac16da18e70424f2c30b0252f44,80,20,0;0.24242424;0.36363636;0.48484848;0.60606061;0.72727273;0.84848485;0.96969697;1.0909091;1.2121212;1.3333333;1.4545455;1.5757576;1.6969697;1.8181818;2.0606061;2.1818182;2.4242424;2.5454545;2.6666667;2.9090909;3.030303;3.1515152;3.3939394;3.5151515;3.6363636;3.7575758;4;4.1212121;4.2424242;4.3636364;4.4848485;4.6060606;4.7272727;4.969697;5.0909091;5.3333333;5.4545455;5.5757576;5.9393939;6.0606061;6.1818182;6.3030303;6.5454545;6.6666667;6.7878788;6.9090909;7.030303;7.1515152;7.2727273;7.5151515;7.6363636;7.7575758;7.8787879;8;8.3636364;8.6060606;8.7272727;8.8484848;9.0909091;9.2121212;9.3333333;9.4545455;9.6969697;9.8181818;9.9393939;10.060606;10.181818;10.424242;10.545455;10.666667;10.787879;11.030303;11.151515;11.272727;11.393939;11.515152;11.636364;11.757576;12,0.12121212;1.9393939;2.3030303;2.7878788;3.2727273;3.8787879;4.8484848;5.2121212;5.6969697;5.8181818;6.4242424;7.3939394;8.1212121;8.2424242;8.4848485;8.969697;9.5757576;10.30303;10.909091;11.878788,NLLS,0.0009814945801169,0.1042267098983135,1.850541988307908,4.226709898313552,0.0431347887086933,0.0076505231927396,0.2244298665950484,,0.0,0.0,,,,,,
low,0.05,19,2019,7fe456a139bdd337c4ea52ff50758ac0b7e92ac16da18e70424f2c30b0252f44,80,20,0;0.24242424;0.36363636;0.48484848;0.60606061;0.72727273;0.84848485;0.96969697;1.0909091;1.2121212;1.3333333;1.4545455;1.5757576;1.6969697;1.8181818;2.0606061;2.1818182;2.4242424;2.5454545;2.6666667;2.9090909;3.030303;3.1515152;3.3939394;3.5151515;3.6363636;3.7575758;4;4.1212121;4.2424242;4.3636364;4.4848485;4.6060606;4.7272727;4.969697;5.0909091;5.3333333;5.4545455;5.5757576;5.9393939;6.0606061;6.1818182;6.3030303;6.5454545;6.6666667;6.7878788;6.9090909;7.030303;7.1515152;7.2727273;7.5151515;7.6363636;7.7575758;7.8787879;8;8.3636364;8.6060606;8.7272727;8.8484848;9.0909091;9.2121212;9.3333333;9.4545455;9.6969697;9.8181818;9.9393939;10.060606;10.181818;10.424242;10.545455;10.666667;10.787879;11.030303;11.151515;11.272727;11.393939;11.515152;11.636364;11.757576;12,0.12121212;1.9393939;2.3030303;2.7878788;3.2727273;3.8787879;4.8484848;5.2121212;5.6969697;5.8181818;6.4242424;7.3939394;8.1212121;8.2424242;8.4848485;8.969697;9.5757576;10.30303;10.909091;11.878788,NN,,,,,0.0500838074103042,0.0225845746796842,0.0025249012158578,,0.0,,,,,,,
low,0.05,19,2019,7fe456a139bdd337c4ea52ff50758ac0b7e92ac16da18e70424f2c30b0252f44,80,20,0;0.24242424;0.36363636;0.48484848;0.60606061;0.72727273;0.84848485;0.96969697;1.0909091;1.2121212;1.3333333;1.4545455;1.5757576;1.6969697;1.8181818;2.0606061;2.1818182;2.4242424;2.5454545;2.6666667;2.9090909;3.030303;3.1515152;3.3939394;3.5151515;3.6363636;3.7575758;4;4.1212121;4.2424242;4.3636364;4.4848485;4.6060606;4.7272727;4.969697;5.0909091;5.3333333;5.4545455;5.5757576;5.9393939;6.0606061;6.1818182;6.3030303;6.5454545;6.6666667;6.7878788;6.9090909;7.030303;7.1515152;7.2727273;7.5151515;7.6363636;7.7575758;7.8787879;8;8.3636364;8.6060606;8.7272727;8.8484848;9.0909091;9.2121212;9.3333333;9.4545455;9.6969697;9.8181818;9.9393939;10.060606;10.181818;10.424242;10.545455;10.666667;10.787879;11.030303;11.151515;11.272727;11.393939;11.515152;11.636364;11.757576;12,0.12121212;1.9393939;2.3030303;2.7878788;3.2727273;3.8787879;4.8484848;5.2121212;5.6969697;5.8181818;6.4242424;7.3939394;8.1212121;8.2424242;8.4848485;8.969697;9.5757576;10.30303;10.909091;11.878788,PINN,0.0008977720132629,0.0873256594300886,10.222798673701917,12.674340569911358,0.0436673870121616,0.009295611887473,0.0008674282239515,2.0,0.0,0.0160169594718567,0.0023425535524428,0.0007584181490787,0.0086346283748895,0.0050506410607214,0.0060785825986267,0.0033689663103826
low,0.05,20,2020,7fe456a139bdd337c4ea52ff50758ac0b7e92ac16da18e70424f2c30b0252f44,80,20,0;0.12121212;0.24242424;0.48484848;0.60606061;0.84848485;0.96969697;1.0909091;1.2121212;1.3333333;1.5757576;1.6969697;1.8181818;1.9393939;2.0606061;2.1818182;2.3030303;2.4242424;2.5454545;2.6666667;2.7878788;3.030303;3.1515152;3.3939394;3.5151515;3.6363636;3.7575758;3.8787879;4.1212121;4.2424242;4.3636364;4.4848485;4.7272727;4.8484848;4.969697;5.0909091;5.2121212;5.4545455;5.6969697;5.8181818;5.9393939;6.1818182;6.3030303;6.4242424;6.5454545;6.6666667;6.7878788;6.9090909;7.030303;7.2727273;7.5151515;7.6363636;7.7575758;7.8787879;8;8.2424242;8.4848485;8.7272727;8.969697;9.0909091;9.2121212;9.3333333;9.4545455;9.5757576;9.6969697;9.8181818;9.9393939;10.060606;10.181818;10.30303;10.424242;10.545455;10.787879;10.909091;11.030303;11.272727;11.515152;11.636364;11.757576;12,0.36363636;0.72727273;1.4545455;2.9090909;3.2727273;4;4.6060606;5.3333333;5.5757576;6.0606061;7.1515152;7.3939394;8.1212121;8.3636364;8.6060606;8.8484848;10.666667;11.151515;11.393939;11.878788,NLLS,0.0010056557113617,0.1070713630825107,0.5655711361778337,7.071363082510729,0.0498319942317211,0.0061386739113569,0.2245281354601803,,0.0,0.0,,,,,,
low,0.05,20,2020,7fe456a139bdd337c4ea52ff50758ac0b7e92ac16da18e70424f2c30b0252f44,80,20,0;0.12121212;0.24242424;0.48484848;0.60606061;0.84848485;0.96969697;1.0909091;1.2121212;1.3333333;1.5757576;1.6969697;1.8181818;1.9393939;2.0606061;2.1818182;2.3030303;2.4242424;2.5454545;2.6666667;2.7878788;3.030303;3.1515152;3.3939394;3.5151515;3.6363636;3.7575758;3.8787879;4.1212121;4.2424242;4.3636364;4.4848485;4.7272727;4.8484848;4.969697;5.0909091;5.2121212;5.4545455;5.6969697;5.8181818;5.9393939;6.1818182;6.3030303;6.4242424;6.5454545;6.6666667;6.7878788;6.9090909;7.030303;7.2727273;7.5151515;7.6363636;7.7575758;7.8787879;8;8.2424242;8.4848485;8.7272727;8.969697;9.0909091;9.2121212;9.3333333;9.4545455;9.5757576;9.6969697;9.8181818;9.9393939;10.060606;10.181818;10.30303;10.424242;10.545455;10.787879;10.909091;11.030303;11.272727;11.515152;11.636364;11.757576;12,0.36363636;0.72727273;1.4545455;2.9090909;3.2727273;4;4.6060606;5.3333333;5.5757576;6.0606061;7.1515152;7.3939394;8.1212121;8.3636364;8.6060606;8.8484848;10.666667;11.151515;11.393939;11.878788,NN,,,,,0.0589713648293124,0.0233105092051906,0.0025094643634364,,0.0,,,,,,,
low,0.05,20,2020,7fe456a139bdd337c4ea52ff50758ac0b7e92ac16da18e70424f2c30b0252f44,80,20,0;0.12121212;0.24242424;0.48484848;0.60606061;0.84848485;0.96969697;1.0909091;1.2121212;1.3333333;1.5757576;1.6969697;1.8181818;1.9393939;2.0606061;2.1818182;2.3030303;2.4242424;2.5454545;2.6666667;2.7878788;3.030303;3.1515152;3.3939394;3.5151515;3.6363636;3.7575758;3.8787879;4.1212121;4.2424242;4.3636364;4.4848485;4.7272727;4.8484848;4.969697;5.0909091;5.2121212;5.4545455;5.6969697;5.8181818;5.9393939;6.1818182;6.3030303;6.4242424;6.5454545;6.6666667;6.7878788;6.9090909;7.030303;7.2727273;7.5151515;7.6363636;7.7575758;7.8787879;8;8.2424242;8.4848485;8.7272727;8.969697;9.0909091;9.2121212;9.3333333;9.4545455;9.5757576;9.6969697;9.8181818;9.9393939;10.060606;10.181818;10.30303;10.424242;10.545455;10.787879;10.909091;11.030303;11.272727;11.515152;11.636364;11.757576;12,0.36363636;0.72727273;1.4545455;2.9090909;3.2727273;4;4.6060606;5.3333333;5.5757576;6.0606061;7.1515152;7.3939394;8.1212121;8.3636364;8.6060606;8.8484848;10.666667;11.151515;11.393939;11.878788,PINN,0.000921226158326,0.0935451830426096,7.877384167390289,6.454816957390386,0.0513076518434777,0.0098247225057564,0.0008666194916519,2.0,0.0,0.0170165049755775,0.0051241038097948,0.0023124946730702,0.0087551805825996,0.0048144575997193,0.0045777584004988,0.0037469709628413
moderate,0.1,1,2001,7fe456a139bdd337c4ea52ff50758ac0b7e92ac16da18e70424f2c30b0252f44,80,20,0;0.12121212;0.24242424;0.36363636;0.48484848;0.60606061;0.72727273;0.84848485;0.96969697;1.0909091;1.2121212;1.3333333;1.5757576;1.6969697;1.8181818;1.9393939;2.0606061;2.3030303;2.4242424;2.5454545;2.6666667;2.7878788;3.030303;3.1515152;3.2727273;3.3939394;3.5151515;3.6363636;3.7575758;4;4.1212121;4.3636364;4.4848485;4.6060606;4.969697;5.0909091;5.2121212;5.3333333;5.4545455;5.9393939;6.0606061;6.1818182;6.3030303;6.4242424;6.5454545;6.6666667;6.7878788;6.9090909;7.030303;7.1515152;7.2727273;7.3939394;7.5151515;7.8787879;8;8.1212121;8.2424242;8.4848485;8.7272727;8.8484848;9.2121212;9.3333333;9.4545455;9.5757576;9.8181818;10.060606;10.181818;10.30303;10.424242;10.545455;10.666667;10.787879;10.909091;11.030303;11.151515;11.515152;11.636364;11.757576;11.878788;12,1.4545455;2.1818182;2.9090909;3.8787879;4.2424242;4.7272727;4.8484848;5.5757576;5.6969697;5.8181818;7.6363636;7.7575758;8.3636364;8.6060606;8.969697;9.0909091;9.6969697;9.9393939;11.272727;11.393939,NLLS,0.0010276156485289,0.0950962466195761,2.761564852897802,4.90375338042387,0.1070776031842125,0.0094576445672615,0.9692235711784764,,0.0,0.0,,,,,,
moderate,0.1,1,2001,7fe456a139bdd337c4ea52ff50758ac0b7e92ac16da18e70424f2c30b0252f44,80,20,0;0.12121212;0.24242424;0.36363636;0.48484848;0.60606061;0.72727273;0.84848485;0.96969697;1.0909091;1.2121212;1.3333333;1.5757576;1.6969697;1.8181818;1.9393939;2.0606061;2.3030303;2.4242424;2.5454545;2.6666667;2.7878788;3.030303;3.1515152;3.2727273;3.3939394;3.5151515;3.6363636;3.7575758;4;4.1212121;4.3636364;4.4848485;4.6060606;4.969697;5.0909091;5.2121212;5.3333333;5.4545455;5.9393939;6.0606061;6.1818182;6.3030303;6.4242424;6.5454545;6.6666667;6.7878788;6.9090909;7.030303;7.1515152;7.2727273;7.3939394;7.5151515;7.8787879;8;8.1212121;8.2424242;8.4848485;8.7272727;8.8484848;9.2121212;9.3333333;9.4545455;9.5757576;9.8181818;10.060606;10.181818;10.30303;10.424242;10.545455;10.666667;10.787879;10.909091;11.030303;11.151515;11.515152;11.636364;11.757576;11.878788;12,1.4545455;2.1818182;2.9090909;3.8787879;4.2424242;4.7272727;4.8484848;5.5757576;5.6969697;5.8181818;7.6363636;7.7575758;8.3636364;8.6060606;8.969697;9.0909091;9.6969697;9.9393939;11.272727;11.393939,NN,,,,,0.1032993376065307,0.0352229411535415,0.010156723037539,,0.0,,,,,,,
moderate,0.1,1,2001,7fe456a139bdd337c4ea52ff50758ac0b7e92ac16da18e70424f2c30b0252f44,80,20,0;0.12121212;0.24242424;0.36363636;0.48484848;0.60606061;0.72727273;0.84848485;0.96969697;1.0909091;1.2121212;1.3333333;1.5757576;1.6969697;1.8181818;1.9393939;2.0606061;2.3030303;2.4242424;2.5454545;2.6666667;2.7878788;3.030303;3.1515152;3.2727273;3.3939394;3.5151515;3.6363636;3.7575758;4;4.1212121;4.3636364;4.4848485;4.6060606;4.969697;5.0909091;5.2121212;5.3333333;5.4545455;5.9393939;6.0606061;6.1818182;6.3030303;6.4242424;6.5454545;6.6666667;6.7878788;6.9090909;7.030303;7.1515152;7.2727273;7.3939394;7.5151515;7.8787879;8;8.1212121;8.2424242;8.4848485;8.7272727;8.8484848;9.2121212;9.3333333;9.4545455;9.5757576;9.8181818;10.060606;10.181818;10.30303;10.424242;10.545455;10.666667;10.787879;10.909091;11.030303;11.151515;11.515152;11.636364;11.757576;11.878788;12,1.4545455;2.1818182;2.9090909;3.8787879;4.2424242;4.7272727;4.8484848;5.5757576;5.6969697;5.8181818;7.6363636;7.7575758;8.3636364;8.6060606;8.969697;9.0909091;9.6969697;9.9393939;11.272727;11.393939,PINN,0.0009656731693911,0.0861133253836618,3.4326830608886083,13.88667461633819,0.1065915452072672,0.0136553885893756,0.0035932418273285,2.0,0.0,0.014916815594532,0.0025289680387052,0.0004636028038003,0.0105574566923193,0.0046625053332747,0.0078440407309999,0.0020078877546348
moderate,0.1,2,2002,7fe456a139bdd337c4ea52ff50758ac0b7e92ac16da18e70424f2c30b0252f44,80,20,0;0.12121212;0.24242424;0.36363636;0.48484848;0.72727273;0.84848485;0.96969697;1.0909091;1.3333333;1.4545455;1.5757576;1.6969697;1.8181818;1.9393939;2.1818182;2.3030303;2.4242424;2.5454545;2.6666667;2.9090909;3.030303;3.3939394;3.5151515;3.7575758;4;4.1212121;4.4848485;4.6060606;4.7272727;4.8484848;4.969697;5.0909091;5.2121212;5.3333333;5.4545455;5.5757576;5.6969697;5.8181818;5.9393939;6.0606061;6.1818182;6.3030303;6.4242424;6.5454545;6.6666667;6.7878788;6.9090909;7.2727273;7.3939394;7.5151515;7.6363636;7.7575758;7.8787879;8;8.2424242;8.3636364;8.4848485;8.6060606;8.8484848;8.969697;9.0909091;9.2121212;9.4545455;9.5757576;9.6969697;9.8181818;9.9393939;10.060606;10.181818;10.424242;10.545455;10.666667;10.787879;10.909091;11.030303;11.151515;11.393939;11.757576;12,0.60606061;1.2121212;2.0606061;2.7878788;3.1515152;3.2727273;3.6363636;3.8787879;4.2424242;4.3636364;7.030303;7.1515152;8.1212121;8.7272727;9.3333333;10.30303;11.272727;11.515152;11.636364;11.878788,NLLS,0.0009907554498794,0.1031446631757496,0.924455012051384,3.14466317574964,0.1023448220687794,0.0049191825325055,0.7962192693951078,,0.0,0.0,,,,,,
moderate,0.1,2,2002,7fe456a139bdd337c4ea52ff50758ac0b7e92ac16da18e70424f2c30b0252f44,80,20,0;0.12121212;0.24242424;0.36363636;0.48484848;0.72727273;0.84848485;0.96969697;1.0909091;1.3333333;1.4545455;1.5757576;1.6969697;1.8181818;1.9393939;2.1818182;2.3030303;2.4242424;2.5454545;2.6666667;2.9090909;3.030303;3.3939394;3.5151515;3.7575758;4;4.1212121;4.4848485;4.6060606;4.7272727;4.8484848;4.969697;5.0909091;5.2121212;5.3333333;5.4545455;5.5757576;5.6969697;5.8181818;5.9393939;6.0606061;6.1818182;6.3030303;6.4242424;6.5454545;6.6666667;6.7878788;6.9090909;7.2727273;7.3939394;7.5151515;7.6363636;7.7575758;7.8787879;8;8.2424242;8.3636364;8.4848485;8.6060606;8.8484848;8.969697;9.0909091;9.2121212;9.4545455;9.5757576;9.6969697;9.8181818;9.9393939;10.060606;10.181818;10.424242;10.545455;10.666667;10.787879;10.909091;11.030303;11.151515;11.393939;11.757576;12,0.60606061;1.2121212;2.0606061;2.7878788;3.1515152;3.2727273;3.6363636;3.8787879;4.2424242;4.3636364;7.030303;7.1515152;8.1212121;8.7272727;9.3333333;10.30303;11.272727;11.515152;11.636364;11.878788,NN,,,,,0.109752294541617,0.0311203126553906,0.0090854958920017,,0.0,,,,,,,
moderate,0.1,2,2002,7fe456a139bdd337c4ea52ff50758ac0b7e92ac16da18e70424f2c30b0252f44,80,20,0;0.12121212;0.24242424;0.36363636;0.48484848;0.72727273;0.84848485;0.96969697;1.0909091;1.3333333;1.4545455;1.5757576;1.6969697;1.8181818;1.9393939;2.1818182;2.3030303;2.4242424;2.5454545;2.6666667;2.9090909;3.030303;3.3939394;3.5151515;3.7575758;4;4.1212121;4.4848485;4.6060606;4.7272727;4.8484848;4.969697;5.0909091;5.2121212;5.3333333;5.4545455;5.5757576;5.6969697;5.8181818;5.9393939;6.0606061;6.1818182;6.3030303;6.4242424;6.5454545;6.6666667;6.7878788;6.9090909;7.2727273;7.3939394;7.5151515;7.6363636;7.7575758;7.8787879;8;8.2424242;8.3636364;8.4848485;8.6060606;8.8484848;8.969697;9.0909091;9.2121212;9.4545455;9.5757576;9.6969697;9.8181818;9.9393939;10.060606;10.181818;10.424242;10.545455;10.666667;10.787879;10.909091;11.030303;11.151515;11.393939;11.757576;12,0.60606061;1.2121212;2.0606061;2.7878788;3.1515152;3.2727273;3.6363636;3.8787879;4.2424242;4.3636364;7.030303;7.1515152;8.1212121;8.7272727;9.3333333;10.30303;11.272727;11.515152;11.636364;11.878788,PINN,0.0008518125646288,0.0832494752375215,14.81874353711996,16.75052476247847,0.1010840348181945,0.0160500269955166,0.0029430710137357,2.0,0.0,0.0301060929776991,0.0018309494878707,0.0010181422389345,0.0122869331761752,0.0045252553376452,0.003880988643497,0.0010865076725185
moderate,0.1,3,2003,7fe456a139bdd337c4ea52ff50758ac0b7e92ac16da18e70424f2c30b0252f44,80,20,0;0.36363636;0.60606061;0.72727273;0.84848485;0.96969697;1.0909091;1.2121212;1.3333333;1.4545455;1.5757576;1.8181818;2.0606061;2.1818182;2.3030303;2.4242424;2.5454545;2.6666667;2.7878788;3.030303;3.1515152;3.3939394;3.5151515;3.7575758;3.8787879;4.2424242;4.3636364;4.4848485;4.6060606;4.7272727;4.8484848;4.969697;5.0909091;5.3333333;5.4545455;5.6969697;5.8181818;5.9393939;6.0606061;6.3030303;6.4242424;6.6666667;6.7878788;6.9090909;7.1515152;7.2727273;7.3939394;7.5151515;7.6363636;7.8787879;8.1212121;8.2424242;8.3636364;8.6060606;8.7272727;8.8484848;8.969697;9.0909091;9.2121212;9.3333333;9.4545455;9.5757576;9.6969697;9.8181818;9.9393939;10.060606;10.181818;10.30303;10.424242;10.545455;10.666667;10.787879;10.909091;11.151515;11.272727;11.515152;11.636364;11.757576;11.878788;12,0.12121212;0.24242424;0.48484848;1.6969697;1.9393939;2.9090909;3.2727273;3.6363636;4;4.1212121;5.2121212;5.5757576;6.1818182;6.5454545;7.030303;7.7575758;8;8.4848485;11.030303;11.393939,NLLS,0.000998853059021,0.1064585017180726,0.1146940978903776,6.458501718072629,0.1207342894815522,0.0069186463374213,0.7256880700693913,,0.0,0.0,,,,,,
moderate,0.1,3,2003,7fe456a139bdd337c4ea52ff50758ac0b7e92ac16da18e70424f2c30b0252f44,80,20,0;0.36363636;0.60606061;0.72727273;0.84848485;0.96969697;1.0909091;1.2121212;1.3333333;1.4545455;1.5757576;1.8181818;2.0606061;2.1818182;2.3030303;2.4242424;2.5454545;2.6666667;2.7878788;3.030303;3.1515152;3.3939394;3.5151515;3.7575758;3.8787879;4.2424242;4.3636364;4.4848485;4.6060606;4.7272727;4.8484848;4.969697;5.0909091;5.3333333;5.4545455;5.6969697;5.8181818;5.9393939;6.0606061;6.3030303;6.4242424;6.6666667;6.7878788;6.9090909;7.1515152;7.2727273;7.3939394;7.5151515;7.6363636;7.8787879;8.1212121;8.2424242;8.3636364;8.6060606;8.7272727;8.8484848;8.969697;9.0909091;9.2121212;9.3333333;9.4545455;9.5757576;9.6969697;9.8181818;9.9393939;10.060606;10.181818;10.30303;10.424242;10.545455;10.666667;10.787879;10.909091;11.151515;11.272727;11.515152;11.636364;11.757576;11.878788;12,0.12121212;0.24242424;0.48484848;1.6969697;1.9393939;2.9090909;3.2727273;3.6363636;4;4.1212121;5.2121212;5.5757576;6.1818182;6.5454545;7.030303;7.7575758;8;8.4848485;11.030303;11.393939,NN,,,,,0.1189000588758411,0.0302492028365402,0.0083517518225326,,0.0,,,,,,,
moderate,0.1,3,2003,7fe456a139bdd337c4ea52ff50758ac0b7e92ac16da18e70424f2c30b0252f44,80,20,0;0.36363636;0.60606061;0.72727273;0.84848485;0.96969697;1.0909091;1.2121212;1.3333333;1.4545455;1.5757576;1.8181818;2.0606061;2.1818182;2.3030303;2.4242424;2.5454545;2.6666667;2.7878788;3.030303;3.1515152;3.3939394;3.5151515;3.7575758;3.8787879;4.2424242;4.3636364;4.4848485;4.6060606;4.7272727;4.8484848;4.969697;5.0909091;5.3333333;5.4545455;5.6969697;5.8181818;5.9393939;6.0606061;6.3030303;6.4242424;6.6666667;6.7878788;6.9090909;7.1515152;7.2727273;7.3939394;7.5151515;7.6363636;7.8787879;8.1212121;8.2424242;8.3636364;8.6060606;8.7272727;8.8484848;8.969697;9.0909091;9.2121212;9.3333333;9.4545455;9.5757576;9.6969697;9.8181818;9.9393939;10.060606;10.181818;10.30303;10.424242;10.545455;10.666667;10.787879;10.909091;11.151515;11.272727;11.515152;11.636364;11.757576;11.878788;12,0.12121212;0.24242424;0.48484848;1.6969697;1.9393939;2.9090909;3.2727273;3.6363636;4;4.1212121;5.2121212;5.5757576;6.1818182;6.5454545;7.030303;7.7575758;8;8.4848485;11.030303;11.393939,PINN,0.0009406369224004,0.0951140140007274,5.936307759953296,4.885985999272524,0.1188263084007505,0.0086450084523123,0.0027593441994977,2.0,0.0,0.0111178222583957,0.0038196508721505,0.0016638180781624,0.0109573435420901,0.0050873096771041,0.0052144613540855,0.0059148415593126
moderate,0.1,4,2004,7fe456a139bdd337c4ea52ff50758ac0b7e92ac16da18e70424f2c30b0252f44,80,20,0;0.12121212;0.24242424;0.48484848;0.84848485;0.96969697;1.0909091;1.2121212;1.3333333;1.4545455;1.5757576;1.6969697;1.8181818;1.9393939;2.0606061;2.1818182;2.3030303;2.5454545;2.6666667;2.7878788;2.9090909;3.1515152;3.2727273;3.3939394;3.5151515;3.6363636;3.7575758;3.8787879;4;4.2424242;4.3636364;4.7272727;4.969697;5.0909091;5.2121212;5.3333333;5.4545455;5.5757576;5.6969697;6.1818182;6.3030303;6.4242424;6.5454545;6.6666667;6.7878788;6.9090909;7.030303;7.1515152;7.2727273;7.3939394;7.5151515;7.6363636;7.7575758;7.8787879;8.1212121;8.2424242;8.3636364;8.4848485;8.6060606;8.7272727;8.8484848;8.969697;9.0909091;9.2121212;9.3333333;9.4545455;9.5757576;9.6969697;9.8181818;9.9393939;10.060606;10.424242;10.545455;10.666667;10.787879;11.030303;11.151515;11.393939;11.515152;11.878788,0.36363636;0.60606061;0.72727273;2.4242424;3.030303;4.1212121;4.4848485;4.6060606;4.8484848;5.8181818;5.9393939;6.0606061;8;10.181818;10.30303;10.909091;11.272727;11.636364;11.757576;12,NLLS,0.0009867093313282,0.0865148597209608,1.3290668671772088,13.485140279039198,0.0948284711697726,0.0107421324827073,0.8984194613475698,,0.0,0.0,,,,,,
moderate,0.1,4,2004,7fe456a139bdd337c4ea52ff50758ac0b7e92ac16da18e70424f2c30b0252f44,80,20,0;0.12121212;0.24242424;0.48484848;0.84848485;0.96969697;1.0909091;1.2121212;1.3333333;1.4545455;1.5757576;1.6969697;1.8181818;1.9393939;2.0606061;2.1818182;2.3030303;2.5454545;2.6666667;2.7878788;2.9090909;3.1515152;3.2727273;3.3939394;3.5151515;3.6363636;3.7575758;3.8787879;4;4.2424242;4.3636364;4.7272727;4.969697;5.0909091;5.2121212;5.3333333;5.4545455;5.5757576;5.6969697;6.1818182;6.3030303;6.4242424;6.5454545;6.6666667;6.7878788;6.9090909;7.030303;7.1515152;7.2727273;7.3939394;7.5151515;7.6363636;7.7575758;7.8787879;8.1212121;8.2424242;8.3636364;8.4848485;8.6060606;8.7272727;8.8484848;8.969697;9.0909091;9.2121212;9.3333333;9.4545455;9.5757576;9.6969697;9.8181818;9.9393939;10.060606;10.424242;10.545455;10.666667;10.787879;11.030303;11.151515;11.393939;11.515152;11.878788,0.36363636;0.60606061;0.72727273;2.4242424;3.030303;4.1212121;4.4848485;4.6060606;4.8484848;5.8181818;5.9393939;6.0606061;8;10.181818;10.30303;10.909091;11.272727;11.636364;11.757576;12,NN,,,,,0.1025217033524316,0.0419216784963344,0.0108926094948514,,0.0,,,,,,,
moderate,0.1,4,2004,7fe456a139bdd337c4ea52ff50758ac0b7e92ac16da18e70424f2c30b0252f44,80,20,0;0.12121212;0.24242424;0.48484848;0.84848485;0.96969697;1.0909091;1.2121212;1.3333333;1.4545455;1.5757576;1.6969697;1.8181818;1.9393939;2.0606061;2.1818182;2.3030303;2.5454545;2.6666667;2.7878788;2.9090909;3.1515152;3.2727273;3.3939394;3.5151515;3.6363636;3.7575758;3.8787879;4;4.2424242;4.3636364;4.7272727;4.969697;5.0909091;5.2121212;5.3333333;5.4545455;5.5757576;5.6969697;6.1818182;6.3030303;6.4242424;6.5454545;6.6666667;6.7878788;6.9090909;7.030303;7.1515152;7.2727273;7.3939394;7.5151515;7.6363636;7.7575758;7.8787879;8.1212121;8.2424242;8.3636364;8.4848485;8.6060606;8.7272727;8.8484848;8.969697;9.0909091;9.2121212;9.3333333;9.4545455;9.5757576;9.6969697;9.8181818;9.9393939;10.060606;10.424242;10.545455;10.666667;10.787879;11.030303;11.151515;11.393939;11.515152;11.878788,0.36363636;0.60606061;0.72727273;2.4242424;3.030303;4.1212121;4.4848485;4.6060606;4.8484848;5.8181818;5.9393939;6.0606061;8;10.181818;10.30303;10.909091;11.272727;11.636364;11.757576;12,PINN,0.0008914074989002,0.0677508885619538,10.859250109978705,32.24911143804617,0.0983537825818697,0.0211260568121798,0.0033888426673047,2.0,0.0,0.0188542642538496,0.0025190907004485,0.0013147598508089,0.0102107118773166,0.007238841192269,0.0088148610969861,0.0016692850491219
moderate,0.1,5,2005,7fe456a139bdd337c4ea52ff50758ac0b7e92ac16da18e70424f2c30b0252f44,80,20,0;0.12121212;0.24242424;0.36363636;0.48484848;0.72727273;0.84848485;0.96969697;1.2121212;1.3333333;1.4545455;1.5757576;1.6969697;1.8181818;1.9393939;2.1818182;2.3030303;2.4242424;2.5454545;2.6666667;2.7878788;2.9090909;3.030303;3.1515152;3.2727273;3.3939394;3.5151515;3.6363636;3.7575758;3.8787879;4;4.1212121;4.3636364;4.4848485;4.6060606;4.7272727;4.8484848;4.969697;5.0909091;5.2121212;5.3333333;5.6969697;5.9393939;6.1818182;6.3030303;6.4242424;6.5454545;6.6666667;6.7878788;6.9090909;7.030303;7.1515152;7.2727273;7.6363636;7.8787879;8;8.1212121;8.3636364;8.4848485;8.6060606;8.7272727;9.0909091;9.2121212;9.4545455;9.6969697;9.8181818;10.181818;10.30303;10.424242;10.545455;10.666667;10.787879;10.909091;11.030303;11.151515;11.272727;11.393939;11.515152;11.636364;11.757576,0.60606061;1.0909091;2.0606061;4.2424242;5.4545455;5.5757576;5.8181818;6.0606061;7.3939394;7.5151515;7.7575758;8.2424242;8.8484848;8.969697;9.3333333;9.5757576;9.9393939;10.060606;11.878788;12,NLLS,0.0009713614857641,0.0993478260335892,2.8638514235890256,0.6521739664107185,0.1162479322269939,0.0078500618093329,0.784571034476194,,0.0,0.0,,,,,,
moderate,0.1,5,2005,7fe456a139bdd337c4ea52ff50758ac0b7e92ac16da18e70424f2c30b0252f44,80,20,0;0.12121212;0.24242424;0.36363636;0.48484848;0.72727273;0.84848485;0.96969697;1.2121212;1.3333333;1.4545455;1.5757576;1.6969697;1.8181818;1.9393939;2.1818182;2.3030303;2.4242424;2.5454545;2.6666667;2.7878788;2.9090909;3.030303;3.1515152;3.2727273;3.3939394;3.5151515;3.6363636;3.7575758;3.8787879;4;4.1212121;4.3636364;4.4848485;4.6060606;4.7272727;4.8484848;4.969697;5.0909091;5.2121212;5.3333333;5.6969697;5.9393939;6.1818182;6.3030303;6.4242424;6.5454545;6.6666667;6.7878788;6.9090909;7.030303;7.1515152;7.2727273;7.6363636;7.8787879;8;8.1212121;8.3636364;8.4848485;8.6060606;8.7272727;9.0909091;9.2121212;9.4545455;9.6969697;9.8181818;10.181818;10.30303;10.424242;10.545455;10.666667;10.787879;10.909091;11.030303;11.151515;11.272727;11.393939;11.515152;11.636364;11.757576,0.60606061;1.0909091;2.0606061;4.2424242;5.4545455;5.5757576;5.8181818;6.0606061;7.3939394;7.5151515;7.7575758;8.2424242;8.8484848;8.969697;9.3333333;9.5757576;9.9393939;10.060606;11.878788;12,NN,,,,,0.1182830433207208,0.0294860859517126,0.009333030328565,,0.0,,,,,,,
moderate,0.1,5,2005,7fe456a139bdd337c4ea52ff50758ac0b7e92ac16da18e70424f2c30b0252f44,80,20,0;0.12121212;0.24242424;0.36363636;0.48484848;0.72727273;0.84848485;0.96969697;1.2121212;1.3333333;1.4545455;1.5757576;1.6969697;1.8181818;1.9393939;2.1818182;2.3030303;2.4242424;2.5454545;2.6666667;2.7878788;2.9090909;3.030303;3.1515152;3.2727273;3.3939394;3.5151515;3.6363636;3.7575758;3.8787879;4;4.1212121;4.3636364;4.4848485;4.6060606;4.7272727;4.8484848;4.969697;5.0909091;5.2121212;5.3333333;5.6969697;5.9393939;6.1818182;6.3030303;6.4242424;6.5454545;6.6666667;6.7878788;6.9090909;7.030303;7.1515152;7.2727273;7.6363636;7.8787879;8;8.1212121;8.3636364;8.4848485;8.6060606;8.7272727;9.0909091;9.2121212;9.4545455;9.6969697;9.8181818;10.181818;10.30303;10.424242;10.545455;10.666667;10.787879;10.909091;11.030303;11.151515;11.272727;11.393939;11.515152;11.636364;11.757576,0.60606061;1.0909091;2.0606061;4.2424242;5.4545455;5.5757576;5.8181818;6.0606061;7.3939394;7.5151515;7.7575758;8.2424242;8.8484848;8.969697;9.3333333;9.5757576;9.9393939;10.060606;11.878788;12,PINN,0.0009166767835794,0.0918151616904761,8.332321642054541,8.184838309523833,0.116618259135463,0.0096984348751508,0.0029291799673613,2.0,0.0,0.01218677862929,0.0023986013635107,0.0010926496630726,0.0094167267667183,0.0035952947123547,0.0050040673885696,0.0014097299529508
moderate,0.1,6,2006,7fe456a139bdd337c4ea52ff50758ac0b7e92ac16da18e70424f2c30b0252f44,80,20,0;0.12121212;0.24242424;0.36363636;0.60606061;0.72727273;0.84848485;0.96969697;1.0909091;1.2121212;1.3333333;1.4545455;1.5757576;1.6969697;2.0606061;2.1818182;2.3030303;2.4242424;2.5454545;2.6666667;2.9090909;3.030303;3.1515152;3.5151515;3.7575758;3.8787879;4;4.1212121;4.3636364;4.4848485;4.6060606;4.8484848;4.969697;5.2121212;5.3333333;5.5757576;5.8181818;5.9393939;6.0606061;6.1818182;6.3030303;6.4242424;6.6666667;6.7878788;6.9090909;7.030303;7.1515152;7.2727273;7.3939394;7.5151515;7.6363636;7.8787879;8;8.1212121;8.3636364;8.4848485;8.6060606;8.7272727;8.8484848;9.0909091;9.2121212;9.3333333;9.4545455;9.5757576;9.6969697;9.8181818;9.9393939;10.060606;10.181818;10.30303;10.545455;10.666667;11.030303;11.151515;11.272727;11.393939;11.515152;11.757576;11.878788;12,0.48484848;1.8181818;1.9393939;2.7878788;3.2727273;3.3939394;3.6363636;4.2424242;4.7272727;5.0909091;5.4545455;5.6969697;6.5454545;7.7575758;8.2424242;8.969697;10.424242;10.787879;10.909091;11.636364,NLLS,0.0010208620261985,0.090339486983064,2.0862026198568584,9.660513016935925,0.1214870534828775,0.0106880097546758,0.8982970929220376,,0.0,0.0,,,,,,
moderate,0.1,6,2006,7fe456a139bdd337c4ea52ff50758ac0b7e92ac16da18e70424f2c30b0252f44,80,20,0;0.12121212;0.24242424;0.36363636;0.60606061;0.72727273;0.84848485;0.96969697;1.0909091;1.2121212;1.3333333;1.4545455;1.5757576;1.6969697;2.0606061;2.1818182;2.3030303;2.4242424;2.5454545;2.6666667;2.9090909;3.030303;3.1515152;3.5151515;3.7575758;3.8787879;4;4.1212121;4.3636364;4.4848485;4.6060606;4.8484848;4.969697;5.2121212;5.3333333;5.5757576;5.8181818;5.9393939;6.0606061;6.1818182;6.3030303;6.4242424;6.6666667;6.7878788;6.9090909;7.030303;7.1515152;7.2727273;7.3939394;7.5151515;7.6363636;7.8787879;8;8.1212121;8.3636364;8.4848485;8.6060606;8.7272727;8.8484848;9.0909091;9.2121212;9.3333333;9.4545455;9.5757576;9.6969697;9.8181818;9.9393939;10.060606;10.181818;10.30303;10.545455;10.666667;11.030303;11.151515;11.272727;11.393939;11.515152;11.757576;11.878788;12,0.48484848;1.8181818;1.9393939;2.7878788;3.2727273;3.3939394;3.6363636;4.2424242;4.7272727;5.0909091;5.4545455;5.6969697;6.5454545;7.7575758;8.2424242;8.969697;10.424242;10.787879;10.909091;11.636364,NN,,,,,0.1108481557419226,0.030785765927211,0.0100200660836845,,0.0,,,,,,,
moderate,0.1,6,2006,7fe456a139bdd337c4ea52ff50758ac0b7e92ac16da18e70424f2c30b0252f44,80,20,0;0.12121212;0.24242424;0.36363636;0.60606061;0.72727273;0.84848485;0.96969697;1.0909091;1.2121212;1.3333333;1.4545455;1.5757576;1.6969697;2.0606061;2.1818182;2.3030303;2.4242424;2.5454545;2.6666667;2.9090909;3.030303;3.1515152;3.5151515;3.7575758;3.8787879;4;4.1212121;4.3636364;4.4848485;4.6060606;4.8484848;4.969697;5.2121212;5.3333333;5.5757576;5.8181818;5.9393939;6.0606061;6.1818182;6.3030303;6.4242424;6.6666667;6.7878788;6.9090909;7.030303;7.1515152;7.2727273;7.3939394;7.5151515;7.6363636;7.8787879;8;8.1212121;8.3636364;8.4848485;8.6060606;8.7272727;8.8484848;9.0909091;9.2121212;9.3333333;9.4545455;9.5757576;9.6969697;9.8181818;9.9393939;10.060606;10.181818;10.30303;10.545455;10.666667;11.030303;11.151515;11.272727;11.393939;11.515152;11.757576;11.878788;12,0.48484848;1.8181818;1.9393939;2.7878788;3.2727273;3.3939394;3.6363636;4.2424242;4.7272727;5.0909091;5.4545455;5.6969697;6.5454545;7.7575758;8.2424242;8.969697;10.424242;10.787879;10.909091;11.636364,PINN,0.0010077419366727,0.0843525226902057,0.7741936672712502,15.647477309794278,0.1184017999654045,0.0109257441622676,0.0033448343725277,2.0,0.0,0.0074414182269578,0.002902422708173,0.0003671794710387,0.0085556354009692,0.005038614412474,0.0076326817470311,0.0027988372223528
moderate,0.1,7,2007,7fe456a139bdd337c4ea52ff50758ac0b7e92ac16da18e70424f2c30b0252f44,80,20,0;0.12121212;0.24242424;0.36363636;0.48484848;0.60606061;0.72727273;0.84848485;0.96969697;1.0909091;1.2121212;1.5757576;1.6969697;1.9393939;2.0606061;2.1818182;2.3030303;2.4242424;2.5454545;2.6666667;2.7878788;3.030303;3.1515152;3.2727273;3.3939394;3.6363636;3.7575758;3.8787879;4;4.1212121;4.2424242;4.3636364;4.4848485;4.6060606;4.7272727;4.8484848;5.2121212;5.4545455;5.5757576;5.6969697;5.8181818;5.9393939;6.0606061;6.1818182;6.4242424;6.5454545;6.6666667;6.7878788;6.9090909;7.030303;7.1515152;7.2727273;7.3939394;7.6363636;8;8.1212121;8.2424242;8.3636364;8.6060606;8.7272727;8.8484848;9.3333333;9.4545455;9.5757576;9.6969697;9.8181818;9.9393939;10.181818;10.30303;10.424242;10.545455;10.666667;10.787879;10.909091;11.030303;11.151515;11.272727;11.393939;11.757576;11.878788,1.3333333;1.4545455;1.8181818;2.9090909;3.5151515;4.969697;5.0909091;5.3333333;6.3030303;7.5151515;7.7575758;7.8787879;8.4848485;8.969697;9.0909091;9.2121212;10.060606;11.515152;11.636364;12,NLLS,0.0010216818950742,0.1003646948574642,2.1681895074289192,0.3646948574641984,0.1076691139667498,0.0055372426390328,0.70790844980166,,0.0,0.0,,,,,,
moderate,0.1,7,2007,7fe456a139bdd337c4ea52ff50758ac0b7e92ac16da18e70424f2c30b0252f44,80,20,0;0.12121212;0.24242424;0.36363636;0.48484848;0.60606061;0.72727273;0.84848485;0.96969697;1.0909091;1.2121212;1.5757576;1.6969697;1.9393939;2.0606061;2.1818182;2.3030303;2.4242424;2.5454545;2.6666667;2.7878788;3.030303;3.1515152;3.2727273;3.3939394;3.6363636;3.7575758;3.8787879;4;4.1212121;4.2424242;4.3636364;4.4848485;4.6060606;4.7272727;4.8484848;5.2121212;5.4545455;5.5757576;5.6969697;5.8181818;5.9393939;6.0606061;6.1818182;6.4242424;6.5454545;6.6666667;6.7878788;6.9090909;7.030303;7.1515152;7.2727273;7.3939394;7.6363636;8;8.1212121;8.2424242;8.3636364;8.6060606;8.7272727;8.8484848;9.3333333;9.4545455;9.5757576;9.6969697;9.8181818;9.9393939;10.181818;10.30303;10.424242;10.545455;10.666667;10.787879;10.909091;11.030303;11.151515;11.272727;11.393939;11.757576;11.878788,1.3333333;1.4545455;1.8181818;2.9090909;3.5151515;4.969697;5.0909091;5.3333333;6.3030303;7.5151515;7.7575758;7.8787879;8.4848485;8.969697;9.0909091;9.2121212;10.060606;11.515152;11.636364;12,NN,,,,,0.1238757762806162,0.0390743192932079,0.0082571881926368,,0.0,,,,,,,
moderate,0.1,7,2007,7fe456a139bdd337c4ea52ff50758ac0b7e92ac16da18e70424f2c30b0252f44,80,20,0;0.12121212;0.24242424;0.36363636;0.48484848;0.60606061;0.72727273;0.84848485;0.96969697;1.0909091;1.2121212;1.5757576;1.6969697;1.9393939;2.0606061;2.1818182;2.3030303;2.4242424;2.5454545;2.6666667;2.7878788;3.030303;3.1515152;3.2727273;3.3939394;3.6363636;3.7575758;3.8787879;4;4.1212121;4.2424242;4.3636364;4.4848485;4.6060606;4.7272727;4.8484848;5.2121212;5.4545455;5.5757576;5.6969697;5.8181818;5.9393939;6.0606061;6.1818182;6.4242424;6.5454545;6.6666667;6.7878788;6.9090909;7.030303;7.1515152;7.2727273;7.3939394;7.6363636;8;8.1212121;8.2424242;8.3636364;8.6060606;8.7272727;8.8484848;9.3333333;9.4545455;9.5757576;9.6969697;9.8181818;9.9393939;10.181818;10.30303;10.424242;10.545455;10.666667;10.787879;10.909091;11.030303;11.151515;11.272727;11.393939;11.757576;11.878788,1.3333333;1.4545455;1.8181818;2.9090909;3.5151515;4.969697;5.0909091;5.3333333;6.3030303;7.5151515;7.7575758;7.8787879;8.4848485;8.969697;9.0909091;9.2121212;10.060606;11.515152;11.636364;12,PINN,0.0010355571621841,0.0993362363597123,3.555716218416305,0.6637636402876956,0.109459357320518,0.0100727969886002,0.0026516094188528,2.0,0.0,0.0093808129106586,0.0041442027353586,0.0007742577911013,0.0082664620465404,0.005862839774767,0.0066616138661335,0.0054313150408724
moderate,0.1,8,2008,7fe456a139bdd337c4ea52ff50758ac0b7e92ac16da18e70424f2c30b0252f44,80,20,0;0.24242424;0.36363636;0.48484848;0.72727273;0.84848485;0.96969697;1.0909091;1.2121212;1.3333333;1.5757576;1.6969697;1.8181818;1.9393939;2.3030303;2.4242424;2.5454545;2.6666667;2.9090909;3.030303;3.1515152;3.2727273;3.3939394;3.6363636;3.7575758;3.8787879;4;4.1212121;4.2424242;4.3636364;4.4848485;4.6060606;4.7272727;4.8484848;4.969697;5.0909091;5.2121212;5.3333333;5.4545455;5.5757576;5.9393939;6.0606061;6.1818182;6.3030303;6.4242424;6.5454545;6.6666667;7.1515152;7.2727273;7.3939394;7.5151515;7.6363636;7.7575758;7.8787879;8.1212121;8.2424242;8.3636364;8.4848485;8.6060606;8.7272727;8.8484848;8.969697;9.0909091;9.2121212;9.3333333;9.4545455;9.5757576;9.6969697;9.8181818;10.060606;10.424242;10.545455;10.666667;10.787879;10.909091;11.030303;11.272727;11.515152;11.636364;11.757576,0.12121212;0.60606061;1.4545455;2.0606061;2.1818182;2.7878788;3.5151515;5.6969697;5.8181818;6.7878788;6.9090909;7.030303;8;9.9393939;10.181818;10.30303;11.151515;11.393939;11.878788;12,NLLS,0.0009579600242856,0.1017461400093067,4.203997571432561,1.7461400093066848,0.0987635692513042,0.0135178528181388,0.9166005193207494,,0.0,0.0,,,,,,
moderate,0.1,8,2008,7fe456a139bdd337c4ea52ff50758ac0b7e92ac16da18e70424f2c30b0252f44,80,20,0;0.24242424;0.36363636;0.48484848;0.72727273;0.84848485;0.96969697;1.0909091;1.2121212;1.3333333;1.5757576;1.6969697;1.8181818;1.9393939;2.3030303;2.4242424;2.5454545;2.6666667;2.9090909;3.030303;3.1515152;3.2727273;3.3939394;3.6363636;3.7575758;3.8787879;4;4.1212121;4.2424242;4.3636364;4.4848485;4.6060606;4.7272727;4.8484848;4.969697;5.0909091;5.2121212;5.3333333;5.4545455;5.5757576;5.9393939;6.0606061;6.1818182;6.3030303;6.4242424;6.5454545;6.6666667;7.1515152;7.2727273;7.3939394;7.5151515;7.6363636;7.7575758;7.8787879;8.1212121;8.2424242;8.3636364;8.4848485;8.6060606;8.7272727;8.8484848;8.969697;9.0909091;9.2121212;9.3333333;9.4545455;9.5757576;9.6969697;9.8181818;10.060606;10.424242;10.545455;10.666667;10.787879;10.909091;11.030303;11.272727;11.515152;11.636364;11.757576,0.12121212;0.60606061;1.4545455;2.0606061;2.1818182;2.7878788;3.5151515;5.6969697;5.8181818;6.7878788;6.9090909;7.030303;8;9.9393939;10.181818;10.30303;11.151515;11.393939;11.878788;12,NN,,,,,0.1198454995476639,0.0442272564444128,0.0106161295343621,,0.0,,,,,,,
moderate,0.1,8,2008,7fe456a139bdd337c4ea52ff50758ac0b7e92ac16da18e70424f2c30b0252f44,80,20,0;0.24242424;0.36363636;0.48484848;0.72727273;0.84848485;0.96969697;1.0909091;1.2121212;1.3333333;1.5757576;1.6969697;1.8181818;1.9393939;2.3030303;2.4242424;2.5454545;2.6666667;2.9090909;3.030303;3.1515152;3.2727273;3.3939394;3.6363636;3.7575758;3.8787879;4;4.1212121;4.2424242;4.3636364;4.4848485;4.6060606;4.7272727;4.8484848;4.969697;5.0909091;5.2121212;5.3333333;5.4545455;5.5757576;5.9393939;6.0606061;6.1818182;6.3030303;6.4242424;6.5454545;6.6666667;7.1515152;7.2727273;7.3939394;7.5151515;7.6363636;7.7575758;7.8787879;8.1212121;8.2424242;8.3636364;8.4848485;8.6060606;8.7272727;8.8484848;8.969697;9.0909091;9.2121212;9.3333333;9.4545455;9.5757576;9.6969697;9.8181818;10.060606;10.424242;10.545455;10.666667;10.787879;10.909091;11.030303;11.272727;11.515152;11.636364;11.757576,0.12121212;0.60606061;1.4545455;2.0606061;2.1818182;2.7878788;3.5151515;5.6969697;5.8181818;6.7878788;6.9090909;7.030303;8;9.9393939;10.181818;10.30303;11.151515;11.393939;11.878788;12,PINN,0.0010015362128212,0.1091942487318838,0.1536212821266813,9.194248731883814,0.1011882084554694,0.0183783626451255,0.0033699065682134,2.0,0.0,0.0147483854935485,0.0044671078377983,0.0008187403717679,0.0078572229385725,0.0033276590511956,0.0099442534279183,0.0022068110464961
moderate,0.1,9,2009,7fe456a139bdd337c4ea52ff50758ac0b7e92ac16da18e70424f2c30b0252f44,80,20,0;0.24242424;0.36363636;0.60606061;0.72727273;0.84848485;0.96969697;1.0909091;1.2121212;1.3333333;1.6969697;1.9393939;2.0606061;2.1818182;2.3030303;2.4242424;2.5454545;2.6666667;2.9090909;3.030303;3.1515152;3.3939394;3.5151515;3.6363636;3.7575758;3.8787879;4;4.1212121;4.2424242;4.3636364;4.4848485;4.6060606;4.8484848;4.969697;5.0909091;5.2121212;5.3333333;5.6969697;5.8181818;5.9393939;6.0606061;6.1818182;6.3030303;6.4242424;6.5454545;6.6666667;6.7878788;6.9090909;7.030303;7.1515152;7.2727273;7.3939394;7.5151515;7.6363636;7.8787879;8;8.2424242;8.3636364;8.4848485;8.6060606;8.8484848;8.969697;9.0909091;9.3333333;9.4545455;9.5757576;9.8181818;9.9393939;10.060606;10.666667;10.787879;11.030303;11.151515;11.272727;11.393939;11.515152;11.636364;11.757576;11.878788;12,0.12121212;0.48484848;1.4545455;1.5757576;1.8181818;2.7878788;3.2727273;4.7272727;5.4545455;5.5757576;7.7575758;8.1212121;8.7272727;9.2121212;9.6969697;10.181818;10.30303;10.424242;10.545455;10.909091,NLLS,0.0009810469288975,0.0918261949020507,1.895307110243316,8.173805097949261,0.1061258569440139,0.006144414754226,0.8343289673034143,,0.0,0.0,,,,,,
moderate,0.1,9,2009,7fe456a139bdd337c4ea52ff50758ac0b7e92ac16da18e70424f2c30b0252f44,80,20,0;0.24242424;0.36363636;0.60606061;0.72727273;0.84848485;0.96969697;1.0909091;1.2121212;1.3333333;1.6969697;1.9393939;2.0606061;2.1818182;2.3030303;2.4242424;2.5454545;2.6666667;2.9090909;3.030303;3.1515152;3.3939394;3.5151515;3.6363636;3.7575758;3.8787879;4;4.1212121;4.2424242;4.3636364;4.4848485;4.6060606;4.8484848;4.969697;5.0909091;5.2121212;5.3333333;5.6969697;5.8181818;5.9393939;6.0606061;6.1818182;6.3030303;6.4242424;6.5454545;6.6666667;6.7878788;6.9090909;7.030303;7.1515152;7.2727273;7.3939394;7.5151515;7.6363636;7.8787879;8;8.2424242;8.3636364;8.4848485;8.6060606;8.8484848;8.969697;9.0909091;9.3333333;9.4545455;9.5757576;9.8181818;9.9393939;10.060606;10.666667;10.787879;11.030303;11.151515;11.272727;11.393939;11.515152;11.636364;11.757576;11.878788;12,0.12121212;0.48484848;1.4545455;1.5757576;1.8181818;2.7878788;3.2727273;4.7272727;5.4545455;5.5757576;7.7575758;8.1212121;8.7272727;9.2121212;9.6969697;10.181818;10.30303;10.424242;10.545455;10.909091,NN,,,,,0.1177875895333222,0.0356675916955046,0.0091159162319322,,0.0,,,,,,,
moderate,0.1,9,2009,7fe456a139bdd337c4ea52ff50758ac0b7e92ac16da18e70424f2c30b0252f44,80,20,0;0.24242424;0.36363636;0.60606061;0.72727273;0.84848485;0.96969697;1.0909091;1.2121212;1.3333333;1.6969697;1.9393939;2.0606061;2.1818182;2.3030303;2.4242424;2.5454545;2.6666667;2.9090909;3.030303;3.1515152;3.3939394;3.5151515;3.6363636;3.7575758;3.8787879;4;4.1212121;4.2424242;4.3636364;4.4848485;4.6060606;4.8484848;4.969697;5.0909091;5.2121212;5.3333333;5.6969697;5.8181818;5.9393939;6.0606061;6.1818182;6.3030303;6.4242424;6.5454545;6.6666667;6.7878788;6.9090909;7.030303;7.1515152;7.2727273;7.3939394;7.5151515;7.6363636;7.8787879;8;8.2424242;8.3636364;8.4848485;8.6060606;8.8484848;8.969697;9.0909091;9.3333333;9.4545455;9.5757576;9.8181818;9.9393939;10.060606;10.666667;10.787879;11.030303;11.151515;11.272727;11.393939;11.515152;11.636364;11.757576;11.878788;12,0.12121212;0.48484848;1.4545455;1.5757576;1.8181818;2.7878788;3.2727273;4.7272727;5.4545455;5.5757576;7.7575758;8.1212121;8.7272727;9.2121212;9.6969697;10.181818;10.30303;10.424242;10.545455;10.909091,PINN,0.0010466107610394,0.0976268543434515,4.661076103945239,2.373145656548448,0.1080069994100105,0.0155543475873363,0.0030117637715899,2.0,0.0,0.0218230754500638,0.0097363639496274,0.0017729097441138,0.0077531835879263,0.0047046862249513,0.0045201872003451,0.0020019405506415
moderate,0.1,10,2010,7fe456a139bdd337c4ea52ff50758ac0b7e92ac16da18e70424f2c30b0252f44,80,20,0;0.12121212;0.24242424;0.36363636;0.48484848;0.60606061;0.72727273;1.0909091;1.2121212;1.3333333;1.4545455;1.5757576;1.6969697;1.8181818;1.9393939;2.0606061;2.1818182;2.4242424;2.5454545;2.6666667;2.7878788;2.9090909;3.030303;3.2727273;3.3939394;3.5151515;3.6363636;3.7575758;3.8787879;4;4.1212121;4.2424242;4.3636364;4.6060606;4.8484848;5.0909091;5.2121212;5.3333333;5.4545455;5.5757576;5.6969697;5.9393939;6.0606061;6.1818182;6.4242424;6.5454545;6.6666667;6.7878788;6.9090909;7.030303;7.2727273;7.3939394;7.5151515;7.6363636;7.7575758;7.8787879;8;8.2424242;8.3636364;8.6060606;8.969697;9.2121212;9.4545455;9.5757576;9.8181818;9.9393939;10.060606;10.181818;10.30303;10.424242;10.545455;10.666667;10.787879;10.909091;11.030303;11.393939;11.636364;11.757576;11.878788;12,0.84848485;0.96969697;2.3030303;3.1515152;4.4848485;4.7272727;4.969697;5.8181818;6.3030303;7.1515152;8.1212121;8.4848485;8.7272727;8.8484848;9.0909091;9.3333333;9.6969697;11.151515;11.272727;11.515152,NLLS,0.0010145455852368,0.1187162832341249,1.4545585236887648,18.71628323412493,0.1261593142722734,0.0139394333768425,0.7182699127159672,,0.0,0.0,,,,,,
moderate,0.1,10,2010,7fe456a139bdd337c4ea52ff50758ac0b7e92ac16da18e70424f2c30b0252f44,80,20,0;0.12121212;0.24242424;0.36363636;0.48484848;0.60606061;0.72727273;1.0909091;1.2121212;1.3333333;1.4545455;1.5757576;1.6969697;1.8181818;1.9393939;2.0606061;2.1818182;2.4242424;2.5454545;2.6666667;2.7878788;2.9090909;3.030303;3.2727273;3.3939394;3.5151515;3.6363636;3.7575758;3.8787879;4;4.1212121;4.2424242;4.3636364;4.6060606;4.8484848;5.0909091;5.2121212;5.3333333;5.4545455;5.5757576;5.6969697;5.9393939;6.0606061;6.1818182;6.4242424;6.5454545;6.6666667;6.7878788;6.9090909;7.030303;7.2727273;7.3939394;7.5151515;7.6363636;7.7575758;7.8787879;8;8.2424242;8.3636364;8.6060606;8.969697;9.2121212;9.4545455;9.5757576;9.8181818;9.9393939;10.060606;10.181818;10.30303;10.424242;10.545455;10.666667;10.787879;10.909091;11.030303;11.393939;11.636364;11.757576;11.878788;12,0.84848485;0.96969697;2.3030303;3.1515152;4.4848485;4.7272727;4.969697;5.8181818;6.3030303;7.1515152;8.1212121;8.4848485;8.7272727;8.8484848;9.0909091;9.3333333;9.6969697;11.151515;11.272727;11.515152,NN,,,,,0.1306048325768336,0.0246078758570569,0.008357569937132,,0.0,,,,,,,
moderate,0.1,10,2010,7fe456a139bdd337c4ea52ff50758ac0b7e92ac16da18e70424f2c30b0252f44,80,20,0;0.12121212;0.24242424;0.36363636;0.48484848;0.60606061;0.72727273;1.0909091;1.2121212;1.3333333;1.4545455;1.5757576;1.6969697;1.8181818;1.9393939;2.0606061;2.1818182;2.4242424;2.5454545;2.6666667;2.7878788;2.9090909;3.030303;3.2727273;3.3939394;3.5151515;3.6363636;3.7575758;3.8787879;4;4.1212121;4.2424242;4.3636364;4.6060606;4.8484848;5.0909091;5.2121212;5.3333333;5.4545455;5.5757576;5.6969697;5.9393939;6.0606061;6.1818182;6.4242424;6.5454545;6.6666667;6.7878788;6.9090909;7.030303;7.2727273;7.3939394;7.5151515;7.6363636;7.7575758;7.8787879;8;8.2424242;8.3636364;8.6060606;8.969697;9.2121212;9.4545455;9.5757576;9.8181818;9.9393939;10.060606;10.181818;10.30303;10.424242;10.545455;10.666667;10.787879;10.909091;11.030303;11.393939;11.636364;11.757576;11.878788;12,0.84848485;0.96969697;2.3030303;3.1515152;4.4848485;4.7272727;4.969697;5.8181818;6.3030303;7.1515152;8.1212121;8.4848485;8.7272727;8.8484848;9.0909091;9.3333333;9.6969697;11.151515;11.272727;11.515152,PINN,0.0009284899678311,0.1007548439066628,7.151003216881158,0.7548439066628276,0.1256669994383848,0.0147673764510211,0.0026885210216141,2.0,0.0,0.0151480159631727,0.0028124158805421,0.0008541097330691,0.0087027693882507,0.0039402307015522,0.0071596398818234,0.0039825234557294
moderate,0.1,11,2011,7fe456a139bdd337c4ea52ff50758ac0b7e92ac16da18e70424f2c30b0252f44,80,20,0;0.12121212;0.24242424;0.48484848;0.60606061;0.72727273;0.84848485;1.0909091;1.3333333;1.4545455;1.5757576;1.6969697;1.8181818;1.9393939;2.0606061;2.1818182;2.3030303;2.5454545;2.7878788;2.9090909;3.030303;3.1515152;3.2727273;3.3939394;3.5151515;3.7575758;3.8787879;4;4.1212121;4.3636364;4.4848485;4.6060606;4.7272727;4.8484848;4.969697;5.0909091;5.2121212;5.4545455;5.5757576;5.6969697;5.9393939;6.1818182;6.3030303;6.4242424;6.5454545;6.6666667;6.9090909;7.030303;7.2727273;7.5151515;7.7575758;7.8787879;8;8.1212121;8.3636364;8.4848485;8.6060606;8.7272727;8.8484848;8.969697;9.2121212;9.3333333;9.4545455;9.5757576;9.6969697;9.8181818;10.060606;10.181818;10.424242;10.545455;10.787879;10.909091;11.030303;11.151515;11.272727;11.515152;11.636364;11.757576;11.878788;12,0.36363636;0.96969697;1.2121212;2.4242424;2.6666667;3.6363636;4.2424242;5.3333333;5.8181818;6.0606061;6.7878788;7.1515152;7.3939394;7.6363636;8.2424242;9.0909091;9.9393939;10.30303;10.666667;11.393939,NLLS,0.0009330154199858,0.0852109418102901,6.698458001410723,14.789058189709824,0.1211102398115662,0.0134545316087509,1.0539313751141646,,0.0,0.0,,,,,,
moderate,0.1,11,2011,7fe456a139bdd337c4ea52ff50758ac0b7e92ac16da18e70424f2c30b0252f44,80,20,0;0.12121212;0.24242424;0.48484848;0.60606061;0.72727273;0.84848485;1.0909091;1.3333333;1.4545455;1.5757576;1.6969697;1.8181818;1.9393939;2.0606061;2.1818182;2.3030303;2.5454545;2.7878788;2.9090909;3.030303;3.1515152;3.2727273;3.3939394;3.5151515;3.7575758;3.8787879;4;4.1212121;4.3636364;4.4848485;4.6060606;4.7272727;4.8484848;4.969697;5.0909091;5.2121212;5.4545455;5.5757576;5.6969697;5.9393939;6.1818182;6.3030303;6.4242424;6.5454545;6.6666667;6.9090909;7.030303;7.2727273;7.5151515;7.7575758;7.8787879;8;8.1212121;8.3636364;8.4848485;8.6060606;8.7272727;8.8484848;8.969697;9.2121212;9.3333333;9.4545455;9.5757576;9.6969697;9.8181818;10.060606;10.181818;10.424242;10.545455;10.787879;10.909091;11.030303;11.151515;11.272727;11.515152;11.636364;11.757576;11.878788;12,0.36363636;0.96969697;1.2121212;2.4242424;2.6666667;3.6363636;4.2424242;5.3333333;5.8181818;6.0606061;6.7878788;7.1515152;7.3939394;7.6363636;8.2424242;9.0909091;9.9393939;10.30303;10.666667;11.393939,NN,,,,,0.1317465747836026,0.0304179331257119,0.0122992430226104,,0.0,,,,,,,
moderate,0.1,11,2011,7fe456a139bdd337c4ea52ff50758ac0b7e92ac16da18e70424f2c30b0252f44,80,20,0;0.12121212;0.24242424;0.48484848;0.60606061;0.72727273;0.84848485;1.0909091;1.3333333;1.4545455;1.5757576;1.6969697;1.8181818;1.9393939;2.0606061;2.1818182;2.3030303;2.5454545;2.7878788;2.9090909;3.030303;3.1515152;3.2727273;3.3939394;3.5151515;3.7575758;3.8787879;4;4.1212121;4.3636364;4.4848485;4.6060606;4.7272727;4.8484848;4.969697;5.0909091;5.2121212;5.4545455;5.5757576;5.6969697;5.9393939;6.1818182;6.3030303;6.4242424;6.5454545;6.6666667;6.9090909;7.030303;7.2727273;7.5151515;7.7575758;7.8787879;8;8.1212121;8.3636364;8.4848485;8.6060606;8.7272727;8.8484848;8.969697;9.2121212;9.3333333;9.4545455;9.5757576;9.6969697;9.8181818;10.060606;10.181818;10.424242;10.545455;10.787879;10.909091;11.030303;11.151515;11.272727;11.515152;11.636364;11.757576;11.878788;12,0.36363636;0.96969697;1.2121212;2.4242424;2.6666667;3.6363636;4.2424242;5.3333333;5.8181818;6.0606061;6.7878788;7.1515152;7.3939394;7.6363636;8.2424242;9.0909091;9.9393939;10.30303;10.666667;11.393939,PINN,0.0008744409139358,0.0756133998160036,12.555908606411135,24.38660018399637,0.1234508897025945,0.0157393498733058,0.0039464907465248,2.0,0.0,0.0134341992555082,0.0087427858987279,0.0003410757388659,0.0068385697339595,0.0031095796857651,0.0094346926267158,0.0038110025153769
moderate,0.1,12,2012,7fe456a139bdd337c4ea52ff50758ac0b7e92ac16da18e70424f2c30b0252f44,80,20,0;0.12121212;0.24242424;0.48484848;0.72727273;0.84848485;1.0909091;1.3333333;1.5757576;1.6969697;1.8181818;1.9393939;2.3030303;2.4242424;2.6666667;2.7878788;2.9090909;3.030303;3.1515152;3.2727273;3.3939394;3.5151515;3.7575758;3.8787879;4;4.1212121;4.2424242;4.3636364;4.6060606;4.7272727;4.8484848;4.969697;5.0909091;5.2121212;5.4545455;5.5757576;5.6969697;5.8181818;6.0606061;6.1818182;6.3030303;6.4242424;6.6666667;6.7878788;6.9090909;7.030303;7.1515152;7.2727273;7.3939394;7.5151515;7.6363636;8;8.1212121;8.2424242;8.3636364;8.4848485;8.6060606;8.7272727;8.8484848;8.969697;9.0909091;9.2121212;9.3333333;9.5757576;9.6969697;9.8181818;9.9393939;10.060606;10.30303;10.424242;10.545455;10.666667;10.787879;10.909091;11.030303;11.151515;11.272727;11.515152;11.878788;12,0.36363636;0.60606061;0.96969697;1.2121212;1.4545455;2.0606061;2.1818182;2.5454545;3.6363636;4.4848485;5.3333333;5.9393939;6.5454545;7.7575758;7.8787879;9.4545455;10.181818;11.393939;11.636364;11.757576,NLLS,0.0008831438299532,0.1015859691178506,11.685617004675995,1.5859691178506052,0.0980643522079054,0.0270917235304774,1.053494372846186,,0.0,0.0,,,,,,
moderate,0.1,12,2012,7fe456a139bdd337c4ea52ff50758ac0b7e92ac16da18e70424f2c30b0252f44,80,20,0;0.12121212;0.24242424;0.48484848;0.72727273;0.84848485;1.0909091;1.3333333;1.5757576;1.6969697;1.8181818;1.9393939;2.3030303;2.4242424;2.6666667;2.7878788;2.9090909;3.030303;3.1515152;3.2727273;3.3939394;3.5151515;3.7575758;3.8787879;4;4.1212121;4.2424242;4.3636364;4.6060606;4.7272727;4.8484848;4.969697;5.0909091;5.2121212;5.4545455;5.5757576;5.6969697;5.8181818;6.0606061;6.1818182;6.3030303;6.4242424;6.6666667;6.7878788;6.9090909;7.030303;7.1515152;7.2727273;7.3939394;7.5151515;7.6363636;8;8.1212121;8.2424242;8.3636364;8.4848485;8.6060606;8.7272727;8.8484848;8.969697;9.0909091;9.2121212;9.3333333;9.5757576;9.6969697;9.8181818;9.9393939;10.060606;10.30303;10.424242;10.545455;10.666667;10.787879;10.909091;11.030303;11.151515;11.272727;11.515152;11.878788;12,0.36363636;0.60606061;0.96969697;1.2121212;1.4545455;2.0606061;2.1818182;2.5454545;3.6363636;4.4848485;5.3333333;5.9393939;6.5454545;7.7575758;7.8787879;9.4545455;10.181818;11.393939;11.636364;11.757576,NN,,,,,0.103464509159144,0.0487340094356945,0.0111434644338431,,0.0,,,,,,,
moderate,0.1,12,2012,7fe456a139bdd337c4ea52ff50758ac0b7e92ac16da18e70424f2c30b0252f44,80,20,0;0.12121212;0.24242424;0.48484848;0.72727273;0.84848485;1.0909091;1.3333333;1.5757576;1.6969697;1.8181818;1.9393939;2.3030303;2.4242424;2.6666667;2.7878788;2.9090909;3.030303;3.1515152;3.2727273;3.3939394;3.5151515;3.7575758;3.8787879;4;4.1212121;4.2424242;4.3636364;4.6060606;4.7272727;4.8484848;4.969697;5.0909091;5.2121212;5.4545455;5.5757576;5.6969697;5.8181818;6.0606061;6.1818182;6.3030303;6.4242424;6.6666667;6.7878788;6.9090909;7.030303;7.1515152;7.2727273;7.3939394;7.5151515;7.6363636;8;8.1212121;8.2424242;8.3636364;8.4848485;8.6060606;8.7272727;8.8484848;8.969697;9.0909091;9.2121212;9.3333333;9.5757576;9.6969697;9.8181818;9.9393939;10.060606;10.30303;10.424242;10.545455;10.666667;10.787879;10.909091;11.030303;11.151515;11.272727;11.515152;11.878788;12,0.36363636;0.60606061;0.96969697;1.2121212;1.4545455;2.0606061;2.1818182;2.5454545;3.6363636;4.4848485;5.3333333;5.9393939;6.5454545;7.7575758;7.8787879;9.4545455;10.181818;11.393939;11.636364;11.757576,PINN,0.0007148867888689,0.0755258085613666,28.511321113105893,24.4741914386334,0.101223518899126,0.0339409521232259,0.0036474840514181,2.0,0.0,0.0455841471562362,0.0082151064035542,0.0014730841709281,0.0147942727808861,0.002825199840671,0.0044094706659679,0.0010961721574743
moderate,0.1,13,2013,7fe456a139bdd337c4ea52ff50758ac0b7e92ac16da18e70424f2c30b0252f44,80,20,0;0.12121212;0.24242424;0.36363636;0.60606061;0.72727273;0.84848485;0.96969697;1.3333333;1.4545455;1.5757576;1.6969697;1.8181818;1.9393939;2.0606061;2.3030303;2.4242424;2.5454545;2.6666667;2.7878788;2.9090909;3.1515152;3.2727273;3.3939394;3.5151515;3.6363636;3.7575758;3.8787879;4;4.1212121;4.2424242;4.3636364;4.4848485;4.6060606;4.7272727;4.8484848;5.0909091;5.3333333;5.4545455;5.6969697;5.8181818;6.1818182;6.4242424;6.5454545;6.6666667;6.7878788;7.1515152;7.3939394;7.5151515;7.6363636;7.8787879;8;8.1212121;8.2424242;8.4848485;8.6060606;8.7272727;8.8484848;8.969697;9.0909091;9.2121212;9.3333333;9.4545455;9.5757576;9.6969697;9.9393939;10.060606;10.181818;10.30303;10.424242;10.545455;10.666667;10.787879;10.909091;11.151515;11.272727;11.515152;11.757576;11.878788;12,0.48484848;1.0909091;1.2121212;2.1818182;3.030303;4.969697;5.2121212;5.5757576;5.9393939;6.0606061;6.3030303;6.9090909;7.030303;7.2727273;7.7575758;8.3636364;9.8181818;11.030303;11.393939;11.636364,NLLS,0.0009333368879228,0.0903884357675524,6.666311207714715,9.611564232447575,0.140418817501389,0.0133661906384884,0.8107724904913857,,0.0,0.0,,,,,,
moderate,0.1,13,2013,7fe456a139bdd337c4ea52ff50758ac0b7e92ac16da18e70424f2c30b0252f44,80,20,0;0.12121212;0.24242424;0.36363636;0.60606061;0.72727273;0.84848485;0.96969697;1.3333333;1.4545455;1.5757576;1.6969697;1.8181818;1.9393939;2.0606061;2.3030303;2.4242424;2.5454545;2.6666667;2.7878788;2.9090909;3.1515152;3.2727273;3.3939394;3.5151515;3.6363636;3.7575758;3.8787879;4;4.1212121;4.2424242;4.3636364;4.4848485;4.6060606;4.7272727;4.8484848;5.0909091;5.3333333;5.4545455;5.6969697;5.8181818;6.1818182;6.4242424;6.5454545;6.6666667;6.7878788;7.1515152;7.3939394;7.5151515;7.6363636;7.8787879;8;8.1212121;8.2424242;8.4848485;8.6060606;8.7272727;8.8484848;8.969697;9.0909091;9.2121212;9.3333333;9.4545455;9.5757576;9.6969697;9.9393939;10.060606;10.181818;10.30303;10.424242;10.545455;10.666667;10.787879;10.909091;11.151515;11.272727;11.515152;11.757576;11.878788;12,0.48484848;1.0909091;1.2121212;2.1818182;3.030303;4.969697;5.2121212;5.5757576;5.9393939;6.0606061;6.3030303;6.9090909;7.030303;7.2727273;7.7575758;8.3636364;9.8181818;11.030303;11.393939;11.636364,NN,,,,,0.1426402813818244,0.025740285264342,0.0098751052344457,,0.0,,,,,,,
moderate,0.1,13,2013,7fe456a139bdd337c4ea52ff50758ac0b7e92ac16da18e70424f2c30b0252f44,80,20,0;0.12121212;0.24242424;0.36363636;0.60606061;0.72727273;0.84848485;0.96969697;1.3333333;1.4545455;1.5757576;1.6969697;1.8181818;1.9393939;2.0606061;2.3030303;2.4242424;2.5454545;2.6666667;2.7878788;2.9090909;3.1515152;3.2727273;3.3939394;3.5151515;3.6363636;3.7575758;3.8787879;4;4.1212121;4.2424242;4.3636364;4.4848485;4.6060606;4.7272727;4.8484848;5.0909091;5.3333333;5.4545455;5.6969697;5.8181818;6.1818182;6.4242424;6.5454545;6.6666667;6.7878788;7.1515152;7.3939394;7.5151515;7.6363636;7.8787879;8;8.1212121;8.2424242;8.4848485;8.6060606;8.7272727;8.8484848;8.969697;9.0909091;9.2121212;9.3333333;9.4545455;9.5757576;9.6969697;9.9393939;10.060606;10.181818;10.30303;10.424242;10.545455;10.666667;10.787879;10.909091;11.151515;11.272727;11.515152;11.757576;11.878788;12,0.48484848;1.0909091;1.2121212;2.1818182;3.030303;4.969697;5.2121212;5.5757576;5.9393939;6.0606061;6.3030303;6.9090909;7.030303;7.2727273;7.7575758;8.3636364;9.8181818;11.030303;11.393939;11.636364,PINN,0.000844481658394,0.0717564115335395,15.551834160594948,28.243588466460512,0.1399429476332303,0.0133933975344557,0.003078439262278,2.0,0.0,0.0195631405261823,0.0027161939039607,0.000489544809512,0.0088762210487669,0.003845478981663,0.0054805137426564,0.006253270085762
moderate,0.1,14,2014,7fe456a139bdd337c4ea52ff50758ac0b7e92ac16da18e70424f2c30b0252f44,80,20,0;0.24242424;0.36363636;0.48484848;0.60606061;0.84848485;0.96969697;1.0909091;1.2121212;1.3333333;1.6969697;1.8181818;1.9393939;2.0606061;2.1818182;2.4242424;2.6666667;2.9090909;3.030303;3.1515152;3.2727273;3.6363636;3.7575758;3.8787879;4;4.1212121;4.2424242;4.3636364;4.4848485;4.6060606;4.7272727;4.8484848;4.969697;5.0909091;5.3333333;5.4545455;5.6969697;5.8181818;6.0606061;6.1818182;6.3030303;6.4242424;6.6666667;6.7878788;7.030303;7.1515152;7.2727273;7.3939394;7.5151515;7.6363636;7.7575758;7.8787879;8;8.2424242;8.3636364;8.4848485;8.6060606;8.7272727;8.8484848;8.969697;9.0909091;9.3333333;9.4545455;9.5757576;9.8181818;9.9393939;10.060606;10.181818;10.30303;10.545455;10.666667;10.787879;10.909091;11.151515;11.272727;11.515152;11.636364;11.757576;11.878788;12,0.12121212;0.72727273;1.4545455;1.5757576;2.3030303;2.5454545;2.7878788;3.3939394;3.5151515;5.2121212;5.5757576;5.9393939;6.5454545;6.9090909;8.1212121;9.2121212;9.6969697;10.424242;11.030303;11.393939,NLLS,0.0009766045420411,0.1088399112412777,2.339545795886122,8.83991124127772,0.1234960123291094,0.0122831957236081,0.8773804845750341,,0.0,0.0,,,,,,
moderate,0.1,14,2014,7fe456a139bdd337c4ea52ff50758ac0b7e92ac16da18e70424f2c30b0252f44,80,20,0;0.24242424;0.36363636;0.48484848;0.60606061;0.84848485;0.96969697;1.0909091;1.2121212;1.3333333;1.6969697;1.8181818;1.9393939;2.0606061;2.1818182;2.4242424;2.6666667;2.9090909;3.030303;3.1515152;3.2727273;3.6363636;3.7575758;3.8787879;4;4.1212121;4.2424242;4.3636364;4.4848485;4.6060606;4.7272727;4.8484848;4.969697;5.0909091;5.3333333;5.4545455;5.6969697;5.8181818;6.0606061;6.1818182;6.3030303;6.4242424;6.6666667;6.7878788;7.030303;7.1515152;7.2727273;7.3939394;7.5151515;7.6363636;7.7575758;7.8787879;8;8.2424242;8.3636364;8.4848485;8.6060606;8.7272727;8.8484848;8.969697;9.0909091;9.3333333;9.4545455;9.5757576;9.8181818;9.9393939;10.060606;10.181818;10.30303;10.545455;10.666667;10.787879;10.909091;11.151515;11.272727;11.515152;11.636364;11.757576;11.878788;12,0.12121212;0.72727273;1.4545455;1.5757576;2.3030303;2.5454545;2.7878788;3.3939394;3.5151515;5.2121212;5.5757576;5.9393939;6.5454545;6.9090909;8.1212121;9.2121212;9.6969697;10.424242;11.030303;11.393939,NN,,,,,0.1357475397402097,0.0320812748774079,0.0094977301698984,,0.0,,,,,,,
moderate,0.1,14,2014,7fe456a139bdd337c4ea52ff50758ac0b7e92ac16da18e70424f2c30b0252f44,80,20,0;0.24242424;0.36363636;0.48484848;0.60606061;0.84848485;0.96969697;1.0909091;1.2121212;1.3333333;1.6969697;1.8181818;1.9393939;2.0606061;2.1818182;2.4242424;2.6666667;2.9090909;3.030303;3.1515152;3.2727273;3.6363636;3.7575758;3.8787879;4;4.1212121;4.2424242;4.3636364;4.4848485;4.6060606;4.7272727;4.8484848;4.969697;5.0909091;5.3333333;5.4545455;5.6969697;5.8181818;6.0606061;6.1818182;6.3030303;6.4242424;6.6666667;6.7878788;7.030303;7.1515152;7.2727273;7.3939394;7.5151515;7.6363636;7.7575758;7.8787879;8;8.2424242;8.3636364;8.4848485;8.6060606;8.7272727;8.8484848;8.969697;9.0909091;9.3333333;9.4545455;9.5757576;9.8181818;9.9393939;10.060606;10.181818;10.30303;10.545455;10.666667;10.787879;10.909091;11.151515;11.272727;11.515152;11.636364;11.757576;11.878788;12,0.12121212;0.72727273;1.4545455;1.5757576;2.3030303;2.5454545;2.7878788;3.3939394;3.5151515;5.2121212;5.5757576;5.9393939;6.5454545;6.9090909;8.1212121;9.2121212;9.6969697;10.424242;11.030303;11.393939,PINN,0.0009345546826383,0.1024223835389565,6.544531736166714,2.4223835389564963,0.123703598871534,0.0118920863773401,0.0032826849707831,2.0,0.0,0.0085749896489586,0.004166847465623,0.0006339104420469,0.009015374655396,0.0058756380059012,0.0048752963016552,0.0027105591907414
moderate,0.1,15,2015,7fe456a139bdd337c4ea52ff50758ac0b7e92ac16da18e70424f2c30b0252f44,80,20,0;0.12121212;0.24242424;0.36363636;0.48484848;0.60606061;0.72727273;0.84848485;1.0909091;1.2121212;1.3333333;1.4545455;1.5757576;1.6969697;1.8181818;1.9393939;2.0606061;2.1818182;2.3030303;2.4242424;2.7878788;2.9090909;3.030303;3.1515152;3.3939394;3.5151515;3.6363636;3.7575758;3.8787879;4.1212121;4.2424242;4.3636364;4.4848485;4.6060606;4.7272727;4.8484848;4.969697;5.2121212;5.3333333;5.4545455;5.5757576;5.6969697;5.8181818;5.9393939;6.0606061;6.3030303;6.4242424;6.5454545;6.6666667;6.7878788;7.030303;7.1515152;7.3939394;7.6363636;7.8787879;8;8.1212121;8.2424242;8.7272727;8.8484848;8.969697;9.0909091;9.2121212;9.3333333;9.5757576;9.6969697;9.9393939;10.060606;10.181818;10.30303;10.545455;10.787879;10.909091;11.030303;11.151515;11.272727;11.393939;11.757576;11.878788;12,0.96969697;2.5454545;2.6666667;3.2727273;4;5.0909091;6.1818182;6.9090909;7.2727273;7.5151515;7.7575758;8.3636364;8.4848485;8.6060606;9.4545455;9.8181818;10.424242;10.666667;11.515152;11.636364,NLLS,0.0010042237882001,0.125711271223757,0.4223788200136136,25.71127122375707,0.0945213094625932,0.0282727609642878,0.6108732113329455,,0.0,0.0,,,,,,
moderate,0.1,15,2015,7fe456a139bdd337c4ea52ff50758ac0b7e92ac16da18e70424f2c30b0252f44,80,20,0;0.12121212;0.24242424;0.36363636;0.48484848;0.60606061;0.72727273;0.84848485;1.0909091;1.2121212;1.3333333;1.4545455;1.5757576;1.6969697;1.8181818;1.9393939;2.0606061;2.1818182;2.3030303;2.4242424;2.7878788;2.9090909;3.030303;3.1515152;3.3939394;3.5151515;3.6363636;3.7575758;3.8787879;4.1212121;4.2424242;4.3636364;4.4848485;4.6060606;4.7272727;4.8484848;4.969697;5.2121212;5.3333333;5.4545455;5.5757576;5.6969697;5.8181818;5.9393939;6.0606061;6.3030303;6.4242424;6.5454545;6.6666667;6.7878788;7.030303;7.1515152;7.3939394;7.6363636;7.8787879;8;8.1212121;8.2424242;8.7272727;8.8484848;8.969697;9.0909091;9.2121212;9.3333333;9.5757576;9.6969697;9.9393939;10.060606;10.181818;10.30303;10.545455;10.787879;10.909091;11.030303;11.151515;11.272727;11.393939;11.757576;11.878788;12,0.96969697;2.5454545;2.6666667;3.2727273;4;5.0909091;6.1818182;6.9090909;7.2727273;7.5151515;7.7575758;8.3636364;8.4848485;8.6060606;9.4545455;9.8181818;10.424242;10.666667;11.515152;11.636364,NN,,,,,0.1008870536527727,0.0390760278698956,0.0072563652365906,,0.0,,,,,,,
moderate,0.1,15,2015,7fe456a139bdd337c4ea52ff50758ac0b7e92ac16da18e70424f2c30b0252f44,80,20,0;0.12121212;0.24242424;0.36363636;0.48484848;0.60606061;0.72727273;0.84848485;1.0909091;1.2121212;1.3333333;1.4545455;1.5757576;1.6969697;1.8181818;1.9393939;2.0606061;2.1818182;2.3030303;2.4242424;2.7878788;2.9090909;3.030303;3.1515152;3.3939394;3.5151515;3.6363636;3.7575758;3.8787879;4.1212121;4.2424242;4.3636364;4.4848485;4.6060606;4.7272727;4.8484848;4.969697;5.2121212;5.3333333;5.4545455;5.5757576;5.6969697;5.8181818;5.9393939;6.0606061;6.3030303;6.4242424;6.5454545;6.6666667;6.7878788;7.030303;7.1515152;7.3939394;7.6363636;7.8787879;8;8.1212121;8.2424242;8.7272727;8.8484848;8.969697;9.0909091;9.2121212;9.3333333;9.5757576;9.6969697;9.9393939;10.060606;10.181818;10.30303;10.545455;10.787879;10.909091;11.030303;11.151515;11.272727;11.393939;11.757576;11.878788;12,0.96969697;2.5454545;2.6666667;3.2727273;4;5.0909091;6.1818182;6.9090909;7.2727273;7.5151515;7.7575758;8.3636364;8.4848485;8.6060606;9.4545455;9.8181818;10.424242;10.666667;11.515152;11.636364,PINN,0.00101866246858,0.1251599310316238,1.8662468580027405,25.159931031623863,0.0965666976623337,0.028144451624446,0.0022747882977206,2.0,0.0,0.0076270961251694,0.0023259362265166,0.0005504550189945,0.0059274822460999,0.0038267977840107,0.0028386862124438,0.0014580907404937
moderate,0.1,16,2016,7fe456a139bdd337c4ea52ff50758ac0b7e92ac16da18e70424f2c30b0252f44,80,20,0;0.12121212;0.36363636;0.48484848;0.72727273;0.84848485;0.96969697;1.0909091;1.2121212;1.3333333;1.4545455;1.5757576;1.6969697;1.8181818;1.9393939;2.3030303;2.4242424;2.5454545;2.6666667;2.7878788;2.9090909;3.030303;3.1515152;3.5151515;3.6363636;3.8787879;4;4.1212121;4.2424242;4.3636364;4.4848485;4.6060606;4.7272727;5.0909091;5.2121212;5.3333333;5.4545455;5.5757576;5.6969697;5.8181818;5.9393939;6.1818182;6.3030303;6.4242424;6.5454545;6.6666667;7.030303;7.1515152;7.2727273;7.3939394;7.5151515;7.6363636;7.7575758;7.8787879;8;8.2424242;8.3636364;8.4848485;8.6060606;8.7272727;8.8484848;8.969697;9.0909091;9.2121212;9.3333333;9.4545455;9.5757576;9.6969697;10.060606;10.181818;10.666667;10.787879;10.909091;11.030303;11.151515;11.393939;11.515152;11.757576;11.878788;12,0.24242424;0.60606061;2.0606061;2.1818182;3.2727273;3.3939394;3.7575758;4.8484848;4.969697;6.0606061;6.7878788;6.9090909;8.1212121;9.8181818;9.9393939;10.30303;10.424242;10.545455;11.272727;11.636364,NLLS,0.0010115820068144,0.1055731804630459,1.1582006814460533,5.573180463045957,0.0972850736660585,0.0047278312849962,0.8741186065257817,,0.0,0.0,,,,,,
moderate,0.1,16,2016,7fe456a139bdd337c4ea52ff50758ac0b7e92ac16da18e70424f2c30b0252f44,80,20,0;0.12121212;0.36363636;0.48484848;0.72727273;0.84848485;0.96969697;1.0909091;1.2121212;1.3333333;1.4545455;1.5757576;1.6969697;1.8181818;1.9393939;2.3030303;2.4242424;2.5454545;2.6666667;2.7878788;2.9090909;3.030303;3.1515152;3.5151515;3.6363636;3.8787879;4;4.1212121;4.2424242;4.3636364;4.4848485;4.6060606;4.7272727;5.0909091;5.2121212;5.3333333;5.4545455;5.5757576;5.6969697;5.8181818;5.9393939;6.1818182;6.3030303;6.4242424;6.5454545;6.6666667;7.030303;7.1515152;7.2727273;7.3939394;7.5151515;7.6363636;7.7575758;7.8787879;8;8.2424242;8.3636364;8.4848485;8.6060606;8.7272727;8.8484848;8.969697;9.0909091;9.2121212;9.3333333;9.4545455;9.5757576;9.6969697;10.060606;10.181818;10.666667;10.787879;10.909091;11.030303;11.151515;11.393939;11.515152;11.757576;11.878788;12,0.24242424;0.60606061;2.0606061;2.1818182;3.2727273;3.3939394;3.7575758;4.8484848;4.969697;6.0606061;6.7878788;6.9090909;8.1212121;9.8181818;9.9393939;10.30303;10.424242;10.545455;11.272727;11.636364,NN,,,,,0.1022894366176911,0.0388852264175475,0.0097740616727633,,0.0,,,,,,,
moderate,0.1,16,2016,7fe456a139bdd337c4ea52ff50758ac0b7e92ac16da18e70424f2c30b0252f44,80,20,0;0.12121212;0.36363636;0.48484848;0.72727273;0.84848485;0.96969697;1.0909091;1.2121212;1.3333333;1.4545455;1.5757576;1.6969697;1.8181818;1.9393939;2.3030303;2.4242424;2.5454545;2.6666667;2.7878788;2.9090909;3.030303;3.1515152;3.5151515;3.6363636;3.8787879;4;4.1212121;4.2424242;4.3636364;4.4848485;4.6060606;4.7272727;5.0909091;5.2121212;5.3333333;5.4545455;5.5757576;5.6969697;5.8181818;5.9393939;6.1818182;6.3030303;6.4242424;6.5454545;6.6666667;7.030303;7.1515152;7.2727273;7.3939394;7.5151515;7.6363636;7.7575758;7.8787879;8;8.2424242;8.3636364;8.4848485;8.6060606;8.7272727;8.8484848;8.969697;9.0909091;9.2121212;9.3333333;9.4545455;9.5757576;9.6969697;10.060606;10.181818;10.666667;10.787879;10.909091;11.030303;11.151515;11.393939;11.515152;11.757576;11.878788;12,0.24242424;0.60606061;2.0606061;2.1818182;3.2727273;3.3939394;3.7575758;4.8484848;4.969697;6.0606061;6.7878788;6.9090909;8.1212121;9.8181818;9.9393939;10.30303;10.424242;10.545455;11.272727;11.636364,PINN,0.0010396792225821,0.1051513811329672,3.967922258218493,5.151381132967225,0.0985481960354056,0.0108861142422497,0.0032281392527988,2.0,0.0,0.0132183213819076,0.0102879682910713,0.0006063213093898,0.0081303145784252,0.0046739212387686,0.0047998702875936,0.0008063774364246
moderate,0.1,17,2017,7fe456a139bdd337c4ea52ff50758ac0b7e92ac16da18e70424f2c30b0252f44,80,20,0;0.12121212;0.36363636;0.48484848;0.60606061;0.72727273;0.84848485;0.96969697;1.0909091;1.2121212;1.3333333;1.6969697;1.8181818;1.9393939;2.0606061;2.1818182;2.3030303;2.4242424;2.5454545;2.6666667;2.7878788;3.030303;3.1515152;3.2727273;3.3939394;3.6363636;3.7575758;3.8787879;4;4.1212121;4.2424242;4.7272727;4.969697;5.0909091;5.4545455;5.5757576;5.6969697;5.8181818;6.0606061;6.1818182;6.3030303;6.5454545;6.6666667;6.7878788;6.9090909;7.030303;7.2727273;7.3939394;7.5151515;7.6363636;7.7575758;8;8.2424242;8.3636364;8.4848485;8.6060606;8.7272727;8.8484848;9.2121212;9.3333333;9.4545455;9.6969697;9.8181818;9.9393939;10.060606;10.30303;10.424242;10.545455;10.666667;10.787879;10.909091;11.030303;11.151515;11.272727;11.393939;11.515152;11.636364;11.757576;11.878788;12,0.24242424;1.4545455;1.5757576;2.9090909;3.5151515;4.3636364;4.4848485;4.6060606;4.8484848;5.2121212;5.3333333;5.9393939;6.4242424;7.1515152;7.8787879;8.1212121;8.969697;9.0909091;9.5757576;10.181818,NLLS,0.0010399835100022,0.0947853831384655,3.998351000220723,5.214616861534472,0.0822625336432831,0.0141865407749707,0.6456254207589499,,0.0,0.0,,,,,,
moderate,0.1,17,2017,7fe456a139bdd337c4ea52ff50758ac0b7e92ac16da18e70424f2c30b0252f44,80,20,0;0.12121212;0.36363636;0.48484848;0.60606061;0.72727273;0.84848485;0.96969697;1.0909091;1.2121212;1.3333333;1.6969697;1.8181818;1.9393939;2.0606061;2.1818182;2.3030303;2.4242424;2.5454545;2.6666667;2.7878788;3.030303;3.1515152;3.2727273;3.3939394;3.6363636;3.7575758;3.8787879;4;4.1212121;4.2424242;4.7272727;4.969697;5.0909091;5.4545455;5.5757576;5.6969697;5.8181818;6.0606061;6.1818182;6.3030303;6.5454545;6.6666667;6.7878788;6.9090909;7.030303;7.2727273;7.3939394;7.5151515;7.6363636;7.7575758;8;8.2424242;8.3636364;8.4848485;8.6060606;8.7272727;8.8484848;9.2121212;9.3333333;9.4545455;9.6969697;9.8181818;9.9393939;10.060606;10.30303;10.424242;10.545455;10.666667;10.787879;10.909091;11.030303;11.151515;11.272727;11.393939;11.515152;11.636364;11.757576;11.878788;12,0.24242424;1.4545455;1.5757576;2.9090909;3.5151515;4.3636364;4.4848485;4.6060606;4.8484848;5.2121212;5.3333333;5.9393939;6.4242424;7.1515152;7.8787879;8.1212121;8.969697;9.0909091;9.5757576;10.181818,NN,,,,,0.0881349224146963,0.0245564165720778,0.0075438253780695,,0.0,,,,,,,
moderate,0.1,17,2017,7fe456a139bdd337c4ea52ff50758ac0b7e92ac16da18e70424f2c30b0252f44,80,20,0;0.12121212;0.36363636;0.48484848;0.60606061;0.72727273;0.84848485;0.96969697;1.0909091;1.2121212;1.3333333;1.6969697;1.8181818;1.9393939;2.0606061;2.1818182;2.3030303;2.4242424;2.5454545;2.6666667;2.7878788;3.030303;3.1515152;3.2727273;3.3939394;3.6363636;3.7575758;3.8787879;4;4.1212121;4.2424242;4.7272727;4.969697;5.0909091;5.4545455;5.5757576;5.6969697;5.8181818;6.0606061;6.1818182;6.3030303;6.5454545;6.6666667;6.7878788;6.9090909;7.030303;7.2727273;7.3939394;7.5151515;7.6363636;7.7575758;8;8.2424242;8.3636364;8.4848485;8.6060606;8.7272727;8.8484848;9.2121212;9.3333333;9.4545455;9.6969697;9.8181818;9.9393939;10.060606;10.30303;10.424242;10.545455;10.666667;10.787879;10.909091;11.030303;11.151515;11.272727;11.393939;11.515152;11.636364;11.757576;11.878788;12,0.24242424;1.4545455;1.5757576;2.9090909;3.5151515;4.3636364;4.4848485;4.6060606;4.8484848;5.2121212;5.3333333;5.9393939;6.4242424;7.1515152;7.8787879;8.1212121;8.969697;9.0909091;9.5757576;10.181818,PINN,0.0009790822286201,0.0810655260605899,2.0917771379872607,18.93447393941008,0.0815027774603597,0.0142867839669051,0.0024287765851184,2.0,0.0,0.0131723126189871,0.0062869825959944,0.0011783030288001,0.0080665734852891,0.0059167447200266,0.0069691840837605,0.0013194179664051
moderate,0.1,18,2018,7fe456a139bdd337c4ea52ff50758ac0b7e92ac16da18e70424f2c30b0252f44,80,20,0;0.12121212;0.24242424;0.36363636;0.48484848;0.60606061;0.72727273;0.84848485;1.3333333;1.4545455;1.5757576;1.6969697;1.8181818;1.9393939;2.1818182;2.3030303;2.4242424;2.6666667;2.7878788;2.9090909;3.030303;3.1515152;3.2727273;3.3939394;3.6363636;3.7575758;3.8787879;4;4.3636364;4.4848485;4.6060606;4.7272727;4.8484848;4.969697;5.0909091;5.2121212;5.3333333;5.5757576;5.6969697;5.8181818;5.9393939;6.0606061;6.1818182;6.3030303;6.4242424;6.5454545;6.6666667;6.7878788;6.9090909;7.030303;7.1515152;7.2727273;7.3939394;7.7575758;8;8.1212121;8.2424242;8.3636364;8.4848485;8.6060606;8.7272727;8.969697;9.0909091;9.2121212;9.3333333;9.4545455;9.5757576;9.6969697;9.8181818;9.9393939;10.181818;10.30303;10.666667;10.909091;11.030303;11.151515;11.272727;11.393939;11.515152;11.636364,0.96969697;1.0909091;1.2121212;2.0606061;2.5454545;3.5151515;4.1212121;4.2424242;5.4545455;7.5151515;7.6363636;7.8787879;8.8484848;10.060606;10.424242;10.545455;10.787879;11.757576;11.878788;12,NLLS,0.0009505793353586,0.0830059854891585,4.942066464137652,16.994014510841502,0.1320705985012019,0.0165577121548989,0.7463030540013444,,0.0,0.0,,,,,,
moderate,0.1,18,2018,7fe456a139bdd337c4ea52ff50758ac0b7e92ac16da18e70424f2c30b0252f44,80,20,0;0.12121212;0.24242424;0.36363636;0.48484848;0.60606061;0.72727273;0.84848485;1.3333333;1.4545455;1.5757576;1.6969697;1.8181818;1.9393939;2.1818182;2.3030303;2.4242424;2.6666667;2.7878788;2.9090909;3.030303;3.1515152;3.2727273;3.3939394;3.6363636;3.7575758;3.8787879;4;4.3636364;4.4848485;4.6060606;4.7272727;4.8484848;4.969697;5.0909091;5.2121212;5.3333333;5.5757576;5.6969697;5.8181818;5.9393939;6.0606061;6.1818182;6.3030303;6.4242424;6.5454545;6.6666667;6.7878788;6.9090909;7.030303;7.1515152;7.2727273;7.3939394;7.7575758;8;8.1212121;8.2424242;8.3636364;8.4848485;8.6060606;8.7272727;8.969697;9.0909091;9.2121212;9.3333333;9.4545455;9.5757576;9.6969697;9.8181818;9.9393939;10.181818;10.30303;10.666667;10.909091;11.030303;11.151515;11.272727;11.393939;11.515152;11.636364,0.96969697;1.0909091;1.2121212;2.0606061;2.5454545;3.5151515;4.1212121;4.2424242;5.4545455;7.5151515;7.6363636;7.8787879;8.8484848;10.060606;10.424242;10.545455;10.787879;11.757576;11.878788;12,NN,,,,,0.1345904046922429,0.0319783788207229,0.0089173382537791,,0.0,,,,,,,
moderate,0.1,18,2018,7fe456a139bdd337c4ea52ff50758ac0b7e92ac16da18e70424f2c30b0252f44,80,20,0;0.12121212;0.24242424;0.36363636;0.48484848;0.60606061;0.72727273;0.84848485;1.3333333;1.4545455;1.5757576;1.6969697;1.8181818;1.9393939;2.1818182;2.3030303;2.4242424;2.6666667;2.7878788;2.9090909;3.030303;3.1515152;3.2727273;3.3939394;3.6363636;3.7575758;3.8787879;4;4.3636364;4.4848485;4.6060606;4.7272727;4.8484848;4.969697;5.0909091;5.2121212;5.3333333;5.5757576;5.6969697;5.8181818;5.9393939;6.0606061;6.1818182;6.3030303;6.4242424;6.5454545;6.6666667;6.7878788;6.9090909;7.030303;7.1515152;7.2727273;7.3939394;7.7575758;8;8.1212121;8.2424242;8.3636364;8.4848485;8.6060606;8.7272727;8.969697;9.0909091;9.2121212;9.3333333;9.4545455;9.5757576;9.6969697;9.8181818;9.9393939;10.181818;10.30303;10.666667;10.909091;11.030303;11.151515;11.272727;11.393939;11.515152;11.636364,0.96969697;1.0909091;1.2121212;2.0606061;2.5454545;3.5151515;4.1212121;4.2424242;5.4545455;7.5151515;7.6363636;7.8787879;8.8484848;10.060606;10.424242;10.545455;10.787879;11.757576;11.878788;12,PINN,0.0009042012684372,0.077054396539692,9.579873156270793,22.945603460307986,0.1342146508122741,0.0193611291364169,0.0027894837800078,2.0,0.0,0.0117673229682799,0.0038707236292995,0.001984307399277,0.0072848962240527,0.0038790420862609,0.0043388723914736,0.0023535852744661
moderate,0.1,19,2019,7fe456a139bdd337c4ea52ff50758ac0b7e92ac16da18e70424f2c30b0252f44,80,20,0;0.24242424;0.36363636;0.48484848;0.60606061;0.72727273;0.84848485;0.96969697;1.0909091;1.2121212;1.3333333;1.4545455;1.5757576;1.6969697;1.8181818;2.0606061;2.1818182;2.4242424;2.5454545;2.6666667;2.9090909;3.030303;3.1515152;3.3939394;3.5151515;3.6363636;3.7575758;4;4.1212121;4.2424242;4.3636364;4.4848485;4.6060606;4.7272727;4.969697;5.0909091;5.3333333;5.4545455;5.5757576;5.9393939;6.0606061;6.1818182;6.3030303;6.5454545;6.6666667;6.7878788;6.9090909;7.030303;7.1515152;7.2727273;7.5151515;7.6363636;7.7575758;7.8787879;8;8.3636364;8.6060606;8.7272727;8.8484848;9.0909091;9.2121212;9.3333333;9.4545455;9.6969697;9.8181818;9.9393939;10.060606;10.181818;10.424242;10.545455;10.666667;10.787879;11.030303;11.151515;11.272727;11.393939;11.515152;11.636364;11.757576;12,0.12121212;1.9393939;2.3030303;2.7878788;3.2727273;3.8787879;4.8484848;5.2121212;5.6969697;5.8181818;6.4242424;7.3939394;8.1212121;8.2424242;8.4848485;8.969697;9.5757576;10.30303;10.909091;11.878788,NLLS,0.0009061015170951,0.0951184256836392,9.389848290484714,4.881574316360737,0.0964633625994698,0.0220653428336111,0.653726936665266,,0.0,0.0,,,,,,
moderate,0.1,19,2019,7fe456a139bdd337c4ea52ff50758ac0b7e92ac16da18e70424f2c30b0252f44,80,20,0;0.24242424;0.36363636;0.48484848;0.60606061;0.72727273;0.84848485;0.96969697;1.0909091;1.2121212;1.3333333;1.4545455;1.5757576;1.6969697;1.8181818;2.0606061;2.1818182;2.4242424;2.5454545;2.6666667;2.9090909;3.030303;3.1515152;3.3939394;3.5151515;3.6363636;3.7575758;4;4.1212121;4.2424242;4.3636364;4.4848485;4.6060606;4.7272727;4.969697;5.0909091;5.3333333;5.4545455;5.5757576;5.9393939;6.0606061;6.1818182;6.3030303;6.5454545;6.6666667;6.7878788;6.9090909;7.030303;7.1515152;7.2727273;7.5151515;7.6363636;7.7575758;7.8787879;8;8.3636364;8.6060606;8.7272727;8.8484848;9.0909091;9.2121212;9.3333333;9.4545455;9.6969697;9.8181818;9.9393939;10.060606;10.181818;10.424242;10.545455;10.666667;10.787879;11.030303;11.151515;11.272727;11.393939;11.515152;11.636364;11.757576;12,0.12121212;1.9393939;2.3030303;2.7878788;3.2727273;3.8787879;4.8484848;5.2121212;5.6969697;5.8181818;6.4242424;7.3939394;8.1212121;8.2424242;8.4848485;8.969697;9.5757576;10.30303;10.909091;11.878788,NN,,,,,0.0977125178798179,0.0341683193284376,0.0075780639135569,,0.0,,,,,,,
moderate,0.1,19,2019,7fe456a139bdd337c4ea52ff50758ac0b7e92ac16da18e70424f2c30b0252f44,80,20,0;0.24242424;0.36363636;0.48484848;0.60606061;0.72727273;0.84848485;0.96969697;1.0909091;1.2121212;1.3333333;1.4545455;1.5757576;1.6969697;1.8181818;2.0606061;2.1818182;2.4242424;2.5454545;2.6666667;2.9090909;3.030303;3.1515152;3.3939394;3.5151515;3.6363636;3.7575758;4;4.1212121;4.2424242;4.3636364;4.4848485;4.6060606;4.7272727;4.969697;5.0909091;5.3333333;5.4545455;5.5757576;5.9393939;6.0606061;6.1818182;6.3030303;6.5454545;6.6666667;6.7878788;6.9090909;7.030303;7.1515152;7.2727273;7.5151515;7.6363636;7.7575758;7.8787879;8;8.3636364;8.6060606;8.7272727;8.8484848;9.0909091;9.2121212;9.3333333;9.4545455;9.6969697;9.8181818;9.9393939;10.060606;10.181818;10.424242;10.545455;10.666667;10.787879;11.030303;11.151515;11.272727;11.393939;11.515152;11.636364;11.757576;12,0.12121212;1.9393939;2.3030303;2.7878788;3.2727273;3.8787879;4.8484848;5.2121212;5.6969697;5.8181818;6.4242424;7.3939394;8.1212121;8.2424242;8.4848485;8.969697;9.5757576;10.30303;10.909091;11.878788,PINN,0.0008508412033951,0.0823314793725495,14.915879660482023,17.6685206274505,0.09624534059823,0.0232435897082852,0.0024444167693084,2.0,0.0,0.0120558892098486,0.0075234243556497,0.0007867990110309,0.0102063139226524,0.0039340329776498,0.0052337806593546,0.0024092415324781
moderate,0.1,20,2020,7fe456a139bdd337c4ea52ff50758ac0b7e92ac16da18e70424f2c30b0252f44,80,20,0;0.12121212;0.24242424;0.48484848;0.60606061;0.84848485;0.96969697;1.0909091;1.2121212;1.3333333;1.5757576;1.6969697;1.8181818;1.9393939;2.0606061;2.1818182;2.3030303;2.4242424;2.5454545;2.6666667;2.7878788;3.030303;3.1515152;3.3939394;3.5151515;3.6363636;3.7575758;3.8787879;4.1212121;4.2424242;4.3636364;4.4848485;4.7272727;4.8484848;4.969697;5.0909091;5.2121212;5.4545455;5.6969697;5.8181818;5.9393939;6.1818182;6.3030303;6.4242424;6.5454545;6.6666667;6.7878788;6.9090909;7.030303;7.2727273;7.5151515;7.6363636;7.7575758;7.8787879;8;8.2424242;8.4848485;8.7272727;8.969697;9.0909091;9.2121212;9.3333333;9.4545455;9.5757576;9.6969697;9.8181818;9.9393939;10.060606;10.181818;10.30303;10.424242;10.545455;10.787879;10.909091;11.030303;11.272727;11.515152;11.636364;11.757576;12,0.36363636;0.72727273;1.4545455;2.9090909;3.2727273;4;4.6060606;5.3333333;5.5757576;6.0606061;7.1515152;7.3939394;8.1212121;8.3636364;8.6060606;8.8484848;10.666667;11.151515;11.393939;11.878788,NLLS,0.0009466391130084,0.0984181406134889,5.336088699150265,1.5818593865110198,0.0952086999892155,0.0135594831917076,0.951951650950716,,0.0,0.0,,,,,,
moderate,0.1,20,2020,7fe456a139bdd337c4ea52ff50758ac0b7e92ac16da18e70424f2c30b0252f44,80,20,0;0.12121212;0.24242424;0.48484848;0.60606061;0.84848485;0.96969697;1.0909091;1.2121212;1.3333333;1.5757576;1.6969697;1.8181818;1.9393939;2.0606061;2.1818182;2.3030303;2.4242424;2.5454545;2.6666667;2.7878788;3.030303;3.1515152;3.3939394;3.5151515;3.6363636;3.7575758;3.8787879;4.1212121;4.2424242;4.3636364;4.4848485;4.7272727;4.8484848;4.969697;5.0909091;5.2121212;5.4545455;5.6969697;5.8181818;5.9393939;6.1818182;6.3030303;6.4242424;6.5454545;6.6666667;6.7878788;6.9090909;7.030303;7.2727273;7.5151515;7.6363636;7.7575758;7.8787879;8;8.2424242;8.4848485;8.7272727;8.969697;9.0909091;9.2121212;9.3333333;9.4545455;9.5757576;9.6969697;9.8181818;9.9393939;10.060606;10.181818;10.30303;10.424242;10.545455;10.787879;10.909091;11.030303;11.272727;11.515152;11.636364;11.757576;12,0.36363636;0.72727273;1.4545455;2.9090909;3.2727273;4;4.6060606;5.3333333;5.5757576;6.0606061;7.1515152;7.3939394;8.1212121;8.3636364;8.6060606;8.8484848;10.666667;11.151515;11.393939;11.878788,NN,,,,,0.1153031439914951,0.0552780517748048,0.0095188908812235,,0.0,,,,,,,
moderate,0.1,20,2020,7fe456a139bdd337c4ea52ff50758ac0b7e92ac16da18e70424f2c30b0252f44,80,20,0;0.12121212;0.24242424;0.48484848;0.60606061;0.84848485;0.96969697;1.0909091;1.2121212;1.3333333;1.5757576;1.6969697;1.8181818;1.9393939;2.0606061;2.1818182;2.3030303;2.4242424;2.5454545;2.6666667;2.7878788;3.030303;3.1515152;3.3939394;3.5151515;3.6363636;3.7575758;3.8787879;4.1212121;4.2424242;4.3636364;4.4848485;4.7272727;4.8484848;4.969697;5.0909091;5.2121212;5.4545455;5.6969697;5.8181818;5.9393939;6.1818182;6.3030303;6.4242424;6.5454545;6.6666667;6.7878788;6.9090909;7.030303;7.2727273;7.5151515;7.6363636;7.7575758;7.8787879;8;8.2424242;8.4848485;8.7272727;8.969697;9.0909091;9.2121212;9.3333333;9.4545455;9.5757576;9.6969697;9.8181818;9.9393939;10.060606;10.181818;10.30303;10.424242;10.545455;10.787879;10.909091;11.030303;11.272727;11.515152;11.636364;11.757576;12,0.36363636;0.72727273;1.4545455;2.9090909;3.2727273;4;4.6060606;5.3333333;5.5757576;6.0606061;7.1515152;7.3939394;8.1212121;8.3636364;8.6060606;8.8484848;10.666667;11.151515;11.393939;11.878788,PINN,0.0008333373593854,0.0759104510829759,16.666264061453962,24.089548917024107,0.0984812557508022,0.0191156447858355,0.0035111477245703,2.0,0.0,0.0247504904035349,0.0027878559049808,0.0014556922755914,0.012265538910953,0.0048945473663094,0.009604176120923,0.007153167509514
