condition,scenario,initial_allocation,k,time_h,log_relative_abundance
ciprofloxacin,0.1%,stage1,1,0.0,0.0
ciprofloxacin,0.1%,stage1,1,0.025,-0.1130157892187955
ciprofloxacin,0.1%,stage1,1,0.05,-0.22601914633879974
ciprofloxacin,0.1%,stage1,1,0.07500000000000001,-0.3390087739106912
ciprofloxacin,0.1%,stage1,1,0.1,-0.45198323949699715
ciprofloxacin,0.1%,stage1,1,0.125,-0.5649409617195051
ciprofloxacin,0.1%,stage1,1,0.15000000000000002,-0.6778801948846833
ciprofloxacin,0.1%,stage1,1,0.17500000000000002,-0.7907990120466305
ciprofloxacin,0.1%,stage1,1,0.2,-0.9036952863541817
ciprofloxacin,0.1%,stage1,1,0.225,-1.0165666705149492
ciprofloxacin,0.1%,stage1,1,0.25,-1.129410574194246
ciprofloxacin,0.1%,stage1,1,0.275,-1.2422241391510271
ciprofloxacin,0.1%,stage1,1,0.30000000000000004,-1.3550042118962256
ciprofloxacin,0.1%,stage1,1,0.325,-1.4677473136411467
ciprofloxacin,0.1%,stage1,1,0.35000000000000003,-1.5804496072850898
ciprofloxacin,0.1%,stage1,1,0.375,-1.6931068611720703
ciprofloxacin,0.1%,stage1,1,0.4,-1.8057144093267887
ciprofloxacin,0.1%,stage1,1,0.42500000000000004,-1.9182671078598328
ciprofloxacin,0.1%,stage1,1,0.45,-2.030759287212086
ciprofloxacin,0.1%,stage1,1,0.47500000000000003,-2.143184699888666
ciprofloxacin,0.1%,stage1,1,0.5,-2.2555364633141886
ciprofloxacin,0.1%,stage1,1,0.525,-2.367806997424075
ciprofloxacin,0.1%,stage1,1,0.55,-2.4799879565926086
ciprofloxacin,0.1%,stage1,1,0.5750000000000001,-2.5920701554875003
ciprofloxacin,0.1%,stage1,1,0.6000000000000001,-2.7040434884353863
ciprofloxacin,0.1%,stage1,1,0.625,-2.81589684188367
ciprofloxacin,0.1%,stage1,1,0.65,-2.9276179995538367
ciprofloxacin,0.1%,stage1,1,0.675,-3.0391935399022207
ciprofloxacin,0.1%,stage1,1,0.7000000000000001,-3.150608725538843
ciprofloxacin,0.1%,stage1,1,0.7250000000000001,-3.261847384306643
ciprofloxacin,0.1%,stage1,1,0.75,-3.372891781796319
ciprofloxacin,0.1%,stage1,1,0.775,-3.483722485170266
ciprofloxacin,0.1%,stage1,1,0.8,-3.5943182182975333
ciprofloxacin,0.1%,stage1,1,0.8250000000000001,-3.7046557083667815
ciprofloxacin,0.1%,stage1,1,0.8500000000000001,-3.8147095243507674
ciprofloxacin,0.1%,stage1,1,0.875,-3.9244519079518487
ciprofloxacin,0.1%,stage1,1,0.9,-4.033852597968891
ciprofloxacin,0.1%,stage1,1,0.925,-4.142878649400137
ciprofloxacin,0.1%,stage1,1,0.9500000000000001,-4.251494249039571
ciprofloxacin,0.1%,stage1,1,0.9750000000000001,-4.359660529836184
ciprofloxacin,0.1%,stage1,1,1.0,-4.467335386897396
ciprofloxacin,0.1%,stage1,1,1.0250000000000001,-4.5744732986661445
ciprofloxacin,0.1%,stage1,1,1.05,-4.6810251575799136
ciprofloxacin,0.1%,stage1,1,1.075,-4.7869381153268735
ciprofloxacin,0.1%,stage1,1,1.1,-4.892155448697272
ciprofloxacin,0.1%,stage1,1,1.125,-4.996616452938355
ciprofloxacin,0.1%,stage1,1,1.1500000000000001,-5.100256370432243
ciprofloxacin,0.1%,stage1,1,1.175,-5.203006363382539
ciprofloxacin,0.1%,stage1,1,1.2000000000000002,-5.304793539959047
ciprofloxacin,0.1%,stage1,1,1.225,-5.405541043938544
ciprofloxacin,0.1%,stage1,1,1.25,-5.505168218207558
ciprofloxacin,0.1%,stage1,1,1.2750000000000001,-5.6035908524627915
ciprofloxacin,0.1%,stage1,1,1.3,-5.70072152495145
ciprofloxacin,0.1%,stage1,1,1.3250000000000002,-5.796470047030331
ciprofloxacin,0.1%,stage1,1,1.35,-5.890744017591071
ciprofloxacin,0.1%,stage1,1,1.375,-5.983449491920192
ciprofloxacin,0.1%,stage1,1,1.4000000000000001,-6.074491766292931
ciprofloxacin,0.1%,stage1,1,1.425,-6.163776275543509
ciprofloxacin,0.1%,stage1,1,1.4500000000000002,-6.251209596083429
ciprofloxacin,0.1%,stage1,1,1.475,-6.336700541501807
ciprofloxacin,0.1%,stage1,1,1.5,-6.4201613322113955
ciprofloxacin,0.1%,stage1,1,1.5250000000000001,-6.501508814919584
ciprofloxacin,0.1%,stage1,1,1.55,-6.580665702396234
ciprofloxacin,0.1%,stage1,1,1.5750000000000002,-6.6575617995158165
ciprofloxacin,0.1%,stage1,1,1.6,-6.732135178320382
ciprofloxacin,0.1%,stage1,1,1.625,-6.804333263294237
ciprofloxacin,0.1%,stage1,1,1.6500000000000001,-6.874113788484024
ciprofloxacin,0.1%,stage1,1,1.675,-6.9414455907295585
ciprofloxacin,0.1%,stage1,1,1.7000000000000002,-7.006309208099941
ciprofloxacin,0.1%,stage1,1,1.725,-7.068697259472237
ciprofloxacin,0.1%,stage1,1,1.75,-7.128614589665525
ciprofloxacin,0.1%,stage1,1,1.7750000000000001,-7.186078174105099
ciprofloxacin,0.1%,stage1,1,1.8,-7.241116786978365
ciprofloxacin,0.1%,stage1,1,1.8250000000000002,-7.293770446552262
ciprofloxacin,0.1%,stage1,1,1.85,-7.344089660072016
ciprofloxacin,0.1%,stage1,1,1.875,-7.392134497880781
ciprofloxacin,0.1%,stage1,1,1.9000000000000001,-7.437973531669935
ciprofloxacin,0.1%,stage1,1,1.925,-7.481682674859129
ciprofloxacin,0.1%,stage1,1,1.9500000000000002,-7.523343964004956
ciprofloxacin,0.1%,stage1,1,1.975,-7.563044318954074
ciprofloxacin,0.1%,stage1,1,2.0,-7.60087431656111
ciprofloxacin,0.1%,stage1,1,2.025,-7.636927008512348
ciprofloxacin,0.1%,stage1,1,2.0500000000000003,-7.671296808624137
ciprofloxacin,0.1%,stage1,1,2.075,-7.7040784693441475
ciprofloxacin,0.1%,stage1,1,2.1,-7.735366161481771
ciprofloxacin,0.1%,stage1,1,2.125,-7.765252665764991
ciprofloxacin,0.1%,stage1,1,2.15,-7.793828679917035
ciprofloxacin,0.1%,stage1,1,2.1750000000000003,-7.821182240733485
ciprofloxacin,0.1%,stage1,1,2.2,-7.847398257204578
ciprofloxacin,0.1%,stage1,1,2.225,-7.872558148086918
ciprofloxacin,0.1%,stage1,1,2.25,-7.8967395754473815
ciprofloxacin,0.1%,stage1,1,2.275,-7.920016264507668
ciprofloxacin,0.1%,stage1,1,2.3000000000000003,-7.942457899514623
ciprofloxacin,0.1%,stage1,1,2.325,-7.964130085243819
ciprofloxacin,0.1%,stage1,1,2.35,-7.985094364005786
ciprofloxacin,0.1%,stage1,1,2.375,-8.00540827856611
ciprofloxacin,0.1%,stage1,1,2.4000000000000004,-8.025125472124397
ciprofloxacin,0.1%,stage1,1,2.4250000000000003,-8.044295817347232
ciprofloxacin,0.1%,stage1,1,2.45,-8.062965567356226
ciprofloxacin,0.1%,stage1,1,2.475,-8.081177522486295
ciprofloxacin,0.1%,stage1,1,2.5,-8.09897120751621
ciprofloxacin,0.1%,stage1,1,2.5250000000000004,-8.11638305490877
ciprofloxacin,0.1%,stage1,1,2.5500000000000003,-8.133446590365715
ciprofloxacin,0.1%,stage1,1,2.575,-8.150192617694074
ciprofloxacin,0.1%,stage1,1,2.6,-8.166649400592704
ciprofloxacin,0.1%,stage1,1,2.625,-8.182842839500879
ciprofloxacin,0.1%,stage1,1,2.6500000000000004,-8.198796642108546
ciprofloxacin,0.1%,stage1,1,2.6750000000000003,-8.214532486515347
ciprofloxacin,0.1%,stage1,1,2.7,-8.230070176349235
ciprofloxacin,0.1%,stage1,1,2.725,-8.245427787422095
ciprofloxacin,0.1%,stage1,1,2.75,-8.260621805716287
ciprofloxacin,0.1%,stage1,1,2.7750000000000004,-8.275667256668962
ciprofloxacin,0.1%,stage1,1,2.8000000000000003,-8.290577825856653
ciprofloxacin,0.1%,stage1,1,2.825,-8.305365971286847
ciprofloxacin,0.1%,stage1,1,2.85,-8.32004302758084
ciprofloxacin,0.1%,stage1,1,2.875,-8.334619302388083
ciprofloxacin,0.1%,stage1,1,2.9000000000000004,-8.349104165410104
ciprofloxacin,0.1%,stage1,1,2.9250000000000003,-8.363506130435512
ciprofloxacin,0.1%,stage1,1,2.95,-8.377832930799435
ciprofloxacin,0.1%,stage1,1,2.975,-8.39209158868341
ciprofloxacin,0.1%,stage1,1,3.0,-8.406288478667461
ciprofloxacin,0.1%,stage1,1,3.0250000000000004,-8.42042938593639
ciprofloxacin,0.1%,stage1,1,3.0500000000000003,-8.43451955952862
ciprofloxacin,0.1%,stage1,1,3.075,-8.448563760999555
ciprofloxacin,0.1%,stage1,1,3.1,-8.46256630885308
ciprofloxacin,0.1%,stage1,1,3.125,-8.476531119075384
ciprofloxacin,0.1%,stage1,1,3.1500000000000004,-8.49046174208524
ciprofloxacin,0.1%,stage1,1,3.1750000000000003,-8.50436139639483
ciprofloxacin,0.1%,stage1,1,3.2,-8.518232999255261
ciprofloxacin,0.1%,stage1,1,3.225,-8.53207919454158
ciprofloxacin,0.1%,stage1,1,3.25,-8.545902378113398
ciprofloxacin,0.1%,stage1,1,3.2750000000000004,-8.559704720869323
ciprofloxacin,0.1%,stage1,1,3.3000000000000003,-8.573488189696539
ciprofloxacin,0.1%,stage1,1,3.325,-8.587254566500704
ciprofloxacin,0.1%,stage1,1,3.35,-8.601005465486468
ciprofloxacin,0.1%,stage1,1,3.375,-8.614742348844711
ciprofloxacin,0.1%,stage1,1,3.4000000000000004,-8.628466540989647
ciprofloxacin,0.1%,stage1,1,3.4250000000000003,-8.642179241476663
ciprofloxacin,0.1%,stage1,1,3.45,-8.655881536720623
ciprofloxacin,0.1%,stage1,1,3.475,-8.669574410623888
ciprofloxacin,0.1%,stage1,1,3.5,-8.68325875421379
ciprofloxacin,0.1%,stage1,1,3.5250000000000004,-8.696935374380466
ciprofloxacin,0.1%,stage1,1,3.5500000000000003,-8.710605001797854
ciprofloxacin,0.1%,stage1,1,3.575,-8.7242682981033
ciprofloxacin,0.1%,stage1,1,3.6,-8.737925862404357
ciprofloxacin,0.1%,stage1,1,3.625,-8.751578237175188
ciprofloxacin,0.1%,stage1,1,3.6500000000000004,-8.765225913599357
ciprofloxacin,0.1%,stage1,1,3.6750000000000003,-8.77886933641048
ciprofloxacin,0.1%,stage1,1,3.7,-8.792508908277663
ciprofloxacin,0.1%,stage1,1,3.725,-8.806144993778174
ciprofloxacin,0.1%,stage1,1,3.75,-8.819777922996021
ciprofloxacin,0.1%,stage1,1,3.7750000000000004,-8.833407994781437
ciprofloxacin,0.1%,stage1,1,3.8000000000000003,-8.847035479703058
ciprofloxacin,0.1%,stage1,1,3.825,-8.860660622721682
ciprofloxacin,0.1%,stage1,1,3.85,-8.874283645611714
ciprofloxacin,0.1%,stage1,1,3.875,-8.887904749154043
ciprofloxacin,0.1%,stage1,1,3.9000000000000004,-8.901524115121846
ciprofloxacin,0.1%,stage1,1,3.9250000000000003,-8.915141908078827
ciprofloxacin,0.1%,stage1,1,3.95,-8.928758277007534
ciprofloxacin,0.1%,stage1,1,3.975,-8.942373356783811
ciprofloxacin,0.1%,stage1,1,4.0,-8.95598726951184
ciprofloxacin,0.1%,stage1,1,4.025,-8.969600125732983
ciprofloxacin,0.1%,stage1,1,4.05,-8.983212025520283
ciprofloxacin,0.1%,stage1,1,4.075,-8.996823059469461
ciprofloxacin,0.1%,stage1,1,4.1000000000000005,-9.010433309596152
ciprofloxacin,0.1%,stage1,1,4.125,-9.024042850148257
ciprofloxacin,0.1%,stage1,1,4.15,-9.037651748341434
ciprofloxacin,0.1%,stage1,1,4.175,-9.051260065024962
ciprofloxacin,0.1%,stage1,1,4.2,-9.064867855284623
ciprofloxacin,0.1%,stage1,1,4.2250000000000005,-9.078475168988483
ciprofloxacin,0.1%,stage1,1,4.25,-9.09208205128102
ciprofloxacin,0.1%,stage1,1,4.275,-9.105688543030485
ciprofloxacin,0.1%,stage1,1,4.3,-9.11929468123389
ciprofloxacin,0.1%,stage1,1,4.325,-9.132900499383672
ciprofloxacin,0.1%,stage1,1,4.3500000000000005,-9.146506027799614
ciprofloxacin,0.1%,stage1,1,4.375,-9.160111293929349
ciprofloxacin,0.1%,stage1,1,4.4,-9.173716322620423
ciprofloxacin,0.1%,stage1,1,4.425,-9.187321136366554
ciprofloxacin,0.1%,stage1,1,4.45,-9.200925755530614
ciprofloxacin,0.1%,stage1,1,4.4750000000000005,-9.214530198546457
ciprofloxacin,0.1%,stage1,1,4.5,-9.22813448210165
ciprofloxacin,0.1%,stage1,1,4.525,-9.241738621302892
ciprofloxacin,0.1%,stage1,1,4.55,-9.255342629825773
ciprofloxacin,0.1%,stage1,1,4.575,-9.268946520050335
ciprofloxacin,0.1%,stage1,1,4.6000000000000005,-9.2825503031838
ciprofloxacin,0.1%,stage1,1,4.625,-9.296153989371668
ciprofloxacin,0.1%,stage1,1,4.65,-9.309757587798309
ciprofloxacin,0.1%,stage1,1,4.675,-9.323361106778002
ciprofloxacin,0.1%,stage1,1,4.7,-9.336964553837356
ciprofloxacin,0.1%,stage1,1,4.7250000000000005,-9.350567935789947
ciprofloxacin,0.1%,stage1,1,4.75,-9.364171258803848
ciprofloxacin,0.1%,stage1,1,4.775,-9.377774528462796
ciprofloxacin,0.1%,stage1,1,4.800000000000001,-9.391377749821531
ciprofloxacin,0.1%,stage1,1,4.825,-9.40498092745593
ciprofloxacin,0.1%,stage1,1,4.8500000000000005,-9.41858406550836
ciprofloxacin,0.1%,stage1,1,4.875,-9.432187167728749
ciprofloxacin,0.1%,stage1,1,4.9,-9.445790237511764
ciprofloxacin,0.1%,stage1,1,4.925000000000001,-9.459393277930474
ciprofloxacin,0.1%,stage1,1,4.95,-9.472996291766808
ciprofloxacin,0.1%,stage1,1,4.9750000000000005,-9.48659928153914
ciprofloxacin,0.1%,stage1,1,5.0,-9.500202249527264
ciprofloxacin,0.1%,stage1,1,5.025,-9.513805197794984
ciprofloxacin,0.1%,stage1,1,5.050000000000001,-9.52740812821058
ciprofloxacin,0.1%,stage1,1,5.075,-9.541011042465342
ciprofloxacin,0.1%,stage1,1,5.1000000000000005,-9.55461394209033
ciprofloxacin,0.1%,stage1,1,5.125,-9.568216828471547
ciprofloxacin,0.1%,stage1,1,5.15,-9.581819702863694
ciprofloxacin,0.1%,stage1,1,5.175000000000001,-9.595422566402595
ciprofloxacin,0.1%,stage1,1,5.2,-9.609025420116481
ciprofloxacin,0.1%,stage1,1,5.2250000000000005,-9.622628264936159
ciprofloxacin,0.1%,stage1,1,5.25,-9.636231101704254
ciprofloxacin,0.1%,stage1,1,5.275,-9.649833931183569
ciprofloxacin,0.1%,stage1,1,5.300000000000001,-9.66343675406463
ciprofloxacin,0.1%,stage1,1,5.325,-9.67703957097255
ciprofloxacin,0.1%,stage1,1,5.3500000000000005,-9.690642382473218
ciprofloxacin,0.1%,stage1,1,5.375,-9.704245189078913
ciprofloxacin,0.1%,stage1,1,5.4,-9.717847991253375
ciprofloxacin,0.1%,stage1,1,5.425000000000001,-9.731450789416417
ciprofloxacin,0.1%,stage1,1,5.45,-9.745053583948078
ciprofloxacin,0.1%,stage1,1,5.4750000000000005,-9.75865637519239
ciprofloxacin,0.1%,stage1,1,5.5,-9.77225916346079
ciprofloxacin,0.1%,stage1,1,5.525,-9.785861949035217
ciprofloxacin,0.1%,stage1,1,5.550000000000001,-9.799464732170893
ciprofloxacin,0.1%,stage1,1,5.575,-9.813067513098861
ciprofloxacin,0.1%,stage1,1,5.6000000000000005,-9.826670292028282
ciprofloxacin,0.1%,stage1,1,5.625,-9.840273069148493
ciprofloxacin,0.1%,stage1,1,5.65,-9.853875844630895
ciprofloxacin,0.1%,stage1,1,5.675000000000001,-9.867478618630658
ciprofloxacin,0.1%,stage1,1,5.7,-9.88108139128824
ciprofloxacin,0.1%,stage1,1,5.7250000000000005,-9.8946841627308
ciprofloxacin,0.1%,stage1,1,5.75,-9.908286933073448
ciprofloxacin,0.1%,stage1,1,5.775,-9.921889702420389
ciprofloxacin,0.1%,stage1,1,5.800000000000001,-9.935492470865954
ciprofloxacin,0.1%,stage1,1,5.825,-9.94909523849554
ciprofloxacin,0.1%,stage1,1,5.8500000000000005,-9.96269800538645
ciprofloxacin,0.1%,stage1,1,5.875,-9.976300771608667
ciprofloxacin,0.1%,stage1,1,5.9,-9.989903537225542
ciprofloxacin,0.1%,stage1,1,5.925000000000001,-10.003506302294426
ciprofloxacin,0.1%,stage1,1,5.95,-10.017109066867231
ciprofloxacin,0.1%,stage1,1,5.9750000000000005,-10.030711830990962
ciprofloxacin,0.1%,stage1,1,6.0,-10.044314594708155
ciprofloxacin,0.1%,stage1,1,6.025,-10.057917358057331
ciprofloxacin,0.1%,stage1,1,6.050000000000001,-10.071520121073352
ciprofloxacin,0.1%,stage1,1,6.075,-10.085122883787786
ciprofloxacin,0.1%,stage1,1,6.1000000000000005,-10.098725646229198
ciprofloxacin,0.1%,stage1,1,6.125,-10.112328408423462
ciprofloxacin,0.1%,stage1,1,6.15,-10.125931170393985
ciprofloxacin,0.1%,stage1,1,6.175000000000001,-10.139533932161969
ciprofloxacin,0.1%,stage1,1,6.2,-10.153136693746598
ciprofloxacin,0.1%,stage1,1,6.2250000000000005,-10.166739455165246
ciprofloxacin,0.1%,stage1,1,6.25,-10.180342216433639
ciprofloxacin,0.1%,stage1,1,6.275,-10.193944977566009
ciprofloxacin,0.1%,stage1,1,6.300000000000001,-10.207547738575245
ciprofloxacin,0.1%,stage1,1,6.325,-10.22115049947301
ciprofloxacin,0.1%,stage1,1,6.3500000000000005,-10.234753260269867
ciprofloxacin,0.1%,stage1,1,6.375,-10.248356020975374
ciprofloxacin,0.1%,stage1,1,6.4,-10.261958781598189
ciprofloxacin,0.1%,stage1,1,6.425000000000001,-10.275561542146143
ciprofloxacin,0.1%,stage1,1,6.45,-10.289164302626327
ciprofloxacin,0.1%,stage1,1,6.4750000000000005,-10.302767063045163
ciprofloxacin,0.1%,stage1,1,6.5,-10.316369823408465
ciprofloxacin,0.1%,stage1,1,6.525,-10.329972583721492
ciprofloxacin,0.1%,stage1,1,6.550000000000001,-10.34357534398901
ciprofloxacin,0.1%,stage1,1,6.575,-10.357178104215324
ciprofloxacin,0.1%,stage1,1,6.6000000000000005,-10.370780864404345
ciprofloxacin,0.1%,stage1,1,6.625,-10.3843836245596
ciprofloxacin,0.1%,stage1,1,6.65,-10.397986384684293
ciprofloxacin,0.1%,stage1,1,6.675000000000001,-10.411589144781317
ciprofloxacin,0.1%,stage1,1,6.7,-10.425191904853294
ciprofloxacin,0.1%,stage1,1,6.7250000000000005,-10.438794664902595
ciprofloxacin,0.1%,stage1,1,6.75,-10.452397424931371
ciprofloxacin,0.1%,stage1,1,6.775,-10.466000184941565
ciprofloxacin,0.1%,stage1,1,6.800000000000001,-10.479602944934939
ciprofloxacin,0.1%,stage1,1,6.825,-10.493205704913082
ciprofloxacin,0.1%,stage1,1,6.8500000000000005,-10.506808464877443
ciprofloxacin,0.1%,stage1,1,6.875,-10.520411224829324
ciprofloxacin,0.1%,stage1,1,6.9,-10.534013984769908
ciprofloxacin,0.1%,stage1,1,6.925000000000001,-10.547616744700267
ciprofloxacin,0.1%,stage1,1,6.95,-10.561219504621366
ciprofloxacin,0.1%,stage1,1,6.9750000000000005,-10.574822264534086
ciprofloxacin,0.1%,stage1,1,7.0,-10.58842502443922
ciprofloxacin,0.1%,stage1,2,0.0,0.0
ciprofloxacin,0.1%,stage1,2,0.025,-0.11675277997892164
ciprofloxacin,0.1%,stage1,2,0.05,-0.2334902737950025
ciprofloxacin,0.1%,stage1,2,0.07500000000000001,-0.3502106681127395
ciprofloxacin,0.1%,stage1,2,0.1,-0.4669119407226048
ciprofloxacin,0.1%,stage1,2,0.125,-0.583591837115702
ciprofloxacin,0.1%,stage1,2,0.15000000000000002,-0.7002478445131776
ciprofloxacin,0.1%,stage1,2,0.17500000000000002,-0.8168771630876679
ciprofloxacin,0.1%,stage1,2,0.2,-0.9334766740897698
ciprofloxacin,0.1%,stage1,2,0.225,-1.0500429045666713
ciprofloxacin,0.1%,stage1,2,0.25,-1.1665719883327166
ciprofloxacin,0.1%,stage1,2,0.275,-1.2830596228229083
ciprofloxacin,0.1%,stage1,2,0.30000000000000004,-1.3995010214304462
ciprofloxacin,0.1%,stage1,2,0.325,-1.5158908608985913
ciprofloxacin,0.1%,stage1,2,0.35000000000000003,-1.6322232233059284
ciprofloxacin,0.1%,stage1,2,0.375,-1.7484915321530154
ciprofloxacin,0.1%,stage1,2,0.4,-1.8646884820282728
ciprofloxacin,0.1%,stage1,2,0.42500000000000004,-1.9808059613027589
ciprofloxacin,0.1%,stage1,2,0.45,-2.096834967278535
ciprofloxacin,0.1%,stage1,2,0.47500000000000003,-2.2127655131952815
ciprofloxacin,0.1%,stage1,2,0.5,-2.328586526486725
ciprofloxacin,0.1%,stage1,2,0.525,-2.444285737674923
ciprofloxacin,0.1%,stage1,2,0.55,-2.559849559299499
ciprofloxacin,0.1%,stage1,2,0.5750000000000001,-2.6752629543046065
ciprofloxacin,0.1%,stage1,2,0.6000000000000001,-2.7905092933529376
ciprofloxacin,0.1%,stage1,2,0.625,-2.905570200609254
ciprofloxacin,0.1%,stage1,2,0.65,-3.020425387642105
ciprofloxacin,0.1%,stage1,2,0.675,-3.1350524752385005
ciprofloxacin,0.1%,stage1,2,0.7000000000000001,-3.249426803121852
ciprofloxacin,0.1%,stage1,2,0.7250000000000001,-3.3635212278168454
ciprofloxacin,0.1%,stage1,2,0.75,-3.4773059092279164
ciprofloxacin,0.1%,stage1,2,0.775,-3.590748086900495
ciprofloxacin,0.1%,stage1,2,0.8,-3.7038118474298227
ciprofloxacin,0.1%,stage1,2,0.8250000000000001,-3.8164578850809514
ciprofloxacin,0.1%,stage1,2,0.8500000000000001,-3.928643258397441
ciprofloxacin,0.1%,stage1,2,0.875,-4.0403211464136985
ciprofloxacin,0.1%,stage1,2,0.9,-4.151440609052944
ciprofloxacin,0.1%,stage1,2,0.925,-4.261946357389258
ciprofloxacin,0.1%,stage1,2,0.9500000000000001,-4.3717785406636205
ciprofloxacin,0.1%,stage1,2,0.9750000000000001,-4.4808725582828535
ciprofloxacin,0.1%,stage1,2,1.0,-4.589158906393606
ciprofloxacin,0.1%,stage1,2,1.0250000000000001,-4.69656307006596
ciprofloxacin,0.1%,stage1,2,1.05,-4.803005473471579
ciprofloxacin,0.1%,stage1,2,1.075,-4.908401501672437
ciprofloxacin,0.1%,stage1,2,1.1,-5.012661608601042
ciprofloxacin,0.1%,stage1,2,1.125,-5.115691526375871
ciprofloxacin,0.1%,stage1,2,1.1500000000000001,-5.217392591089552
ciprofloxacin,0.1%,stage1,2,1.175,-5.317662199451822
ciprofloxacin,0.1%,stage1,2,1.2000000000000002,-5.416394408982065
ciprofloxacin,0.1%,stage1,2,1.225,-5.513480691658322
ciprofloxacin,0.1%,stage1,2,1.25,-5.608810846911736
ciprofloxacin,0.1%,stage1,2,1.2750000000000001,-5.702274074542604
ciprofloxacin,0.1%,stage1,2,1.3,-5.7937602015591745
ciprofloxacin,0.1%,stage1,2,1.3250000000000002,-5.883161049258721
ciprofloxacin,0.1%,stage1,2,1.35,-5.970371918386213
ciprofloxacin,0.1%,stage1,2,1.375,-6.055293161377694
ciprofloxacin,0.1%,stage1,2,1.4000000000000001,-6.137831802128912
ciprofloxacin,0.1%,stage1,2,1.425,-6.217903156141894
ciprofloxacin,0.1%,stage1,2,1.4500000000000002,-6.295432398064927
ciprofloxacin,0.1%,stage1,2,1.475,-6.370356020296114
ciprofloxacin,0.1%,stage1,2,1.5,-6.442623126087742
ciprofloxacin,0.1%,stage1,2,1.5250000000000001,-6.512196503861638
ciprofloxacin,0.1%,stage1,2,1.55,-6.579053436320248
ciprofloxacin,0.1%,stage1,2,1.5750000000000002,-6.6431862081526925
ciprofloxacin,0.1%,stage1,2,1.6,-6.7046022890749875
ciprofloxacin,0.1%,stage1,2,1.625,-6.763324183687596
ciprofloxacin,0.1%,stage1,2,1.6500000000000001,-6.819388955045691
ciprofloxacin,0.1%,stage1,2,1.675,-6.872847443710133
ciprofloxacin,0.1%,stage1,2,1.7000000000000002,-6.923763217226539
ciprofloxacin,0.1%,stage1,2,1.725,-6.972211295521475
ciprofloxacin,0.1%,stage1,2,1.75,-7.018276704952464
ciprofloxacin,0.1%,stage1,2,1.7750000000000001,-7.062052917407913
ciprofloxacin,0.1%,stage1,2,1.8,-7.1036402309781534
ciprofloxacin,0.1%,stage1,2,1.8250000000000002,-7.143144145679729
ciprofloxacin,0.1%,stage1,2,1.85,-7.180673782105351
ciprofloxacin,0.1%,stage1,2,1.875,-7.216340383442419
ciprofloxacin,0.1%,stage1,2,1.9000000000000001,-7.2502559327890115
ciprofloxacin,0.1%,stage1,2,1.925,-7.282531908879216
ciprofloxacin,0.1%,stage1,2,1.9500000000000002,-7.313278194774037
ciprofloxacin,0.1%,stage1,2,1.975,-7.342602146292218
ciprofloxacin,0.1%,stage1,2,2.0,-7.370607820250801
ciprofloxacin,0.1%,stage1,2,2.025,-7.397395357133606
ciprofloxacin,0.1%,stage1,2,2.0500000000000003,-7.423060508650502
ciprofloxacin,0.1%,stage1,2,2.075,-7.4476942977357625
ciprofloxacin,0.1%,stage1,2,2.1,-7.471382796735792
ciprofloxacin,0.1%,stage1,2,2.125,-7.494207008689513
ciprofloxacin,0.1%,stage1,2,2.15,-7.516242836526716
ciprofloxacin,0.1%,stage1,2,2.1750000000000003,-7.537561125519026
ciprofloxacin,0.1%,stage1,2,2.2,-7.558227765247709
ciprofloxacin,0.1%,stage1,2,2.225,-7.578303838555918
ciprofloxacin,0.1%,stage1,2,2.25,-7.59784580630892
ciprofloxacin,0.1%,stage1,2,2.275,-7.616905718198465
ciprofloxacin,0.1%,stage1,2,2.3000000000000003,-7.635531441224259
ciprofloxacin,0.1%,stage1,2,2.325,-7.653766898815523
ciprofloxacin,0.1%,stage1,2,2.35,-7.6716523147848745
ciprofloxacin,0.1%,stage1,2,2.375,-7.689224457416027
ciprofloxacin,0.1%,stage1,2,2.4000000000000004,-7.7065168799670785
ciprofloxacin,0.1%,stage1,2,2.4250000000000003,-7.72356015472228
ciprofloxacin,0.1%,stage1,2,2.45,-7.740382098451682
ciprofloxacin,0.1%,stage1,2,2.475,-7.757007987748851
ciprofloxacin,0.1%,stage1,2,2.5,-7.773460763222565
ciprofloxacin,0.1%,stage1,2,2.5250000000000004,-7.789761221930725
ciprofloxacin,0.1%,stage1,2,2.5500000000000003,-7.805928197775417
ciprofloxacin,0.1%,stage1,2,2.575,-7.821978729838796
ciprofloxacin,0.1%,stage1,2,2.6,-7.837928218840505
ciprofloxacin,0.1%,stage1,2,2.625,-7.853790572048831
ciprofloxacin,0.1%,stage1,2,2.6500000000000004,-7.86957833708791
ciprofloxacin,0.1%,stage1,2,2.6750000000000003,-7.885302825159954
ciprofloxacin,0.1%,stage1,2,2.7,-7.900974224250842
ciprofloxacin,0.1%,stage1,2,2.725,-7.916601702915421
ciprofloxacin,0.1%,stage1,2,2.75,-7.932193505249698
ciprofloxacin,0.1%,stage1,2,2.7750000000000004,-7.947757037655145
ciprofloxacin,0.1%,stage1,2,2.8000000000000003,-7.963298947988393
ciprofloxacin,0.1%,stage1,2,2.825,-7.9788251976705
ciprofloxacin,0.1%,stage1,2,2.85,-7.994341127305768
ciprofloxacin,0.1%,stage1,2,2.875,-8.009851516332482
ciprofloxacin,0.1%,stage1,2,2.9000000000000004,-8.025360637198197
ciprofloxacin,0.1%,stage1,2,2.9250000000000003,-8.04087230452155
ciprofloxacin,0.1%,stage1,2,2.95,-8.056389919671512
ciprofloxacin,0.1%,stage1,2,2.975,-8.071916511164472
ciprofloxacin,0.1%,stage1,2,3.0,-8.087454771249751
ciprofloxacin,0.1%,stage1,2,3.0250000000000004,-8.103007089025432
ciprofloxacin,0.1%,stage1,2,3.0500000000000003,-8.118575580399208
ciprofloxacin,0.1%,stage1,2,3.075,-8.134162115183026
ciprofloxacin,0.1%,stage1,2,3.1,-8.14976834158616
ciprofloxacin,0.1%,stage1,2,3.125,-8.165395708348594
ciprofloxacin,0.1%,stage1,2,3.1500000000000004,-8.181045484735609
ciprofloxacin,0.1%,stage1,2,3.1750000000000003,-8.196718778594905
ciprofloxacin,0.1%,stage1,2,3.2,-8.212416552659539
ciprofloxacin,0.1%,stage1,2,3.225,-8.228139639263446
ciprofloxacin,0.1%,stage1,2,3.25,-8.24388875362095
ciprofloxacin,0.1%,stage1,2,3.2750000000000004,-8.25966450580782
ciprofloxacin,0.1%,stage1,2,3.3000000000000003,-8.275467411568561
ciprofloxacin,0.1%,stage1,2,3.325,-8.291297902063022
ciprofloxacin,0.1%,stage1,2,3.35,-8.307156332654733
ciprofloxacin,0.1%,stage1,2,3.375,-8.323042990833706
ciprofloxacin,0.1%,stage1,2,3.4000000000000004,-8.338958103357653
ciprofloxacin,0.1%,stage1,2,3.4250000000000003,-8.354901842687509
ciprofloxacin,0.1%,stage1,2,3.45,-8.37087433278595
ciprofloxacin,0.1%,stage1,2,3.475,-8.386875654340965
ciprofloxacin,0.1%,stage1,2,3.5,-8.402905849470555
ciprofloxacin,0.1%,stage1,2,3.5250000000000004,-8.418964925959276
ciprofloxacin,0.1%,stage1,2,3.5500000000000003,-8.435052861072359
ciprofloxacin,0.1%,stage1,2,3.575,-8.451169604988811
ciprofloxacin,0.1%,stage1,2,3.6,-8.46731508389075
ciprofloxacin,0.1%,stage1,2,3.625,-8.48348920274276
ciprofloxacin,0.1%,stage1,2,3.6500000000000004,-8.499691847791622
ciprofloxacin,0.1%,stage1,2,3.6750000000000003,-8.515922888813925
ciprofloxacin,0.1%,stage1,2,3.7,-8.532182181136328
ciprofloxacin,0.1%,stage1,2,3.725,-8.54846956745083
ciprofloxacin,0.1%,stage1,2,3.75,-8.564784879445213
ciprofloxacin,0.1%,stage1,2,3.7750000000000004,-8.581127939266926
ciprofloxacin,0.1%,stage1,2,3.8000000000000003,-8.597498560836762
ciprofloxacin,0.1%,stage1,2,3.825,-8.613896551027185
ciprofloxacin,0.1%,stage1,2,3.85,-8.630321710718698
ciprofloxacin,0.1%,stage1,2,3.875,-8.646773835746254
ciprofloxacin,0.1%,stage1,2,3.9000000000000004,-8.663252717746646
ciprofloxacin,0.1%,stage1,2,3.9250000000000003,-8.67975814491665
ciprofloxacin,0.1%,stage1,2,3.95,-8.696289902690806
ciprofloxacin,0.1%,stage1,2,3.975,-8.71284777434676
ciprofloxacin,0.1%,stage1,2,4.0,-8.72943154154546
ciprofloxacin,0.1%,stage1,2,4.025,-8.746040984812604
ciprofloxacin,0.1%,stage1,2,4.05,-8.76267588396725
ciprofloxacin,0.1%,stage1,2,4.075,-8.779336018502875
ciprofloxacin,0.1%,stage1,2,4.1000000000000005,-8.796021167925595
ciprofloxacin,0.1%,stage1,2,4.125,-8.812731112053902
ciprofloxacin,0.1%,stage1,2,4.15,-8.829465631283748
ciprofloxacin,0.1%,stage1,2,4.175,-8.846224506822493
ciprofloxacin,0.1%,stage1,2,4.2,-8.863007520894833
ciprofloxacin,0.1%,stage1,2,4.2250000000000005,-8.879814456923596
ciprofloxacin,0.1%,stage1,2,4.25,-8.896645099687918
ciprofloxacin,0.1%,stage1,2,4.275,-8.91349923546113
ciprofloxacin,0.1%,stage1,2,4.3,-8.930376652130434
ciprofloxacin,0.1%,stage1,2,4.325,-8.94727713930024
ciprofloxacin,0.1%,stage1,2,4.3500000000000005,-8.964200488380841
ciprofloxacin,0.1%,stage1,2,4.375,-8.981146492663989
ciprofloxacin,0.1%,stage1,2,4.4,-8.998114947386668
ciprofloxacin,0.1%,stage1,2,4.425,-9.01510564978441
ciprofloxacin,0.1%,stage1,2,4.45,-9.03211839913514
ciprofloxacin,0.1%,stage1,2,4.4750000000000005,-9.049152996794668
ciprofloxacin,0.1%,stage1,2,4.5,-9.066209246224657
ciprofloxacin,0.1%,stage1,2,4.525,-9.083286953013909
ciprofloxacin,0.1%,stage1,2,4.55,-9.100385924893699
ciprofloxacin,0.1%,stage1,2,4.575,-9.117505971747814
ciprofloxacin,0.1%,stage1,2,4.6000000000000005,-9.134646905617895
ciprofloxacin,0.1%,stage1,2,4.625,-9.151808540704604
ciprofloxacin,0.1%,stage1,2,4.65,-9.168990693365096
ciprofloxacin,0.1%,stage1,2,4.675,-9.186193182107264
ciprofloxacin,0.1%,stage1,2,4.7,-9.203415827581084
ciprofloxacin,0.1%,stage1,2,4.7250000000000005,-9.220658452567458
ciprofloxacin,0.1%,stage1,2,4.75,-9.237920881964834
ciprofloxacin,0.1%,stage1,2,4.775,-9.255202942773934
ciprofloxacin,0.1%,stage1,2,4.800000000000001,-9.272504464080772
ciprofloxacin,0.1%,stage1,2,4.825,-9.289825277038233
ciprofloxacin,0.1%,stage1,2,4.8500000000000005,-9.30716521484644
ciprofloxacin,0.1%,stage1,2,4.875,-9.324524112732009
ciprofloxacin,0.1%,stage1,2,4.9,-9.34190180792644
ciprofloxacin,0.1%,stage1,2,4.925000000000001,-9.35929813964375
ciprofloxacin,0.1%,stage1,2,4.95,-9.37671294905745
ciprofloxacin,0.1%,stage1,2,4.9750000000000005,-9.394146079277064
ciprofloxacin,0.1%,stage1,2,5.0,-9.41159737532421
ciprofloxacin,0.1%,stage1,2,5.025,-9.429066684108363
ciprofloxacin,0.1%,stage1,2,5.050000000000001,-9.446553854402428
ciprofloxacin,0.1%,stage1,2,5.075,-9.46405873681809
ciprofloxacin,0.1%,stage1,2,5.1000000000000005,-9.481581183781163
ciprofloxacin,0.1%,stage1,2,5.125,-9.499121049506797
ciprofloxacin,0.1%,stage1,2,5.15,-9.516678189974801
ciprofloxacin,0.1%,stage1,2,5.175000000000001,-9.534252462904943
ciprofloxacin,0.1%,stage1,2,5.2,-9.551843727732416
ciprofloxacin,0.1%,stage1,2,5.2250000000000005,-9.569451845583401
ciprofloxacin,0.1%,stage1,2,5.25,-9.587076679250792
ciprofloxacin,0.1%,stage1,2,5.275,-9.604718093170131
ciprofloxacin,0.1%,stage1,2,5.300000000000001,-9.62237595339576
ciprofloxacin,0.1%,stage1,2,5.325,-9.640050127577172
ciprofloxacin,0.1%,stage1,2,5.3500000000000005,-9.657740484935642
ciprofloxacin,0.1%,stage1,2,5.375,-9.675446896241125
ciprofloxacin,0.1%,stage1,2,5.4,-9.693169233789401
ciprofloxacin,0.1%,stage1,2,5.425000000000001,-9.710907371379545
ciprofloxacin,0.1%,stage1,2,5.45,-9.728661184291656
ciprofloxacin,0.1%,stage1,2,5.4750000000000005,-9.746430549264911
ciprofloxacin,0.1%,stage1,2,5.5,-9.764215344475915
ciprofloxacin,0.1%,stage1,2,5.525,-9.782015449517365
ciprofloxacin,0.1%,stage1,2,5.550000000000001,-9.799830745377031
ciprofloxacin,0.1%,stage1,2,5.575,-9.817661114417046
ciprofloxacin,0.1%,stage1,2,5.6000000000000005,-9.835506440353516
ciprofloxacin,0.1%,stage1,2,5.625,-9.853366608236444
ciprofloxacin,0.1%,stage1,2,5.65,-9.871241504429985
ciprofloxacin,0.1%,stage1,2,5.675000000000001,-9.889131016592977
ciprofloxacin,0.1%,stage1,2,5.7,-9.907035033659849
ciprofloxacin,0.1%,stage1,2,5.7250000000000005,-9.924953445821773
ciprofloxacin,0.1%,stage1,2,5.75,-9.942886144508172
ciprofloxacin,0.1%,stage1,2,5.775,-9.960833022368517
ciprofloxacin,0.1%,stage1,2,5.800000000000001,-9.97879397325443
ciprofloxacin,0.1%,stage1,2,5.825,-9.996768892202073
ciprofloxacin,0.1%,stage1,2,5.8500000000000005,-10.014757675414868
ciprofloxacin,0.1%,stage1,2,5.875,-10.03276022024647
ciprofloxacin,0.1%,stage1,2,5.9,-10.05077642518405
ciprofloxacin,0.1%,stage1,2,5.925000000000001,-10.068806189831863
ciprofloxacin,0.1%,stage1,2,5.95,-10.086849414895084
ciprofloxacin,0.1%,stage1,2,5.9750000000000005,-10.104906002163935
ciprofloxacin,0.1%,stage1,2,6.0,-10.122975854498074
ciprofloxacin,0.1%,stage1,2,6.025,-10.141058875811254
ciprofloxacin,0.1%,stage1,2,6.050000000000001,-10.159154971056228
ciprofloxacin,0.1%,stage1,2,6.075,-10.177264046209961
ciprofloxacin,0.1%,stage1,2,6.1000000000000005,-10.195386008259042
ciprofloxacin,0.1%,stage1,2,6.125,-10.213520765185367
ciprofloxacin,0.1%,stage1,2,6.15,-10.231668225952072
ciprofloxacin,0.1%,stage1,2,6.175000000000001,-10.249828300489714
ciprofloxacin,0.1%,stage1,2,6.2,-10.268000899682653
ciprofloxacin,0.1%,stage1,2,6.2250000000000005,-10.286185935355718
ciprofloxacin,0.1%,stage1,2,6.25,-10.304383320261055
ciprofloxacin,0.1%,stage1,2,6.275,-10.322592968065218
ciprofloxacin,0.1%,stage1,2,6.300000000000001,-10.340814793336493
ciprofloxacin,0.1%,stage1,2,6.325,-10.359048711532411
ciprofloxacin,0.1%,stage1,2,6.3500000000000005,-10.377294638987491
ciprofloxacin,0.1%,stage1,2,6.375,-10.395552492901182
ciprofloxacin,0.1%,stage1,2,6.4,-10.41382219132601
ciprofloxacin,0.1%,stage1,2,6.425000000000001,-10.432103653155938
ciprofloxacin,0.1%,stage1,2,6.45,-10.45039679811489
ciprofloxacin,0.1%,stage1,2,6.4750000000000005,-10.468701546745505
ciprofloxacin,0.1%,stage1,2,6.5,-10.487017820398052
ciprofloxacin,0.1%,stage1,2,6.525,-10.505345541219548
ciprofloxacin,0.1%,stage1,2,6.550000000000001,-10.523684632143032
ciprofloxacin,0.1%,stage1,2,6.575,-10.54203501687706
ciprofloxacin,0.1%,stage1,2,6.6000000000000005,-10.560396619895325
ciprofloxacin,0.1%,stage1,2,6.625,-10.578769366426483
ciprofloxacin,0.1%,stage1,2,6.65,-10.597153182444131
ciprofloxacin,0.1%,stage1,2,6.675000000000001,-10.61554799465696
ciprofloxacin,0.1%,stage1,2,6.7,-10.63395373049906
ciprofloxacin,0.1%,stage1,2,6.7250000000000005,-10.652370318120381
ciprofloxacin,0.1%,stage1,2,6.75,-10.670797686377364
ciprofloxacin,0.1%,stage1,2,6.775,-10.689235764823714
ciprofloxacin,0.1%,stage1,2,6.800000000000001,-10.70768448370132
ciprofloxacin,0.1%,stage1,2,6.825,-10.726143773931334
ciprofloxacin,0.1%,stage1,2,6.8500000000000005,-10.744613567105375
ciprofloxacin,0.1%,stage1,2,6.875,-10.763093795476887
ciprofloxacin,0.1%,stage1,2,6.9,-10.78158439195265
ciprofloxacin,0.1%,stage1,2,6.925000000000001,-10.800085290084384
ciprofloxacin,0.1%,stage1,2,6.95,-10.818596424060527
ciprofloxacin,0.1%,stage1,2,6.9750000000000005,-10.837117728698136
ciprofloxacin,0.1%,stage1,2,7.0,-10.855649139434888
ciprofloxacin,0.1%,stage1,3,0.0,0.0
ciprofloxacin,0.1%,stage1,3,0.025,-0.11856329438728144
ciprofloxacin,0.1%,stage1,3,0.05,-0.2371107296346187
ciprofloxacin,0.1%,stage1,3,0.07500000000000001,-0.3556403178026612
ciprofloxacin,0.1%,stage1,3,0.1,-0.47414982671389017
ciprofloxacin,0.1%,stage1,3,0.125,-0.5926367507756662
ciprofloxacin,0.1%,stage1,3,0.15000000000000002,-0.7110982784442006
ciprofloxacin,0.1%,stage1,3,0.17500000000000002,-0.829531255964404
ciprofloxacin,0.1%,stage1,3,0.2,-0.9479321469853167
ciprofloxacin,0.1%,stage1,3,0.225,-1.066296987613226
ciprofloxacin,0.1%,stage1,3,0.25,-1.184621336424774
ciprofloxacin,0.1%,stage1,3,0.275,-1.3029002189205285
ciprofloxacin,0.1%,stage1,3,0.30000000000000004,-1.4211280658561027
ciprofloxacin,0.1%,stage1,3,0.325,-1.5392986448434036
ciprofloxacin,0.1%,stage1,3,0.35000000000000003,-1.6574049845698238
ciprofloxacin,0.1%,stage1,3,0.375,-1.7754392909391596
ciprofloxacin,0.1%,stage1,3,0.4,-1.8933928543961565
ciprofloxacin,0.1%,stage1,3,0.42500000000000004,-2.0112559476587273
ciprofloxacin,0.1%,stage1,3,0.45,-2.1290177130502466
ciprofloxacin,0.1%,stage1,3,0.47500000000000003,-2.246666038602136
ciprofloxacin,0.1%,stage1,3,0.5,-2.3641874220876917
ciprofloxacin,0.1%,stage1,3,0.525,-2.4815668221566725
ciprofloxacin,0.1%,stage1,3,0.55,-2.5987874957719774
ciprofloxacin,0.1%,stage1,3,0.5750000000000001,-2.7158308212121516
ciprofloxacin,0.1%,stage1,3,0.6000000000000001,-2.832676106004158
ciprofloxacin,0.1%,stage1,3,0.625,-2.9493003793005887
ciprofloxacin,0.1%,stage1,3,0.65,-3.065678168424674
ciprofloxacin,0.1%,stage1,3,0.675,-3.1817812595896178
ciprofloxacin,0.1%,stage1,3,0.7000000000000001,-3.297578443169887
ciprofloxacin,0.1%,stage1,3,0.7250000000000001,-3.4130352443783405
ciprofloxacin,0.1%,stage1,3,0.75,-3.52811364080237
ciprofloxacin,0.1%,stage1,3,0.775,-3.642771768992395
ciprofloxacin,0.1%,stage1,3,0.8,-3.7569636231962713
ciprofloxacin,0.1%,stage1,3,0.8250000000000001,-3.8706387504083963
ciprofloxacin,0.1%,stage1,3,0.8500000000000001,-3.983741947166322
ciprofloxacin,0.1%,stage1,3,0.875,-4.096212964984746
ciprofloxacin,0.1%,stage1,3,0.9,-4.207986232964269
ciprofloxacin,0.1%,stage1,3,0.925,-4.318990607924156
ciprofloxacin,0.1%,stage1,3,0.9500000000000001,-4.42914916437179
ciprofloxacin,0.1%,stage1,3,0.9750000000000001,-4.538379038611802
ciprofloxacin,0.1%,stage1,3,1.0,-4.646591343309386
ciprofloxacin,0.1%,stage1,3,1.0250000000000001,-4.753691170634051
ciprofloxacin,0.1%,stage1,3,1.05,-4.859577703607495
ciprofloxacin,0.1%,stage1,3,1.075,-4.964144456224298
ciprofloxacin,0.1%,stage1,3,1.1,-5.067279663061042
ciprofloxacin,0.1%,stage1,3,1.125,-5.168866838160523
ciprofloxacin,0.1%,stage1,3,1.1500000000000001,-5.268785520686626
ciprofloxacin,0.1%,stage1,3,1.175,-5.366912220928134
ciprofloxacin,0.1%,stage1,3,1.2000000000000002,-5.463121574481337
ciprofloxacin,0.1%,stage1,3,1.225,-5.557287704763767
ciprofloxacin,0.1%,stage1,3,1.25,-5.649285784465401
ciprofloxacin,0.1%,stage1,3,1.2750000000000001,-5.738993775394531
ciprofloxacin,0.1%,stage1,3,1.3,-5.826294313931993
ciprofloxacin,0.1%,stage1,3,1.3250000000000002,-5.911076696729717
ciprofloxacin,0.1%,stage1,3,1.35,-5.993238909366991
ciprofloxacin,0.1%,stage1,3,1.375,-6.072689630561286
ciprofloxacin,0.1%,stage1,3,1.4000000000000001,-6.1493501374195585
ciprofloxacin,0.1%,stage1,3,1.425,-6.22315603421015
ciprofloxacin,0.1%,stage1,3,1.4500000000000002,-6.294058729069815
ciprofloxacin,0.1%,stage1,3,1.475,-6.362026590343546
ciprofloxacin,0.1%,stage1,3,1.5,-6.427045726759922
ciprofloxacin,0.1%,stage1,3,1.5250000000000001,-6.489120352654346
ciprofloxacin,0.1%,stage1,3,1.55,-6.548272719714234
ciprofloxacin,0.1%,stage1,3,1.5750000000000002,-6.604542618565927
ciprofloxacin,0.1%,stage1,3,1.6,-6.657986475085131
ciprofloxacin,0.1%,stage1,3,1.625,-6.708676085757918
ciprofloxacin,0.1%,stage1,3,1.6500000000000001,-6.7566970521858725
ciprofloxacin,0.1%,stage1,3,1.675,-6.8021469858150025
ciprofloxacin,0.1%,stage1,3,1.7000000000000002,-6.845133559632654
ciprofloxacin,0.1%,stage1,3,1.725,-6.885772483962565
ciprofloxacin,0.1%,stage1,3,1.75,-6.924185479146259
ciprofloxacin,0.1%,stage1,3,1.7750000000000001,-6.9604983097618565
ciprofloxacin,0.1%,stage1,3,1.8,-6.994838934244174
ciprofloxacin,0.1%,stage1,3,1.8250000000000002,-7.0273358115321205
ciprofloxacin,0.1%,stage1,3,1.85,-7.05811639380221
ciprofloxacin,0.1%,stage1,3,1.875,-7.087305822348836
ciprofloxacin,0.1%,stage1,3,1.9000000000000001,-7.1150258329722
ciprofloxacin,0.1%,stage1,3,1.925,-7.141393868221639
ciprofloxacin,0.1%,stage1,3,1.9500000000000002,-7.166522386745536
ciprofloxacin,0.1%,stage1,3,1.975,-7.190518354813334
ciprofloxacin,0.1%,stage1,3,2.0,-7.213482901668599
ciprofloxacin,0.1%,stage1,3,2.025,-7.23551111851692
ciprofloxacin,0.1%,stage1,3,2.0500000000000003,-7.256691980374218
ciprofloxacin,0.1%,stage1,3,2.075,-7.277108370413992
ciprofloxacin,0.1%,stage1,3,2.1,-7.2968371875847335
ciprofloxacin,0.1%,stage1,3,2.125,-7.3159495198804745
ciprofloxacin,0.1%,stage1,3,2.15,-7.334510867536552
ciprofloxacin,0.1%,stage1,3,2.1750000000000003,-7.352581402428874
ciprofloxacin,0.1%,stage1,3,2.2,-7.370216251957516
ciprofloxacin,0.1%,stage1,3,2.225,-7.38746579760878
ciprofloxacin,0.1%,stage1,3,2.25,-7.404375980157814
ciprofloxacin,0.1%,stage1,3,2.275,-7.42098860506442
ciprofloxacin,0.1%,stage1,3,2.3000000000000003,-7.437341643013215
ciprofloxacin,0.1%,stage1,3,2.325,-7.453469521755308
ciprofloxacin,0.1%,stage1,3,2.35,-7.4694034064296595
ciprofloxacin,0.1%,stage1,3,2.375,-7.485171466392477
ciprofloxacin,0.1%,stage1,3,2.4000000000000004,-7.500799127279161
ciprofloxacin,0.1%,stage1,3,2.4250000000000003,-7.5163093075837635
ciprofloxacin,0.1%,stage1,3,2.45,-7.531722639484201
ciprofloxacin,0.1%,stage1,3,2.475,-7.547057673984852
ciprofloxacin,0.1%,stage1,3,2.5,-7.562331070708044
ciprofloxacin,0.1%,stage1,3,2.5250000000000004,-7.577557772856647
ciprofloxacin,0.1%,stage1,3,2.5500000000000003,-7.592751168004318
ciprofloxacin,0.1%,stage1,3,2.575,-7.607923235459077
ciprofloxacin,0.1%,stage1,3,2.6,-7.623084680998794
ciprofloxacin,0.1%,stage1,3,2.625,-7.6382450598022835
ciprofloxacin,0.1%,stage1,3,2.6500000000000004,-7.653412888403039
ciprofloxacin,0.1%,stage1,3,2.6750000000000003,-7.668595746479842
ciprofloxacin,0.1%,stage1,3,2.7,-7.683800369273964
ciprofloxacin,0.1%,stage1,3,2.725,-7.699032731389605
ciprofloxacin,0.1%,stage1,3,2.75,-7.714298122695786
ciprofloxacin,0.1%,stage1,3,2.7750000000000004,-7.729601217005936
ciprofloxacin,0.1%,stage1,3,2.8000000000000003,-7.744946134167819
ciprofloxacin,0.1%,stage1,3,2.825,-7.760336496152396
ciprofloxacin,0.1%,stage1,3,2.85,-7.77577547768667
ciprofloxacin,0.1%,stage1,3,2.875,-7.791265851933239
ciprofloxacin,0.1%,stage1,3,2.9000000000000004,-7.80681003167875
ciprofloxacin,0.1%,stage1,3,2.9250000000000003,-7.822410106454808
ciprofloxacin,0.1%,stage1,3,2.95,-7.838067875978574
ciprofloxacin,0.1%,stage1,3,2.975,-7.853784880266347
ciprofloxacin,0.1%,stage1,3,3.0,-7.869562426741723
ciprofloxacin,0.1%,stage1,3,3.0250000000000004,-7.885401614630693
ciprofloxacin,0.1%,stage1,3,3.0500000000000003,-7.901303356908995
ciprofloxacin,0.1%,stage1,3,3.075,-7.917268400042266
ciprofloxacin,0.1%,stage1,3,3.1,-7.93329734173673
ciprofloxacin,0.1%,stage1,3,3.125,-7.949390646897444
ciprofloxacin,0.1%,stage1,3,3.1500000000000004,-7.965548661972124
ciprofloxacin,0.1%,stage1,3,3.1750000000000003,-7.981771627841322
ciprofloxacin,0.1%,stage1,3,3.2,-7.998059691400112
ciprofloxacin,0.1%,stage1,3,3.225,-8.01441291596212
ciprofloxacin,0.1%,stage1,3,3.25,-8.030831290603949
ciprofloxacin,0.1%,stage1,3,3.2750000000000004,-8.047314738556304
ciprofloxacin,0.1%,stage1,3,3.3000000000000003,-8.063863124737656
ciprofloxacin,0.1%,stage1,3,3.325,-8.080476262516653
ciprofloxacin,0.1%,stage1,3,3.35,-8.097153919780997
ciprofloxacin,0.1%,stage1,3,3.375,-8.113895824382645
ciprofloxacin,0.1%,stage1,3,3.4000000000000004,-8.130701669022269
ciprofloxacin,0.1%,stage1,3,3.4250000000000003,-8.147571115629532
ciprofloxacin,0.1%,stage1,3,3.45,-8.164503799290133
ciprofloxacin,0.1%,stage1,3,3.475,-8.181499331765384
ciprofloxacin,0.1%,stage1,3,3.5,-8.19855730464551
ciprofloxacin,0.1%,stage1,3,3.5250000000000004,-8.215677292173716
ciprofloxacin,0.1%,stage1,3,3.5500000000000003,-8.232858853774335
ciprofloxacin,0.1%,stage1,3,3.575,-8.250101536314995
ciprofloxacin,0.1%,stage1,3,3.6,-8.267404876129731
ciprofloxacin,0.1%,stage1,3,3.625,-8.284768400827286
ciprofloxacin,0.1%,stage1,3,3.6500000000000004,-8.302191630906343
ciprofloxacin,0.1%,stage1,3,3.6750000000000003,-8.319674081197277
ciprofloxacin,0.1%,stage1,3,3.7,-8.337215262148042
ciprofloxacin,0.1%,stage1,3,3.725,-8.354814680969996
ciprofloxacin,0.1%,stage1,3,3.75,-8.372471842657914
ciprofloxacin,0.1%,stage1,3,3.7750000000000004,-8.390186250896978
ciprofloxacin,0.1%,stage1,3,3.8000000000000003,-8.40795740886826
ciprofloxacin,0.1%,stage1,3,3.825,-8.425784819963024
ciprofloxacin,0.1%,stage1,3,3.85,-8.443667988415175
ciprofloxacin,0.1%,stage1,3,3.875,-8.461606419860205
ciprofloxacin,0.1%,stage1,3,3.9000000000000004,-8.479599621828168
ciprofloxacin,0.1%,stage1,3,3.9250000000000003,-8.497647104177448
ciprofloxacin,0.1%,stage1,3,3.95,-8.515748379475394
ciprofloxacin,0.1%,stage1,3,3.975,-8.53390296333133
ciprofloxacin,0.1%,stage1,3,4.0,-8.552110374686801
ciprofloxacin,0.1%,stage1,3,4.025,-8.570370136067535
ciprofloxacin,0.1%,stage1,3,4.05,-8.588681773801076
ciprofloxacin,0.1%,stage1,3,4.075,-8.607044818203686
ciprofloxacin,0.1%,stage1,3,4.1000000000000005,-8.625458803739685
ciprofloxacin,0.1%,stage1,3,4.125,-8.643923269156193
ciprofloxacin,0.1%,stage1,3,4.15,-8.662437757595834
ciprofloxacin,0.1%,stage1,3,4.175,-8.681001816689744
ciprofloxacin,0.1%,stage1,3,4.2,-8.699614998633006
ciprofloxacin,0.1%,stage1,3,4.2250000000000005,-8.718276860244393
ciprofloxacin,0.1%,stage1,3,4.25,-8.736986963012113
ciprofloxacin,0.1%,stage1,3,4.275,-8.75574487312711
ciprofloxacin,0.1%,stage1,3,4.3,-8.774550161505266
ciprofloxacin,0.1%,stage1,3,4.325,-8.793402403799774
ciprofloxacin,0.1%,stage1,3,4.3500000000000005,-8.812301180404743
ciprofloxacin,0.1%,stage1,3,4.375,-8.831246076451098
ciprofloxacin,0.1%,stage1,3,4.4,-8.850236681795607
ciprofloxacin,0.1%,stage1,3,4.425,-8.869272591003897
ciprofloxacin,0.1%,stage1,3,4.45,-8.88835340332813
ciprofloxacin,0.1%,stage1,3,4.4750000000000005,-8.907478722680027
ciprofloxacin,0.1%,stage1,3,4.5,-8.926648157599812
ciprofloxacin,0.1%,stage1,3,4.525,-8.945861321221589
ciprofloxacin,0.1%,stage1,3,4.55,-8.96511783123562
ciprofloxacin,0.1%,stage1,3,4.575,-8.984417309847952
ciprofloxacin,0.1%,stage1,3,4.6000000000000005,-9.003759383737739
ciprofloxacin,0.1%,stage1,3,4.625,-9.023143684012588
ciprofloxacin,0.1%,stage1,3,4.65,-9.042569846162296
ciprofloxacin,0.1%,stage1,3,4.675,-9.06203751001114
ciprofloxacin,0.1%,stage1,3,4.7,-9.081546319669087
ciprofloxacin,0.1%,stage1,3,4.7250000000000005,-9.101095923482026
ciprofloxacin,0.1%,stage1,3,4.75,-9.120685973981296
ciprofloxacin,0.1%,stage1,3,4.775,-9.140316127832623
ciprofloxacin,0.1%,stage1,3,4.800000000000001,-9.15998604578468
ciprofloxacin,0.1%,stage1,3,4.825,-9.179695392617333
ciprofloxacin,0.1%,stage1,3,4.8500000000000005,-9.199443837089765
ciprofloxacin,0.1%,stage1,3,4.875,-9.219231051888539
ciprofloxacin,0.1%,stage1,3,4.9,-9.2390567135757
ciprofloxacin,0.1%,stage1,3,4.925000000000001,-9.25892050253703
ciprofloxacin,0.1%,stage1,3,4.95,-9.278822102930485
ciprofloxacin,0.1%,stage1,3,4.9750000000000005,-9.298761202634921
ciprofloxacin,0.1%,stage1,3,5.0,-9.31873749319913
ciprofloxacin,0.1%,stage1,3,5.025,-9.338750669791272
ciprofloxacin,0.1%,stage1,3,5.050000000000001,-9.358800431148712
ciprofloxacin,0.1%,stage1,3,5.075,-9.37888647952831
ciprofloxacin,0.1%,stage1,3,5.1000000000000005,-9.399008520657235
ciprofloxacin,0.1%,stage1,3,5.125,-9.419166263684247
ciprofloxacin,0.1%,stage1,3,5.15,-9.439359421131558
ciprofloxacin,0.1%,stage1,3,5.175000000000001,-9.459587708847243
ciprofloxacin,0.1%,stage1,3,5.2,-9.479850845958223
ciprofloxacin,0.1%,stage1,3,5.2250000000000005,-9.500148554823845
ciprofloxacin,0.1%,stage1,3,5.25,-9.52048056099006
ciprofloxacin,0.1%,stage1,3,5.275,-9.540846593144227
ciprofloxacin,0.1%,stage1,3,5.300000000000001,-9.5612463830705
ciprofloxacin,0.1%,stage1,3,5.325,-9.58167966560587
ciprofloxacin,0.1%,stage1,3,5.3500000000000005,-9.602146178596819
ciprofloxacin,0.1%,stage1,3,5.375,-9.622645662856588
ciprofloxacin,0.1%,stage1,3,5.4,-9.643177862123098
ciprofloxacin,0.1%,stage1,3,5.425000000000001,-9.663742523017453
ciprofloxacin,0.1%,stage1,3,5.45,-9.684339395003114
ciprofloxacin,0.1%,stage1,3,5.4750000000000005,-9.704968230345653
ciprofloxacin,0.1%,stage1,3,5.5,-9.72562878407314
ciprofloxacin,0.1%,stage1,3,5.525,-9.746320813937135
ciprofloxacin,0.1%,stage1,3,5.550000000000001,-9.767044080374296
ciprofloxacin,0.1%,stage1,3,5.575,-9.78779834646856
ciprofloxacin,0.1%,stage1,3,5.6000000000000005,-9.808583377913951
ciprofloxacin,0.1%,stage1,3,5.625,-9.829398942977953
ciprofloxacin,0.1%,stage1,3,5.65,-9.85024481246546
ciprofloxacin,0.1%,stage1,3,5.675000000000001,-9.871120759683327
ciprofloxacin,0.1%,stage1,3,5.7,-9.892026560405435
ciprofloxacin,0.1%,stage1,3,5.7250000000000005,-9.91296199283838
ciprofloxacin,0.1%,stage1,3,5.75,-9.933926837587649
ciprofloxacin,0.1%,stage1,3,5.775,-9.95492087762438
ciprofloxacin,0.1%,stage1,3,5.800000000000001,-9.975943898252641
ciprofloxacin,0.1%,stage1,3,5.825,-9.996995687077233
ciprofloxacin,0.1%,stage1,3,5.8500000000000005,-10.018076033972013
ciprofloxacin,0.1%,stage1,3,5.875,-10.039184731048733
ciprofloxacin,0.1%,stage1,3,5.9,-10.060321572626378
ciprofloxacin,0.1%,stage1,3,5.925000000000001,-10.08148635520099
ciprofloxacin,0.1%,stage1,3,5.95,-10.102678877415984
ciprofloxacin,0.1%,stage1,3,5.9750000000000005,-10.123898940032955
ciprofloxacin,0.1%,stage1,3,6.0,-10.145146345902921
ciprofloxacin,0.1%,stage1,3,6.025,-10.166420899938075
ciprofloxacin,0.1%,stage1,3,6.050000000000001,-10.187722409083943
ciprofloxacin,0.1%,stage1,3,6.075,-10.20905068229202
ciprofloxacin,0.1%,stage1,3,6.1000000000000005,-10.230405530492844
ciprofloxacin,0.1%,stage1,3,6.125,-10.251786766569477
ciprofloxacin,0.1%,stage1,3,6.15,-10.273194205331446
ciprofloxacin,0.1%,stage1,3,6.175000000000001,-10.294627663489063
ciprofloxacin,0.1%,stage1,3,6.2,-10.316086959628182
ciprofloxacin,0.1%,stage1,3,6.2250000000000005,-10.33757191418535
ciprofloxacin,0.1%,stage1,3,6.25,-10.359082349423344
ciprofloxacin,0.1%,stage1,3,6.275,-10.380618089407116
ciprofloxacin,0.1%,stage1,3,6.300000000000001,-10.402178959980096
ciprofloxacin,0.1%,stage1,3,6.325,-10.423764788740877
ciprofloxacin,0.1%,stage1,3,6.3500000000000005,-10.445375405020293
ciprofloxacin,0.1%,stage1,3,6.375,-10.467010639858813
ciprofloxacin,0.1%,stage1,3,6.4,-10.48867032598433
ciprofloxacin,0.1%,stage1,3,6.425000000000001,-10.510354297790276
ciprofloxacin,0.1%,stage1,3,6.45,-10.532062391314081
ciprofloxacin,0.1%,stage1,3,6.4750000000000005,-10.553794444216003
ciprofloxacin,0.1%,stage1,3,6.5,-10.575550295758212
ciprofloxacin,0.1%,stage1,3,6.525,-10.597329786784288
ciprofloxacin,0.1%,stage1,3,6.550000000000001,-10.619132759698973
ciprofloxacin,0.1%,stage1,3,6.575,-10.640959058448278
ciprofloxacin,0.1%,stage1,3,6.6000000000000005,-10.662808528499859
ciprofloxacin,0.1%,stage1,3,6.625,-10.684681016823724
ciprofloxacin,0.1%,stage1,3,6.65,-10.70657637187324
ciprofloxacin,0.1%,stage1,3,6.675000000000001,-10.7284944435664
ciprofloxacin,0.1%,stage1,3,6.7,-10.750435083267416
ciprofloxacin,0.1%,stage1,3,6.7250000000000005,-10.772398143768555
ciprofloxacin,0.1%,stage1,3,6.75,-10.794383479272291
ciprofloxacin,0.1%,stage1,3,6.775,-10.816390945373698
ciprofloxacin,0.1%,stage1,3,6.800000000000001,-10.838420399043112
ciprofloxacin,0.1%,stage1,3,6.825,-10.86047169860909
ciprofloxacin,0.1%,stage1,3,6.8500000000000005,-10.882544703741573
ciprofloxacin,0.1%,stage1,3,6.875,-10.904639275435345
ciprofloxacin,0.1%,stage1,3,6.9,-10.92675527599372
ciprofloxacin,0.1%,stage1,3,6.925000000000001,-10.948892569012488
ciprofloxacin,0.1%,stage1,3,6.95,-10.971051019364076
ciprofloxacin,0.1%,stage1,3,6.9750000000000005,-10.993230493181974
ciprofloxacin,0.1%,stage1,3,7.0,-11.015430857845379
ciprofloxacin,0.1%,stage1,4,0.0,0.0
ciprofloxacin,0.1%,stage1,4,0.025,-0.11952229677985703
ciprofloxacin,0.1%,stage1,4,0.05,-0.2390284591468161
ciprofloxacin,0.1%,stage1,4,0.07500000000000001,-0.35851644191018633
ciprofloxacin,0.1%,stage1,4,0.1,-0.4779839418921374
ciprofloxacin,0.1%,stage1,4,0.125,-0.5974283659259426
ciprofloxacin,0.1%,stage1,4,0.15000000000000002,-0.7168467950076496
ciprofloxacin,0.1%,stage1,4,0.17500000000000002,-0.8362359441636306
ciprofloxacin,0.1%,stage1,4,0.2,-0.9555921175520214
ciprofloxacin,0.1%,stage1,4,0.225,-1.0749111582683637
ciprofloxacin,0.1%,stage1,4,0.25,-1.1941883922749743
ciprofloxacin,0.1%,stage1,4,0.275,-1.313418565819968
ciprofloxacin,0.1%,stage1,4,0.30000000000000004,-1.4325957756557504
ciprofloxacin,0.1%,stage1,4,0.325,-1.5517133913090368
ciprofloxacin,0.1%,stage1,4,0.35000000000000003,-1.6707639685958335
ciprofloxacin,0.1%,stage1,4,0.375,-1.7897391535167466
ciprofloxacin,0.1%,stage1,4,0.4,-1.908629575612267
ciprofloxacin,0.1%,stage1,4,0.42500000000000004,-2.027424729806612
ciprofloxacin,0.1%,stage1,4,0.45,-2.1461128457255825
ciprofloxacin,0.1%,stage1,4,0.47500000000000003,-2.2646807434424545
ciprofloxacin,0.1%,stage1,4,0.5,-2.3831136745913204
ciprofloxacin,0.1%,stage1,4,0.525,-2.501395147796096
ciprofloxacin,0.1%,stage1,4,0.55,-2.619506737402917
ciprofloxacin,0.1%,stage1,4,0.5750000000000001,-2.7374278745839087
ciprofloxacin,0.1%,stage1,4,0.6000000000000001,-2.8551356200126192
ciprofloxacin,0.1%,stage1,4,0.625,-2.972604417509744
ciprofloxacin,0.1%,stage1,4,0.65,-3.0898058283381267
ciprofloxacin,0.1%,stage1,4,0.675,-3.2067082462071532
ciprofloxacin,0.1%,stage1,4,0.7000000000000001,-3.323276593550155
ciprofloxacin,0.1%,stage1,4,0.7250000000000001,-3.439472000286959
ciprofloxacin,0.1%,stage1,4,0.75,-3.555251467103446
ciprofloxacin,0.1%,stage1,4,0.775,-3.670567516295241
ciprofloxacin,0.1%,stage1,4,0.8,-3.7853678344600588
ciprofloxacin,0.1%,stage1,4,0.8250000000000001,-3.8995949128017924
ciprofloxacin,0.1%,stage1,4,0.8500000000000001,-4.013185692546562
ciprofloxacin,0.1%,stage1,4,0.875,-4.1260712249675935
ciprofloxacin,0.1%,stage1,4,0.9,-4.238176357760683
ciprofloxacin,0.1%,stage1,4,0.925,-4.349419461960549
ciprofloxacin,0.1%,stage1,4,0.9500000000000001,-4.459712216199574
ciprofloxacin,0.1%,stage1,4,0.9750000000000001,-4.568959467708065
ciprofloxacin,0.1%,stage1,4,1.0,-4.677059191978192
ciprofloxacin,0.1%,stage1,4,1.0250000000000001,-4.7839025751513296
ciprofloxacin,0.1%,stage1,4,1.05,-4.889374244727822
ciprofloxacin,0.1%,stage1,4,1.075,-4.993352674783194
ciprofloxacin,0.1%,stage1,4,1.1,-5.095710791134492
ciprofloxacin,0.1%,stage1,4,1.125,-5.196316799437524
ciprofloxacin,0.1%,stage1,4,1.1500000000000001,-5.295035254629503
ciprofloxacin,0.1%,stage1,4,1.175,-5.391728383152666
ciprofloxacin,0.1%,stage1,4,1.2000000000000002,-5.486257659830109
ciprofloxacin,0.1%,stage1,4,1.225,-5.578485629158176
ciprofloxacin,0.1%,stage1,4,1.25,-5.668277946456163
ciprofloxacin,0.1%,stage1,4,1.2750000000000001,-5.755505598444991
ciprofloxacin,0.1%,stage1,4,1.3,-5.840047246444155
ciprofloxacin,0.1%,stage1,4,1.3250000000000002,-5.92179161984549
ciprofloxacin,0.1%,stage1,4,1.35,-6.000639874440002
ciprofloxacin,0.1%,stage1,4,1.375,-6.076507821208095
ciprofloxacin,0.1%,stage1,4,1.4000000000000001,-6.149327927841931
ciprofloxacin,0.1%,stage1,4,1.425,-6.21905099866586
ciprofloxacin,0.1%,stage1,4,1.4500000000000002,-6.285647449233259
ciprofloxacin,0.1%,stage1,4,1.475,-6.349108109397356
ciprofloxacin,0.1%,stage1,4,1.5,-6.409444511931438
ciprofloxacin,0.1%,stage1,4,1.5250000000000001,-6.466688650914691
ciprofloxacin,0.1%,stage1,4,1.55,-6.5208922226876815
ciprofloxacin,0.1%,stage1,4,1.5750000000000002,-6.572125389597916
ciprofloxacin,0.1%,stage1,4,1.6,-6.620475130547563
ciprofloxacin,0.1%,stage1,4,1.625,-6.6660432605574025
ciprofloxacin,0.1%,stage1,4,1.6500000000000001,-6.708944212939359
ciprofloxacin,0.1%,stage1,4,1.675,-6.7493026818249335
ciprofloxacin,0.1%,stage1,4,1.7000000000000002,-6.7872512201297654
ciprofloxacin,0.1%,stage1,4,1.725,-6.822927879598347
ciprofloxacin,0.1%,stage1,4,1.75,-6.8564739668488555
ciprofloxacin,0.1%,stage1,4,1.7750000000000001,-6.888031973986053
ciprofloxacin,0.1%,stage1,4,1.8,-6.917743725985057
ciprofloxacin,0.1%,stage1,4,1.8250000000000002,-6.945748771062806
ciprofloxacin,0.1%,stage1,4,1.85,-6.972183025730462
ciprofloxacin,0.1%,stage1,4,1.875,-6.997177673838513
ciprofloxacin,0.1%,stage1,4,1.9000000000000001,-7.020858309092094
ciprofloxacin,0.1%,stage1,4,1.925,-7.0433443032526055
ciprofloxacin,0.1%,stage1,4,1.9500000000000002,-7.0647483774290984
ciprofloxacin,0.1%,stage1,4,1.975,-7.085176351188412
ciprofloxacin,0.1%,stage1,4,2.0,-7.104727043304226
ciprofloxacin,0.1%,stage1,4,2.025,-7.123492298423951
ciprofloxacin,0.1%,stage1,4,2.0500000000000003,-7.141557115379207
ciprofloxacin,0.1%,stage1,4,2.075,-7.158999854963473
ciprofloxacin,0.1%,stage1,4,2.1,-7.175892507468871
ciprofloxacin,0.1%,stage1,4,2.125,-7.192301002891468
ciprofloxacin,0.1%,stage1,4,2.15,-7.20828554931612
ciprofloxacin,0.1%,stage1,4,2.1750000000000003,-7.223900987463039
ciprofloxacin,0.1%,stage1,4,2.2,-7.239197151645632
ciprofloxacin,0.1%,stage1,4,2.225,-7.2542192294124055
ciprofloxacin,0.1%,stage1,4,2.25,-7.2690081139092
ciprofloxacin,0.1%,stage1,4,2.275,-7.283600744503622
ciprofloxacin,0.1%,stage1,4,2.3000000000000003,-7.298030432475039
ciprofloxacin,0.1%,stage1,4,2.325,-7.312327169611596
ciprofloxacin,0.1%,stage1,4,2.35,-7.326517918395092
ciprofloxacin,0.1%,stage1,4,2.375,-7.340626883120716
ciprofloxacin,0.1%,stage1,4,2.4000000000000004,-7.354675761816919
ciprofloxacin,0.1%,stage1,4,2.4250000000000003,-7.368683979224761
ciprofloxacin,0.1%,stage1,4,2.45,-7.382668901387188
ciprofloxacin,0.1%,stage1,4,2.475,-7.3966460326059815
ciprofloxacin,0.1%,stage1,4,2.5,-7.410629195664038
ciprofloxacin,0.1%,stage1,4,2.5250000000000004,-7.424630696297065
ciprofloxacin,0.1%,stage1,4,2.5500000000000003,-7.438661472943638
ciprofloxacin,0.1%,stage1,4,2.575,-7.452731232815465
ciprofloxacin,0.1%,stage1,4,2.6,-7.466848575318793
ciprofloxacin,0.1%,stage1,4,2.625,-7.481021103829425
ciprofloxacin,0.1%,stage1,4,2.6500000000000004,-7.495255526783155
ciprofloxacin,0.1%,stage1,4,2.6750000000000003,-7.509557748994465
ciprofloxacin,0.1%,stage1,4,2.7,-7.523932954062405
ciprofloxacin,0.1%,stage1,4,2.725,-7.538385678665999
ciprofloxacin,0.1%,stage1,4,2.75,-7.552919879494219
ciprofloxacin,0.1%,stage1,4,2.7750000000000004,-7.567538993498928
ciprofloxacin,0.1%,stage1,4,2.8000000000000003,-7.582245992104059
ciprofloxacin,0.1%,stage1,4,2.825,-7.5970434299515635
ciprofloxacin,0.1%,stage1,4,2.85,-7.611933488714613
ciprofloxacin,0.1%,stage1,4,2.875,-7.626918016461512
ciprofloxacin,0.1%,stage1,4,2.9000000000000004,-7.641998563009911
ciprofloxacin,0.1%,stage1,4,2.9250000000000003,-7.657176411670246
ciprofloxacin,0.1%,stage1,4,2.95,-7.6724526077397375
ciprofloxacin,0.1%,stage1,4,2.975,-7.6878279840738175
ciprofloxacin,0.1%,stage1,4,3.0,-7.703303184030258
ciprofloxacin,0.1%,stage1,4,3.0250000000000004,-7.71887868205237
ciprofloxacin,0.1%,stage1,4,3.0500000000000003,-7.734554802131484
ciprofloxacin,0.1%,stage1,4,3.075,-7.750331734364959
ciprofloxacin,0.1%,stage1,4,3.1,-7.766209549804413
ciprofloxacin,0.1%,stage1,4,3.125,-7.78218821376924
ciprofloxacin,0.1%,stage1,4,3.1500000000000004,-7.798267597782845
ciprofloxacin,0.1%,stage1,4,3.1750000000000003,-7.814447490272934
ciprofloxacin,0.1%,stage1,4,3.2,-7.830727606162983
ciprofloxacin,0.1%,stage1,4,3.225,-7.847107595468804
ciprofloxacin,0.1%,stage1,4,3.25,-7.863587051002673
ciprofloxacin,0.1%,stage1,4,3.2750000000000004,-7.880165515276817
ciprofloxacin,0.1%,stage1,4,3.3000000000000003,-7.896842486688684
ciprofloxacin,0.1%,stage1,4,3.325,-7.913617425061959
ciprofloxacin,0.1%,stage1,4,3.35,-7.9304897566095995
ciprofloxacin,0.1%,stage1,4,3.375,-7.947458878378408
ciprofloxacin,0.1%,stage1,4,3.4000000000000004,-7.964524162228456
ciprofloxacin,0.1%,stage1,4,3.4250000000000003,-7.9816849583952045
ciprofloxacin,0.1%,stage1,4,3.45,-7.998940598677248
ciprofloxacin,0.1%,stage1,4,3.475,-8.016290399288112
ciprofloxacin,0.1%,stage1,4,3.5,-8.03373366340662
ciprofloxacin,0.1%,stage1,4,3.5250000000000004,-8.051269683456825
ciprofloxacin,0.1%,stage1,4,3.5500000000000003,-8.068897743145163
ciprofloxacin,0.1%,stage1,4,3.575,-8.086617119279827
ciprofloxacin,0.1%,stage1,4,3.6,-8.104427083394595
ciprofloxacin,0.1%,stage1,4,3.625,-8.122326903197221
ciprofloxacin,0.1%,stage1,4,3.6500000000000004,-8.140315843860327
ciprofloxacin,0.1%,stage1,4,3.6750000000000003,-8.15839316917089
ciprofloxacin,0.1%,stage1,4,3.7,-8.176558142552889
ciprofloxacin,0.1%,stage1,4,3.725,-8.19481002797597
ciprofloxacin,0.1%,stage1,4,3.75,-8.213148090761909
ciprofloxacin,0.1%,stage1,4,3.7750000000000004,-8.231571598299233
ciprofloxacin,0.1%,stage1,4,3.8000000000000003,-8.250079820675474
ciprofloxacin,0.1%,stage1,4,3.825,-8.268672031235422
ciprofloxacin,0.1%,stage1,4,3.85,-8.287347507073012
ciprofloxacin,0.1%,stage1,4,3.875,-8.306105529463592
ciprofloxacin,0.1%,stage1,4,3.9000000000000004,-8.32494538424272
ciprofloxacin,0.1%,stage1,4,3.9250000000000003,-8.343866362136966
ciprofloxacin,0.1%,stage1,4,3.95,-8.362867759051628
ciprofloxacin,0.1%,stage1,4,3.975,-8.381948876319854
ciprofloxacin,0.1%,stage1,4,4.0,-8.401109020917056
ciprofloxacin,0.1%,stage1,4,4.025,-8.42034750564431
ciprofloxacin,0.1%,stage1,4,4.05,-8.439663649283851
ciprofloxacin,0.1%,stage1,4,4.075,-8.459056776729625
ciprofloxacin,0.1%,stage1,4,4.1000000000000005,-8.478526219095489
ciprofloxacin,0.1%,stage1,4,4.125,-8.498071313803347
ciprofloxacin,0.1%,stage1,4,4.15,-8.517691404653407
ciprofloxacin,0.1%,stage1,4,4.175,-8.537385841878375
ciprofloxacin,0.1%,stage1,4,4.2,-8.557153982183332
ciprofloxacin,0.1%,stage1,4,4.2250000000000005,-8.576995188772809
ciprofloxacin,0.1%,stage1,4,4.25,-8.596908831366436
ciprofloxacin,0.1%,stage1,4,4.275,-8.616894286204406
ciprofloxacin,0.1%,stage1,4,4.3,-8.636950936043876
ciprofloxacin,0.1%,stage1,4,4.325,-8.65707817014729
ciprofloxacin,0.1%,stage1,4,4.3500000000000005,-8.677275384263535
ciprofloxacin,0.1%,stage1,4,4.375,-8.697541980602765
ciprofloxacin,0.1%,stage1,4,4.4,-8.717877367805565
ciprofloxacin,0.1%,stage1,4,4.425,-8.73828096090719
ciprofloxacin,0.1%,stage1,4,4.45,-8.758752181297389
ciprofloxacin,0.1%,stage1,4,4.4750000000000005,-8.779290456676437
ciprofloxacin,0.1%,stage1,4,4.5,-8.799895221007734
ciprofloxacin,0.1%,stage1,4,4.525,-8.820565914467554
ciprofloxacin,0.1%,stage1,4,4.55,-8.841301983392178
ciprofloxacin,0.1%,stage1,4,4.575,-8.862102880222865
ciprofloxacin,0.1%,stage1,4,4.6000000000000005,-8.88296806344894
ciprofloxacin,0.1%,stage1,4,4.625,-8.903896997549255
ciprofloxacin,0.1%,stage1,4,4.65,-8.924889152932337
ciprofloxacin,0.1%,stage1,4,4.675,-8.945944005875383
ciprofloxacin,0.1%,stage1,4,4.7,-8.967061038462344
ciprofloxacin,0.1%,stage1,4,4.7250000000000005,-8.988239738521294
ciprofloxacin,0.1%,stage1,4,4.75,-9.009479599561182
ciprofloxacin,0.1%,stage1,4,4.775,-9.030780120708227
ciprofloxacin,0.1%,stage1,4,4.800000000000001,-9.052140806641955
ciprofloxacin,0.1%,stage1,4,4.825,-9.073561167531093
ciprofloxacin,0.1%,stage1,4,4.8500000000000005,-9.09504071896941
ciprofloxacin,0.1%,stage1,4,4.875,-9.116578981911545
ciprofloxacin,0.1%,stage1,4,4.9,-9.13817548260898
ciprofloxacin,0.1%,stage1,4,4.925000000000001,-9.15982975254618
ciprofloxacin,0.1%,stage1,4,4.95,-9.181541328376976
ciprofloxacin,0.1%,stage1,4,4.9750000000000005,-9.203309751861287
ciprofloxacin,0.1%,stage1,4,5.0,-9.22513456980218
ciprofloxacin,0.1%,stage1,4,5.025,-9.247015333983347
ciprofloxacin,0.1%,stage1,4,5.050000000000001,-9.268951601107034
ciprofloxacin,0.1%,stage1,4,5.075,-9.290942932732463
ciprofloxacin,0.1%,stage1,4,5.1000000000000005,-9.312988895214746
ciprofloxacin,0.1%,stage1,4,5.125,-9.335089059644375
ciprofloxacin,0.1%,stage1,4,5.15,-9.357243001787264
ciprofloxacin,0.1%,stage1,4,5.175000000000001,-9.379450302025386
ciprofloxacin,0.1%,stage1,4,5.2,-9.401710545298004
ciprofloxacin,0.1%,stage1,4,5.2250000000000005,-9.42402332104354
ciprofloxacin,0.1%,stage1,4,5.25,-9.446388223142081
ciprofloxacin,0.1%,stage1,4,5.275,-9.468804849858499
ciprofloxacin,0.1%,stage1,4,5.300000000000001,-9.491272803786263
ciprofloxacin,0.1%,stage1,4,5.325,-9.513791691791873
ciprofloxacin,0.1%,stage1,4,5.3500000000000005,-9.536361124959999
ciprofloxacin,0.1%,stage1,4,5.375,-9.558980718539244
ciprofloxacin,0.1%,stage1,4,5.4,-9.581650091888609
ciprofloxacin,0.1%,stage1,4,5.425000000000001,-9.60436886842462
ciprofloxacin,0.1%,stage1,4,5.45,-9.627136675569108
ciprofloxacin,0.1%,stage1,4,5.4750000000000005,-9.649953144697703
ciprofloxacin,0.1%,stage1,4,5.5,-9.67281791108894
ciprofloxacin,0.1%,stage1,4,5.525,-9.69573061387408
ciprofloxacin,0.1%,stage1,4,5.550000000000001,-9.71869089598757
ciprofloxacin,0.1%,stage1,4,5.575,-9.741698404118166
ciprofloxacin,0.1%,stage1,4,5.6000000000000005,-9.764752788660712
ciprofloxacin,0.1%,stage1,4,5.625,-9.78785370366857
ciprofloxacin,0.1%,stage1,4,5.65,-9.811000806806712
ciprofloxacin,0.1%,stage1,4,5.675000000000001,-9.834193759305412
ciprofloxacin,0.1%,stage1,4,5.7,-9.857432225914618
ciprofloxacin,0.1%,stage1,4,5.7250000000000005,-9.88071587485893
ciprofloxacin,0.1%,stage1,4,5.75,-9.904044377793195
ciprofloxacin,0.1%,stage1,4,5.775,-9.927417409758737
ciprofloxacin,0.1%,stage1,4,5.800000000000001,-9.950834649140187
ciprofloxacin,0.1%,stage1,4,5.825,-9.974295777622913
ciprofloxacin,0.1%,stage1,4,5.8500000000000005,-9.997800480151035
ciprofloxacin,0.1%,stage1,4,5.875,-10.021348444886081
ciprofloxacin,0.1%,stage1,4,5.9,-10.044939363166137
ciprofloxacin,0.1%,stage1,4,5.925000000000001,-10.068572929465669
ciprofloxacin,0.1%,stage1,4,5.95,-10.092248841355838
ciprofloxacin,0.1%,stage1,4,5.9750000000000005,-10.11596679946541
ciprofloxacin,0.1%,stage1,4,6.0,-10.139726507442212
ciprofloxacin,0.1%,stage1,4,6.025,-10.163527671915139
ciprofloxacin,0.1%,stage1,4,6.050000000000001,-10.187370002456694
ciprofloxacin,0.1%,stage1,4,6.075,-10.211253211546055
ciprofloxacin,0.1%,stage1,4,6.1000000000000005,-10.23517701453268
ciprofloxacin,0.1%,stage1,4,6.125,-10.259141129600419
ciprofloxacin,0.1%,stage1,4,6.15,-10.283145277732135
ciprofloxacin,0.1%,stage1,4,6.175000000000001,-10.307189182674836
ciprofloxacin,0.1%,stage1,4,6.2,-10.331272570905302
ciprofloxacin,0.1%,stage1,4,6.2250000000000005,-10.355395171596172
ciprofloxacin,0.1%,stage1,4,6.25,-10.379556716582577
ciprofloxacin,0.1%,stage1,4,6.275,-10.403756940329178
ciprofloxacin,0.1%,stage1,4,6.300000000000001,-10.427995579897706
ciprofloxacin,0.1%,stage1,4,6.325,-10.452272374914962
ciprofloxacin,0.1%,stage1,4,6.3500000000000005,-10.476587067541288
ciprofloxacin,0.1%,stage1,4,6.375,-10.500939402439434
ciprofloxacin,0.1%,stage1,4,6.4,-10.525329126743909
ciprofloxacin,0.1%,stage1,4,6.425000000000001,-10.549755990030766
ciprofloxacin,0.1%,stage1,4,6.45,-10.574219744287793
ciprofloxacin,0.1%,stage1,4,6.4750000000000005,-10.598720143885151
ciprofloxacin,0.1%,stage1,4,6.5,-10.623256945546393
ciprofloxacin,0.1%,stage1,4,6.525,-10.647829908319947
ciprofloxacin,0.1%,stage1,4,6.550000000000001,-10.672438793550912
ciprofloxacin,0.1%,stage1,4,6.575,-10.697083364853382
ciprofloxacin,0.1%,stage1,4,6.6000000000000005,-10.721763388083028
ciprofloxacin,0.1%,stage1,4,6.625,-10.746478631310135
ciprofloxacin,0.1%,stage1,4,6.65,-10.77122886479303
ciprofloxacin,0.1%,stage1,4,6.675000000000001,-10.79601386095184
ciprofloxacin,0.1%,stage1,4,6.7,-10.820833394342648
ciprofloxacin,0.1%,stage1,4,6.7250000000000005,-10.845687241631987
ciprofloxacin,0.1%,stage1,4,6.75,-10.87057518157173
ciprofloxacin,0.1%,stage1,4,6.775,-10.895496994974295
ciprofloxacin,0.1%,stage1,4,6.800000000000001,-10.920452464688188
ciprofloxacin,0.1%,stage1,4,6.825,-10.945441375573942
ciprofloxacin,0.1%,stage1,4,6.8500000000000005,-10.970463514480343
ciprofloxacin,0.1%,stage1,4,6.875,-10.99551867022099
ciprofloxacin,0.1%,stage1,4,6.9,-11.0206066335512
ciprofloxacin,0.1%,stage1,4,6.925000000000001,-11.045727197145228
ciprofloxacin,0.1%,stage1,4,6.95,-11.070880155573782
ciprofloxacin,0.1%,stage1,4,6.9750000000000005,-11.096065305281885
ciprofloxacin,0.1%,stage1,4,7.0,-11.121282444567012
ciprofloxacin,0.1%,equal,1,0.0,0.0
ciprofloxacin,0.1%,equal,1,0.025,-0.11301578868751157
ciprofloxacin,0.1%,equal,1,0.05,-0.22601914527636613
ciprofloxacin,0.1%,equal,1,0.07500000000000001,-0.3390087723172638
ciprofloxacin,0.1%,equal,1,0.1,-0.4519832373727562
ciprofloxacin,0.1%,equal,1,0.125,-0.5649409590646594
ciprofloxacin,0.1%,equal,1,0.15000000000000002,-0.6778801916994728
ciprofloxacin,0.1%,equal,1,0.17500000000000002,-0.7907990083313317
ciprofloxacin,0.1%,equal,1,0.2,-0.9036952821091124
ciprofloxacin,0.1%,equal,1,0.225,-1.0165666657404737
ciprofloxacin,0.1%,equal,1,0.25,-1.1294105688907823
ciprofloxacin,0.1%,equal,1,0.275,-1.2422241333190527
ciprofloxacin,0.1%,equal,1,0.30000000000000004,-1.355004205536285
ciprofloxacin,0.1%,equal,1,0.325,-1.4677473067538627
ciprofloxacin,0.1%,equal,1,0.35000000000000003,-1.5804495998711694
ciprofloxacin,0.1%,equal,1,0.375,-1.6931068532323201
ciprofloxacin,0.1%,equal,1,0.4,-1.8057144008621278
ciprofloxacin,0.1%,equal,1,0.42500000000000004,-1.9182670988713018
ciprofloxacin,0.1%,equal,1,0.45,-2.0307592777008643
ciprofloxacin,0.1%,equal,1,0.47500000000000003,-2.1431846898560942
ciprofloxacin,0.1%,equal,1,0.5,-2.25553645276178
ciprofloxacin,0.1%,equal,1,0.525,-2.3678069863535476
ciprofloxacin,0.1%,equal,1,0.55,-2.4799879450058975
ciprofloxacin,0.1%,equal,1,0.5750000000000001,-2.5920701433867896
ciprofloxacin,0.1%,equal,1,0.6000000000000001,-2.704043475823149
ciprofloxacin,0.1%,equal,1,0.625,-2.815896828762685
ciprofloxacin,0.1%,equal,1,0.65,-2.927617985927236
ciprofloxacin,0.1%,equal,1,0.675,-3.0391935257735283
ciprofloxacin,0.1%,equal,1,0.7000000000000001,-3.150608710912007
ciprofloxacin,0.1%,equal,1,0.7250000000000001,-3.261847369186108
ciprofloxacin,0.1%,equal,1,0.75,-3.372891766187066
ciprofloxacin,0.1%,equal,1,0.775,-3.4837224690778776
ciprofloxacin,0.1%,equal,1,0.8,-3.5943182017282336
ciprofloxacin,0.1%,equal,1,0.8250000000000001,-3.7046556913275444
ciprofloxacin,0.1%,equal,1,0.8500000000000001,-3.814709506849388
ciprofloxacin,0.1%,equal,1,0.875,-3.924451889996967
ciprofloxacin,0.1%,equal,1,0.9,-4.033852579570162
ciprofloxacin,0.1%,equal,1,0.925,-4.142878630568276
ciprofloxacin,0.1%,equal,1,0.9500000000000001,-4.251494229786467
ciprofloxacin,0.1%,equal,1,0.9750000000000001,-4.359660510174981
ciprofloxacin,0.1%,equal,1,1.0,-4.467335366842642
ciprofloxacin,0.1%,equal,1,1.0250000000000001,-4.574473278233869
ciprofloxacin,0.1%,equal,1,1.05,-4.681025136787756
ciprofloxacin,0.1%,equal,1,1.075,-4.786938094194194
ciprofloxacin,0.1%,equal,1,1.1,-4.892155427245273
ciprofloxacin,0.1%,equal,1,1.125,-4.9966164311901755
ciprofloxacin,0.1%,equal,1,1.1500000000000001,-5.100256348413068
ciprofloxacin,0.1%,equal,1,1.175,-5.203006341119702
ciprofloxacin,0.1%,equal,1,1.2000000000000002,-5.3047935174820875
ciprofloxacin,0.1%,equal,1,1.225,-5.405541021279276
ciprofloxacin,0.1%,equal,1,1.25,-5.50516819540008
ciprofloxacin,0.1%,equal,1,1.2750000000000001,-5.603590829543516
ciprofloxacin,0.1%,equal,1,1.3,-5.7007215019590705
ciprofloxacin,0.1%,equal,1,1.3250000000000002,-5.79647002400572
ciprofloxacin,0.1%,equal,1,1.35,-5.890743994577163
ciprofloxacin,0.1%,equal,1,1.375,-5.983449468961824
ciprofloxacin,0.1%,equal,1,1.4000000000000001,-6.074491743436621
ciprofloxacin,0.1%,equal,1,1.425,-6.163776252837148
ciprofloxacin,0.1%,equal,1,1.4500000000000002,-6.2512095735759505
ciprofloxacin,0.1%,equal,1,1.475,-6.3367005192428
ciprofloxacin,0.1%,equal,1,1.5,-6.420161310250609
ciprofloxacin,0.1%,equal,1,1.5250000000000001,-6.501508793306485
ciprofloxacin,0.1%,equal,1,1.55,-6.58066568117947
ciprofloxacin,0.1%,equal,1,1.5750000000000002,-6.657561778742602
ciprofloxacin,0.1%,equal,1,1.6,-6.732135158036004
ciprofloxacin,0.1%,equal,1,1.625,-6.80433324354147
ciprofloxacin,0.1%,equal,1,1.6500000000000001,-6.874113769302591
ciprofloxacin,0.1%,equal,1,1.675,-6.941445572155662
ciprofloxacin,0.1%,equal,1,1.7000000000000002,-7.006309190165797
ciprofloxacin,0.1%,equal,1,1.725,-7.068697242205703
ciprofloxacin,0.1%,equal,1,1.75,-7.128614573089905
ciprofloxacin,0.1%,equal,1,1.7750000000000001,-7.186078158238854
ciprofloxacin,0.1%,equal,1,1.8,-7.241116771835067
ciprofloxacin,0.1%,equal,1,1.8250000000000002,-7.293770432140604
ciprofloxacin,0.1%,equal,1,1.85,-7.344089646395889
ciprofloxacin,0.1%,equal,1,1.875,-7.392134484939478
ciprofloxacin,0.1%,equal,1,1.9000000000000001,-7.4379735194584065
ciprofloxacin,0.1%,equal,1,1.925,-7.4816826633682885
ciprofloxacin,0.1%,equal,1,1.9500000000000002,-7.523343953222086
ciprofloxacin,0.1%,equal,1,1.975,-7.563044308863211
ciprofloxacin,0.1%,equal,1,2.0,-7.600874307143484
ciprofloxacin,0.1%,equal,1,2.025,-7.636926999746825
ciprofloxacin,0.1%,equal,1,2.0500000000000003,-7.671296800487642
ciprofloxacin,0.1%,equal,1,2.075,-7.7040784618121
ciprofloxacin,0.1%,equal,1,2.1,-7.735366154528481
ciprofloxacin,0.1%,equal,1,2.125,-7.765252659364014
ciprofloxacin,0.1%,equal,1,2.15,-7.793828674041531
ciprofloxacin,0.1%,equal,1,2.1750000000000003,-7.821182235356497
ciprofloxacin,0.1%,equal,1,2.2,-7.847398252299311
ciprofloxacin,0.1%,equal,1,2.225,-7.872558143626951
ciprofloxacin,0.1%,equal,1,2.25,-7.8967395714068696
ciprofloxacin,0.1%,equal,1,2.275,-7.920016260861486
ciprofloxacin,0.1%,equal,1,2.3000000000000003,-7.942457896238494
ciprofloxacin,0.1%,equal,1,2.325,-7.964130082314415
ciprofloxacin,0.1%,equal,1,2.35,-7.985094361400784
ciprofloxacin,0.1%,equal,1,2.375,-8.00540827626425
ciprofloxacin,0.1%,equal,1,2.4000000000000004,-8.025125470105504
ciprofloxacin,0.1%,equal,1,2.4250000000000003,-8.044295815592225
ciprofloxacin,0.1%,equal,1,2.45,-8.06296556584712
ciprofloxacin,0.1%,equal,1,2.475,-8.08117752120618
ciprofloxacin,0.1%,equal,1,2.5,-8.098971206449233
ciprofloxacin,0.1%,equal,1,2.5250000000000004,-8.116383054040101
ciprofloxacin,0.1%,equal,1,2.5500000000000003,-8.133446589681503
ciprofloxacin,0.1%,equal,1,2.575,-8.150192617181418
ciprofloxacin,0.1%,equal,1,2.6,-8.166649400239603
ciprofloxacin,0.1%,equal,1,2.625,-8.182842839296187
ciprofloxacin,0.1%,equal,1,2.6500000000000004,-8.198796642041927
ciprofloxacin,0.1%,equal,1,2.6750000000000003,-8.21453248657723
ciprofloxacin,0.1%,equal,1,2.7,-8.230070176530761
ciprofloxacin,0.1%,equal,1,2.725,-8.24542778771508
ciprofloxacin,0.1%,equal,1,2.75,-8.260621806113178
ciprofloxacin,0.1%,equal,1,2.7750000000000004,-8.275667257162791
ciprofloxacin,0.1%,equal,1,2.8000000000000003,-8.290577826440998
ciprofloxacin,0.1%,equal,1,2.825,-8.305365971955798
ciprofloxacin,0.1%,equal,1,2.85,-8.320043028328952
ciprofloxacin,0.1%,equal,1,2.875,-8.334619303210353
ciprofloxacin,0.1%,equal,1,2.9000000000000004,-8.349104166301931
ciprofloxacin,0.1%,equal,1,2.9250000000000003,-8.363506131392674
ciprofloxacin,0.1%,equal,1,2.95,-8.377832931818052
ciprofloxacin,0.1%,equal,1,2.975,-8.39209158975992
ciprofloxacin,0.1%,equal,1,3.0,-8.4062884797986
ciprofloxacin,0.1%,equal,1,3.0250000000000004,-8.420429387119166
ciprofloxacin,0.1%,equal,1,3.0500000000000003,-8.434519560760284
ciprofloxacin,0.1%,equal,1,3.075,-8.44856376227759
ciprofloxacin,0.1%,equal,1,3.1,-8.462566310175184
ciprofloxacin,0.1%,equal,1,3.125,-8.476531120439445
ciprofloxacin,0.1%,equal,1,3.1500000000000004,-8.490461743489329
ciprofloxacin,0.1%,equal,1,3.1750000000000003,-8.504361397837172
ciprofloxacin,0.1%,equal,1,3.2,-8.518233000734243
ciprofloxacin,0.1%,equal,1,3.225,-8.53207919605572
ciprofloxacin,0.1%,equal,1,3.25,-8.54590237966134
ciprofloxacin,0.1%,equal,1,3.2750000000000004,-8.55970472244983
ciprofloxacin,0.1%,equal,1,3.3000000000000003,-8.573488191308476
ciprofloxacin,0.1%,equal,1,3.325,-8.587254568143036
ciprofloxacin,0.1%,equal,1,3.35,-8.601005467158247
ciprofloxacin,0.1%,equal,1,3.375,-8.614742350545074
ciprofloxacin,0.1%,equal,1,3.4000000000000004,-8.6284665427178
ciprofloxacin,0.1%,equal,1,3.4250000000000003,-8.642179243231885
ciprofloxacin,0.1%,equal,1,3.45,-8.655881538502253
ciprofloxacin,0.1%,equal,1,3.475,-8.669574412431324
ciprofloxacin,0.1%,equal,1,3.5,-8.683258756046481
ciprofloxacin,0.1%,equal,1,3.5250000000000004,-8.696935376237906
ciprofloxacin,0.1%,equal,1,3.5500000000000003,-8.710605003679587
ciprofloxacin,0.1%,equal,1,3.575,-8.724268300008905
ciprofloxacin,0.1%,equal,1,3.6,-8.73792586433345
ciprofloxacin,0.1%,equal,1,3.625,-8.751578239127422
ciprofloxacin,0.1%,equal,1,3.6500000000000004,-8.76522591557441
ciprofloxacin,0.1%,equal,1,3.6750000000000003,-8.778869338408063
ciprofloxacin,0.1%,equal,1,3.7,-8.792508910297506
ciprofloxacin,0.1%,equal,1,3.725,-8.806144995820038
ciprofloxacin,0.1%,equal,1,3.75,-8.819777925059684
ciprofloxacin,0.1%,equal,1,3.7750000000000004,-8.833407996866697
ciprofloxacin,0.1%,equal,1,3.8000000000000003,-8.84703548180973
ciprofloxacin,0.1%,equal,1,3.825,-8.860660624849597
ciprofloxacin,0.1%,equal,1,3.85,-8.87428364776072
ciprofloxacin,0.1%,equal,1,3.875,-8.887904751324
ciprofloxacin,0.1%,equal,1,3.9000000000000004,-8.901524117312626
ciprofloxacin,0.1%,equal,1,3.9250000000000003,-8.915141910290311
ciprofloxacin,0.1%,equal,1,3.95,-8.92875827923962
ciprofloxacin,0.1%,equal,1,3.975,-8.9423733590364
ciprofloxacin,0.1%,equal,1,4.0,-8.955987271784844
ciprofloxacin,0.1%,equal,1,4.025,-8.96960012802632
ciprofloxacin,0.1%,equal,1,4.05,-8.983212027833881
ciprofloxacin,0.1%,equal,1,4.075,-8.996823061803251
ciprofloxacin,0.1%,equal,1,4.1000000000000005,-9.010433311950075
ciprofloxacin,0.1%,equal,1,4.125,-9.024042852522257
ciprofloxacin,0.1%,equal,1,4.15,-9.037651750735458
ciprofloxacin,0.1%,equal,1,4.175,-9.051260067438967
ciprofloxacin,0.1%,equal,1,4.2,-9.064867857718568
ciprofloxacin,0.1%,equal,1,4.2250000000000005,-9.078475171442324
ciprofloxacin,0.1%,equal,1,4.25,-9.092082053754726
ciprofloxacin,0.1%,equal,1,4.275,-9.105688545524023
ciprofloxacin,0.1%,equal,1,4.3,-9.119294683747233
ciprofloxacin,0.1%,equal,1,4.325,-9.13290050191679
ciprofloxacin,0.1%,equal,1,4.3500000000000005,-9.146506030352484
ciprofloxacin,0.1%,equal,1,4.375,-9.160111296501949
ciprofloxacin,0.1%,equal,1,4.4,-9.173716325212732
ciprofloxacin,0.1%,equal,1,4.425,-9.187321138978556
ciprofloxacin,0.1%,equal,1,4.45,-9.20092575816229
ciprofloxacin,0.1%,equal,1,4.4750000000000005,-9.214530201197794
ciprofloxacin,0.1%,equal,1,4.5,-9.22813448477263
ciprofloxacin,0.1%,equal,1,4.525,-9.241738623993507
ciprofloxacin,0.1%,equal,1,4.55,-9.255342632536012
ciprofloxacin,0.1%,equal,1,4.575,-9.268946522780185
ciprofloxacin,0.1%,equal,1,4.6000000000000005,-9.28255030593325
ciprofloxacin,0.1%,equal,1,4.625,-9.296153992140715
ciprofloxacin,0.1%,equal,1,4.65,-9.30975759058694
ciprofloxacin,0.1%,equal,1,4.675,-9.32336110958621
ciprofloxacin,0.1%,equal,1,4.7,-9.336964556665135
ciprofloxacin,0.1%,equal,1,4.7250000000000005,-9.350567938637292
ciprofloxacin,0.1%,equal,1,4.75,-9.364171261670757
ciprofloxacin,0.1%,equal,1,4.775,-9.377774531349258
ciprofloxacin,0.1%,equal,1,4.800000000000001,-9.391377752727545
ciprofloxacin,0.1%,equal,1,4.825,-9.404980930381491
ciprofloxacin,0.1%,equal,1,4.8500000000000005,-9.418584068453463
ciprofloxacin,0.1%,equal,1,4.875,-9.432187170693389
ciprofloxacin,0.1%,equal,1,4.9,-9.445790240495942
ciprofloxacin,0.1%,equal,1,4.925000000000001,-9.459393280934185
ciprofloxacin,0.1%,equal,1,4.95,-9.47299629479005
ciprofloxacin,0.1%,equal,1,4.9750000000000005,-9.486599284581914
ciprofloxacin,0.1%,equal,1,5.0,-9.500202252589562
ciprofloxacin,0.1%,equal,1,5.025,-9.513805200876806
ciprofloxacin,0.1%,equal,1,5.050000000000001,-9.527408131311926
ciprofloxacin,0.1%,equal,1,5.075,-9.541011045586211
ciprofloxacin,0.1%,equal,1,5.1000000000000005,-9.554613945230718
ciprofloxacin,0.1%,equal,1,5.125,-9.568216831631453
ciprofloxacin,0.1%,equal,1,5.15,-9.581819706043115
ciprofloxacin,0.1%,equal,1,5.175000000000001,-9.595422569601533
ciprofloxacin,0.1%,equal,1,5.2,-9.609025423334936
ciprofloxacin,0.1%,equal,1,5.2250000000000005,-9.622628268174127
ciprofloxacin,0.1%,equal,1,5.25,-9.636231104961738
ciprofloxacin,0.1%,equal,1,5.275,-9.649833934460561
ciprofloxacin,0.1%,equal,1,5.300000000000001,-9.663436757361136
ciprofloxacin,0.1%,equal,1,5.325,-9.67703957428857
ciprofloxacin,0.1%,equal,1,5.3500000000000005,-9.690642385808749
ciprofloxacin,0.1%,equal,1,5.375,-9.704245192433952
ciprofloxacin,0.1%,equal,1,5.4,-9.717847994627926
ciprofloxacin,0.1%,equal,1,5.425000000000001,-9.731450792810476
ciprofloxacin,0.1%,equal,1,5.45,-9.745053587361644
ciprofloxacin,0.1%,equal,1,5.4750000000000005,-9.758656378625465
ciprofloxacin,0.1%,equal,1,5.5,-9.772259166913374
ciprofloxacin,0.1%,equal,1,5.525,-9.78586195250731
ciprofloxacin,0.1%,equal,1,5.550000000000001,-9.799464735662493
ciprofloxacin,0.1%,equal,1,5.575,-9.813067516609971
ciprofloxacin,0.1%,equal,1,5.6000000000000005,-9.826670295558896
ciprofloxacin,0.1%,equal,1,5.625,-9.840273072698615
ciprofloxacin,0.1%,equal,1,5.65,-9.853875848200525
ciprofloxacin,0.1%,equal,1,5.675000000000001,-9.867478622219794
ciprofloxacin,0.1%,equal,1,5.7,-9.881081394896881
ciprofloxacin,0.1%,equal,1,5.7250000000000005,-9.89468416635895
ciprofloxacin,0.1%,equal,1,5.75,-9.908286936721103
ciprofloxacin,0.1%,equal,1,5.775,-9.92188970608755
ciprofloxacin,0.1%,equal,1,5.800000000000001,-9.935492474552621
ciprofloxacin,0.1%,equal,1,5.825,-9.949095242201713
ciprofloxacin,0.1%,equal,1,5.8500000000000005,-9.96269800911213
ciprofloxacin,0.1%,equal,1,5.875,-9.976300775353852
ciprofloxacin,0.1%,equal,1,5.9,-9.989903540990234
ciprofloxacin,0.1%,equal,1,5.925000000000001,-10.003506306078622
ciprofloxacin,0.1%,equal,1,5.95,-10.017109070670932
ciprofloxacin,0.1%,equal,1,5.9750000000000005,-10.030711834814166
ciprofloxacin,0.1%,equal,1,6.0,-10.044314598550868
ciprofloxacin,0.1%,equal,1,6.025,-10.057917361919548
ciprofloxacin,0.1%,equal,1,6.050000000000001,-10.071520124955077
ciprofloxacin,0.1%,equal,1,6.075,-10.085122887689014
ciprofloxacin,0.1%,equal,1,6.1000000000000005,-10.098725650149934
ciprofloxacin,0.1%,equal,1,6.125,-10.1123284123637
ciprofloxacin,0.1%,equal,1,6.15,-10.12593117435373
ciprofloxacin,0.1%,equal,1,6.175000000000001,-10.139533936141218
ciprofloxacin,0.1%,equal,1,6.2,-10.153136697745353
ciprofloxacin,0.1%,equal,1,6.2250000000000005,-10.166739459183509
ciprofloxacin,0.1%,equal,1,6.25,-10.180342220471404
ciprofloxacin,0.1%,equal,1,6.275,-10.19394498162328
ciprofloxacin,0.1%,equal,1,6.300000000000001,-10.207547742652022
ciprofloxacin,0.1%,equal,1,6.325,-10.221150503569293
ciprofloxacin,0.1%,equal,1,6.3500000000000005,-10.234753264385652
ciprofloxacin,0.1%,equal,1,6.375,-10.248356025110668
ciprofloxacin,0.1%,equal,1,6.4,-10.261958785752986
ciprofloxacin,0.1%,equal,1,6.425000000000001,-10.275561546320443
ciprofloxacin,0.1%,equal,1,6.45,-10.289164306820133
ciprofloxacin,0.1%,equal,1,6.4750000000000005,-10.302767067258479
ciprofloxacin,0.1%,equal,1,6.5,-10.316369827641283
ciprofloxacin,0.1%,equal,1,6.525,-10.329972587973817
ciprofloxacin,0.1%,equal,1,6.550000000000001,-10.343575348260837
ciprofloxacin,0.1%,equal,1,6.575,-10.357178108506659
ciprofloxacin,0.1%,equal,1,6.6000000000000005,-10.370780868715185
ciprofloxacin,0.1%,equal,1,6.625,-10.384383628889944
ciprofloxacin,0.1%,equal,1,6.65,-10.397986389034143
ciprofloxacin,0.1%,equal,1,6.675000000000001,-10.41158914915067
ciprofloxacin,0.1%,equal,1,6.7,-10.425191909242152
ciprofloxacin,0.1%,equal,1,6.7250000000000005,-10.438794669310958
ciprofloxacin,0.1%,equal,1,6.75,-10.452397429359241
ciprofloxacin,0.1%,equal,1,6.775,-10.46600018938894
ciprofloxacin,0.1%,equal,1,6.800000000000001,-10.479602949401816
ciprofloxacin,0.1%,equal,1,6.825,-10.493205709399467
ciprofloxacin,0.1%,equal,1,6.8500000000000005,-10.506808469383332
ciprofloxacin,0.1%,equal,1,6.875,-10.520411229354718
ciprofloxacin,0.1%,equal,1,6.9,-10.534013989314808
ciprofloxacin,0.1%,equal,1,6.925000000000001,-10.547616749264671
ciprofloxacin,0.1%,equal,1,6.95,-10.561219509205277
ciprofloxacin,0.1%,equal,1,6.9750000000000005,-10.5748222691375
ciprofloxacin,0.1%,equal,1,7.0,-10.588425029062138
ciprofloxacin,0.1%,equal,2,0.0,-1.1102230246251565e-16
ciprofloxacin,0.1%,equal,2,0.025,-0.11453938922006564
ciprofloxacin,0.1%,equal,2,0.05,-0.2290653804318866
ciprofloxacin,0.1%,equal,2,0.07500000000000001,-0.3435765037592776
ciprofloxacin,0.1%,equal,2,0.1,-0.45807112971973146
ciprofloxacin,0.1%,equal,2,0.125,-0.5725474521147994
ciprofloxacin,0.1%,equal,2,0.15000000000000002,-0.6870034691227277
ciprofloxacin,0.1%,equal,2,0.17500000000000002,-0.8014369624114953
ciprofloxacin,0.1%,equal,2,0.2,-0.9158454740735121
ciprofloxacin,0.1%,equal,2,0.225,-1.0302262811651253
ciprofloxacin,0.1%,equal,2,0.25,-1.1445763676147225
ciprofloxacin,0.1%,equal,2,0.275,-1.2588923932426876
ciprofloxacin,0.1%,equal,2,0.30000000000000004,-1.373170659614762
ciprofloxacin,0.1%,equal,2,0.325,-1.4874070724276085
ciprofloxacin,0.1%,equal,2,0.35000000000000003,-1.6015971001017681
ciprofloxacin,0.1%,equal,2,0.375,-1.715735728232901
ciprofloxacin,0.1%,equal,2,0.4,-1.8298174095276172
ciprofloxacin,0.1%,equal,2,0.42500000000000004,-1.9438360088256834
ciprofloxacin,0.1%,equal,2,0.45,-2.0577847427866125
ciprofloxacin,0.1%,equal,2,0.47500000000000003,-2.1716561137962276
ciprofloxacin,0.1%,equal,2,0.5,-2.28544183762888
ciprofloxacin,0.1%,equal,2,0.525,-2.399132764384421
ciprofloxacin,0.1%,equal,2,0.55,-2.5127187922079175
ciprofloxacin,0.1%,equal,2,0.5750000000000001,-2.6261887732954556
ciprofloxacin,0.1%,equal,2,0.6000000000000001,-2.7395304116942154
ciprofloxacin,0.1%,equal,2,0.625,-2.8527301524215782
ciprofloxacin,0.1%,equal,2,0.65,-2.965773061459707
ciprofloxacin,0.1%,equal,2,0.675,-3.078642696232831
ciprofloxacin,0.1%,equal,2,0.7000000000000001,-3.1913209662485786
ciprofloxacin,0.1%,equal,2,0.7250000000000001,-3.3037879836879473
ciprofloxacin,0.1%,equal,2,0.75,-3.416021903866088
ciprofloxacin,0.1%,equal,2,0.775,-3.5279987556659576
ciprofloxacin,0.1%,equal,2,0.8,-3.6396922622750787
ciprofloxacin,0.1%,equal,2,0.8250000000000001,-3.7510736528425683
ciprofloxacin,0.1%,equal,2,0.8500000000000001,-3.8621114660249973
ciprofloxacin,0.1%,equal,2,0.875,-3.972771346817529
ciprofloxacin,0.1%,equal,2,0.9,-4.083015838577049
ciprofloxacin,0.1%,equal,2,0.925,-4.192804172745828
ciprofloxacin,0.1%,equal,2,0.9500000000000001,-4.302092059484077
ciprofloxacin,0.1%,equal,2,0.9750000000000001,-4.410831483211168
ciprofloxacin,0.1%,equal,2,1.0,-4.518970507970717
ciprofloxacin,0.1%,equal,2,1.0250000000000001,-4.626453098490515
ciprofloxacin,0.1%,equal,2,1.05,-4.7332189638983975
ciprofloxacin,0.1%,equal,2,1.075,-4.839203432145329
ciprofloxacin,0.1%,equal,2,1.1,-4.944337364307772
ciprofloxacin,0.1%,equal,2,1.125,-5.048547119007402
ciprofloxacin,0.1%,equal,2,1.1500000000000001,-5.151754578133046
ciprofloxacin,0.1%,equal,2,1.175,-5.253877245784968
ciprofloxacin,0.1%,equal,2,1.2000000000000002,-5.3548284327766655
ciprofloxacin,0.1%,equal,2,1.225,-5.454517538999716
ciprofloxacin,0.1%,equal,2,1.25,-5.552850445348494
ciprofloxacin,0.1%,equal,2,1.2750000000000001,-5.649730025576478
ciprofloxacin,0.1%,equal,2,1.3,-5.7450567862901325
ciprofloxacin,0.1%,equal,2,1.3250000000000002,-5.8387296401799205
ciprofloxacin,0.1%,equal,2,1.35,-5.930646813489566
ciprofloxacin,0.1%,equal,2,1.375,-6.020706883650294
ciprofloxacin,0.1%,equal,2,1.4000000000000001,-6.108809937058028
ciprofloxacin,0.1%,equal,2,1.425,-6.194858830359459
ciprofloxacin,0.1%,equal,2,1.4500000000000002,-6.278760531655795
ciprofloxacin,0.1%,equal,2,1.475,-6.360427511161415
ciprofloxacin,0.1%,equal,2,1.5,-6.439779144587229
ciprofloxacin,0.1%,equal,2,1.5250000000000001,-6.516743087423496
ciprofloxacin,0.1%,equal,2,1.55,-6.591256574944031
ciprofloxacin,0.1%,equal,2,1.5750000000000002,-6.663267601641624
ciprofloxacin,0.1%,equal,2,1.6,-6.732735935296623
ciprofloxacin,0.1%,equal,2,1.625,-6.799633925141268
ciprofloxacin,0.1%,equal,2,1.6500000000000001,-6.863947070527493
ciprofloxacin,0.1%,equal,2,1.675,-6.925674325795067
ciprofloxacin,0.1%,equal,2,1.7000000000000002,-6.984828128081
ciprofloxacin,0.1%,equal,2,1.725,-7.041434146834152
ciprofloxacin,0.1%,equal,2,1.75,-7.095530765914121
ciprofloxacin,0.1%,equal,2,1.7750000000000001,-7.14716832046383
ciprofloxacin,0.1%,equal,2,1.8,-7.196408120443674
ciprofloxacin,0.1%,equal,2,1.8250000000000002,-7.243321300172133
ciprofloxacin,0.1%,equal,2,1.85,-7.287987538035994
ciprofloxacin,0.1%,equal,2,1.875,-7.330493692582011
ciprofloxacin,0.1%,equal,2,1.9000000000000001,-7.370932400589234
ciprofloxacin,0.1%,equal,2,1.925,-7.4094006797960645
ciprofloxacin,0.1%,equal,2,1.9500000000000002,-7.445998574151423
ciprofloxacin,0.1%,equal,2,1.975,-7.480827873399878
ciprofloxacin,0.1%,equal,2,2.0,-7.513990932006433
ciprofloxacin,0.1%,equal,2,2.025,-7.545589605452327
ciprofloxacin,0.1%,equal,2,2.0500000000000003,-7.575724315220279
ciprofloxacin,0.1%,equal,2,2.075,-7.604493247684286
ciprofloxacin,0.1%,equal,2,2.1,-7.631991686855287
ciprofloxacin,0.1%,equal,2,2.125,-7.658311476633707
ciprofloxacin,0.1%,equal,2,2.15,-7.683540604914619
ciprofloxacin,0.1%,equal,2,2.1750000000000003,-7.707762899541092
ciprofloxacin,0.1%,equal,2,2.2,-7.731057824615342
ciprofloxacin,0.1%,equal,2,2.225,-7.7535003649338465
ciprofloxacin,0.1%,equal,2,2.25,-7.775160986176422
ciprofloxacin,0.1%,equal,2,2.275,-7.796105658814449
ciprofloxacin,0.1%,equal,2,2.3000000000000003,-7.816395934382939
ciprofloxacin,0.1%,equal,2,2.325,-7.836089063672579
ciprofloxacin,0.1%,equal,2,2.35,-7.855238147446867
ciprofloxacin,0.1%,equal,2,2.375,-7.873892311399402
ciprofloxacin,0.1%,equal,2,2.4000000000000004,-7.892096898179051
ciprofloxacin,0.1%,equal,2,2.4250000000000003,-7.909893670383049
ciprofloxacin,0.1%,equal,2,2.45,-7.927321019421027
ciprofloxacin,0.1%,equal,2,2.475,-7.944414176068211
ciprofloxacin,0.1%,equal,2,2.5,-7.961205419344483
ciprofloxacin,0.1%,equal,2,2.5250000000000004,-7.977724281074543
ciprofloxacin,0.1%,equal,2,2.5500000000000003,-7.993997744105445
ciprofloxacin,0.1%,equal,2,2.575,-8.010050432686302
ciprofloxacin,0.1%,equal,2,2.6,-8.025904793958356
ciprofloxacin,0.1%,equal,2,2.625,-8.041581269870399
ciprofloxacin,0.1%,equal,2,2.6500000000000004,-8.057098459133401
ciprofloxacin,0.1%,equal,2,2.6750000000000003,-8.072473269067883
ciprofloxacin,0.1%,equal,2,2.7,-8.087721057386538
ciprofloxacin,0.1%,equal,2,2.725,-8.102855764100402
ciprofloxacin,0.1%,equal,2,2.75,-8.117890033846514
ciprofloxacin,0.1%,equal,2,2.7750000000000004,-8.132835329014782
ciprofloxacin,0.1%,equal,2,2.8000000000000003,-8.1477020341069
ciprofloxacin,0.1%,equal,2,2.825,-8.162499551795563
ciprofloxacin,0.1%,equal,2,2.85,-8.17723639117169
ciprofloxacin,0.1%,equal,2,2.875,-8.191920248674368
ciprofloxacin,0.1%,equal,2,2.9000000000000004,-8.206558082195606
ciprofloxacin,0.1%,equal,2,2.9250000000000003,-8.221156178841953
ciprofloxacin,0.1%,equal,2,2.95,-8.235720216819702
ciprofloxacin,0.1%,equal,2,2.975,-8.250255321891075
ciprofloxacin,0.1%,equal,2,3.0,-8.26476611882697
ciprofloxacin,0.1%,equal,2,3.0250000000000004,-8.279256778258375
ciprofloxacin,0.1%,equal,2,3.0500000000000003,-8.293731059304221
ciprofloxacin,0.1%,equal,2,3.075,-8.30819234832898
ciprofloxacin,0.1%,equal,2,3.1,-8.322643694158998
ciprofloxacin,0.1%,equal,2,3.125,-8.337087840062894
ciprofloxacin,0.1%,equal,2,3.1500000000000004,-8.351527252778514
ciprofloxacin,0.1%,equal,2,3.1750000000000003,-8.36596414884705
ciprofloxacin,0.1%,equal,2,3.2,-8.380400518494316
ciprofloxacin,0.1%,equal,2,3.225,-8.39483814727955
ciprofloxacin,0.1%,equal,2,3.25,-8.40927863571391
ciprofloxacin,0.1%,equal,2,3.2750000000000004,-8.423723417033713
ciprofloxacin,0.1%,equal,2,3.3000000000000003,-8.438173773297574
ciprofloxacin,0.1%,equal,2,3.325,-8.452630849962024
ciprofloxacin,0.1%,equal,2,3.35,-8.46709566907636
ciprofloxacin,0.1%,equal,2,3.375,-8.481569141225307
ciprofloxacin,0.1%,equal,2,3.4000000000000004,-8.496052076336222
ciprofloxacin,0.1%,equal,2,3.4250000000000003,-8.510545193457231
ciprofloxacin,0.1%,equal,2,3.45,-8.525049129602994
ciprofloxacin,0.1%,equal,2,3.475,-8.53956444775581
ciprofloxacin,0.1%,equal,2,3.5,-8.554091644101883
ciprofloxacin,0.1%,equal,2,3.5250000000000004,-8.568631154575042
ciprofloxacin,0.1%,equal,2,3.5500000000000003,-8.583183360773578
ciprofloxacin,0.1%,equal,2,3.575,-8.597748595309671
ciprofloxacin,0.1%,equal,2,3.6,-8.612327146645406
ciprofloxacin,0.1%,equal,2,3.625,-8.626919263464206
ciprofloxacin,0.1%,equal,2,3.6500000000000004,-8.641525158621974
ciprofloxacin,0.1%,equal,2,3.6750000000000003,-8.656145012718062
ciprofloxacin,0.1%,equal,2,3.7,-8.67077897732235
ciprofloxacin,0.1%,equal,2,3.725,-8.685427177891334
ciprofloxacin,0.1%,equal,2,3.75,-8.700089716402932
ciprofloxacin,0.1%,equal,2,3.7750000000000004,-8.71476667373698
ciprofloxacin,0.1%,equal,2,3.8000000000000003,-8.729458111825736
ciprofloxacin,0.1%,equal,2,3.825,-8.744164075596457
ciprofloxacin,0.1%,equal,2,3.85,-8.758884594725982
ciprofloxacin,0.1%,equal,2,3.875,-8.773619685225341
ciprofloxacin,0.1%,equal,2,3.9000000000000004,-8.788369350870722
ciprofloxacin,0.1%,equal,2,3.9250000000000003,-8.80313358449553
ciprofloxacin,0.1%,equal,2,3.95,-8.817912369156893
ciprofloxacin,0.1%,equal,2,3.975,-8.832705679188669
ciprofloxacin,0.1%,equal,2,4.0,-8.847513481151845
ciprofloxacin,0.1%,equal,2,4.025,-8.862335734692243
ciprofloxacin,0.1%,equal,2,4.05,-8.877172393314384
ciprofloxacin,0.1%,equal,2,4.075,-8.892023405079623
ciprofloxacin,0.1%,equal,2,4.1000000000000005,-8.906888713235807
ciprofloxacin,0.1%,equal,2,4.125,-8.921768256785088
ciprofloxacin,0.1%,equal,2,4.15,-8.936661970995791
ciprofloxacin,0.1%,equal,2,4.175,-8.95156978786379
ciprofloxacin,0.1%,equal,2,4.2,-8.966491636528207
ciprofloxacin,0.1%,equal,2,4.2250000000000005,-8.981427443645838
ciprofloxacin,0.1%,equal,2,4.25,-8.99637713372834
ciprofloxacin,0.1%,equal,2,4.275,-9.0113406294457
ciprofloxacin,0.1%,equal,2,4.3,-9.026317851899291
ciprofloxacin,0.1%,equal,2,4.325,-9.041308720867436
ciprofloxacin,0.1%,equal,2,4.3500000000000005,-9.056313155026126
ciprofloxacin,0.1%,equal,2,4.375,-9.071331072147318
ciprofloxacin,0.1%,equal,2,4.4,-9.086362389276962
ciprofloxacin,0.1%,equal,2,4.425,-9.101407022894723
ciprofloxacin,0.1%,equal,2,4.45,-9.116464889057191
ciprofloxacin,0.1%,equal,2,4.4750000000000005,-9.131535903526155
ciprofloxacin,0.1%,equal,2,4.5,-9.146619981883402
ciprofloxacin,0.1%,equal,2,4.525,-9.161717039633361
ciprofloxacin,0.1%,equal,2,4.55,-9.176826992294755
ciprofloxacin,0.1%,equal,2,4.575,-9.191949755482355
ciprofloxacin,0.1%,equal,2,4.6000000000000005,-9.207085244979778
ciprofloxacin,0.1%,equal,2,4.625,-9.222233376804226
ciprofloxacin,0.1%,equal,2,4.65,-9.23739406726394
ciprofloxacin,0.1%,equal,2,4.675,-9.252567233009096
ciprofloxacin,0.1%,equal,2,4.7,-9.267752791076777
ciprofloxacin,0.1%,equal,2,4.7250000000000005,-9.28295065893061
ciprofloxacin,0.1%,equal,2,4.75,-9.298160754495592
ciprofloxacin,0.1%,equal,2,4.775,-9.3133829961886
ciprofloxacin,0.1%,equal,2,4.800000000000001,-9.328617302944965
ciprofloxacin,0.1%,equal,2,4.825,-9.343863594241576
ciprofloxacin,0.1%,equal,2,4.8500000000000005,-9.359121790116788
ciprofloxacin,0.1%,equal,2,4.875,-9.374391811187504
ciprofloxacin,0.1%,equal,2,4.9,-9.389673578663698
ciprofloxacin,0.1%,equal,2,4.925000000000001,-9.404967014360631
ciprofloxacin,0.1%,equal,2,4.95,-9.42027204070902
ciprofloxacin,0.1%,equal,2,4.9750000000000005,-9.435588580763344
ciprofloxacin,0.1%,equal,2,5.0,-9.450916558208482
ciprofloxacin,0.1%,equal,2,5.025,-9.466255897364876
ciprofloxacin,0.1%,equal,2,5.050000000000001,-9.481606523192365
ciprofloxacin,0.1%,equal,2,5.075,-9.496968361292799
ciprofloxacin,0.1%,equal,2,5.1000000000000005,-9.512341337911622
ciprofloxacin,0.1%,equal,2,5.125,-9.527725379938481
ciprofloxacin,0.1%,equal,2,5.15,-9.543120414906998
ciprofloxacin,0.1%,equal,2,5.175000000000001,-9.558526370993778
ciprofloxacin,0.1%,equal,2,5.2,-9.573943177016758
ciprofloxacin,0.1%,equal,2,5.2250000000000005,-9.589370762432958
ciprofloxacin,0.1%,equal,2,5.25,-9.604809057335702
ciprofloxacin,0.1%,equal,2,5.275,-9.620257992451382
ciprofloxacin,0.1%,equal,2,5.300000000000001,-9.635717499135799
ciprofloxacin,0.1%,equal,2,5.325,-9.651187509370168
ciprofloxacin,0.1%,equal,2,5.3500000000000005,-9.666667955756791
ciprofloxacin,0.1%,equal,2,5.375,-9.682158771514459
ciprofloxacin,0.1%,equal,2,5.4,-9.697659890473636
ciprofloxacin,0.1%,equal,2,5.425000000000001,-9.713171247071408
ciprofloxacin,0.1%,equal,2,5.45,-9.728692776346277
ciprofloxacin,0.1%,equal,2,5.4750000000000005,-9.74422441393283
ciprofloxacin,0.1%,equal,2,5.5,-9.75976609605622
ciprofloxacin,0.1%,equal,2,5.525,-9.775317759526624
ciprofloxacin,0.1%,equal,2,5.550000000000001,-9.790879341733554
ciprofloxacin,0.1%,equal,2,5.575,-9.806450780640127
ciprofloxacin,0.1%,equal,2,5.6000000000000005,-9.822032014777301
ciprofloxacin,0.1%,equal,2,5.625,-9.83762298323804
ciprofloxacin,0.1%,equal,2,5.65,-9.853223625671486
ciprofloxacin,0.1%,equal,2,5.675000000000001,-9.868833882277086
ciprofloxacin,0.1%,equal,2,5.7,-9.884453693798747
ciprofloxacin,0.1%,equal,2,5.7250000000000005,-9.900083001518977
ciprofloxacin,0.1%,equal,2,5.75,-9.915721747253041
ciprofloxacin,0.1%,equal,2,5.775,-9.931369873343133
ciprofloxacin,0.1%,equal,2,5.800000000000001,-9.947027322652593
ciprofloxacin,0.1%,equal,2,5.825,-9.962694038560121
ciprofloxacin,0.1%,equal,2,5.8500000000000005,-9.978369964954062
ciprofloxacin,0.1%,equal,2,5.875,-9.994055046226704
ciprofloxacin,0.1%,equal,2,5.9,-10.00974922726863
ciprofloxacin,0.1%,equal,2,5.925000000000001,-10.025452453463123
ciprofloxacin,0.1%,equal,2,5.95,-10.041164670680603
ciprofloxacin,0.1%,equal,2,5.9750000000000005,-10.056885825273124
ciprofloxacin,0.1%,equal,2,6.0,-10.072615864068938
ciprofloxacin,0.1%,equal,2,6.025,-10.088354734367078
ciprofloxacin,0.1%,equal,2,6.050000000000001,-10.104102383932045
ciprofloxacin,0.1%,equal,2,6.075,-10.119858760988505
ciprofloxacin,0.1%,equal,2,6.1000000000000005,-10.135623814216077
ciprofloxacin,0.1%,equal,2,6.125,-10.151397492744175
ciprofloxacin,0.1%,equal,2,6.15,-10.167179746146896
ciprofloxacin,0.1%,equal,2,6.175000000000001,-10.182970524437973
ciprofloxacin,0.1%,equal,2,6.2,-10.198769778065797
ciprofloxacin,0.1%,equal,2,6.2250000000000005,-10.214577457908502
ciprofloxacin,0.1%,equal,2,6.25,-10.230393515269087
ciprofloxacin,0.1%,equal,2,6.275,-10.246217901870626
ciprofloxacin,0.1%,equal,2,6.300000000000001,-10.262050569851514
ciprofloxacin,0.1%,equal,2,6.325,-10.277891471760803
ciprofloxacin,0.1%,equal,2,6.3500000000000005,-10.293740560553562
ciprofloxacin,0.1%,equal,2,6.375,-10.309597789586324
ciprofloxacin,0.1%,equal,2,6.4,-10.325463112612582
ciprofloxacin,0.1%,equal,2,6.425000000000001,-10.341336483778344
ciprofloxacin,0.1%,equal,2,6.45,-10.357217857617737
ciprofloxacin,0.1%,equal,2,6.4750000000000005,-10.37310718904869
ciprofloxacin,0.1%,equal,2,6.5,-10.389004433368651
ciprofloxacin,0.1%,equal,2,6.525,-10.404909546250376
ciprofloxacin,0.1%,equal,2,6.550000000000001,-10.420822483737766
ciprofloxacin,0.1%,equal,2,6.575,-10.436743202241752
ciprofloxacin,0.1%,equal,2,6.6000000000000005,-10.452671658536264
ciprofloxacin,0.1%,equal,2,6.625,-10.46860780975422
ciprofloxacin,0.1%,equal,2,6.65,-10.48455161338357
ciprofloxacin,0.1%,equal,2,6.675000000000001,-10.500503027263418
ciprofloxacin,0.1%,equal,2,6.7,-10.516462009580186
ciprofloxacin,0.1%,equal,2,6.7250000000000005,-10.532428518863812
ciprofloxacin,0.1%,equal,2,6.75,-10.54840251398401
ciprofloxacin,0.1%,equal,2,6.775,-10.564383954146585
ciprofloxacin,0.1%,equal,2,6.800000000000001,-10.580372798889794
ciprofloxacin,0.1%,equal,2,6.825,-10.596369008080746
ciprofloxacin,0.1%,equal,2,6.8500000000000005,-10.61237254191186
ciprofloxacin,0.1%,equal,2,6.875,-10.62838336089737
ciprofloxacin,0.1%,equal,2,6.9,-10.644401425869866
ciprofloxacin,0.1%,equal,2,6.925000000000001,-10.660426697976892
ciprofloxacin,0.1%,equal,2,6.95,-10.676459138677583
ciprofloxacin,0.1%,equal,2,6.9750000000000005,-10.692498709739345
ciprofloxacin,0.1%,equal,2,7.0,-10.708545373234582
ciprofloxacin,0.1%,equal,3,0.0,-1.1102230246251565e-16
ciprofloxacin,0.1%,equal,3,0.025,-0.11546657801456083
ciprofloxacin,0.1%,equal,3,0.05,-0.230919298608017
ciprofloxacin,0.1%,equal,3,0.07500000000000001,-0.3463565999857259
ciprofloxacin,0.1%,equal,3,0.1,-0.4617767460852182
ciprofloxacin,0.1%,equal,3,0.125,-0.5771778073994016
ciprofloxacin,0.1%,equal,3,0.15000000000000002,-0.6925576397352075
ciprofloxacin,0.1%,equal,3,0.17500000000000002,-0.8079138606942506
ciprofloxacin,0.1%,equal,3,0.2,-0.9232438236418797
ciprofloxacin,0.1%,equal,3,0.225,-1.0385445889093645
ciprofloxacin,0.1%,equal,3,0.25,-1.1538128919508364
ciprofloxacin,0.1%,equal,3,0.275,-1.2690451081520706
ciprofloxacin,0.1%,equal,3,0.30000000000000004,-1.3842372139622923
ciprofloxacin,0.1%,equal,3,0.325,-1.4993847439931038
ciprofloxacin,0.1%,equal,3,0.35000000000000003,-1.6144827437006102
ciprofloxacin,0.1%,equal,3,0.375,-1.729525717238035
ciprofloxacin,0.1%,equal,3,0.4,-1.8445075700373064
ciprofloxacin,0.1%,equal,3,0.42500000000000004,-1.959421545649474
ciprofloxacin,0.1%,equal,3,0.45,-2.0742601563465595
ciprofloxacin,0.1%,equal,3,0.47500000000000003,-2.189015106962218
ciprofloxacin,0.1%,equal,3,0.5,-2.303677211427032
ciprofloxacin,0.1%,equal,3,0.525,-2.4182363014375263
ciprofloxacin,0.1%,equal,3,0.55,-2.5326811266888094
ciprofloxacin,0.1%,equal,3,0.5750000000000001,-2.646999246100775
ciprofloxacin,0.1%,equal,3,0.6000000000000001,-2.761176909480748
ciprofloxacin,0.1%,equal,3,0.625,-2.875198929094748
ciprofloxacin,0.1%,equal,3,0.65,-2.9890485406693794
ciprofloxacin,0.1%,equal,3,0.675,-3.1027072534224147
ciprofloxacin,0.1%,equal,3,0.7000000000000001,-3.2161546888280204
ciprofloxacin,0.1%,equal,3,0.7250000000000001,-3.3293684079694823
ciprofloxacin,0.1%,equal,3,0.75,-3.442323727526408
ciprofloxacin,0.1%,equal,3,0.775,-3.5549935246934563
ciprofloxacin,0.1%,equal,3,0.8,-3.6673480316431712
ciprofloxacin,0.1%,equal,3,0.8250000000000001,-3.779354620538041
ciprofloxacin,0.1%,equal,3,0.8500000000000001,-3.890977580575282
ciprofloxacin,0.1%,equal,3,0.875,-4.002177889125309
ciprofloxacin,0.1%,equal,3,0.9,-4.112912979707899
ciprofloxacin,0.1%,equal,3,0.925,-4.223136510350155
ciprofloxacin,0.1%,equal,3,0.9500000000000001,-4.332798136781447
ciprofloxacin,0.1%,equal,3,0.9750000000000001,-4.44184329597317
ciprofloxacin,0.1%,equal,3,1.0,-4.550213006648542
ciprofloxacin,0.1%,equal,3,1.0250000000000001,-4.6578436946497535
ciprofloxacin,0.1%,equal,3,1.05,-4.764667052329885
ciprofloxacin,0.1%,equal,3,1.075,-4.870609942449984
ciprofloxacin,0.1%,equal,3,1.1,-4.975594358314757
ciprofloxacin,0.1%,equal,3,1.125,-5.079537452992837
ciprofloxacin,0.1%,equal,3,1.1500000000000001,-5.18235165132782
ciprofloxacin,0.1%,equal,3,1.175,-5.283944858921628
ciprofloxacin,0.1%,equal,3,1.2000000000000002,-5.384220782210167
ciprofloxacin,0.1%,equal,3,1.225,-5.483079372987908
ciprofloxacin,0.1%,equal,3,1.25,-5.580417409107363
ciprofloxacin,0.1%,equal,3,1.2750000000000001,-5.676129220430264
ciprofloxacin,0.1%,equal,3,1.3,-5.770107565324007
ciprofloxacin,0.1%,equal,3,1.3250000000000002,-5.862244658025527
ciprofloxacin,0.1%,equal,3,1.35,-5.952433341068297
ciprofloxacin,0.1%,equal,3,1.375,-6.040568389832257
ciprofloxacin,0.1%,equal,3,1.4000000000000001,-6.126547928411572
ciprofloxacin,0.1%,equal,3,1.425,-6.210274927818344
ciprofloxacin,0.1%,equal,3,1.4500000000000002,-6.29165874960342
ciprofloxacin,0.1%,equal,3,1.475,-6.370616690930796
ciprofloxacin,0.1%,equal,3,1.5,-6.447075481687663
ciprofloxacin,0.1%,equal,3,1.5250000000000001,-6.520972681028217
ciprofloxacin,0.1%,equal,3,1.55,-6.592257920399629
ciprofloxacin,0.1%,equal,3,1.5750000000000002,-6.660893942956328
ciprofloxacin,0.1%,equal,3,1.6,-6.726857395433097
ciprofloxacin,0.1%,equal,3,1.625,-6.790139337802464
ciprofloxacin,0.1%,equal,3,1.6500000000000001,-6.850745447852661
ciprofloxacin,0.1%,equal,3,1.675,-6.90869591136732
ciprofloxacin,0.1%,equal,3,1.7000000000000002,-6.96402500285323
ciprofloxacin,0.1%,equal,3,1.725,-7.016780375644668
ciprofloxacin,0.1%,equal,3,1.75,-7.067022092658052
ciprofloxacin,0.1%,equal,3,1.7750000000000001,-7.114821439186383
ciprofloxacin,0.1%,equal,3,1.8,-7.1602595662812405
ciprofloxacin,0.1%,equal,3,1.8250000000000002,-7.203426017151457
ciprofloxacin,0.1%,equal,3,1.85,-7.244417189621758
ciprofloxacin,0.1%,equal,3,1.875,-7.283334785329158
ciprofloxacin,0.1%,equal,3,1.9000000000000001,-7.320284291522685
ciprofloxacin,0.1%,equal,3,1.925,-7.3553735346864855
ciprofloxacin,0.1%,equal,3,1.9500000000000002,-7.388711337487476
ciprofloxacin,0.1%,equal,3,1.975,-7.4204063023717906
ciprofloxacin,0.1%,equal,3,2.0,-7.450565737123894
ciprofloxacin,0.1%,equal,3,2.025,-7.479294730303863
ciprofloxacin,0.1%,equal,3,2.0500000000000003,-7.506695378017714
ciprofloxacin,0.1%,equal,3,2.075,-7.532866158138257
ciprofloxacin,0.1%,equal,3,2.1,-7.5579014439451315
ciprofloxacin,0.1%,equal,3,2.125,-7.5818911461624525
ciprofloxacin,0.1%,equal,3,2.15,-7.604920470441244
ciprofloxacin,0.1%,equal,3,2.1750000000000003,-7.627069776319344
ciprofloxacin,0.1%,equal,3,2.2,-7.648414523430282
ciprofloxacin,0.1%,equal,3,2.225,-7.669025291058432
ciprofloxacin,0.1%,equal,3,2.25,-7.6889678578937515
ciprofloxacin,0.1%,equal,3,2.275,-7.708303329886276
ciprofloxacin,0.1%,equal,3,2.3000000000000003,-7.727088305320654
ciprofloxacin,0.1%,equal,3,2.325,-7.745375067529871
ciprofloxacin,0.1%,equal,3,2.35,-7.7632117969721195
ciprofloxacin,0.1%,equal,3,2.375,-7.7806427956526445
ciprofloxacin,0.1%,equal,3,2.4000000000000004,-7.7977087180476055
ciprofloxacin,0.1%,equal,3,2.4250000000000003,-7.814446803757186
ciprofloxacin,0.1%,equal,3,2.45,-7.83089110806938
ciprofloxacin,0.1%,equal,3,2.475,-7.847072727450773
ciprofloxacin,0.1%,equal,3,2.5,-7.863020017699247
ciprofloxacin,0.1%,equal,3,2.5250000000000004,-7.878758803102255
ciprofloxacin,0.1%,equal,3,2.5500000000000003,-7.894312575452486
ciprofloxacin,0.1%,equal,3,2.575,-7.909702682190528
ciprofloxacin,0.1%,equal,3,2.6,-7.924948503282519
ciprofloxacin,0.1%,equal,3,2.625,-7.940067616710033
ciprofloxacin,0.1%,equal,3,2.6500000000000004,-7.955075952660051
ciprofloxacin,0.1%,equal,3,2.6750000000000003,-7.969987936663517
ciprofloxacin,0.1%,equal,3,2.7,-7.984816622050467
ciprofloxacin,0.1%,equal,3,2.725,-7.999573812174969
ciprofloxacin,0.1%,equal,3,2.75,-8.014270172920748
ciprofloxacin,0.1%,equal,3,2.7750000000000004,-8.028915336033707
ciprofloxacin,0.1%,equal,3,2.8000000000000003,-8.043517993845311
ciprofloxacin,0.1%,equal,3,2.825,-8.058085985954827
ciprofloxacin,0.1%,equal,3,2.85,-8.072626378431886
ciprofloxacin,0.1%,equal,3,2.875,-8.087145536086526
ciprofloxacin,0.1%,equal,3,2.9000000000000004,-8.101649188333816
ciprofloxacin,0.1%,equal,3,2.9250000000000003,-8.116142489156204
ciprofloxacin,0.1%,equal,3,2.95,-8.130630071640121
ciprofloxacin,0.1%,equal,3,2.975,-8.145116097535427
ciprofloxacin,0.1%,equal,3,3.0,-8.159604302257565
ciprofloxacin,0.1%,equal,3,3.0250000000000004,-8.174098035723729
ciprofloxacin,0.1%,equal,3,3.0500000000000003,-8.188600299386234
ciprofloxacin,0.1%,equal,3,3.075,-8.203113779799047
ciprofloxacin,0.1%,equal,3,3.1,-8.217640879027337
ciprofloxacin,0.1%,equal,3,3.125,-8.232183742185152
ciprofloxacin,0.1%,equal,3,3.1500000000000004,-8.246744282362842
ciprofloxacin,0.1%,equal,3,3.1750000000000003,-8.26132420318397
ciprofloxacin,0.1%,equal,3,3.2,-8.275925019210899
ciprofloxacin,0.1%,equal,3,3.225,-8.290548074399267
ciprofloxacin,0.1%,equal,3,3.25,-8.305194558783825
ciprofloxacin,0.1%,equal,3,3.2750000000000004,-8.319865523561958
ciprofloxacin,0.1%,equal,3,3.3000000000000003,-8.33456189472609
ciprofloxacin,0.1%,equal,3,3.325,-8.349284485382507
ciprofloxacin,0.1%,equal,3,3.35,-8.364034006881475
ciprofloxacin,0.1%,equal,3,3.375,-8.378811078871996
ciprofloxacin,0.1%,equal,3,3.4000000000000004,-8.393616238383963
ciprofloxacin,0.1%,equal,3,3.4250000000000003,-8.408449948030958
ciprofloxacin,0.1%,equal,3,3.45,-8.423312603418061
ciprofloxacin,0.1%,equal,3,3.475,-8.438204539831146
ciprofloxacin,0.1%,equal,3,3.5,-8.453126038276856
ciprofloxacin,0.1%,equal,3,3.5250000000000004,-8.468077330935914
ciprofloxacin,0.1%,equal,3,3.5500000000000003,-8.48305860608635
ciprofloxacin,0.1%,equal,3,3.575,-8.49807001254796
ciprofloxacin,0.1%,equal,3,3.6,-8.513111663694241
ciprofloxacin,0.1%,equal,3,3.625,-8.528183641073735
ciprofloxacin,0.1%,equal,3,3.6500000000000004,-8.543285997678561
ciprofloxacin,0.1%,equal,3,3.6750000000000003,-8.558418760894385
ciprofloxacin,0.1%,equal,3,3.7,-8.573581935162677
ciprofloxacin,0.1%,equal,3,3.725,-8.588775504383202
ciprofloxacin,0.1%,equal,3,3.75,-8.60399943408191
ciprofloxacin,0.1%,equal,3,3.7750000000000004,-8.619253673367032
ciprofloxacin,0.1%,equal,3,3.8000000000000003,-8.634538156693921
ciprofloxacin,0.1%,equal,3,3.825,-8.649852805457213
ciprofloxacin,0.1%,equal,3,3.85,-8.66519752942708
ciprofloxacin,0.1%,equal,3,3.875,-8.680572228044703
ciprofloxacin,0.1%,equal,3,3.9000000000000004,-8.695976791590654
ciprofloxacin,0.1%,equal,3,3.9250000000000003,-8.711411102238511
ciprofloxacin,0.1%,equal,3,3.95,-8.726875035004866
ciprofloxacin,0.1%,equal,3,3.975,-8.742368458605787
ciprofloxacin,0.1%,equal,3,4.0,-8.757891236228797
ciprofloxacin,0.1%,equal,3,4.025,-8.77344322622861
ciprofloxacin,0.1%,equal,3,4.05,-8.789024282753992
ciprofloxacin,0.1%,equal,3,4.075,-8.804634256312468
ciprofloxacin,0.1%,equal,3,4.1000000000000005,-8.820272994278877
ciprofloxacin,0.1%,equal,3,4.125,-8.83594034135325
ciprofloxacin,0.1%,equal,3,4.15,-8.851636139972934
ciprofloxacin,0.1%,equal,3,4.175,-8.86736023068338
ciprofloxacin,0.1%,equal,3,4.2,-8.883112452471636
ciprofloxacin,0.1%,equal,3,4.2250000000000005,-8.898892643066153
ciprofloxacin,0.1%,equal,3,4.25,-8.91470063920618
ciprofloxacin,0.1%,equal,3,4.275,-8.93053627688369
ciprofloxacin,0.1%,equal,3,4.3,-8.94639939156054
ciprofloxacin,0.1%,equal,3,4.325,-8.962289818363208
ciprofloxacin,0.1%,equal,3,4.3500000000000005,-8.978207392257369
ciprofloxacin,0.1%,equal,3,4.375,-8.994151948204193
ciprofloxacin,0.1%,equal,3,4.4,-9.010123321300197
ciprofloxacin,0.1%,equal,3,4.425,-9.02612134690222
ciprofloxacin,0.1%,equal,3,4.45,-9.042145860738984
ciprofloxacin,0.1%,equal,3,4.4750000000000005,-9.058196699010544
ciprofloxacin,0.1%,equal,3,4.5,-9.07427369847681
ciprofloxacin,0.1%,equal,3,4.525,-9.090376696536204
ciprofloxacin,0.1%,equal,3,4.55,-9.106505531295404
ciprofloxacin,0.1%,equal,3,4.575,-9.12266004163109
ciprofloxacin,0.1%,equal,3,4.6000000000000005,-9.138840067244406
ciprofloxacin,0.1%,equal,3,4.625,-9.155045448708924
ciprofloxacin,0.1%,equal,3,4.65,-9.171276027512688
ciprofloxacin,0.1%,equal,3,4.675,-9.187531646094962
ciprofloxacin,0.1%,equal,3,4.7,-9.203812147878185
ciprofloxacin,0.1%,equal,3,4.7250000000000005,-9.220117377295612
ciprofloxacin,0.1%,equal,3,4.75,-9.236447179815046
ciprofloxacin,0.1%,equal,3,4.775,-9.2528014019591
ciprofloxacin,0.1%,equal,3,4.800000000000001,-9.269179891322285
ciprofloxacin,0.1%,equal,3,4.825,-9.285582496585262
ciprofloxacin,0.1%,equal,3,4.8500000000000005,-9.302009067526535
ciprofloxacin,0.1%,equal,3,4.875,-9.318459455031867
ciprofloxacin,0.1%,equal,3,4.9,-9.334933511101601
ciprofloxacin,0.1%,equal,3,4.925000000000001,-9.351431088856154
ciprofloxacin,0.1%,equal,3,4.95,-9.367952042539832
ciprofloxacin,0.1%,equal,3,4.9750000000000005,-9.384496227523154
ciprofloxacin,0.1%,equal,3,5.0,-9.401063500303845
ciprofloxacin,0.1%,equal,3,5.025,-9.41765371850661
ciprofloxacin,0.1%,equal,3,5.050000000000001,-9.43426674088187
ciprofloxacin,0.1%,equal,3,5.075,-9.450902427303502
ciprofloxacin,0.1%,equal,3,5.1000000000000005,-9.467560638765752
ciprofloxacin,0.1%,equal,3,5.125,-9.484241237379372
ciprofloxacin,0.1%,equal,3,5.15,-9.500944086367085
ciprofloxacin,0.1%,equal,3,5.175000000000001,-9.51766905005845
ciprofloxacin,0.1%,equal,3,5.2,-9.534415993884183
ciprofloxacin,0.1%,equal,3,5.2250000000000005,-9.551184784370028
ciprofloxacin,0.1%,equal,3,5.25,-9.56797528913018
ciprofloxacin,0.1%,equal,3,5.275,-9.584787376860383
ciprofloxacin,0.1%,equal,3,5.300000000000001,-9.60162091733068
ciprofloxacin,0.1%,equal,3,5.325,-9.618475781377878
ciprofloxacin,0.1%,equal,3,5.3500000000000005,-9.635351840897817
ciprofloxacin,0.1%,equal,3,5.375,-9.652248968837378
ciprofloxacin,0.1%,equal,3,5.4,-9.669167039186345
ciprofloxacin,0.1%,equal,3,5.425000000000001,-9.6861059269691
ciprofloxacin,0.1%,equal,3,5.45,-9.703065508236222
ciprofloxacin,0.1%,equal,3,5.4750000000000005,-9.720045660055929
ciprofloxacin,0.1%,equal,3,5.5,-9.737046260505489
ciprofloxacin,0.1%,equal,3,5.525,-9.754067188662537
ciprofloxacin,0.1%,equal,3,5.550000000000001,-9.771108324596346
ciprofloxacin,0.1%,equal,3,5.575,-9.788169549359063
ciprofloxacin,0.1%,equal,3,5.6000000000000005,-9.80525074497692
ciprofloxacin,0.1%,equal,3,5.625,-9.822351794441445
ciprofloxacin,0.1%,equal,3,5.65,-9.839472581700656
ciprofloxacin,0.1%,equal,3,5.675000000000001,-9.856612991650268
ciprofloxacin,0.1%,equal,3,5.7,-9.873772910124933
ciprofloxacin,0.1%,equal,3,5.7250000000000005,-9.890952223889467
ciprofloxacin,0.1%,equal,3,5.75,-9.90815082063016
ciprofloxacin,0.1%,equal,3,5.775,-9.925368588946075
ciprofloxacin,0.1%,equal,3,5.800000000000001,-9.942605418340412
ciprofloxacin,0.1%,equal,3,5.825,-9.959861199211915
ciprofloxacin,0.1%,equal,3,5.8500000000000005,-9.97713582284634
ciprofloxacin,0.1%,equal,3,5.875,-9.994429181407947
ciprofloxacin,0.1%,equal,3,5.9,-10.011741167931097
ciprofloxacin,0.1%,equal,3,5.925000000000001,-10.029071676311853
ciprofloxacin,0.1%,equal,3,5.95,-10.046420601299697
ciprofloxacin,0.1%,equal,3,5.9750000000000005,-10.063787838489283
ciprofloxacin,0.1%,equal,3,6.0,-10.081173284312253
ciprofloxacin,0.1%,equal,3,6.025,-10.098576836029146
ciprofloxacin,0.1%,equal,3,6.050000000000001,-10.115998391721345
ciprofloxacin,0.1%,equal,3,6.075,-10.133437850283132
ciprofloxacin,0.1%,equal,3,6.1000000000000005,-10.150895111413782
ciprofloxacin,0.1%,equal,3,6.125,-10.16837007560975
ciprofloxacin,0.1%,equal,3,6.15,-10.185862644156913
ciprofloxacin,0.1%,equal,3,6.175000000000001,-10.203372719122909
ciprofloxacin,0.1%,equal,3,6.2,-10.22090020334954
ciprofloxacin,0.1%,equal,3,6.2250000000000005,-10.238445000445228
ciprofloxacin,0.1%,equal,3,6.25,-10.256007014777593
ciprofloxacin,0.1%,equal,3,6.275,-10.273586151466054
ciprofloxacin,0.1%,equal,3,6.300000000000001,-10.29118231637454
ciprofloxacin,0.1%,equal,3,6.325,-10.30879541610426
ciprofloxacin,0.1%,equal,3,6.3500000000000005,-10.326425357986546
ciprofloxacin,0.1%,equal,3,6.375,-10.344072050075786
ciprofloxacin,0.1%,equal,3,6.4,-10.361735401142408
ciprofloxacin,0.1%,equal,3,6.425000000000001,-10.379415320665949
ciprofloxacin,0.1%,equal,3,6.45,-10.3971117188282
ciprofloxacin,0.1%,equal,3,6.4750000000000005,-10.414824506506411
ciprofloxacin,0.1%,equal,3,6.5,-10.432553595266588
ciprofloxacin,0.1%,equal,3,6.525,-10.450298897356838
ciprofloxacin,0.1%,equal,3,6.550000000000001,-10.468060325700797
ciprofloxacin,0.1%,equal,3,6.575,-10.485837793891141
ciprofloxacin,0.1%,equal,3,6.6000000000000005,-10.503631216183125
ciprofloxacin,0.1%,equal,3,6.625,-10.52144050748825
ciprofloxacin,0.1%,equal,3,6.65,-10.53926558336795
ciprofloxacin,0.1%,equal,3,6.675000000000001,-10.557106360027358
ciprofloxacin,0.1%,equal,3,6.7,-10.574962754309167
ciprofloxacin,0.1%,equal,3,6.7250000000000005,-10.592834683687522
ciprofloxacin,0.1%,equal,3,6.75,-10.610722066261989
ciprofloxacin,0.1%,equal,3,6.775,-10.628624820751602
ciprofloxacin,0.1%,equal,3,6.800000000000001,-10.646542866488963
ciprofloxacin,0.1%,equal,3,6.825,-10.6644761234144
ciprofloxacin,0.1%,equal,3,6.8500000000000005,-10.682424512070213
ciprofloxacin,0.1%,equal,3,6.875,-10.700387953594952
ciprofloxacin,0.1%,equal,3,6.9,-10.718366369717776
ciprofloxacin,0.1%,equal,3,6.925000000000001,-10.736359682752873
ciprofloxacin,0.1%,equal,3,6.95,-10.75436781559393
ciprofloxacin,0.1%,equal,3,6.9750000000000005,-10.772390691708674
ciprofloxacin,0.1%,equal,3,7.0,-10.790428235133463
ciprofloxacin,0.1%,equal,4,0.0,-1.1102230246251565e-16
ciprofloxacin,0.1%,equal,4,0.025,-0.11607628390956258
ciprofloxacin,0.1%,equal,4,0.05,-0.23213843253567853
ciprofloxacin,0.1%,equal,4,0.07500000000000001,-0.3481848284080717
ciprofloxacin,0.1%,equal,4,0.1,-0.46421367054426976
ciprofloxacin,0.1%,equal,4,0.125,-0.5802229538960694
ciprofloxacin,0.1%,equal,4,0.15000000000000002,-0.6962104465430374
ciprofloxacin,0.1%,equal,4,0.17500000000000002,-0.8121736643959588
ciprofloxacin,0.1%,equal,4,0.2,-0.9281098431503132
ciprofloxacin,0.1%,equal,4,0.225,-1.0440159072053663
ciprofloxacin,0.1%,equal,4,0.25,-1.159888435238287
ciprofloxacin,0.1%,equal,4,0.275,-1.2757236220948487
ciprofloxacin,0.1%,equal,4,0.30000000000000004,-1.3915172366289401
ciprofloxacin,0.1%,equal,4,0.325,-1.5072645750923492
ciprofloxacin,0.1%,equal,4,0.35000000000000003,-1.6229604096444594
ciprofloxacin,0.1%,equal,4,0.375,-1.7385989315189727
ciprofloxacin,0.1%,equal,4,0.4,-1.8541736883520603
ciprofloxacin,0.1%,equal,4,0.42500000000000004,-1.9696775151441241
ciprofloxacin,0.1%,equal,4,0.45,-2.085102458296741
ciprofloxacin,0.1%,equal,4,0.47500000000000003,-2.2004396921383305
ciprofloxacin,0.1%,equal,4,0.5,-2.3156794273284618
ciprofloxacin,0.1%,equal,4,0.525,-2.430810810513184
ciprofloxacin,0.1%,equal,4,0.55,-2.5458218145951363
ciprofloxacin,0.1%,equal,4,0.5750000000000001,-2.6606991189851628
ciprofloxacin,0.1%,equal,4,0.6000000000000001,-2.7754279792205816
ciprofloxacin,0.1%,equal,4,0.625,-2.889992085373589
ciprofloxacin,0.1%,equal,4,0.65,-3.004373408737027
ciprofloxacin,0.1%,equal,4,0.675,-3.1185520363697745
ciprofloxacin,0.1%,equal,4,0.7000000000000001,-3.2325059932182856
ciprofloxacin,0.1%,equal,4,0.7250000000000001,-3.3462110517125527
ciprofloxacin,0.1%,equal,4,0.75,-3.4596405289734973
ciprofloxacin,0.1%,equal,4,0.775,-3.572765072075812
ciprofloxacin,0.1%,equal,4,0.8,-3.685552432196482
ciprofloxacin,0.1%,equal,4,0.8250000000000001,-3.797967228958293
ciprofloxacin,0.1%,equal,4,0.8500000000000001,-3.909970706859974
ciprofloxacin,0.1%,equal,4,0.875,-4.0215204863853815
ciprofloxacin,0.1%,equal,4,0.9,-4.132570313209862
ciprofloxacin,0.1%,equal,4,0.925,-4.243069809884719
ciprofloxacin,0.1%,equal,4,0.9500000000000001,-4.352964235472175
ciprofloxacin,0.1%,equal,4,0.9750000000000001,-4.462194259850711
ciprofloxacin,0.1%,equal,4,1.0,-4.57069576073001
ciprofloxacin,0.1%,equal,4,1.0250000000000001,-4.678399652877736
ciprofloxacin,0.1%,equal,4,1.05,-4.785231760524249
ciprofloxacin,0.1%,equal,4,1.075,-4.891112745373785
ciprofloxacin,0.1%,equal,4,1.1,-4.995958103994009
ciprofloxacin,0.1%,equal,4,1.125,-5.099678249471136
ciprofloxacin,0.1%,equal,4,1.1500000000000001,-5.202178692959941
ciprofloxacin,0.1%,equal,4,1.175,-5.303360340958771
ciprofloxacin,0.1%,equal,4,1.2000000000000002,-5.40311992361221
ciprofloxacin,0.1%,equal,4,1.225,-5.501350567893728
ciprofloxacin,0.1%,equal,4,1.25,-5.597942526961734
ciprofloxacin,0.1%,equal,4,1.2750000000000001,-5.692784073163746
ciprofloxacin,0.1%,equal,4,1.3,-5.785762556991972
ciprofloxacin,0.1%,equal,4,1.3250000000000002,-5.876765627771362
ciprofloxacin,0.1%,equal,4,1.35,-5.965682604114796
ciprofloxacin,0.1%,equal,4,1.375,-6.0524059734846665
ciprofloxacin,0.1%,equal,4,1.4000000000000001,-6.136832990999392
ciprofloxacin,0.1%,equal,4,1.425,-6.218867338517585
ciprofloxacin,0.1%,equal,4,1.4500000000000002,-6.2984207967574495
ciprofloxacin,0.1%,equal,4,1.475,-6.375414876572556
ciprofloxacin,0.1%,equal,4,1.5,-6.449782351310613
ciprofloxacin,0.1%,equal,4,1.5250000000000001,-6.521468631124528
ciprofloxacin,0.1%,equal,4,1.55,-6.590432922669229
ciprofloxacin,0.1%,equal,4,1.5750000000000002,-6.656649123979615
ciprofloxacin,0.1%,equal,4,1.6,-6.720106414298038
ciprofloxacin,0.1%,equal,4,1.625,-6.780809511629067
ciprofloxacin,0.1%,equal,4,1.6500000000000001,-6.838778585933508
ciprofloxacin,0.1%,equal,4,1.675,-6.894048831967233
ciprofloxacin,0.1%,equal,4,1.7000000000000002,-6.946669721545531
ciprofloxacin,0.1%,equal,4,1.725,-6.996703969229656
ciprofloxacin,0.1%,equal,4,1.75,-7.044226257035065
ciprofloxacin,0.1%,equal,4,1.7750000000000001,-7.089321771995512
ciprofloxacin,0.1%,equal,4,1.8,-7.132084614900833
ciprofloxacin,0.1%,equal,4,1.8250000000000002,-7.17261613925626
ciprofloxacin,0.1%,equal,4,1.85,-7.211023276825922
ciprofloxacin,0.1%,equal,4,1.875,-7.247416900621905
ciprofloxacin,0.1%,equal,4,1.9000000000000001,-7.2819102686588
ciprofloxacin,0.1%,equal,4,1.925,-7.314617582993286
ciprofloxacin,0.1%,equal,4,1.9500000000000002,-7.345652689345825
ciprofloxacin,0.1%,equal,4,1.975,-7.3751279335744995
ciprofloxacin,0.1%,equal,4,2.0,-7.403153183002341
ciprofloxacin,0.1%,equal,4,2.025,-7.429835013431965
ciprofloxacin,0.1%,equal,4,2.0500000000000003,-7.455276056818949
ciprofloxacin,0.1%,equal,4,2.075,-7.479574500077982
ciprofloxacin,0.1%,equal,4,2.1,-7.502823722314914
ciprofloxacin,0.1%,equal,4,2.125,-7.525112055787971
ciprofloxacin,0.1%,equal,4,2.15,-7.54652265493049
ciprofloxacin,0.1%,equal,4,2.1750000000000003,-7.567133457623487
ciprofloxacin,0.1%,equal,4,2.2,-7.587017223396415
ciprofloxacin,0.1%,equal,4,2.225,-7.606241634179928
ciprofloxacin,0.1%,equal,4,2.25,-7.624869444478424
ciprofloxacin,0.1%,equal,4,2.275,-7.642958669242598
ciprofloxacin,0.1%,equal,4,2.3000000000000003,-7.660562799199545
ciprofloxacin,0.1%,equal,4,2.325,-7.677731034862532
ciprofloxacin,0.1%,equal,4,2.35,-7.694508531838682
ciprofloxacin,0.1%,equal,4,2.375,-7.710936651344487
ciprofloxacin,0.1%,equal,4,2.4000000000000004,-7.7270532110045105
ciprofloxacin,0.1%,equal,4,2.4250000000000003,-7.742892732038891
ciprofloxacin,0.1%,equal,4,2.45,-7.758486679839097
ciprofloxacin,0.1%,equal,4,2.475,-7.773863695694087
ciprofloxacin,0.1%,equal,4,2.5,-7.7890498180697305
ciprofloxacin,0.1%,equal,4,2.5250000000000004,-7.8040686923742015
ciprofloxacin,0.1%,equal,4,2.5500000000000003,-7.818941768573686
ciprofloxacin,0.1%,equal,4,2.575,-7.833688486368421
ciprofloxacin,0.1%,equal,4,2.6,-7.848326447911067
ciprofloxacin,0.1%,equal,4,2.625,-7.8628715782590355
ciprofloxacin,0.1%,equal,4,2.6500000000000004,-7.877338273909577
ciprofloxacin,0.1%,equal,4,2.6750000000000003,-7.891739539880726
ciprofloxacin,0.1%,equal,4,2.7,-7.906087115880166
ciprofloxacin,0.1%,equal,4,2.725,-7.920391592154814
ciprofloxacin,0.1%,equal,4,2.75,-7.934662515642103
ciprofloxacin,0.1%,equal,4,2.7750000000000004,-7.948908487054653
ciprofloxacin,0.1%,equal,4,2.8000000000000003,-7.96313724952707
ciprofloxacin,0.1%,equal,4,2.825,-7.977355769440623
ciprofloxacin,0.1%,equal,4,2.85,-7.99157031002108
ciprofloxacin,0.1%,equal,4,2.875,-8.005786498279283
ciprofloxacin,0.1%,equal,4,2.9000000000000004,-8.020009385834916
ciprofloxacin,0.1%,equal,4,2.9250000000000003,-8.034243504132665
ciprofloxacin,0.1%,equal,4,2.95,-8.048492914527756
ciprofloxacin,0.1%,equal,4,2.975,-8.062761253685455
ciprofloxacin,0.1%,equal,4,3.0,-8.077051774707106
ciprofloxacin,0.1%,equal,4,3.0250000000000004,-8.091367384364348
ciprofloxacin,0.1%,equal,4,3.0500000000000003,-8.10571067679318
ciprofloxacin,0.1%,equal,4,3.075,-8.120083963971277
ciprofloxacin,0.1%,equal,4,3.1,-8.134489303275123
ciprofloxacin,0.1%,equal,4,3.125,-8.148928522388347
ciprofloxacin,0.1%,equal,4,3.1500000000000004,-8.163403241809288
ciprofloxacin,0.1%,equal,4,3.1750000000000003,-8.17791489518387
ciprofloxacin,0.1%,equal,4,3.2,-8.192464747669845
ciprofloxacin,0.1%,equal,4,3.225,-8.207053912519747
ciprofloxacin,0.1%,equal,4,3.25,-8.221683366052813
ciprofloxacin,0.1%,equal,4,3.2750000000000004,-8.236353961170474
ciprofloxacin,0.1%,equal,4,3.3000000000000003,-8.251066439555572
ciprofloxacin,0.1%,equal,4,3.325,-8.265821442682379
ciprofloxacin,0.1%,equal,4,3.35,-8.280619521752481
ciprofloxacin,0.1%,equal,4,3.375,-8.29546114666072
ciprofloxacin,0.1%,equal,4,3.4000000000000004,-8.3103467140854
ciprofloxacin,0.1%,equal,4,3.4250000000000003,-8.325276554787992
ciprofloxacin,0.1%,equal,4,3.45,-8.340250940199374
ciprofloxacin,0.1%,equal,4,3.475,-8.355270088362198
ciprofloxacin,0.1%,equal,4,3.5,-8.370334169292262
ciprofloxacin,0.1%,equal,4,3.5250000000000004,-8.385443309815676
ciprofloxacin,0.1%,equal,4,3.5500000000000003,-8.400597597933059
ciprofloxacin,0.1%,equal,4,3.575,-8.415797086757081
ciprofloxacin,0.1%,equal,4,3.6,-8.431041798065069
ciprofloxacin,0.1%,equal,4,3.625,-8.44633172550438
ciprofloxacin,0.1%,equal,4,3.6500000000000004,-8.46166683748455
ciprofloxacin,0.1%,equal,4,3.6750000000000003,-8.47704707978686
ciprofloxacin,0.1%,equal,4,3.7,-8.492472377919027
ciprofloxacin,0.1%,equal,4,3.725,-8.507942639239936
ciprofloxacin,0.1%,equal,4,3.75,-8.523457754876945
ciprofloxacin,0.1%,equal,4,3.7750000000000004,-8.539017601456067
ciprofloxacin,0.1%,equal,4,3.8000000000000003,-8.554622042663308
ciprofloxacin,0.1%,equal,4,3.825,-8.570270930653697
ciprofloxacin,0.1%,equal,4,3.85,-8.585964107322898
ciprofloxacin,0.1%,equal,4,3.875,-8.60170140545481
ciprofloxacin,0.1%,equal,4,3.9000000000000004,-8.617482649757278
ciprofloxacin,0.1%,equal,4,3.9250000000000003,-8.633307657796848
ciprofloxacin,0.1%,equal,4,3.95,-8.64917624084237
ciprofloxacin,0.1%,equal,4,3.975,-8.6650882046264
ciprofloxacin,0.1%,equal,4,4.0,-8.681043350032336
ciprofloxacin,0.1%,equal,4,4.025,-8.697041473714568
ciprofloxacin,0.1%,equal,4,4.05,-8.71308236865815
ciprofloxacin,0.1%,equal,4,4.075,-8.729165824683822
ciprofloxacin,0.1%,equal,4,4.1000000000000005,-8.745291628903779
ciprofloxacin,0.1%,equal,4,4.125,-8.761459566132865
ciprofloxacin,0.1%,equal,4,4.15,-8.777669419259597
ciprofloxacin,0.1%,equal,4,4.175,-8.793920969580846
ciprofloxacin,0.1%,equal,4,4.2,-8.810213997103734
ciprofloxacin,0.1%,equal,4,4.2250000000000005,-8.826548280817885
ciprofloxacin,0.1%,equal,4,4.25,-8.842923598940914
ciprofloxacin,0.1%,equal,4,4.275,-8.859339729139714
ciprofloxacin,0.1%,equal,4,4.3,-8.875796448729902
ciprofloxacin,0.1%,equal,4,4.325,-8.892293534855483
ciprofloxacin,0.1%,equal,4,4.3500000000000005,-8.908830764650677
ciprofloxacin,0.1%,equal,4,4.375,-8.925407915385584
ciprofloxacin,0.1%,equal,4,4.4,-8.942024764597273
ciprofloxacin,0.1%,equal,4,4.425,-8.958681090207643
ciprofloxacin,0.1%,equal,4,4.45,-8.975376670629384
ciprofloxacin,0.1%,equal,4,4.4750000000000005,-8.9921112848611
ciprofloxacin,0.1%,equal,4,4.5,-9.008884712572701
ciprofloxacin,0.1%,equal,4,4.525,-9.025696734181928
ciprofloxacin,0.1%,equal,4,4.55,-9.0425471309229
ciprofloxacin,0.1%,equal,4,4.575,-9.059435684907424
ciprofloxacin,0.1%,equal,4,4.6000000000000005,-9.076362179179734
ciprofloxacin,0.1%,equal,4,4.625,-9.093326397765322
ciprofloxacin,0.1%,equal,4,4.65,-9.110328125714386
ciprofloxacin,0.1%,equal,4,4.675,-9.127367149140408
ciprofloxacin,0.1%,equal,4,4.7,-9.144443255254357
ciprofloxacin,0.1%,equal,4,4.7250000000000005,-9.161556232394862
ciprofloxacin,0.1%,equal,4,4.75,-9.1787058700548
ciprofloxacin,0.1%,equal,4,4.775,-9.195891958904593
ciprofloxacin,0.1%,equal,4,4.800000000000001,-9.21311429081254
ciprofloxacin,0.1%,equal,4,4.825,-9.230372658862462
ciprofloxacin,0.1%,equal,4,4.8500000000000005,-9.247666857368909
ciprofloxacin,0.1%,equal,4,4.875,-9.264996681890128
ciprofloxacin,0.1%,equal,4,4.9,-9.282361929239082
ciprofloxacin,0.1%,equal,4,4.925000000000001,-9.299762397492584
ciprofloxacin,0.1%,equal,4,4.95,-9.317197885998834
ciprofloxacin,0.1%,equal,4,4.9750000000000005,-9.334668195383445
ciprofloxacin,0.1%,equal,4,5.0,-9.352173127554078
ciprofloxacin,0.1%,equal,4,5.025,-9.369712485703909
ciprofloxacin,0.1%,equal,4,5.050000000000001,-9.387286074313925
ciprofloxacin,0.1%,equal,4,5.075,-9.404893699154233
ciprofloxacin,0.1%,equal,4,5.1000000000000005,-9.422535167284446
ciprofloxacin,0.1%,equal,4,5.125,-9.440210287053237
ciprofloxacin,0.1%,equal,4,5.15,-9.457918868097126
ciprofloxacin,0.1%,equal,4,5.175000000000001,-9.475660721338595
ciprofloxacin,0.1%,equal,4,5.2,-9.493435658983582
ciprofloxacin,0.1%,equal,4,5.2250000000000005,-9.5112434945184
ciprofloxacin,0.1%,equal,4,5.25,-9.529084042706144
ciprofloxacin,0.1%,equal,4,5.275,-9.546957119582665
ciprofloxacin,0.1%,equal,4,5.300000000000001,-9.56486254245208
ciprofloxacin,0.1%,equal,4,5.325,-9.582800129881948
ciprofloxacin,0.1%,equal,4,5.3500000000000005,-9.600769701698066
ciprofloxacin,0.1%,equal,4,5.375,-9.618771078978984
ciprofloxacin,0.1%,equal,4,5.4,-9.63680408405022
ciprofloxacin,0.1%,equal,4,5.425000000000001,-9.654868540478247
ciprofloxacin,0.1%,equal,4,5.45,-9.672964273064212
ciprofloxacin,0.1%,equal,4,5.4750000000000005,-9.69109110783751
ciprofloxacin,0.1%,equal,4,5.5,-9.709248872049113
ciprofloxacin,0.1%,equal,4,5.525,-9.727437394164783
ciprofloxacin,0.1%,equal,4,5.550000000000001,-9.745656503858116
ciprofloxacin,0.1%,equal,4,5.575,-9.763906032003455
ciprofloxacin,0.1%,equal,4,5.6000000000000005,-9.78218581066869
ciprofloxacin,0.1%,equal,4,5.625,-9.800495673107966
ciprofloxacin,0.1%,equal,4,5.65,-9.818835453754282
ciprofloxacin,0.1%,equal,4,5.675000000000001,-9.837204988212022
ciprofloxacin,0.1%,equal,4,5.7,-9.855604113249413
ciprofloxacin,0.1%,equal,4,5.7250000000000005,-9.874032666790935
ciprofloxacin,0.1%,equal,4,5.75,-9.892490487909647
ciprofloxacin,0.1%,equal,4,5.775,-9.910977416819524
ciprofloxacin,0.1%,equal,4,5.800000000000001,-9.929493294867703
ciprofloxacin,0.1%,equal,4,5.825,-9.948037964526735
ciprofloxacin,0.1%,equal,4,5.8500000000000005,-9.9666112693868
ciprofloxacin,0.1%,equal,4,5.875,-9.985213054147913
ciprofloxacin,0.1%,equal,4,5.9,-10.003843164612107
ciprofloxacin,0.1%,equal,4,5.925000000000001,-10.022501447675623
ciprofloxacin,0.1%,equal,4,5.95,-10.041187751321079
ciprofloxacin,0.1%,equal,4,5.9750000000000005,-10.059901924609662
ciprofloxacin,0.1%,equal,4,6.0,-10.078643817673305
ciprofloxacin,0.1%,equal,4,6.025,-10.09741328170689
ciprofloxacin,0.1%,equal,4,6.050000000000001,-10.116210168960455
ciprofloxacin,0.1%,equal,4,6.075,-10.135034332731399
ciprofloxacin,0.1%,equal,4,6.1000000000000005,-10.153885627356745
ciprofloxacin,0.1%,equal,4,6.125,-10.172763908205386
ciprofloxacin,0.1%,equal,4,6.15,-10.191669031670365
ciprofloxacin,0.1%,equal,4,6.175000000000001,-10.210600855161188
ciprofloxacin,0.1%,equal,4,6.2,-10.229559237096149
ciprofloxacin,0.1%,equal,4,6.2250000000000005,-10.248544036894703
ciprofloxacin,0.1%,equal,4,6.25,-10.267555114969845
ciprofloxacin,0.1%,equal,4,6.275,-10.28659233272054
ciprofloxacin,0.1%,equal,4,6.300000000000001,-10.305655552524177
ciprofloxacin,0.1%,equal,4,6.325,-10.324744637729061
ciprofloxacin,0.1%,equal,4,6.3500000000000005,-10.34385945264694
ciprofloxacin,0.1%,equal,4,6.375,-10.362999862545566
ciprofloxacin,0.1%,equal,4,6.4,-10.382165733641289
ciprofloxacin,0.1%,equal,4,6.425000000000001,-10.401356933091723
ciprofloxacin,0.1%,equal,4,6.45,-10.420573328988393
ciprofloxacin,0.1%,equal,4,6.4750000000000005,-10.439814790349477
ciprofloxacin,0.1%,equal,4,6.5,-10.45908118711256
ciprofloxacin,0.1%,equal,4,6.525,-10.478372390127436
ciprofloxacin,0.1%,equal,4,6.550000000000001,-10.497688271148968
ciprofloxacin,0.1%,equal,4,6.575,-10.51702870282996
ciprofloxacin,0.1%,equal,4,6.6000000000000005,-10.536393558714089
ciprofloxacin,0.1%,equal,4,6.625,-10.555782713228911
ciprofloxacin,0.1%,equal,4,6.65,-10.575196041678852
ciprofloxacin,0.1%,equal,4,6.675000000000001,-10.594633420238285
ciprofloxacin,0.1%,equal,4,6.7,-10.614094725944652
ciprofloxacin,0.1%,equal,4,6.7250000000000005,-10.633579836691611
ciprofloxacin,0.1%,equal,4,6.75,-10.653088631222246
ciprofloxacin,0.1%,equal,4,6.775,-10.672620989122313
ciprofloxacin,0.1%,equal,4,6.800000000000001,-10.692176790813548
ciprofloxacin,0.1%,equal,4,6.825,-10.711755917546993
ciprofloxacin,0.1%,equal,4,6.8500000000000005,-10.7313582513964
ciprofloxacin,0.1%,equal,4,6.875,-10.750983675251668
ciprofloxacin,0.1%,equal,4,6.9,-10.770632072812312
ciprofloxacin,0.1%,equal,4,6.925000000000001,-10.790303328581013
ciprofloxacin,0.1%,equal,4,6.95,-10.80999732785719
ciprofloxacin,0.1%,equal,4,6.9750000000000005,-10.829713956730613
ciprofloxacin,0.1%,equal,4,7.0,-10.849453102075097
ciprofloxacin,anchor,stage1,1,0.0,0.0
ciprofloxacin,anchor,stage1,1,0.025,-0.10855304154125943
ciprofloxacin,anchor,stage1,1,0.05,-0.21709977564995472
ciprofloxacin,anchor,stage1,1,0.07500000000000001,-0.3256395530045114
ciprofloxacin,anchor,stage1,1,0.1,-0.4341716575456574
ciprofloxacin,anchor,stage1,1,0.125,-0.5426952996402525
ciprofloxacin,anchor,stage1,1,0.15000000000000002,-0.6512096085498957
ciprofloxacin,anchor,stage1,1,0.17500000000000002,-0.7597136241346747
ciprofloxacin,anchor,stage1,1,0.2,-0.8682062877157282
ciprofloxacin,anchor,stage1,1,0.225,-0.9766864320129247
ciprofloxacin,anchor,stage1,1,0.25,-1.0851527700660109
ciprofloxacin,anchor,stage1,1,0.275,-1.1936038830389017
ciprofloxacin,anchor,stage1,1,0.30000000000000004,-1.3020382067974434
ciprofloxacin,anchor,stage1,1,0.325,-1.4104540171407838
ciprofloxacin,anchor,stage1,1,0.35000000000000003,-1.5188494135556139
ciprofloxacin,anchor,stage1,1,0.375,-1.6272223013506864
ciprofloxacin,anchor,stage1,1,0.4,-1.7355703720165185
ciprofloxacin,anchor,stage1,1,0.42500000000000004,-1.843891081641584
ciprofloxacin,anchor,stage1,1,0.45,-1.9521816272020447
ciprofloxacin,anchor,stage1,1,0.47500000000000003,-2.060438920526885
ciprofloxacin,anchor,stage1,1,0.5,-2.168659559724274
ciprofloxacin,anchor,stage1,1,0.525,-2.2768397978384423
ciprofloxacin,anchor,stage1,1,0.55,-2.3849755084888087
ciprofloxacin,anchor,stage1,1,0.5750000000000001,-2.4930621482257465
ciprofloxacin,anchor,stage1,1,0.6000000000000001,-2.6010947153190016
ciprofloxacin,anchor,stage1,1,0.625,-2.7090677046772793
ciprofloxacin,anchor,stage1,1,0.65,-2.8169750585799056
ciprofloxacin,anchor,stage1,1,0.675,-2.924810112885146
ciprofloxacin,anchor,stage1,1,0.7000000000000001,-3.0325655383648535
ciprofloxacin,anchor,stage1,1,0.7250000000000001,-3.14023327680286
ciprofloxacin,anchor,stage1,1,0.75,-3.247804471485191
ciprofloxacin,anchor,stage1,1,0.775,-3.3552693917058467
ciprofloxacin,anchor,stage1,1,0.8,-3.4626173509133453
ciprofloxacin,anchor,stage1,1,0.8250000000000001,-3.5698366181323076
ciprofloxacin,anchor,stage1,1,0.8500000000000001,-3.6769143223134138
ciprofloxacin,anchor,stage1,1,0.875,-3.783836349296726
ciprofloxacin,anchor,stage1,1,0.9,-3.890587231119079
ciprofloxacin,anchor,stage1,1,0.925,-3.9971500274621334
ciprofloxacin,anchor,stage1,1,0.9500000000000001,-4.1035061991242845
ciprofloxacin,anchor,stage1,1,0.9750000000000001,-4.209635473513885
ciprofloxacin,anchor,stage1,1,1.0,-4.3155157023080815
ciprofloxacin,anchor,stage1,1,1.0250000000000001,-4.421122711596333
ciprofloxacin,anchor,stage1,1,1.05,-4.526430145073037
ciprofloxacin,anchor,stage1,1,1.075,-4.631409301084803
ciprofloxacin,anchor,stage1,1,1.1,-4.736028964696513
ciprofloxacin,anchor,stage1,1,1.125,-4.840255236310088
ciprofloxacin,anchor,stage1,1,1.1500000000000001,-4.944051358828541
ciprofloxacin,anchor,stage1,1,1.175,-5.047377545878464
ciprofloxacin,anchor,stage1,1,1.2000000000000002,-5.150190814195353
ciprofloxacin,anchor,stage1,1,1.225,-5.2524448239364725
ciprofloxacin,anchor,stage1,1,1.25,-5.354089731408995
ciprofloxacin,anchor,stage1,1,1.2750000000000001,-5.45507205947576
ciprofloxacin,anchor,stage1,1,1.3,-5.555334591710229
ciprofloxacin,anchor,stage1,1,1.3250000000000002,-5.6548162971876765
ciprofloxacin,anchor,stage1,1,1.35,-5.753452293587034
ciprofloxacin,anchor,stage1,1,1.375,-5.851173856987852
ciprofloxacin,anchor,stage1,1,1.4000000000000001,-5.947908487321258
ciprofloxacin,anchor,stage1,1,1.425,-6.043580038800067
ciprofloxacin,anchor,stage1,1,1.4500000000000002,-6.138108924731448
ciprofloxacin,anchor,stage1,1,1.475,-6.23141240581288
ciprofloxacin,anchor,stage1,1,1.5,-6.323404970239718
ciprofloxacin,anchor,stage1,1,1.5250000000000001,-6.413998812617512
ciprofloxacin,anchor,stage1,1,1.55,-6.503104416703414
ciprofloxacin,anchor,stage1,1,1.5750000000000002,-6.590631244342897
ciprofloxacin,anchor,stage1,1,1.6,-6.676488529613031
ciprofloxacin,anchor,stage1,1,1.625,-6.760586173165072
ciprofloxacin,anchor,stage1,1,1.6500000000000001,-6.84283572718257
ciprofloxacin,anchor,stage1,1,1.675,-6.923151456405075
ciprofloxacin,anchor,stage1,1,1.7000000000000002,-7.001451455561011
ciprofloxacin,anchor,stage1,1,1.725,-7.077658798616966
ciprofloxacin,anchor,stage1,1,1.75,-7.1517026908522645
ciprofloxacin,anchor,stage1,1,1.7750000000000001,-7.223519591292606
ciprofloxacin,anchor,stage1,1,1.8,-7.293054270868132
ciprofloxacin,anchor,stage1,1,1.8250000000000002,-7.360260771119943
ciprofloxacin,anchor,stage1,1,1.85,-7.425103229596601
ciprofloxacin,anchor,stage1,1,1.875,-7.487556541349671
ciprofloxacin,anchor,stage1,1,1.9000000000000001,-7.5476068310872835
ciprofloxacin,anchor,stage1,1,1.925,-7.605251717338831
ciprofloxacin,anchor,stage1,1,1.9500000000000002,-7.660500358024463
ciprofloxacin,anchor,stage1,1,1.975,-7.713373275587529
ciprofloxacin,anchor,stage1,1,2.0,-7.76390196873488
ciprofloxacin,anchor,stage1,1,2.025,-7.812128326253062
ciprofloxacin,anchor,stage1,1,2.0500000000000003,-7.8581038657059405
ciprofloxacin,anchor,stage1,1,2.075,-7.901888825711632
ciprofloxacin,anchor,stage1,1,2.1,-7.943551144542515
ciprofloxacin,anchor,stage1,1,2.125,-7.983165359915538
ciprofloxacin,anchor,stage1,1,2.15,-8.020811465043925
ciprofloxacin,anchor,stage1,1,2.1750000000000003,-8.056573754488026
ciprofloxacin,anchor,stage1,1,2.2,-8.09053969036328
ciprofloxacin,anchor,stage1,1,2.225,-8.122798815397806
ciprofloxacin,anchor,stage1,1,2.25,-8.153441734571006
ciprofloxacin,anchor,stage1,1,2.275,-8.182559181987008
ciprofloxacin,anchor,stage1,1,2.3000000000000003,-8.210241184578932
ciprofloxacin,anchor,stage1,1,2.325,-8.236576329477645
ciprofloxacin,anchor,stage1,1,2.35,-8.261651137614189
ciprofloxacin,anchor,stage1,1,2.375,-8.285549542488384
ciprofloxacin,anchor,stage1,1,2.4000000000000004,-8.30835247008989
ciprofloxacin,anchor,stage1,1,2.4250000000000003,-8.330137513709468
ciprofloxacin,anchor,stage1,1,2.45,-8.350978695789701
ciprofloxacin,anchor,stage1,1,2.475,-8.37094630797037
ciprofloxacin,anchor,stage1,1,2.5,-8.390106819998627
ciprofloxacin,anchor,stage1,1,2.5250000000000004,-8.408522848106585
ciprofloxacin,anchor,stage1,1,2.5500000000000003,-8.42625317371685
ciprofloxacin,anchor,stage1,1,2.575,-8.443352803834447
ciprofloxacin,anchor,stage1,1,2.6,-8.459873065145858
ciprofloxacin,anchor,stage1,1,2.625,-8.475861724607439
ciprofloxacin,anchor,stage1,1,2.6500000000000004,-8.491363130114749
ciprofloxacin,anchor,stage1,1,2.6750000000000003,-8.5064183656597
ciprofloxacin,anchor,stage1,1,2.7,-8.52106541617389
ciprofloxacin,anchor,stage1,1,2.725,-8.535339338002679
ciprofloxacin,anchor,stage1,1,2.75,-8.549272431641493
ciprofloxacin,anchor,stage1,1,2.7750000000000004,-8.562894413986013
ciprofloxacin,anchor,stage1,1,2.8000000000000003,-8.576232587898085
ciprofloxacin,anchor,stage1,1,2.825,-8.589312007369903
ciprofloxacin,anchor,stage1,1,2.85,-8.602155636983037
ciprofloxacin,anchor,stage1,1,2.875,-8.614784504710657
ciprofloxacin,anchor,stage1,1,2.9000000000000004,-8.627217847406332
ciprofloxacin,anchor,stage1,1,2.9250000000000003,-8.639473248566912
ciprofloxacin,anchor,stage1,1,2.95,-8.651566768156142
ciprofloxacin,anchor,stage1,1,2.975,-8.663513064435652
ciprofloxacin,anchor,stage1,1,3.0,-8.675325507876398
ciprofloxacin,anchor,stage1,1,3.0250000000000004,-8.687016287321354
ciprofloxacin,anchor,stage1,1,3.0500000000000003,-8.698596508643975
ciprofloxacin,anchor,stage1,1,3.075,-8.710076286200545
ciprofloxacin,anchor,stage1,1,3.1,-8.721464827411834
ciprofloxacin,anchor,stage1,1,3.125,-8.732770510833124
ciprofloxacin,anchor,stage1,1,3.1500000000000004,-8.744000958084744
ciprofloxacin,anchor,stage1,1,3.1750000000000003,-8.755163100019626
ciprofloxacin,anchor,stage1,1,3.2,-8.766263237502173
ciprofloxacin,anchor,stage1,1,3.225,-8.777307097165366
ciprofloxacin,anchor,stage1,1,3.25,-8.788299882501825
ciprofloxacin,anchor,stage1,1,3.2750000000000004,-8.799246320630624
ciprofloxacin,anchor,stage1,1,3.3000000000000003,-8.81015070506582
ciprofloxacin,anchor,stage1,1,3.325,-8.821016934795521
ciprofloxacin,anchor,stage1,1,3.35,-8.83184854996276
ciprofloxacin,anchor,stage1,1,3.375,-8.84264876442127
ciprofloxacin,anchor,stage1,1,3.4000000000000004,-8.853420495421608
ciprofloxacin,anchor,stage1,1,3.4250000000000003,-8.864166390665472
ciprofloxacin,anchor,stage1,1,3.45,-8.874888852949143
ciprofloxacin,anchor,stage1,1,3.475,-8.88559006260066
ciprofloxacin,anchor,stage1,1,3.5,-8.896271997899898
ciprofloxacin,anchor,stage1,1,3.5250000000000004,-8.906936453655966
ciprofloxacin,anchor,stage1,1,3.5500000000000003,-8.917585058102565
ciprofloxacin,anchor,stage1,1,3.575,-8.928219288258889
ciprofloxacin,anchor,stage1,1,3.6,-8.93884048389165
ciprofloxacin,anchor,stage1,1,3.625,-8.949449860202442
ciprofloxacin,anchor,stage1,1,3.6500000000000004,-8.960048519354213
ciprofloxacin,anchor,stage1,1,3.6750000000000003,-8.970637460940972
ciprofloxacin,anchor,stage1,1,3.7,-8.981217591495813
ciprofloxacin,anchor,stage1,1,3.725,-8.991789733124214
ciprofloxacin,anchor,stage1,1,3.75,-9.002354631341847
ciprofloxacin,anchor,stage1,1,3.7750000000000004,-9.012912962189246
ciprofloxacin,anchor,stage1,1,3.8000000000000003,-9.02346533868927
ciprofloxacin,anchor,stage1,1,3.825,-9.034012316707376
ciprofloxacin,anchor,stage1,1,3.85,-9.044554400269424
ciprofloxacin,anchor,stage1,1,3.875,-9.055092046386756
ciprofloxacin,anchor,stage1,1,3.9000000000000004,-9.065625669433867
ciprofloxacin,anchor,stage1,1,3.9250000000000003,-9.076155645119826
ciprofloxacin,anchor,stage1,1,3.95,-9.086682314090917
ciprofloxacin,anchor,stage1,1,3.975,-9.097205985198553
ciprofloxacin,anchor,stage1,1,4.0,-9.107726938463358
ciprofloxacin,anchor,stage1,1,4.025,-9.118245427763574
ciprofloxacin,anchor,stage1,1,4.05,-9.128761683273284
ciprofloxacin,anchor,stage1,1,4.075,-9.139275913673668
ciprofloxacin,anchor,stage1,1,4.1000000000000005,-9.149788308158314
ciprofloxacin,anchor,stage1,1,4.125,-9.160299038251738
ciprofloxacin,anchor,stage1,1,4.15,-9.170808259458433
ciprofloxacin,anchor,stage1,1,4.175,-9.181316112758202
ciprofloxacin,anchor,stage1,1,4.2,-9.191822725962089
ciprofloxacin,anchor,stage1,1,4.2250000000000005,-9.20232821494184
ciprofloxacin,anchor,stage1,1,4.25,-9.212832684744711
ciprofloxacin,anchor,stage1,1,4.275,-9.22333623060425
ciprofloxacin,anchor,stage1,1,4.3,-9.233838938856778
ciprofloxacin,anchor,stage1,1,4.325,-9.244340887772344
ciprofloxacin,anchor,stage1,1,4.3500000000000005,-9.254842148308107
ciprofloxacin,anchor,stage1,1,4.375,-9.265342784791414
ciprofloxacin,anchor,stage1,1,4.4,-9.275842855539093
ciprofloxacin,anchor,stage1,1,4.425,-9.286342413418923
ciprofloxacin,anchor,stage1,1,4.45,-9.296841506358698
ciprofloxacin,anchor,stage1,1,4.4750000000000005,-9.30734017780771
ciprofloxacin,anchor,stage1,1,4.5,-9.317838467155187
ciprofloxacin,anchor,stage1,1,4.525,-9.32833641010961
ciprofloxacin,anchor,stage1,1,4.55,-9.338834039042624
ciprofloxacin,anchor,stage1,1,4.575,-9.349331383300802
ciprofloxacin,anchor,stage1,1,4.6000000000000005,-9.359828469488312
ciprofloxacin,anchor,stage1,1,4.625,-9.370325321723161
ciprofloxacin,anchor,stage1,1,4.65,-9.380821961869508
ciprofloxacin,anchor,stage1,1,4.675,-9.39131840974826
ciprofloxacin,anchor,stage1,1,4.7,-9.401814683328025
ciprofloxacin,anchor,stage1,1,4.7250000000000005,-9.41231079889818
ciprofloxacin,anchor,stage1,1,4.75,-9.422806771225797
ciprofloxacin,anchor,stage1,1,4.775,-9.433302613697904
ciprofloxacin,anchor,stage1,1,4.800000000000001,-9.44379833845045
ciprofloxacin,anchor,stage1,1,4.825,-9.45429395648521
ciprofloxacin,anchor,stage1,1,4.8500000000000005,-9.46478947777579
ciprofloxacin,anchor,stage1,1,4.875,-9.475284911363694
ciprofloxacin,anchor,stage1,1,4.9,-9.485780265445442
ciprofloxacin,anchor,stage1,1,4.925000000000001,-9.496275547451537
ciprofloxacin,anchor,stage1,1,4.95,-9.506770764118052
ciprofloxacin,anchor,stage1,1,4.9750000000000005,-9.517265921551521
ciprofloxacin,anchor,stage1,1,5.0,-9.527761025287779
ciprofloxacin,anchor,stage1,1,5.025,-9.538256080345292
ciprofloxacin,anchor,stage1,1,5.050000000000001,-9.548751091273518
ciprofloxacin,anchor,stage1,1,5.075,-9.559246062196726
ciprofloxacin,anchor,stage1,1,5.1000000000000005,-9.569740996853742
ciprofloxacin,anchor,stage1,1,5.125,-9.580235898633967
ciprofloxacin,anchor,stage1,1,5.15,-9.59073077061003
ciprofloxacin,anchor,stage1,1,5.175000000000001,-9.601225615567406
ciprofloxacin,anchor,stage1,1,5.2,-9.611720436031232
ciprofloxacin,anchor,stage1,1,5.2250000000000005,-9.62221523429066
ciprofloxacin,anchor,stage1,1,5.25,-9.632710012420892
ciprofloxacin,anchor,stage1,1,5.275,-9.643204772303191
ciprofloxacin,anchor,stage1,1,5.300000000000001,-9.653699515642991
ciprofloxacin,anchor,stage1,1,5.325,-9.664194243986344
ciprofloxacin,anchor,stage1,1,5.3500000000000005,-9.67468895873481
ciprofloxacin,anchor,stage1,1,5.375,-9.685183661158957
ciprofloxacin,anchor,stage1,1,5.4,-9.695678352410608
ciprofloxacin,anchor,stage1,1,5.425000000000001,-9.706173033533938
ciprofloxacin,anchor,stage1,1,5.45,-9.716667705475537
ciprofloxacin,anchor,stage1,1,5.4750000000000005,-9.727162369093517
ciprofloxacin,anchor,stage1,1,5.5,-9.737657025165806
ciprofloxacin,anchor,stage1,1,5.525,-9.748151674397617
ciprofloxacin,anchor,stage1,1,5.550000000000001,-9.758646317428258
ciprofloxacin,anchor,stage1,1,5.575,-9.769140954837289
ciprofloxacin,anchor,stage1,1,5.6000000000000005,-9.7796355871501
ciprofloxacin,anchor,stage1,1,5.625,-9.79013021484298
ciprofloxacin,anchor,stage1,1,5.65,-9.800624838347712
ciprofloxacin,anchor,stage1,1,5.675000000000001,-9.811119458055712
ciprofloxacin,anchor,stage1,1,5.7,-9.821614074321822
ciprofloxacin,anchor,stage1,1,5.7250000000000005,-9.832108687467723
ciprofloxacin,anchor,stage1,1,5.75,-9.842603297785026
ciprofloxacin,anchor,stage1,1,5.775,-9.853097905538087
ciprofloxacin,anchor,stage1,1,5.800000000000001,-9.863592510966567
ciprofloxacin,anchor,stage1,1,5.825,-9.874087114287711
ciprofloxacin,anchor,stage1,1,5.8500000000000005,-9.884581715698477
ciprofloxacin,anchor,stage1,1,5.875,-9.895076315377404
ciprofloxacin,anchor,stage1,1,5.9,-9.905570913486352
ciprofloxacin,anchor,stage1,1,5.925000000000001,-9.916065510172048
ciprofloxacin,anchor,stage1,1,5.95,-9.926560105567509
ciprofloxacin,anchor,stage1,1,5.9750000000000005,-9.93705469979332
ciprofloxacin,anchor,stage1,1,6.0,-9.947549292958797
ciprofloxacin,anchor,stage1,1,6.025,-9.958043885163036
ciprofloxacin,anchor,stage1,1,6.050000000000001,-9.968538476495876
ciprofloxacin,anchor,stage1,1,6.075,-9.979033067038756
ciprofloxacin,anchor,stage1,1,6.1000000000000005,-9.989527656865512
ciprofloxacin,anchor,stage1,1,6.125,-10.00002224604306
ciprofloxacin,anchor,stage1,1,6.15,-10.010516834632085
ciprofloxacin,anchor,stage1,1,6.175000000000001,-10.021011422687588
ciprofloxacin,anchor,stage1,1,6.2,-10.03150601025943
ciprofloxacin,anchor,stage1,1,6.2250000000000005,-10.042000597392812
ciprofloxacin,anchor,stage1,1,6.25,-10.052495184128716
ciprofloxacin,anchor,stage1,1,6.275,-10.06298977050429
ciprofloxacin,anchor,stage1,1,6.300000000000001,-10.073484356553207
ciprofloxacin,anchor,stage1,1,6.325,-10.083978942306
ciprofloxacin,anchor,stage1,1,6.3500000000000005,-10.09447352779034
ciprofloxacin,anchor,stage1,1,6.375,-10.104968113031324
ciprofloxacin,anchor,stage1,1,6.4,-10.115462698051688
ciprofloxacin,anchor,stage1,1,6.425000000000001,-10.125957282872056
ciprofloxacin,anchor,stage1,1,6.45,-10.136451867511118
ciprofloxacin,anchor,stage1,1,6.4750000000000005,-10.14694645198582
ciprofloxacin,anchor,stage1,1,6.5,-10.157441036311518
ciprofloxacin,anchor,stage1,1,6.525,-10.167935620502146
ciprofloxacin,anchor,stage1,1,6.550000000000001,-10.17843020457032
ciprofloxacin,anchor,stage1,1,6.575,-10.188924788527489
ciprofloxacin,anchor,stage1,1,6.6000000000000005,-10.199419372384027
ciprofloxacin,anchor,stage1,1,6.625,-10.209913956149336
ciprofloxacin,anchor,stage1,1,6.65,-10.220408539831945
ciprofloxacin,anchor,stage1,1,6.675000000000001,-10.230903123439584
ciprofloxacin,anchor,stage1,1,6.7,-10.241397706979257
ciprofloxacin,anchor,stage1,1,6.7250000000000005,-10.251892290457317
ciprofloxacin,anchor,stage1,1,6.75,-10.262386873879525
ciprofloxacin,anchor,stage1,1,6.775,-10.272881457251096
ciprofloxacin,anchor,stage1,1,6.800000000000001,-10.283376040576767
ciprofloxacin,anchor,stage1,1,6.825,-10.293870623860824
ciprofloxacin,anchor,stage1,1,6.8500000000000005,-10.304365207107159
ciprofloxacin,anchor,stage1,1,6.875,-10.314859790319296
ciprofloxacin,anchor,stage1,1,6.9,-10.325354373500431
ciprofloxacin,anchor,stage1,1,6.925000000000001,-10.335848956653463
ciprofloxacin,anchor,stage1,1,6.95,-10.346343539781016
ciprofloxacin,anchor,stage1,1,6.9750000000000005,-10.356838122885474
ciprofloxacin,anchor,stage1,1,7.0,-10.367332705968995
ciprofloxacin,anchor,stage1,2,0.0,0.0
ciprofloxacin,anchor,stage1,2,0.025,-0.10709361678640435
ciprofloxacin,anchor,stage1,2,0.05,-0.21418347681454636
ciprofloxacin,anchor,stage1,2,0.07500000000000001,-0.32126916111068066
ciprofloxacin,anchor,stage1,2,0.1,-0.4283502047924047
ciprofloxacin,anchor,stage1,2,0.125,-0.5354260921134132
ciprofloxacin,anchor,stage1,2,0.15000000000000002,-0.6424962509812364
ciprofloxacin,anchor,stage1,2,0.17500000000000002,-0.7495600468929153
ciprofloxacin,anchor,stage1,2,0.2,-0.8566167762279688
ciprofloxacin,anchor,stage1,2,0.225,-0.9636656588318837
ciprofloxacin,anchor,stage1,2,0.25,-1.0707058298166523
ciprofloxacin,anchor,stage1,2,0.275,-1.1777363304975323
ciprofloxacin,anchor,stage1,2,0.30000000000000004,-1.284756098377203
ciprofloxacin,anchor,stage1,2,0.325,-1.3917639560797246
ciprofloxacin,anchor,stage1,2,0.35000000000000003,-1.4987585991272103
ciprofloxacin,anchor,stage1,2,0.375,-1.605738582441727
ciprofloxacin,anchor,stage1,2,0.4,-1.712702305443735
ciprofloxacin,anchor,stage1,2,0.42500000000000004,-1.8196479956061815
ciprofloxacin,anchor,stage1,2,0.45,-1.9265736903102315
ciprofloxacin,anchor,stage1,2,0.47500000000000003,-2.0334772168344766
ciprofloxacin,anchor,stage1,2,0.5,-2.1403561702942406
ciprofloxacin,anchor,stage1,2,0.525,-2.247207889331455
ciprofloxacin,anchor,stage1,2,0.55,-2.354029429338154
ciprofloxacin,anchor,stage1,2,0.5750000000000001,-2.4608175329785498
ciprofloxacin,anchor,stage1,2,0.6000000000000001,-2.567568597755308
ciprofloxacin,anchor,stage1,2,0.625,-2.6742786403455705
ciprofloxacin,anchor,stage1,2,0.65,-2.780943257411702
ciprofloxacin,anchor,stage1,2,0.675,-2.8875575825703175
ciprofloxacin,anchor,stage1,2,0.7000000000000001,-2.994116239182086
ciprofloxacin,anchor,stage1,2,0.7250000000000001,-3.1006132886035
ciprofloxacin,anchor,stage1,2,0.75,-3.2070421735216597
ciprofloxacin,anchor,stage1,2,0.775,-3.313395655974294
ciprofloxacin,anchor,stage1,2,0.8,-3.4196657496407203
ciprofloxacin,anchor,stage1,2,0.8250000000000001,-3.5258436459762903
ciprofloxacin,anchor,stage1,2,0.8500000000000001,-3.631919633754632
ciprofloxacin,anchor,stage1,2,0.875,-3.7378830115798047
ciprofloxacin,anchor,stage1,2,0.9,-3.8437219929368434
ciprofloxacin,anchor,stage1,2,0.925,-3.9494236033659784
ciprofloxacin,anchor,stage1,2,0.9500000000000001,-4.054973569376354
ciprofloxacin,anchor,stage1,2,0.9750000000000001,-4.160356198762351
ciprofloxacin,anchor,stage1,2,1.0,-4.265554252054353
ciprofloxacin,anchor,stage1,2,1.0250000000000001,-4.370548804922926
ciprofloxacin,anchor,stage1,2,1.05,-4.475319101496742
ciprofloxacin,anchor,stage1,2,1.075,-4.579842398685644
ciprofloxacin,anchor,stage1,2,1.1,-4.68409380182999
ciprofloxacin,anchor,stage1,2,1.125,-4.788046092233006
ciprofloxacin,anchor,stage1,2,1.1500000000000001,-4.891669547446426
ciprofloxacin,anchor,stage1,2,1.175,-4.9949317555509705
ciprofloxacin,anchor,stage1,2,1.2000000000000002,-5.097797425117042
ciprofloxacin,anchor,stage1,2,1.225,-5.200228193051703
ciprofloxacin,anchor,stage1,2,1.25,-5.302182433141459
ciprofloxacin,anchor,stage1,2,1.2750000000000001,-5.403615068788202
ciprofloxacin,anchor,stage1,2,1.3,-5.504477394207212
ciprofloxacin,anchor,stage1,2,1.3250000000000002,-5.604716909205029
ciprofloxacin,anchor,stage1,2,1.35,-5.704277173567649
ciprofloxacin,anchor,stage1,2,1.375,-5.803097688045876
ciprofloxacin,anchor,stage1,2,1.4000000000000001,-5.901113809891028
ciprofloxacin,anchor,stage1,2,1.425,-5.998256711827705
ciprofloxacin,anchor,stage1,2,1.4500000000000002,-6.094453394191006
ciprofloxacin,anchor,stage1,2,1.475,-6.189626760631925
ciprofloxacin,anchor,stage1,2,1.5,-6.2836957682161145
ciprofloxacin,anchor,stage1,2,1.5250000000000001,-6.376575662807886
ciprofloxacin,anchor,stage1,2,1.55,-6.468178310231469
ciprofloxacin,anchor,stage1,2,1.5750000000000002,-6.558412632720066
ciprofloxacin,anchor,stage1,2,1.6,-6.6471851584928485
ciprofloxacin,anchor,stage1,2,1.625,-6.734400689850212
ciprofloxacin,anchor,stage1,2,1.6500000000000001,-6.819963091891271
ciprofloxacin,anchor,stage1,2,1.675,-6.903776199830059
ciprofloxacin,anchor,stage1,2,1.7000000000000002,-6.985744837977772
ciprofloxacin,anchor,stage1,2,1.725,-7.065775937911342
ciprofloxacin,anchor,stage1,2,1.75,-7.143779737398635
ciprofloxacin,anchor,stage1,2,1.7750000000000001,-7.219671035621084
ciprofloxacin,anchor,stage1,2,1.8,-7.293370474535511
ciprofloxacin,anchor,stage1,2,1.8250000000000002,-7.364805811308691
ciprofloxacin,anchor,stage1,2,1.85,-7.433913143124347
ciprofloxacin,anchor,stage1,2,1.875,-7.500638043750966
ciprofloxacin,anchor,stage1,2,1.9000000000000001,-7.564936571437258
ciprofloxacin,anchor,stage1,2,1.925,-7.626776110188276
ciprofloxacin,anchor,stage1,2,1.9500000000000002,-7.686136011311872
ciprofloxacin,anchor,stage1,2,1.975,-7.743008009133486
ciprofloxacin,anchor,stage1,2,2.0,-7.797396393576698
ciprofloxacin,anchor,stage1,2,2.025,-7.849317932319565
ciprofloxacin,anchor,stage1,2,2.0500000000000003,-7.89880154579272
ciprofloxacin,anchor,stage1,2,2.075,-7.945887748564474
ciprofloxacin,anchor,stage1,2,2.1,-7.990627880028966
ciprofloxacin,anchor,stage1,2,2.125,-8.033083155051568
ciprofloxacin,anchor,stage1,2,2.15,-8.073323570935678
ciprofloxacin,anchor,stage1,2,2.1750000000000003,-8.111426710472353
ciprofloxacin,anchor,stage1,2,2.2,-8.147476481883645
ciprofloxacin,anchor,stage1,2,2.225,-8.181561835327058
ciprofloxacin,anchor,stage1,2,2.25,-8.21377549260758
ciprofloxacin,anchor,stage1,2,2.275,-8.244212722269658
ciprofloxacin,anchor,stage1,2,2.3000000000000003,-8.272970186789202
ciprofloxacin,anchor,stage1,2,2.325,-8.300144882631637
ciprofloxacin,anchor,stage1,2,2.35,-8.32583318791733
ciprofloxacin,anchor,stage1,2,2.375,-8.350130026700395
ciprofloxacin,anchor,stage1,2,2.4000000000000004,-8.373128153689919
ciprofloxacin,anchor,stage1,2,2.4250000000000003,-8.394917558802376
ciprofloxacin,anchor,stage1,2,2.45,-8.415584987320733
ciprofloxacin,anchor,stage1,2,2.475,-8.435213568667876
ciprofloxacin,anchor,stage1,2,2.5,-8.453882544840152
ciprofloxacin,anchor,stage1,2,2.5250000000000004,-8.47166708831182
ciprofloxacin,anchor,stage1,2,2.5500000000000003,-8.488638198610735
ciprofloxacin,anchor,stage1,2,2.575,-8.504862666665396
ciprofloxacin,anchor,stage1,2,2.6,-8.520403096321065
ciprofloxacin,anchor,stage1,2,2.625,-8.535317973011523
ciprofloxacin,anchor,stage1,2,2.6500000000000004,-8.549661770359808
ciprofloxacin,anchor,stage1,2,2.6750000000000003,-8.563485086386375
ciprofloxacin,anchor,stage1,2,2.7,-8.576834801962761
ciprofloxacin,anchor,stage1,2,2.725,-8.589754255113059
ciprofloxacin,anchor,stage1,2,2.75,-8.602283425698015
ciprofloxacin,anchor,stage1,2,2.7750000000000004,-8.614459125891774
ciprofloxacin,anchor,stage1,2,2.8000000000000003,-8.626315192663526
ciprofloxacin,anchor,stage1,2,2.825,-8.637882679196697
ciprofloxacin,anchor,stage1,2,2.85,-8.649190042813968
ciprofloxacin,anchor,stage1,2,2.875,-8.660263327528694
ciprofloxacin,anchor,stage1,2,2.9000000000000004,-8.671126339815663
ciprofloxacin,anchor,stage1,2,2.9250000000000003,-8.681800816593231
ciprofloxacin,anchor,stage1,2,2.95,-8.692306584740784
ciprofloxacin,anchor,stage1,2,2.975,-8.70266171174811
ciprofloxacin,anchor,stage1,2,3.0,-8.712882647313679
ciprofloxacin,anchor,stage1,2,3.0250000000000004,-8.722984355884103
ciprofloxacin,anchor,stage1,2,3.0500000000000003,-8.732980440263978
ciprofloxacin,anchor,stage1,2,3.075,-8.74288325652952
ciprofloxacin,anchor,stage1,2,3.1,-8.752704020556777
ciprofloxacin,anchor,stage1,2,3.125,-8.762452906529935
ciprofloxacin,anchor,stage1,2,3.1500000000000004,-8.77213913783193
ciprofloxacin,anchor,stage1,2,3.1750000000000003,-8.781771070741446
ciprofloxacin,anchor,stage1,2,3.2,-8.791356271370592
ciprofloxacin,anchor,stage1,2,3.225,-8.800901586278579
ciprofloxacin,anchor,stage1,2,3.25,-8.810413207190715
ciprofloxacin,anchor,stage1,2,3.2750000000000004,-8.819896730240742
ciprofloxacin,anchor,stage1,2,3.3000000000000003,-8.829357210139346
ciprofloxacin,anchor,stage1,2,3.325,-8.83879920965376
ciprofloxacin,anchor,stage1,2,3.35,-8.848226844763776
ciprofloxacin,anchor,stage1,2,3.375,-8.857643825838714
ciprofloxacin,anchor,stage1,2,3.4000000000000004,-8.86705349515882
ciprofloxacin,anchor,stage1,2,3.4250000000000003,-8.876458861083355
ciprofloxacin,anchor,stage1,2,3.45,-8.885862629146892
ciprofloxacin,anchor,stage1,2,3.475,-8.895267230345022
ciprofloxacin,anchor,stage1,2,3.5,-8.904674846851355
ciprofloxacin,anchor,stage1,2,3.5250000000000004,-8.914087435389078
ciprofloxacin,anchor,stage1,2,3.5500000000000003,-8.923506748462756
ciprofloxacin,anchor,stage1,2,3.575,-8.932934353639599
ciprofloxacin,anchor,stage1,2,3.6,-8.942371651053845
ciprofloxacin,anchor,stage1,2,3.625,-8.951819889293489
ciprofloxacin,anchor,stage1,2,3.6500000000000004,-8.961280179815091
ciprofloxacin,anchor,stage1,2,3.6750000000000003,-8.970753510019986
ciprofloxacin,anchor,stage1,2,3.7,-8.98024075511361
ciprofloxacin,anchor,stage1,2,3.725,-8.989742688859112
ciprofloxacin,anchor,stage1,2,3.75,-8.999259993326534
ciprofloxacin,anchor,stage1,2,3.7750000000000004,-9.008793267729926
ciprofloxacin,anchor,stage1,2,3.8000000000000003,-9.018343036436473
ciprofloxacin,anchor,stage1,2,3.825,-9.027909756224133
ciprofloxacin,anchor,stage1,2,3.85,-9.037493822857446
ciprofloxacin,anchor,stage1,2,3.875,-9.04709557704474
ciprofloxacin,anchor,stage1,2,3.9000000000000004,-9.056715309834292
ciprofloxacin,anchor,stage1,2,3.9250000000000003,-9.06635326750169
ciprofloxacin,anchor,stage1,2,3.95,-9.076009655975817
ciprofloxacin,anchor,stage1,2,3.975,-9.085684644846605
ciprofloxacin,anchor,stage1,2,4.0,-9.095378370993595
ciprofloxacin,anchor,stage1,2,4.025,-9.105090941870854
ciprofloxacin,anchor,stage1,2,4.05,-9.114822438480376
ciprofloxacin,anchor,stage1,2,4.075,-9.124572918063262
ciprofloxacin,anchor,stage1,2,4.1000000000000005,-9.134342416535056
ciprofloxacin,anchor,stage1,2,4.125,-9.144130950689368
ciprofloxacin,anchor,stage1,2,4.15,-9.153938520191476
ciprofloxacin,anchor,stage1,2,4.175,-9.163765109381696
ciprofloxacin,anchor,stage1,2,4.2,-9.17361068890639
ciprofloxacin,anchor,stage1,2,4.2250000000000005,-9.183475217192871
ciprofloxacin,anchor,stage1,2,4.25,-9.193358641782867
ciprofloxacin,anchor,stage1,2,4.275,-9.203260900537897
ciprofloxacin,anchor,stage1,2,4.3,-9.2131819227286
ciprofloxacin,anchor,stage1,2,4.325,-9.223121630019028
ciprofloxacin,anchor,stage1,2,4.3500000000000005,-9.233079937355722
ciprofloxacin,anchor,stage1,2,4.375,-9.243056753770643
ciprofloxacin,anchor,stage1,2,4.4,-9.253051983106033
ciprofloxacin,anchor,stage1,2,4.425,-9.263065524668633
ciprofloxacin,anchor,stage1,2,4.45,-9.273097273819886
ciprofloxacin,anchor,stage1,2,4.4750000000000005,-9.283147122508227
ciprofloxacin,anchor,stage1,2,4.5,-9.293214959748921
ciprofloxacin,anchor,stage1,2,4.525,-9.3033006720564
ciprofloxacin,anchor,stage1,2,4.55,-9.313404143833646
ciprofloxacin,anchor,stage1,2,4.575,-9.323525257722645
ciprofloxacin,anchor,stage1,2,4.6000000000000005,-9.333663894919656
ciprofloxacin,anchor,stage1,2,4.625,-9.34381993545858
ciprofloxacin,anchor,stage1,2,4.65,-9.353993258465533
ciprofloxacin,anchor,stage1,2,4.675,-9.364183742387297
ciprofloxacin,anchor,stage1,2,4.7,-9.374391265196204
ciprofloxacin,anchor,stage1,2,4.7250000000000005,-9.384615704573626
ciprofloxacin,anchor,stage1,2,4.75,-9.394856938074193
ciprofloxacin,anchor,stage1,2,4.775,-9.40511484327254
ciprofloxacin,anchor,stage1,2,4.800000000000001,-9.415389297894263
ciprofloxacin,anchor,stage1,2,4.825,-9.425680179932595
ciprofloxacin,anchor,stage1,2,4.8500000000000005,-9.435987367752212
ciprofloxacin,anchor,stage1,2,4.875,-9.446310740181357
ciprofloxacin,anchor,stage1,2,4.9,-9.456650176593454
ciprofloxacin,anchor,stage1,2,4.925000000000001,-9.467005556979204
ciprofloxacin,anchor,stage1,2,4.95,-9.47737676201011
ciprofloxacin,anchor,stage1,2,4.9750000000000005,-9.487763673094243
ciprofloxacin,anchor,stage1,2,5.0,-9.498166172425016
ciprofloxacin,anchor,stage1,2,5.025,-9.508584143023679
ciprofloxacin,anchor,stage1,2,5.050000000000001,-9.519017468776099
ciprofloxacin,anchor,stage1,2,5.075,-9.529466034464429
ciprofloxacin,anchor,stage1,2,5.1000000000000005,-9.539929725794197
ciprofloxacin,anchor,stage1,2,5.125,-9.550408429417182
ciprofloxacin,anchor,stage1,2,5.15,-9.560902032950619
ciprofloxacin,anchor,stage1,2,5.175000000000001,-9.571410424993006
ciprofloxacin,anchor,stage1,2,5.2,-9.581933495136909
ciprofloxacin,anchor,stage1,2,5.2250000000000005,-9.592471133979066
ciprofloxacin,anchor,stage1,2,5.25,-9.60302323312806
ciprofloxacin,anchor,stage1,2,5.275,-9.613589685209806
ciprofloxacin,anchor,stage1,2,5.300000000000001,-9.624170383871121
ciprofloxacin,anchor,stage1,2,5.325,-9.634765223781516
ciprofloxacin,anchor,stage1,2,5.3500000000000005,-9.645374100633486
ciprofloxacin,anchor,stage1,2,5.375,-9.655996911141361
ciprofloxacin,anchor,stage1,2,5.4,-9.666633553038986
ciprofloxacin,anchor,stage1,2,5.425000000000001,-9.677283925076246
ciprofloxacin,anchor,stage1,2,5.45,-9.687947927014688
ciprofloxacin,anchor,stage1,2,5.4750000000000005,-9.698625459622237
ciprofloxacin,anchor,stage1,2,5.5,-9.709316424667188
ciprofloxacin,anchor,stage1,2,5.525,-9.720020724911524
ciprofloxacin,anchor,stage1,2,5.550000000000001,-9.730738264103657
ciprofloxacin,anchor,stage1,2,5.575,-9.741468946970667
ciprofloxacin,anchor,stage1,2,5.6000000000000005,-9.752212679210107
ciprofloxacin,anchor,stage1,2,5.625,-9.762969367481423
ciprofloxacin,anchor,stage1,2,5.65,-9.773738919397049
ciprofloxacin,anchor,stage1,2,5.675000000000001,-9.784521243513247
ciprofloxacin,anchor,stage1,2,5.7,-9.7953162493207
ciprofloxacin,anchor,stage1,2,5.7250000000000005,-9.806123847234927
ciprofloxacin,anchor,stage1,2,5.75,-9.816943948586522
ciprofloxacin,anchor,stage1,2,5.775,-9.827776465611311
ciprofloxacin,anchor,stage1,2,5.800000000000001,-9.838621311440376
ciprofloxacin,anchor,stage1,2,5.825,-9.849478400090026
ciprofloxacin,anchor,stage1,2,5.8500000000000005,-9.860347646451729
ciprofloxacin,anchor,stage1,2,5.875,-9.871228966282015
ciprofloxacin,anchor,stage1,2,5.9,-9.882122276192359
ciprofloxacin,anchor,stage1,2,5.925000000000001,-9.893027493639098
ciprofloxacin,anchor,stage1,2,5.95,-9.90394453691335
ciprofloxacin,anchor,stage1,2,5.9750000000000005,-9.914873325130987
ciprofloxacin,anchor,stage1,2,6.0,-9.925813778222633
ciprofloxacin,anchor,stage1,2,6.025,-9.936765816923755
ciprofloxacin,anchor,stage1,2,6.050000000000001,-9.947729362764774
ciprofloxacin,anchor,stage1,2,6.075,-9.9587043380613
ciprofloxacin,anchor,stage1,2,6.1000000000000005,-9.969690665904407
ciprofloxacin,anchor,stage1,2,6.125,-9.98068827015102
ciprofloxacin,anchor,stage1,2,6.15,-9.991697075414384
ciprofloxacin,anchor,stage1,2,6.175000000000001,-10.00271700705462
ciprofloxacin,anchor,stage1,2,6.2,-10.013747991169405
ciprofloxacin,anchor,stage1,2,6.2250000000000005,-10.02478995458473
ciprofloxacin,anchor,stage1,2,6.25,-10.035842824845776
ciprofloxacin,anchor,stage1,2,6.275,-10.0469065302079
ciprofloxacin,anchor,stage1,2,6.300000000000001,-10.057980999627711
ciprofloxacin,anchor,stage1,2,6.325,-10.06906616275428
ciprofloxacin,anchor,stage1,2,6.3500000000000005,-10.080161949920459
ciprofloxacin,anchor,stage1,2,6.375,-10.091268292134272
ciprofloxacin,anchor,stage1,2,6.4,-10.102385121070496
ciprofloxacin,anchor,stage1,2,6.425000000000001,-10.113512369062269
ciprofloxacin,anchor,stage1,2,6.45,-10.124649969092866
ciprofloxacin,anchor,stage1,2,6.4750000000000005,-10.135797854787574
ciprofloxacin,anchor,stage1,2,6.5,-10.146955960405675
ciprofloxacin,anchor,stage1,2,6.525,-10.158124220832532
ciprofloxacin,anchor,stage1,2,6.550000000000001,-10.169302571571803
ciprofloxacin,anchor,stage1,2,6.575,-10.180490948737756
ciprofloxacin,anchor,stage1,2,6.6000000000000005,-10.191689289047694
ciprofloxacin,anchor,stage1,2,6.625,-10.202897529814482
ciprofloxacin,anchor,stage1,2,6.65,-10.21411560893919
ciprofloxacin,anchor,stage1,2,6.675000000000001,-10.22534346490384
ciprofloxacin,anchor,stage1,2,6.7,-10.23658103676425
ciprofloxacin,anchor,stage1,2,6.7250000000000005,-10.247828264142996
ciprofloxacin,anchor,stage1,2,6.75,-10.259085087222457
ciprofloxacin,anchor,stage1,2,6.775,-10.270351446737976
ciprofloxacin,anchor,stage1,2,6.800000000000001,-10.281627283971119
ciprofloxacin,anchor,stage1,2,6.825,-10.29291254074302
ciprofloxacin,anchor,stage1,2,6.8500000000000005,-10.304207159407843
ciprofloxacin,anchor,stage1,2,6.875,-10.315511082846314
ciprofloxacin,anchor,stage1,2,6.9,-10.326824254459382
ciprofloxacin,anchor,stage1,2,6.925000000000001,-10.338146618161929
ciprofloxacin,anchor,stage1,2,6.95,-10.349478118376608
ciprofloxacin,anchor,stage1,2,6.9750000000000005,-10.360818700027762
ciprofloxacin,anchor,stage1,2,7.0,-10.372168308535413
ciprofloxacin,anchor,stage1,3,0.0,0.0
ciprofloxacin,anchor,stage1,3,0.025,-0.10602777092910154
ciprofloxacin,anchor,stage1,3,0.05,-0.21205271547921775
ciprofloxacin,anchor,stage1,3,0.07500000000000001,-0.31807451781619417
ciprofloxacin,anchor,stage1,3,0.1,-0.4240928270003223
ciprofloxacin,anchor,stage1,3,0.125,-0.5301072531204939
ciprofloxacin,anchor,stage1,3,0.15000000000000002,-0.6361173630078508
ciprofloxacin,anchor,stage1,3,0.17500000000000002,-0.7421226754839324
ciprofloxacin,anchor,stage1,3,0.2,-0.8481226560936103
ciprofloxacin,anchor,stage1,3,0.225,-0.954116711267945
ciprofloxacin,anchor,stage1,3,0.25,-1.0601041818563897
ciprofloxacin,anchor,stage1,3,0.275,-1.1660843359615538
ciprofloxacin,anchor,stage1,3,0.30000000000000004,-1.272056361002864
ciprofloxacin,anchor,stage1,3,0.325,-1.3780193549279627
ciprofloxacin,anchor,stage1,3,0.35000000000000003,-1.483972316482468
ciprofloxacin,anchor,stage1,3,0.375,-1.589914134439718
ciprofloxacin,anchor,stage1,3,0.4,-1.6958435756823165
ciprofloxacin,anchor,stage1,3,0.42500000000000004,-1.8017592720166005
ciprofloxacin,anchor,stage1,3,0.45,-1.9076597055895124
ciprofloxacin,anchor,stage1,3,0.47500000000000003,-2.0135431927646965
ciprofloxacin,anchor,stage1,3,0.5,-2.119407866301013
ciprofloxacin,anchor,stage1,3,0.525,-2.2252516556618076
ciprofloxacin,anchor,stage1,3,0.55,-2.331072265267381
ciprofloxacin,anchor,stage1,3,0.5750000000000001,-2.436867150486048
ciprofloxacin,anchor,stage1,3,0.6000000000000001,-2.5426334911408914
ciprofloxacin,anchor,stage1,3,0.625,-2.6483681622899318
ciprofloxacin,anchor,stage1,3,0.65,-2.754067702016925
ciprofloxacin,anchor,stage1,3,0.675,-2.859728275948449
ciprofloxacin,anchor,stage1,3,0.7000000000000001,-2.9653456381905925
ciprofloxacin,anchor,stage1,3,0.7250000000000001,-3.0709150883554392
ciprofloxacin,anchor,stage1,3,0.75,-3.1764314243240914
ciprofloxacin,anchor,stage1,3,0.775,-3.281888890369438
ciprofloxacin,anchor,stage1,3,0.8,-3.387281120238968
ciprofloxacin,anchor,stage1,3,0.8250000000000001,-3.4926010747761382
ciprofloxacin,anchor,stage1,3,0.8500000000000001,-3.597840973638786
ciprofloxacin,anchor,stage1,3,0.875,-3.7029922206566477
ciprofloxacin,anchor,stage1,3,0.9,-3.8080453223574584
ciprofloxacin,anchor,stage1,3,0.925,-3.9129897991846794
ciprofloxacin,anchor,stage1,3,0.9500000000000001,-4.017814088931993
ciprofloxacin,anchor,stage1,3,0.9750000000000001,-4.122505441931605
ciprofloxacin,anchor,stage1,3,1.0,-4.227049807558616
ciprofloxacin,anchor,stage1,3,1.0250000000000001,-4.331431711657954
ciprofloxacin,anchor,stage1,3,1.05,-4.435634124555725
ciprofloxacin,anchor,stage1,3,1.075,-4.539638319426443
ciprofloxacin,anchor,stage1,3,1.1,-4.64342372087503
ciprofloxacin,anchor,stage1,3,1.125,-4.746967743781116
ciprofloxacin,anchor,stage1,3,1.1500000000000001,-4.850245622636379
ciprofloxacin,anchor,stage1,3,1.175,-4.953230231864748
ciprofloxacin,anchor,stage1,3,1.2000000000000002,-5.05589189792752
ciprofloxacin,anchor,stage1,3,1.225,-5.158198204396297
ciprofloxacin,anchor,stage1,3,1.25,-5.260113791634264
ciprofloxacin,anchor,stage1,3,1.2750000000000001,-5.361600153267137
ciprofloxacin,anchor,stage1,3,1.3,-5.462615432256766
ciprofloxacin,anchor,stage1,3,1.3250000000000002,-5.563114220115028
ciprofloxacin,anchor,stage1,3,1.35,-5.6630473636150045
ciprofloxacin,anchor,stage1,3,1.375,-5.762361784264619
ciprofloxacin,anchor,stage1,3,1.4000000000000001,-5.861000316793171
ciprofloxacin,anchor,stage1,3,1.425,-5.95890157394288
ciprofloxacin,anchor,stage1,3,1.4500000000000002,-6.055999845923057
ciprofloxacin,anchor,stage1,3,1.475,-6.152225043927353
ciprofloxacin,anchor,stage1,3,1.5,-6.247502698075329
ciprofloxacin,anchor,stage1,3,1.5250000000000001,-6.3417540209369285
ciprofloxacin,anchor,stage1,3,1.55,-6.434896048339603
ciprofloxacin,anchor,stage1,3,1.5750000000000002,-6.526841869330185
ciprofloxacin,anchor,stage1,3,1.6,-6.617500956843795
ciprofloxacin,anchor,stage1,3,1.625,-6.706779609690952
ciprofloxacin,anchor,stage1,3,1.6500000000000001,-6.794581514787744
ciprofloxacin,anchor,stage1,3,1.675,-6.88080843601556
ciprofloxacin,anchor,stage1,3,1.7000000000000002,-6.96536103263332
ciprofloxacin,anchor,stage1,3,1.725,-7.048139805762243
ciprofloxacin,anchor,stage1,3,1.75,-7.129046166172624
ciprofloxacin,anchor,stage1,3,1.7750000000000001,-7.207983610575347
ciprofloxacin,anchor,stage1,3,1.8,-7.284858987105427
ciprofloxacin,anchor,stage1,3,1.8250000000000002,-7.359583824038684
ciprofloxacin,anchor,stage1,3,1.85,-7.432075689452638
ciprofloxacin,anchor,stage1,3,1.875,-7.502259544051452
ciprofloxacin,anchor,stage1,3,1.9000000000000001,-7.570069045258788
ciprofloxacin,anchor,stage1,3,1.925,-7.635447758460288
ciprofloxacin,anchor,stage1,3,1.9500000000000002,-7.698350231361272
ciprofloxacin,anchor,stage1,3,1.975,-7.758742890077514
ciprofloxacin,anchor,stage1,3,2.0,-7.816604720845889
ciprofloxacin,anchor,stage1,3,2.025,-7.871927708937274
ciprofloxacin,anchor,stage1,3,2.0500000000000003,-7.924717016037583
ciprofloxacin,anchor,stage1,3,2.075,-7.974990888422517
ciprofloxacin,anchor,stage1,3,2.1,-8.022780299826687
ciprofloxacin,anchor,stage1,3,2.125,-8.068128344256047
ciprofloxacin,anchor,stage1,3,2.15,-8.111089404185764
ciprofloxacin,anchor,stage1,3,2.1750000000000003,-8.151728127998284
ciprofloxacin,anchor,stage1,3,2.2,-8.190118256611576
ciprofloxacin,anchor,stage1,3,2.225,-8.22634134276208
ciprofloxacin,anchor,stage1,3,2.25,-8.26048540731252
ciprofloxacin,anchor,stage1,3,2.275,-8.292643575447178
ciprofloxacin,anchor,stage1,3,2.3000000000000003,-8.322912732068492
ciprofloxacin,anchor,stage1,3,2.325,-8.351392230607253
ciprofloxacin,anchor,stage1,3,2.35,-8.378182683343754
ciprofloxacin,anchor,stage1,3,2.375,-8.403384854740183
ciprofloxacin,anchor,stage1,3,2.4000000000000004,-8.427098672681785
ciprofloxacin,anchor,stage1,3,2.4250000000000003,-8.449422366303502
ciprofloxacin,anchor,stage1,3,2.45,-8.470451733525982
ciprofloxacin,anchor,stage1,3,2.475,-8.490279536719664
ciprofloxacin,anchor,stage1,3,2.5,-8.50899502114271
ciprofloxacin,anchor,stage1,3,2.5250000000000004,-8.526683547962335
ciprofloxacin,anchor,stage1,3,2.5500000000000003,-8.54342633171302
ciprofloxacin,anchor,stage1,3,2.575,-8.559300270872733
ciprofloxacin,anchor,stage1,3,2.6,-8.574377859728486
ciprofloxacin,anchor,stage1,3,2.625,-8.588727169727225
ciprofloxacin,anchor,stage1,3,2.6500000000000004,-8.602411888940471
ciprofloxacin,anchor,stage1,3,2.6750000000000003,-8.615491408995824
ciprofloxacin,anchor,stage1,3,2.7,-8.62802094974436
ciprofloxacin,anchor,stage1,3,2.725,-8.640051712956078
ciprofloxacin,anchor,stage1,3,2.75,-8.65163105739912
ciprofloxacin,anchor,stage1,3,2.7750000000000004,-8.66280268871162
ciprofloxacin,anchor,stage1,3,2.8000000000000003,-8.673606858481378
ciprofloxacin,anchor,stage1,3,2.825,-8.68408056788345
ciprofloxacin,anchor,stage1,3,2.85,-8.694257772074703
ciprofloxacin,anchor,stage1,3,2.875,-8.70416958230024
ciprofloxacin,anchor,stage1,3,2.9000000000000004,-8.713844463328192
ciprofloxacin,anchor,stage1,3,2.9250000000000003,-8.723308424399358
ciprofloxacin,anchor,stage1,3,2.95,-8.732585202362161
ciprofloxacin,anchor,stage1,3,2.975,-8.741696436068539
ciprofloxacin,anchor,stage1,3,3.0,-8.750661831440791
ciprofloxacin,anchor,stage1,3,3.0250000000000004,-8.759499316891304
ciprofloxacin,anchor,stage1,3,3.0500000000000003,-8.768225188994755
ciprofloxacin,anchor,stage1,3,3.075,-8.776854248483506
ciprofloxacin,anchor,stage1,3,3.1,-8.785399926768486
ciprofloxacin,anchor,stage1,3,3.125,-8.79387440328659
ciprofloxacin,anchor,stage1,3,3.1500000000000004,-8.802288714046837
ciprofloxacin,anchor,stage1,3,3.1750000000000003,-8.810652851796524
ciprofloxacin,anchor,stage1,3,3.2,-8.818975858259435
ciprofloxacin,anchor,stage1,3,3.225,-8.827265908914638
ciprofloxacin,anchor,stage1,3,3.25,-8.835530390789408
ciprofloxacin,anchor,stage1,3,3.2750000000000004,-8.843775973736221
ciprofloxacin,anchor,stage1,3,3.3000000000000003,-8.852008675653359
ciprofloxacin,anchor,stage1,3,3.325,-8.860233922093482
ciprofloxacin,anchor,stage1,3,3.35,-8.868456600685832
ciprofloxacin,anchor,stage1,3,3.375,-8.876681110776696
ciprofloxacin,anchor,stage1,3,3.4000000000000004,-8.884911408670334
ciprofloxacin,anchor,stage1,3,3.4250000000000003,-8.893151048829406
ciprofloxacin,anchor,stage1,3,3.45,-8.9014032213707
ciprofloxacin,anchor,stage1,3,3.475,-8.909670786168816
ciprofloxacin,anchor,stage1,3,3.5,-8.917956303858148
ciprofloxacin,anchor,stage1,3,3.5250000000000004,-8.92626206400179
ciprofloxacin,anchor,stage1,3,3.5500000000000003,-8.934590110675328
ciprofloxacin,anchor,stage1,3,3.575,-8.94294226569394
ciprofloxacin,anchor,stage1,3,3.6,-8.951320149692677
ciprofloxacin,anchor,stage1,3,3.625,-8.95972520125258
ciprofloxacin,anchor,stage1,3,3.6500000000000004,-8.968158694249034
ciprofloxacin,anchor,stage1,3,3.6750000000000003,-8.97662175358382
ciprofloxacin,anchor,stage1,3,3.7,-8.98511536944834
ciprofloxacin,anchor,stage1,3,3.725,-8.993640410252642
ciprofloxacin,anchor,stage1,3,3.75,-9.002197634343053
ciprofloxacin,anchor,stage1,3,3.7750000000000004,-9.010787700620234
ciprofloxacin,anchor,stage1,3,3.8000000000000003,-9.019411178159505
ciprofloxacin,anchor,stage1,3,3.825,-9.02806855492611
ciprofloxacin,anchor,stage1,3,3.85,-9.036760245669667
ciprofloxacin,anchor,stage1,3,3.875,-9.045486599074337
ciprofloxacin,anchor,stage1,3,3.9000000000000004,-9.05424790423432
ciprofloxacin,anchor,stage1,3,3.9250000000000003,-9.063044396517759
ciprofloxacin,anchor,stage1,3,3.95,-9.071876262876449
ciprofloxacin,anchor,stage1,3,3.975,-9.080743646653291
ciprofloxacin,anchor,stage1,3,4.0,-9.089646651934707
ciprofloxacin,anchor,stage1,3,4.025,-9.09858534749081
ciprofloxacin,anchor,stage1,3,4.05,-9.107559770342075
ciprofloxacin,anchor,stage1,3,4.075,-9.116569928987753
ciprofloxacin,anchor,stage1,3,4.1000000000000005,-9.125615806327808
ciprofloxacin,anchor,stage1,3,4.125,-9.134697362307332
ciprofloxacin,anchor,stage1,3,4.15,-9.143814536309582
ciprofloxacin,anchor,stage1,3,4.175,-9.152967249321325
ciprofloxacin,anchor,stage1,3,4.2,-9.16215540589203
ciprofloxacin,anchor,stage1,3,4.2250000000000005,-9.171378895906283
ciprofloxacin,anchor,stage1,3,4.25,-9.180637596187136
ciprofloxacin,anchor,stage1,3,4.275,-9.189931371946274
ciprofloxacin,anchor,stage1,3,4.3,-9.199260078095495
ciprofloxacin,anchor,stage1,3,4.325,-9.208623560432596
ciprofloxacin,anchor,stage1,3,4.3500000000000005,-9.218021656713512
ciprofloxacin,anchor,stage1,3,4.375,-9.227454197621444
ciprofloxacin,anchor,stage1,3,4.4,-9.236921007642698
ciprofloxacin,anchor,stage1,3,4.425,-9.246421905858057
ciprofloxacin,anchor,stage1,3,4.45,-9.25595670665765
ciprofloxacin,anchor,stage1,3,4.4750000000000005,-9.265525220386504
ciprofloxacin,anchor,stage1,3,4.5,-9.275127253927417
ciprofloxacin,anchor,stage1,3,4.525,-9.284762611226952
ciprofloxacin,anchor,stage1,3,4.55,-9.294431093770001
ciprofloxacin,anchor,stage1,3,4.575,-9.304132501007746
ciprofloxacin,anchor,stage1,3,4.6000000000000005,-9.313866630743433
ciprofloxacin,anchor,stage1,3,4.625,-9.323633279479907
ciprofloxacin,anchor,stage1,3,4.65,-9.333432242732556
ciprofloxacin,anchor,stage1,3,4.675,-9.343263315310928
ciprofloxacin,anchor,stage1,3,4.7,-9.35312629157195
ciprofloxacin,anchor,stage1,3,4.7250000000000005,-9.36302096564747
ciprofloxacin,anchor,stage1,3,4.75,-9.372947131648525
ciprofloxacin,anchor,stage1,3,4.775,-9.382904583848543
ciprofloxacin,anchor,stage1,3,4.800000000000001,-9.392893116847498
ciprofloxacin,anchor,stage1,3,4.825,-9.402912525718754
ciprofloxacin,anchor,stage1,3,4.8500000000000005,-9.41296260614033
ciprofloxacin,anchor,stage1,3,4.875,-9.42304315451198
ciprofloxacin,anchor,stage1,3,4.9,-9.433153968059502
ciprofloxacin,anchor,stage1,3,4.925000000000001,-9.443294844927426
ciprofloxacin,anchor,stage1,3,4.95,-9.453465584261249
ciprofloxacin,anchor,stage1,3,4.9750000000000005,-9.463665986280166
ciprofloxacin,anchor,stage1,3,5.0,-9.47389585234123
ciprofloxacin,anchor,stage1,3,5.025,-9.484154984995737
ciprofloxacin,anchor,stage1,3,5.050000000000001,-9.494443188038627
ciprofloxacin,anchor,stage1,3,5.075,-9.504760266551497
ciprofloxacin,anchor,stage1,3,5.1000000000000005,-9.515106026939929
ciprofloxacin,anchor,stage1,3,5.125,-9.52548027696559
ciprofloxacin,anchor,stage1,3,5.15,-9.535882825773701
ciprofloxacin,anchor,stage1,3,5.175000000000001,-9.546313483916244
ciprofloxacin,anchor,stage1,3,5.2,-9.556772063371374
ciprofloxacin,anchor,stage1,3,5.2250000000000005,-9.567258377559398
ciprofloxacin,anchor,stage1,3,5.25,-9.577772241355634
ciprofloxacin,anchor,stage1,3,5.275,-9.588313471100495
ciprofloxacin,anchor,stage1,3,5.300000000000001,-9.598881884607039
ciprofloxacin,anchor,stage1,3,5.325,-9.609477301166264
ciprofloxacin,anchor,stage1,3,5.3500000000000005,-9.620099541550367
ciprofloxacin,anchor,stage1,3,5.375,-9.63074842801416
ciprofloxacin,anchor,stage1,3,5.4,-9.641423784294858
ciprofloxacin,anchor,stage1,3,5.425000000000001,-9.652125435610383
ciprofloxacin,anchor,stage1,3,5.45,-9.662853208656355
ciprofloxacin,anchor,stage1,3,5.4750000000000005,-9.67360693160189
ciprofloxacin,anchor,stage1,3,5.5,-9.684386434084365
ciprofloxacin,anchor,stage1,3,5.525,-9.695191547203219
ciprofloxacin,anchor,stage1,3,5.550000000000001,-9.706022103512929
ciprofloxacin,anchor,stage1,3,5.575,-9.716877937015251
ciprofloxacin,anchor,stage1,3,5.6000000000000005,-9.727758883150788
ciprofloxacin,anchor,stage1,3,5.625,-9.738664778789978
ciprofloxacin,anchor,stage1,3,5.65,-9.74959546222359
ciprofloxacin,anchor,stage1,3,5.675000000000001,-9.760550773152744
ciprofloxacin,anchor,stage1,3,5.7,-9.771530552678552
ciprofloxacin,anchor,stage1,3,5.7250000000000005,-9.782534643291434
ciprofloxacin,anchor,stage1,3,5.75,-9.793562888860109
ciprofloxacin,anchor,stage1,3,5.775,-9.804615134620366
ciprofloxacin,anchor,stage1,3,5.800000000000001,-9.815691227163587
ciprofloxacin,anchor,stage1,3,5.825,-9.826791014425137
ciprofloxacin,anchor,stage1,3,5.8500000000000005,-9.837914345672557
ciprofloxacin,anchor,stage1,3,5.875,-9.849061071493681
ciprofloxacin,anchor,stage1,3,5.9,-9.860231043784621
ciprofloxacin,anchor,stage1,3,5.925000000000001,-9.87142411573771
ciprofloxacin,anchor,stage1,3,5.95,-9.882640141829372
ciprofloxacin,anchor,stage1,3,5.9750000000000005,-9.893878977807978
ciprofloxacin,anchor,stage1,3,6.0,-9.905140480681666
ciprofloxacin,anchor,stage1,3,6.025,-9.916424508706188
ciprofloxacin,anchor,stage1,3,6.050000000000001,-9.927730921372723
ciprofloxacin,anchor,stage1,3,6.075,-9.939059579395778
ciprofloxacin,anchor,stage1,3,6.1000000000000005,-9.950410344701057
ciprofloxacin,anchor,stage1,3,6.125,-9.961783080413438
ciprofloxacin,anchor,stage1,3,6.15,-9.973177650844944
ciprofloxacin,anchor,stage1,3,6.175000000000001,-9.98459392148282
ciprofloxacin,anchor,stage1,3,6.2,-9.996031758977656
ciprofloxacin,anchor,stage1,3,6.2250000000000005,-10.007491031131591
ciprofloxacin,anchor,stage1,3,6.25,-10.018971606886593
ciprofloxacin,anchor,stage1,3,6.275,-10.030473356312823
ciprofloxacin,anchor,stage1,3,6.300000000000001,-10.041996150597093
ciprofloxacin,anchor,stage1,3,6.325,-10.053539862031396
ciprofloxacin,anchor,stage1,3,6.3500000000000005,-10.065104364001561
ciprofloxacin,anchor,stage1,3,6.375,-10.076689530975983
ciprofloxacin,anchor,stage1,3,6.4,-10.088295238494466
ciprofloxacin,anchor,stage1,3,6.425000000000001,-10.09992136315714
ciprofloxacin,anchor,stage1,3,6.45,-10.111567782613529
ciprofloxacin,anchor,stage1,3,6.4750000000000005,-10.123234375551675
ciprofloxacin,anchor,stage1,3,6.5,-10.134921021687406
ciprofloxacin,anchor,stage1,3,6.525,-10.14662760175369
ciprofloxacin,anchor,stage1,3,6.550000000000001,-10.158353997490087
ciprofloxacin,anchor,stage1,3,6.575,-10.170100091632346
ciprofloxacin,anchor,stage1,3,6.6000000000000005,-10.18186576790207
ciprofloxacin,anchor,stage1,3,6.625,-10.193650910996512
ciprofloxacin,anchor,stage1,3,6.65,-10.205455406578473
ciprofloxacin,anchor,stage1,3,6.675000000000001,-10.217279141266308
ciprofloxacin,anchor,stage1,3,6.7,-10.22912200262404
ciprofloxacin,anchor,stage1,3,6.7250000000000005,-10.24098387915159
ciprofloxacin,anchor,stage1,3,6.75,-10.252864660275097
ciprofloxacin,anchor,stage1,3,6.775,-10.264764236337362
ciprofloxacin,anchor,stage1,3,6.800000000000001,-10.276682498588382
ciprofloxacin,anchor,stage1,3,6.825,-10.288619339176003
ciprofloxacin,anchor,stage1,3,6.8500000000000005,-10.300574651136687
ciprofloxacin,anchor,stage1,3,6.875,-10.312548328386343
ciprofloxacin,anchor,stage1,3,6.9,-10.324540265711313
ciprofloxacin,anchor,stage1,3,6.925000000000001,-10.336550358759414
ciprofloxacin,anchor,stage1,3,6.95,-10.348578504031128
ciprofloxacin,anchor,stage1,3,6.9750000000000005,-10.360624598870839
ciprofloxacin,anchor,stage1,3,7.0,-10.372688541458231
ciprofloxacin,anchor,stage1,4,0.0,0.0
ciprofloxacin,anchor,stage1,4,0.025,-0.10521394022728504
ciprofloxacin,anchor,stage1,4,0.05,-0.21042552185585475
ciprofloxacin,anchor,stage1,4,0.07500000000000001,-0.3156344832779408
ciprofloxacin,anchor,stage1,4,0.1,-0.42084053389556497
ciprofloxacin,anchor,stage1,4,0.125,-0.5260433509191531
ciprofloxacin,anchor,stage1,4,0.15000000000000002,-0.6312425758151545
ciprofloxacin,anchor,stage1,4,0.17500000000000002,-0.736437810364625
ciprofloxacin,anchor,stage1,4,0.2,-0.841628612290735
ciprofloxacin,anchor,stage1,4,0.225,-0.9468144904086687
ciprofloxacin,anchor,stage1,4,0.25,-1.0519948992464945
ciprofloxacin,anchor,stage1,4,0.275,-1.1571692330802024
ciprofloxacin,anchor,stage1,4,0.30000000000000004,-1.262336819320112
ciprofloxacin,anchor,stage1,4,0.325,-1.367496911179396
ciprofloxacin,anchor,stage1,4,0.35000000000000003,-1.4726486795481915
ciprofloxacin,anchor,stage1,4,0.375,-1.5777912039890194
ciprofloxacin,anchor,stage1,4,0.4,-1.6829234627604828
ciprofloxacin,anchor,stage1,4,0.42500000000000004,-1.7880443217668858
ciprofloxacin,anchor,stage1,4,0.45,-1.893152522321023
ciprofloxacin,anchor,stage1,4,0.47500000000000003,-1.9982466675961577
ciprofloxacin,anchor,stage1,4,0.5,-2.103325207630989
ciprofloxacin,anchor,stage1,4,0.525,-2.2083864227380334
ciprofloxacin,anchor,stage1,4,0.55,-2.313428405151456
ciprofloxacin,anchor,stage1,4,0.5750000000000001,-2.4184490387347464
ciprofloxacin,anchor,stage1,4,0.6000000000000001,-2.5234459765519133
ciprofloxacin,anchor,stage1,4,0.625,-2.628416616087617
ciprofloxacin,anchor,stage1,4,0.65,-2.733358071882672
ciprofloxacin,anchor,stage1,4,0.675,-2.838267145330459
ciprofloxacin,anchor,stage1,4,0.7000000000000001,-2.9431402913584095
ciprofloxacin,anchor,stage1,4,0.7250000000000001,-3.0479735816957025
ciprofloxacin,anchor,stage1,4,0.75,-3.1527626644046434
ciprofloxacin,anchor,stage1,4,0.775,-3.257502719328866
ciprofloxacin,anchor,stage1,4,0.8,-3.3621884090863485
ciprofloxacin,anchor,stage1,4,0.8250000000000001,-3.466813825210627
ciprofloxacin,anchor,stage1,4,0.8500000000000001,-3.571372429019246
ciprofloxacin,anchor,stage1,4,0.875,-3.675856986765231
ciprofloxacin,anchor,stage1,4,0.9,-3.7802594986067364
ciprofloxacin,anchor,stage1,4,0.925,-3.8845711209124163
ciprofloxacin,anchor,stage1,4,0.9500000000000001,-3.988782081407317
ciprofloxacin,anchor,stage1,4,0.9750000000000001,-4.09288158665767
ciprofloxacin,anchor,stage1,4,1.0,-4.1968577213961655
ciprofloxacin,anchor,stage1,4,1.0250000000000001,-4.300697339203275
ciprofloxacin,anchor,stage1,4,1.05,-4.404385944082977
ciprofloxacin,anchor,stage1,4,1.075,-4.507907562536412
ciprofloxacin,anchor,stage1,4,1.1,-4.611244605776404
ciprofloxacin,anchor,stage1,4,1.125,-4.71437772185282
ciprofloxacin,anchor,stage1,4,1.1500000000000001,-4.81728563757288
ciprofloxacin,anchor,stage1,4,1.175,-4.919944990278243
ciprofloxacin,anchor,stage1,4,1.2000000000000002,-5.022330149760186
ciprofloxacin,anchor,stage1,4,1.225,-5.124413030870593
ciprofloxacin,anchor,stage1,4,1.25,-5.226162897728097
ciprofloxacin,anchor,stage1,4,1.2750000000000001,-5.327546160834075
ciprofloxacin,anchor,stage1,4,1.3,-5.42852616891152
ciprofloxacin,anchor,stage1,4,1.3250000000000002,-5.529062997868551
ciprofloxacin,anchor,stage1,4,1.35,-5.6291132399737895
ciprofloxacin,anchor,stage1,4,1.375,-5.728629797117353
ciprofloxacin,anchor,stage1,4,1.4000000000000001,-5.827561682916381
ciprofloxacin,anchor,stage1,4,1.425,-5.925853839403637
ciprofloxacin,anchor,stage1,4,1.4500000000000002,-6.023446975094255
ciprofloxacin,anchor,stage1,4,1.475,-6.1202774323376445
ciprofloxacin,anchor,stage1,4,1.5,-6.2162770929878475
ciprofloxacin,anchor,stage1,4,1.5250000000000001,-6.311373332516093
ciprofloxacin,anchor,stage1,4,1.55,-6.405489033672892
ciprofloxacin,anchor,stage1,4,1.5750000000000002,-6.498542671594855
ciprofloxacin,anchor,stage1,4,1.6,-6.59044848273717
ciprofloxacin,anchor,stage1,4,1.625,-6.681116730073965
ciprofloxacin,anchor,stage1,4,1.6500000000000001,-6.770454076508074
ciprofloxacin,anchor,stage1,4,1.675,-6.858364077234443
ciprofloxacin,anchor,stage1,4,1.7000000000000002,-6.9447477997736184
ciprofloxacin,anchor,stage1,4,1.725,-7.029504577431253
ciprofloxacin,anchor,stage1,4,1.75,-7.112532897980661
ciprofloxacin,anchor,stage1,4,1.7750000000000001,-7.193731424413246
ciprofloxacin,anchor,stage1,4,1.8,-7.2730001387420256
ciprofloxacin,anchor,stage1,4,1.8250000000000002,-7.350241593269029
ciprofloxacin,anchor,stage1,4,1.85,-7.42536224674252
ciprofloxacin,anchor,stage1,4,1.875,-7.498273855850832
ciprofloxacin,anchor,stage1,4,1.9000000000000001,-7.568894886036751
ciprofloxacin,anchor,stage1,4,1.925,-7.637151900242012
ciprofloxacin,anchor,stage1,4,1.9500000000000002,-7.702980880480841
ciprofloxacin,anchor,stage1,4,1.975,-7.7663284356199025
ciprofloxacin,anchor,stage1,4,2.0,-7.827152849801306
ciprofloxacin,anchor,stage1,4,2.025,-7.885424929789256
ciprofloxacin,anchor,stage1,4,2.0500000000000003,-7.941128616100068
ciprofloxacin,anchor,stage1,4,2.075,-7.994261331818368
ciprofloxacin,anchor,stage1,4,2.1,-8.044834053876809
ciprofloxacin,anchor,stage1,4,2.125,-8.092871103635488
ciprofloxacin,anchor,stage1,4,2.15,-8.138409665843925
ciprofloxacin,anchor,stage1,4,2.1750000000000003,-8.1814990566649
ciprofloxacin,anchor,stage1,4,2.2,-8.222199771518717
ciprofloxacin,anchor,stage1,4,2.225,-8.26058235140642
ciprofloxacin,anchor,stage1,4,2.25,-8.296726111651967
ciprofloxacin,anchor,stage1,4,2.275,-8.330717779489841
ciprofloxacin,anchor,stage1,4,2.3000000000000003,-8.362650086697446
ciprofloxacin,anchor,stage1,4,2.325,-8.392620360833089
ciprofloxacin,anchor,stage1,4,2.35,-8.420729154054543
ciprofloxacin,anchor,stage1,4,2.375,-8.447078942518862
ciprofloxacin,anchor,stage1,4,2.4000000000000004,-8.471772922582483
ciprofloxacin,anchor,stage1,4,2.4250000000000003,-8.494913922979201
ciprofloxacin,anchor,stage1,4,2.45,-8.516603445321024
ciprofloxacin,anchor,stage1,4,2.475,-8.536940839005945
ciprofloxacin,anchor,stage1,4,2.5,-8.55602261117753
ciprofloxacin,anchor,stage1,4,2.5250000000000004,-8.573941867902903
ciprofloxacin,anchor,stage1,4,2.5500000000000003,-8.590787879262477
ciprofloxacin,anchor,stage1,4,2.575,-8.606645758545191
ciprofloxacin,anchor,stage1,4,2.6,-8.621596244130686
ciprofloxacin,anchor,stage1,4,2.625,-8.635715571795425
ciprofloxacin,anchor,stage1,4,2.6500000000000004,-8.649075424967323
ciprofloxacin,anchor,stage1,4,2.6750000000000003,-8.661742950735091
ciprofloxacin,anchor,stage1,4,2.7,-8.673780830064075
ciprofloxacin,anchor,stage1,4,2.725,-8.685247391564634
ciprofloxacin,anchor,stage1,4,2.75,-8.696196759203177
ciprofloxacin,anchor,stage1,4,2.7750000000000004,-8.706679025461218
ciprofloxacin,anchor,stage1,4,2.8000000000000003,-8.716740442572164
ciprofloxacin,anchor,stage1,4,2.825,-8.726423625554103
ciprofloxacin,anchor,stage1,4,2.85,-8.735767761778424
ciprofloxacin,anchor,stage1,4,2.875,-8.744808822748906
ciprofloxacin,anchor,stage1,4,2.9000000000000004,-8.75357977460385
ciprofloxacin,anchor,stage1,4,2.9250000000000003,-8.762110784590819
ciprofloxacin,anchor,stage1,4,2.95,-8.770429421401843
ciprofloxacin,anchor,stage1,4,2.975,-8.778560847800847
ciprofloxacin,anchor,stage1,4,3.0,-8.786528004432304
ciprofloxacin,anchor,stage1,4,3.0250000000000004,-8.794351784078737
ciprofloxacin,anchor,stage1,4,3.0500000000000003,-8.802051195943807
ciprofloxacin,anchor,stage1,4,3.075,-8.809643519786125
ciprofloxacin,anchor,stage1,4,3.1,-8.817144449925003
ciprofloxacin,anchor,stage1,4,3.125,-8.824568229291163
ciprofloxacin,anchor,stage1,4,3.1500000000000004,-8.831927773809873
ciprofloxacin,anchor,stage1,4,3.1750000000000003,-8.839234787487626
ciprofloxacin,anchor,stage1,4,3.2,-8.846499868631675
ciprofloxacin,anchor,stage1,4,3.225,-8.853732607669562
ciprofloxacin,anchor,stage1,4,3.25,-8.860941677057003
ciprofloxacin,anchor,stage1,4,3.2750000000000004,-8.86813491377095
ciprofloxacin,anchor,stage1,4,3.3000000000000003,-8.875319394882924
ciprofloxacin,anchor,stage1,4,3.325,-8.882501506698452
ciprofloxacin,anchor,stage1,4,3.35,-8.889687007933478
ciprofloxacin,anchor,stage1,4,3.375,-8.896881087379667
ciprofloxacin,anchor,stage1,4,3.4000000000000004,-8.90408841648868
ciprofloxacin,anchor,stage1,4,3.4250000000000003,-8.911313197282182
ciprofloxacin,anchor,stage1,4,3.45,-8.918559205969812
ciprofloxacin,anchor,stage1,4,3.475,-8.925829832632846
ciprofloxacin,anchor,stage1,4,3.5,-8.933128117306726
ciprofloxacin,anchor,stage1,4,3.5250000000000004,-8.940456782771816
ciprofloxacin,anchor,stage1,4,3.5500000000000003,-8.947818264338622
ciprofloxacin,anchor,stage1,4,3.575,-8.955214736891742
ciprofloxacin,anchor,stage1,4,3.6,-8.96264813943578
ciprofloxacin,anchor,stage1,4,3.625,-8.970120197366798
ciprofloxacin,anchor,stage1,4,3.6500000000000004,-8.97763244267433
ciprofloxacin,anchor,stage1,4,3.6750000000000003,-8.98518623226174
ciprofloxacin,anchor,stage1,4,3.7,-8.992782764556567
ciprofloxacin,anchor,stage1,4,3.725,-9.00042309456776
ciprofloxacin,anchor,stage1,4,3.75,-9.008108147532722
ciprofloxacin,anchor,stage1,4,3.7750000000000004,-9.015838731284697
ciprofloxacin,anchor,stage1,4,3.8000000000000003,-9.02361554745909
ciprofloxacin,anchor,stage1,4,3.825,-9.031439201646824
ciprofloxacin,anchor,stage1,4,3.85,-9.039310212592948
ciprofloxacin,anchor,stage1,4,3.875,-9.047229020529734
ciprofloxacin,anchor,stage1,4,3.9000000000000004,-9.055195994725368
ciprofloxacin,anchor,stage1,4,3.9250000000000003,-9.063211440321803
ciprofloxacin,anchor,stage1,4,3.95,-9.07127560452859
ciprofloxacin,anchor,stage1,4,3.975,-9.079388682233251
ciprofloxacin,anchor,stage1,4,4.0,-9.087550821083129
ciprofloxacin,anchor,stage1,4,4.025,-9.095762126088545
ciprofloxacin,anchor,stage1,4,4.05,-9.104022663792355
ciprofloxacin,anchor,stage1,4,4.075,-9.112332466046862
ciprofloxacin,anchor,stage1,4,4.1000000000000005,-9.12069153343509
ciprofloxacin,anchor,stage1,4,4.125,-9.129099838370022
ciprofloxacin,anchor,stage1,4,4.15,-9.137557327902188
ciprofloxacin,anchor,stage1,4,4.175,-9.146063926263116
ciprofloxacin,anchor,stage1,4,4.2,-9.154619537169618
ciprofloxacin,anchor,stage1,4,4.2250000000000005,-9.163224045911434
ciprofloxacin,anchor,stage1,4,4.25,-9.171877321242716
ciprofloxacin,anchor,stage1,4,4.275,-9.18057921709581
ciprofloxacin,anchor,stage1,4,4.3,-9.18932957413411
ciprofloxacin,anchor,stage1,4,4.325,-9.198128221159163
ciprofloxacin,anchor,stage1,4,4.3500000000000005,-9.206974976385702
ciprofloxacin,anchor,stage1,4,4.375,-9.215869648597078
ciprofloxacin,anchor,stage1,4,4.4,-9.224812038192335
ciprofloxacin,anchor,stage1,4,4.425,-9.233801938135073
ciprofloxacin,anchor,stage1,4,4.45,-9.242839134813392
ciprofloxacin,anchor,stage1,4,4.4750000000000005,-9.251923408819172
ciprofloxacin,anchor,stage1,4,4.5,-9.261054535654331
ciprofloxacin,anchor,stage1,4,4.525,-9.27023228637085
ciprofloxacin,anchor,stage1,4,4.55,-9.279456428150787
ciprofloxacin,anchor,stage1,4,4.575,-9.288726724831868
ciprofloxacin,anchor,stage1,4,4.6000000000000005,-9.298042937383768
ciprofloxacin,anchor,stage1,4,4.625,-9.307404824339645
ciprofloxacin,anchor,stage1,4,4.65,-9.316812142187132
ciprofloxacin,anchor,stage1,4,4.675,-9.326264645722524
ciprofloxacin,anchor,stage1,4,4.7,-9.33576208837162
ciprofloxacin,anchor,stage1,4,4.7250000000000005,-9.34530422248027
ciprofloxacin,anchor,stage1,4,4.75,-9.354890799577488
ciprofloxacin,anchor,stage1,4,4.775,-9.364521570613626
ciprofloxacin,anchor,stage1,4,4.800000000000001,-9.374196286175938
ciprofloxacin,anchor,stage1,4,4.825,-9.383914696683611
ciprofloxacin,anchor,stage1,4,4.8500000000000005,-9.393676552564184
ciprofloxacin,anchor,stage1,4,4.875,-9.403481604413015
ciprofloxacin,anchor,stage1,4,4.9,-9.413329603137411
ciprofloxacin,anchor,stage1,4,4.925000000000001,-9.4232203000868
ciprofloxacin,anchor,stage1,4,4.95,-9.433153447170215
ciprofloxacin,anchor,stage1,4,4.9750000000000005,-9.443128796962284
ciprofloxacin,anchor,stage1,4,5.0,-9.453146102798744
ciprofloxacin,anchor,stage1,4,5.025,-9.463205118862454
ciprofloxacin,anchor,stage1,4,5.050000000000001,-9.473305600260764
ciprofloxacin,anchor,stage1,4,5.075,-9.483447303095023
ciprofloxacin,anchor,stage1,4,5.1000000000000005,-9.493629984522952
ciprofloxacin,anchor,stage1,4,5.125,-9.503853402814519
ciprofloxacin,anchor,stage1,4,5.15,-9.5141173174019
ciprofloxacin,anchor,stage1,4,5.175000000000001,-9.52442148892407
ciprofloxacin,anchor,stage1,4,5.2,-9.5347656792665
ciprofloxacin,anchor,stage1,4,5.2250000000000005,-9.54514965159641
ciprofloxacin,anchor,stage1,4,5.25,-9.555573170393966
ciprofloxacin,anchor,stage1,4,5.275,-9.566036001479796
ciprofloxacin,anchor,stage1,4,5.300000000000001,-9.576537912039136
ciprofloxacin,anchor,stage1,4,5.325,-9.587078670642937
ciprofloxacin,anchor,stage1,4,5.3500000000000005,-9.59765804726617
ciprofloxacin,anchor,stage1,4,5.375,-9.608275813303617
ciprofloxacin,anchor,stage1,4,5.4,-9.618931741583333
ciprofloxacin,anchor,stage1,4,5.425000000000001,-9.62962560637801
ciprofloxacin,anchor,stage1,4,5.45,-9.640357183414427
ciprofloxacin,anchor,stage1,4,5.4750000000000005,-9.651126249881157
ciprofloxacin,anchor,stage1,4,5.5,-9.661932584434664
ciprofloxacin,anchor,stage1,4,5.525,-9.672775967203972
ciprofloxacin,anchor,stage1,4,5.550000000000001,-9.683656179793996
ciprofloxacin,anchor,stage1,4,5.575,-9.694573005287674
ciprofloxacin,anchor,stage1,4,5.6000000000000005,-9.705526228247
ciprofloxacin,anchor,stage1,4,5.625,-9.716515634713057
ciprofloxacin,anchor,stage1,4,5.65,-9.727541012205135
ciprofloxacin,anchor,stage1,4,5.675000000000001,-9.738602149719032
ciprofloxacin,anchor,stage1,4,5.7,-9.749698837724564
ciprofloxacin,anchor,stage1,4,5.7250000000000005,-9.760830868162438
ciprofloxacin,anchor,stage1,4,5.75,-9.77199803444045
ciprofloxacin,anchor,stage1,4,5.775,-9.783200131429139
ciprofloxacin,anchor,stage1,4,5.800000000000001,-9.794436955456915
ciprofloxacin,anchor,stage1,4,5.825,-9.80570830430471
ciprofloxacin,anchor,stage1,4,5.8500000000000005,-9.817013977200212
ciprofloxacin,anchor,stage1,4,5.875,-9.82835377481169
ciprofloxacin,anchor,stage1,4,5.9,-9.8397274992415
ciprofloxacin,anchor,stage1,4,5.925000000000001,-9.851134954019226
ciprofloxacin,anchor,stage1,4,5.95,-9.86257594409457
ciprofloxacin,anchor,stage1,4,5.9750000000000005,-9.874050275829955
ciprofloxacin,anchor,stage1,4,6.0,-9.88555775699291
ciprofloxacin,anchor,stage1,4,6.025,-9.89709819674824
ciprofloxacin,anchor,stage1,4,6.050000000000001,-9.908671405649976
ciprofloxacin,anchor,stage1,4,6.075,-9.920277195633199
ciprofloxacin,anchor,stage1,4,6.1000000000000005,-9.931915380005675
ciprofloxacin,anchor,stage1,4,6.125,-9.943585773439372
ciprofloxacin,anchor,stage1,4,6.15,-9.955288191961849
ciprofloxacin,anchor,stage1,4,6.175000000000001,-9.967022452947534
ciprofloxacin,anchor,stage1,4,6.2,-9.97878837510892
ciprofloxacin,anchor,stage1,4,6.2250000000000005,-9.990585778487665
ciprofloxacin,anchor,stage1,4,6.25,-10.002414484445625
ciprofloxacin,anchor,stage1,4,6.275,-10.014274315655836
ciprofloxacin,anchor,stage1,4,6.300000000000001,-10.02616509609343
ciprofloxacin,anchor,stage1,4,6.325,-10.038086651026516
ciprofloxacin,anchor,stage1,4,6.3500000000000005,-10.05003880700702
ciprofloxacin,anchor,stage1,4,6.375,-10.062021391861505
ciprofloxacin,anchor,stage1,4,6.4,-10.074034234681967
ciprofloxacin,anchor,stage1,4,6.425000000000001,-10.086077165816617
ciprofloxacin,anchor,stage1,4,6.45,-10.098150016860641
ciprofloxacin,anchor,stage1,4,6.4750000000000005,-10.110252620646985
ciprofloxacin,anchor,stage1,4,6.5,-10.12238481123712
ciprofloxacin,anchor,stage1,4,6.525,-10.134546423911804
ciprofloxacin,anchor,stage1,4,6.550000000000001,-10.146737295161893
ciprofloxacin,anchor,stage1,4,6.575,-10.158957262679124
ciprofloxacin,anchor,stage1,4,6.6000000000000005,-10.17120616534694
ciprofloxacin,anchor,stage1,4,6.625,-10.183483843231325
ciprofloxacin,anchor,stage1,4,6.65,-10.195790137571686
ciprofloxacin,anchor,stage1,4,6.675000000000001,-10.20812489077172
ciprofloxacin,anchor,stage1,4,6.7,-10.22048794639035
ciprofloxacin,anchor,stage1,4,6.7250000000000005,-10.232879149132689
ciprofloxacin,anchor,stage1,4,6.75,-10.245298344841013
ciprofloxacin,anchor,stage1,4,6.775,-10.257745380485783
ciprofloxacin,anchor,stage1,4,6.800000000000001,-10.270220104156744
ciprofloxacin,anchor,stage1,4,6.825,-10.282722365053987
ciprofloxacin,anchor,stage1,4,6.8500000000000005,-10.295252013479127
ciprofloxacin,anchor,stage1,4,6.875,-10.30780890082649
ciprofloxacin,anchor,stage1,4,6.9,-10.320392879574342
ciprofloxacin,anchor,stage1,4,6.925000000000001,-10.33300380327618
ciprofloxacin,anchor,stage1,4,6.95,-10.345641526552066
ciprofloxacin,anchor,stage1,4,6.9750000000000005,-10.35830590508
ciprofloxacin,anchor,stage1,4,7.0,-10.370996795587354
ciprofloxacin,anchor,equal,1,0.0,0.0
ciprofloxacin,anchor,equal,1,0.025,-0.10855304112112614
ciprofloxacin,anchor,equal,1,0.05,-0.21709977480987744
ciprofloxacin,anchor,equal,1,0.07500000000000001,-0.3256395517447011
ciprofloxacin,anchor,equal,1,0.1,-0.43417165586634854
ciprofloxacin,anchor,equal,1,0.125,-0.5426952975417078
ciprofloxacin,anchor,equal,1,0.15000000000000002,-0.6512096060324061
ciprofloxacin,anchor,equal,1,0.17500000000000002,-0.759713621198565
ciprofloxacin,anchor,equal,1,0.2,-0.8682062843613607
ciprofloxacin,anchor,equal,1,0.225,-0.9766864282407024
ciprofloxacin,anchor,equal,1,0.25,-1.085152765876381
ciprofloxacin,anchor,equal,1,0.275,-1.1936038784323637
ciprofloxacin,anchor,equal,1,0.30000000000000004,-1.302038201774553
ciprofloxacin,anchor,equal,1,0.325,-1.410454011702162
ciprofloxacin,anchor,equal,1,0.35000000000000003,-1.5188494077019439
ciprofloxacin,anchor,equal,1,0.375,-1.6272222950827362
ciprofloxacin,anchor,equal,1,0.4,-1.73557036533514
ciprofloxacin,anchor,equal,1,0.42500000000000004,-1.8438910745477222
ciprofloxacin,anchor,equal,1,0.45,-1.952181619696752
ciprofloxacin,anchor,equal,1,0.47500000000000003,-2.0604389126113305
ciprofloxacin,anchor,equal,1,0.5,-2.168659551399761
ciprofloxacin,anchor,equal,1,0.525,-2.2768397891064125
ciprofloxacin,anchor,equal,1,0.55,-2.384975499350872
ciprofloxacin,anchor,equal,1,0.5750000000000001,-2.4930621386836833
ciprofloxacin,anchor,equal,1,0.6000000000000001,-2.6010947053747886
ciprofloxacin,anchor,equal,1,0.625,-2.709067694333121
ciprofloxacin,anchor,equal,1,0.65,-2.816975047838239
ciprofloxacin,anchor,equal,1,0.675,-2.9248101017486743
ciprofloxacin,anchor,equal,1,0.7000000000000001,-3.0325655268365783
ciprofloxacin,anchor,equal,1,0.7250000000000001,-3.140233264886109
ciprofloxacin,anchor,equal,1,0.75,-3.2478044591836506
ciprofloxacin,anchor,equal,1,0.775,-3.3552693790235955
ciprofloxacin,anchor,equal,1,0.8,-3.462617337854928
ciprofloxacin,anchor,equal,1,0.8250000000000001,-3.5698366047027044
ciprofloxacin,anchor,equal,1,0.8500000000000001,-3.676914308518177
ciprofloxacin,anchor,equal,1,0.875,-3.7838363351419657
ciprofloxacin,anchor,equal,1,0.9,-3.8905872166115576
ciprofloxacin,anchor,equal,1,0.925,-3.997150012609316
ciprofloxacin,anchor,equal,1,0.9500000000000001,-4.10350618393439
ciprofloxacin,anchor,equal,1,0.9750000000000001,-4.209635457995992
ciprofloxacin,anchor,equal,1,1.0,-4.315515686472176
ciprofloxacin,anchor,equal,1,1.0250000000000001,-4.4211226954534
ciprofloxacin,anchor,equal,1,1.05,-4.526430128635149
ciprofloxacin,anchor,equal,1,1.075,-4.631409284365213
ciprofloxacin,anchor,equal,1,1.1,-4.736028947709739
ciprofloxacin,anchor,equal,1,1.125,-4.840255219072014
ciprofloxacin,anchor,equal,1,1.1500000000000001,-4.944051341356542
ciprofloxacin,anchor,equal,1,1.175,-5.047377528191479
ciprofloxacin,anchor,equal,1,1.2000000000000002,-5.150190796313995
ciprofloxacin,anchor,equal,1,1.225,-5.252444805883166
ciprofloxacin,anchor,equal,1,1.25,-5.35408971320802
ciprofloxacin,anchor,equal,1,1.2750000000000001,-5.455072041153386
ciprofloxacin,anchor,equal,1,1.3,-5.55533457329479
ciprofloxacin,anchor,equal,1,1.3250000000000002,-5.654816278709631
ciprofloxacin,anchor,equal,1,1.35,-5.753452275079041
ciprofloxacin,anchor,equal,1,1.375,-5.851173838484796
ciprofloxacin,anchor,equal,1,1.4000000000000001,-5.947908468860231
ciprofloxacin,anchor,equal,1,1.425,-6.043580020420412
ciprofloxacin,anchor,equal,1,1.4500000000000002,-6.138108906474609
ciprofloxacin,anchor,equal,1,1.475,-6.231412387722414
ciprofloxacin,anchor,equal,1,1.5,-6.3234049523610265
ciprofloxacin,anchor,equal,1,1.5250000000000001,-6.413998794997749
ciprofloxacin,anchor,equal,1,1.55,-6.503104399391177
ciprofloxacin,anchor,equal,1,1.5750000000000002,-6.590631227387969
ciprofloxacin,anchor,equal,1,1.6,-6.676488513065921
ciprofloxacin,anchor,equal,1,1.625,-6.760586157076655
ciprofloxacin,anchor,equal,1,1.6500000000000001,-6.842835711603658
ciprofloxacin,anchor,equal,1,1.675,-6.923151441385823
ciprofloxacin,anchor,equal,1,1.7000000000000002,-7.00145144115034
ciprofloxacin,anchor,equal,1,1.725,-7.077658784862039
ciprofloxacin,anchor,equal,1,1.75,-7.151702677797881
ciprofloxacin,anchor,equal,1,1.7750000000000001,-7.223519578980557
ciprofloxacin,anchor,equal,1,1.8,-7.2930542593366745
ciprofloxacin,anchor,equal,1,1.8250000000000002,-7.360260760403222
ciprofloxacin,anchor,equal,1,1.85,-7.42510321972422
ciprofloxacin,anchor,equal,1,1.875,-7.487556532346235
ciprofloxacin,anchor,equal,1,1.9000000000000001,-7.547606822972083
ciprofloxacin,anchor,equal,1,1.925,-7.605251710125673
ciprofloxacin,anchor,equal,1,1.9500000000000002,-7.660500351721507
ciprofloxacin,anchor,equal,1,1.975,-7.7133732701972795
ciprofloxacin,anchor,equal,1,2.0,-7.763901964254313
ciprofloxacin,anchor,equal,1,2.025,-7.812128322673796
ciprofloxacin,anchor,equal,1,2.0500000000000003,-7.85810386301454
ciprofloxacin,anchor,equal,1,2.075,-7.901888823889989
ciprofloxacin,anchor,equal,1,2.1,-7.943551143568252
ciprofloxacin,anchor,equal,1,2.125,-7.983165359762534
ciprofloxacin,anchor,equal,1,2.15,-8.020811465682801
ciprofloxacin,anchor,equal,1,2.1750000000000003,-8.05657375588668
ciprofloxacin,anchor,equal,1,2.2,-8.090539692487432
ciprofloxacin,anchor,equal,1,2.225,-8.122798818211496
ciprofloxacin,anchor,equal,1,2.25,-8.153441738037113
ciprofloxacin,anchor,equal,1,2.275,-8.182559186067694
ciprofloxacin,anchor,equal,1,2.3000000000000003,-8.210241189236063
ciprofloxacin,anchor,equal,1,2.325,-8.23657633467318
ciprofloxacin,anchor,equal,1,2.35,-8.26165114331051
ciprofloxacin,anchor,equal,1,2.375,-8.28554954864857
ciprofloxacin,anchor,equal,1,2.4000000000000004,-8.30835247667797
ciprofloxacin,anchor,equal,1,2.4250000000000003,-8.330137520690606
ciprofloxacin,anchor,equal,1,2.45,-8.350978703130357
ciprofloxacin,anchor,equal,1,2.475,-8.370946315638406
ciprofloxacin,anchor,equal,1,2.5,-8.390106827963395
ciprofloxacin,anchor,equal,1,2.5250000000000004,-8.408522856338983
ciprofloxacin,anchor,equal,1,2.5500000000000003,-8.426253182189336
ciprofloxacin,anchor,equal,1,2.575,-8.443352812521063
ciprofloxacin,anchor,equal,1,2.6,-8.459873074022193
ciprofloxacin,anchor,equal,1,2.625,-8.475861733650616
ciprofloxacin,anchor,equal,1,2.6500000000000004,-8.491363139303377
ciprofloxacin,anchor,equal,1,2.6750000000000003,-8.506418374973828
ciprofloxacin,anchor,equal,1,2.7,-8.521065425594946
ciprofloxacin,anchor,equal,1,2.725,-8.535339347513405
ciprofloxacin,anchor,equal,1,2.75,-8.549272441225895
ciprofloxacin,anchor,equal,1,2.7750000000000004,-8.56289442362927
ciprofloxacin,anchor,equal,1,2.8000000000000003,-8.576232597586493
ciprofloxacin,anchor,equal,1,2.825,-8.589312017090812
ciprofloxacin,anchor,equal,1,2.85,-8.60215564672478
ciprofloxacin,anchor,equal,1,2.875,-8.614784514462478
ciprofloxacin,anchor,equal,1,2.9000000000000004,-8.627217857158339
ciprofloxacin,anchor,equal,1,2.9250000000000003,-8.639473258310007
ciprofloxacin,anchor,equal,1,2.95,-8.651566777881964
ciprofloxacin,anchor,equal,1,2.975,-8.663513074136523
ciprofloxacin,anchor,equal,1,3.0,-8.675325517545273
ciprofloxacin,anchor,equal,1,3.0250000000000004,-8.687016296951777
ciprofloxacin,anchor,equal,1,3.0500000000000003,-8.698596518230023
ciprofloxacin,anchor,equal,1,3.075,-8.710076295736796
ciprofloxacin,anchor,equal,1,3.1,-8.721464836893325
ciprofloxacin,anchor,equal,1,3.125,-8.732770520255315
ciprofloxacin,anchor,equal,1,3.1500000000000004,-8.744000967443478
ciprofloxacin,anchor,equal,1,3.1750000000000003,-8.7551631093111
ciprofloxacin,anchor,equal,1,3.2,-8.766263246722913
ciprofloxacin,anchor,equal,1,3.225,-8.777307106312197
ciprofloxacin,anchor,equal,1,3.25,-8.788299891571844
ciprofloxacin,anchor,equal,1,3.2750000000000004,-8.799246329621184
ciprofloxacin,anchor,equal,1,3.3000000000000003,-8.810150713974497
ciprofloxacin,anchor,equal,1,3.325,-8.82101694362011
ciprofloxacin,anchor,equal,1,3.35,-8.831848558701243
ciprofloxacin,anchor,equal,1,3.375,-8.842648773071803
ciprofloxacin,anchor,equal,1,3.4000000000000004,-8.85342050398251
ciprofloxacin,anchor,equal,1,3.4250000000000003,-8.864166399135215
ciprofloxacin,anchor,equal,1,3.45,-8.874888861326324
ciprofloxacin,anchor,equal,1,3.475,-8.885590070884009
ciprofloxacin,anchor,equal,1,3.5,-8.896272006088244
ciprofloxacin,anchor,equal,1,3.5250000000000004,-8.906936461748254
ciprofloxacin,anchor,equal,1,3.5500000000000003,-8.917585066097825
ciprofloxacin,anchor,equal,1,3.575,-8.928219296156238
ciprofloxacin,anchor,equal,1,3.6,-8.938840491690284
ciprofloxacin,anchor,equal,1,3.625,-8.949449867901627
ciprofloxacin,anchor,equal,1,3.6500000000000004,-8.960048526953283
ciprofloxacin,anchor,equal,1,3.6750000000000003,-8.970637468439316
ciprofloxacin,anchor,equal,1,3.7,-8.981217598892876
ciprofloxacin,anchor,equal,1,3.725,-8.99178974041949
ciprofloxacin,anchor,equal,1,3.75,-9.002354638534875
ciprofloxacin,anchor,equal,1,3.7750000000000004,-9.012912969279604
ciprofloxacin,anchor,equal,1,3.8000000000000003,-9.023465345676577
ciprofloxacin,anchor,equal,1,3.825,-9.034012323591282
ciprofloxacin,anchor,equal,1,3.85,-9.044554407049613
ciprofloxacin,anchor,equal,1,3.875,-9.055092053062937
ciprofloxacin,anchor,equal,1,3.9000000000000004,-9.065625676005777
ciprofloxacin,anchor,equal,1,3.9250000000000003,-9.076155651587221
ciprofloxacin,anchor,equal,1,3.95,-9.08668232045358
ciprofloxacin,anchor,equal,1,3.975,-9.097205991456285
ciprofloxacin,anchor,equal,1,4.0,-9.107726944615976
ciprofloxacin,anchor,equal,1,4.025,-9.118245433810914
ciprofloxacin,anchor,equal,1,4.05,-9.128761689215196
ciprofloxacin,anchor,equal,1,4.075,-9.13927591951001
ciprofloxacin,anchor,equal,1,4.1000000000000005,-9.149788313888966
ciprofloxacin,anchor,equal,1,4.125,-9.160299043876583
ciprofloxacin,anchor,equal,1,4.15,-9.170808264977369
ciprofloxacin,anchor,equal,1,4.175,-9.181316118171132
ciprofloxacin,anchor,equal,1,4.2,-9.19182273126893
ciprofloxacin,anchor,equal,1,4.2250000000000005,-9.202328220142512
ciprofloxacin,anchor,equal,1,4.25,-9.212832689839143
ciprofloxacin,anchor,equal,1,4.275,-9.223336235592376
ciprofloxacin,anchor,equal,1,4.3,-9.233838943738538
ciprofloxacin,anchor,equal,1,4.325,-9.244340892547685
ciprofloxacin,anchor,equal,1,4.3500000000000005,-9.254842152976982
ciprofloxacin,anchor,equal,1,4.375,-9.265342789353777
ciprofloxacin,anchor,equal,1,4.4,-9.275842859994903
ciprofloxacin,anchor,equal,1,4.425,-9.286342417768145
ciprofloxacin,anchor,equal,1,4.45,-9.296841510601292
ciprofloxacin,anchor,equal,1,4.4750000000000005,-9.30734018194365
ciprofloxacin,anchor,equal,1,4.5,-9.317838471184444
ciprofloxacin,anchor,equal,1,4.525,-9.328336414032162
ciprofloxacin,anchor,equal,1,4.55,-9.338834042858444
ciprofloxacin,anchor,equal,1,4.575,-9.349331387009869
ciprofloxacin,anchor,equal,1,4.6000000000000005,-9.359828473090609
ciprofloxacin,anchor,equal,1,4.625,-9.370325325218667
ciprofloxacin,anchor,equal,1,4.65,-9.380821965258209
ciprofloxacin,anchor,equal,1,4.675,-9.391318413030143
ciprofloxacin,anchor,equal,1,4.7,-9.401814686503077
ciprofloxacin,anchor,equal,1,4.7250000000000005,-9.412310801966385
ciprofloxacin,anchor,equal,1,4.75,-9.422806774187144
ciprofloxacin,anchor,equal,1,4.775,-9.433302616552387
ciprofloxacin,anchor,equal,1,4.800000000000001,-9.443798341198057
ciprofloxacin,anchor,equal,1,4.825,-9.454293959125936
ciprofloxacin,anchor,equal,1,4.8500000000000005,-9.464789480309623
ciprofloxacin,anchor,equal,1,4.875,-9.47528491379063
ciprofloxacin,anchor,equal,1,4.9,-9.485780267765476
ciprofloxacin,anchor,equal,1,4.925000000000001,-9.496275549664663
ciprofloxacin,anchor,equal,1,4.95,-9.506770766224264
ciprofloxacin,anchor,equal,1,4.9750000000000005,-9.517265923550813
ciprofloxacin,anchor,equal,1,5.0,-9.527761027180146
ciprofloxacin,anchor,equal,1,5.025,-9.538256082130733
ciprofloxacin,anchor,equal,1,5.050000000000001,-9.54875109295203
ciprofloxacin,anchor,equal,1,5.075,-9.559246063768303
ciprofloxacin,anchor,equal,1,5.1000000000000005,-9.569740998318382
ciprofloxacin,anchor,equal,1,5.125,-9.580235899991667
ciprofloxacin,anchor,equal,1,5.15,-9.59073077186079
ciprofloxacin,anchor,equal,1,5.175000000000001,-9.60122561671122
ciprofloxacin,anchor,equal,1,5.2,-9.6117204370681
ciprofloxacin,anchor,equal,1,5.2250000000000005,-9.622215235220581
ciprofloxacin,anchor,equal,1,5.25,-9.632710013243866
ciprofloxacin,anchor,equal,1,5.275,-9.64320477301921
ciprofloxacin,anchor,equal,1,5.300000000000001,-9.653699516252058
ciprofloxacin,anchor,equal,1,5.325,-9.664194244488458
ciprofloxacin,anchor,equal,1,5.3500000000000005,-9.67468895912997
ciprofloxacin,anchor,equal,1,5.375,-9.685183661447159
ciprofloxacin,anchor,equal,1,5.4,-9.695678352591854
ciprofloxacin,anchor,equal,1,5.425000000000001,-9.706173033608225
ciprofloxacin,anchor,equal,1,5.45,-9.716667705442863
ciprofloxacin,anchor,equal,1,5.4750000000000005,-9.727162368953886
ciprofloxacin,anchor,equal,1,5.5,-9.737657024919216
ciprofloxacin,anchor,equal,1,5.525,-9.748151674044065
ciprofloxacin,anchor,equal,1,5.550000000000001,-9.758646316967747
ciprofloxacin,anchor,equal,1,5.575,-9.769140954269814
ciprofloxacin,anchor,equal,1,5.6000000000000005,-9.779635586475662
ciprofloxacin,anchor,equal,1,5.625,-9.790130214061582
ciprofloxacin,anchor,equal,1,5.65,-9.80062483745935
ciprofloxacin,anchor,equal,1,5.675000000000001,-9.811119457060387
ciprofloxacin,anchor,equal,1,5.7,-9.821614073219536
ciprofloxacin,anchor,equal,1,5.7250000000000005,-9.832108686258472
ciprofloxacin,anchor,equal,1,5.75,-9.842603296468807
ciprofloxacin,anchor,equal,1,5.775,-9.85309790411491
ciprofloxacin,anchor,equal,1,5.800000000000001,-9.86359250943642
ciprofloxacin,anchor,equal,1,5.825,-9.874087112650603
ciprofloxacin,anchor,equal,1,5.8500000000000005,-9.884581713954404
ciprofloxacin,anchor,equal,1,5.875,-9.895076313526367
ciprofloxacin,anchor,equal,1,5.9,-9.905570911528349
ciprofloxacin,anchor,equal,1,5.925000000000001,-9.91606550810708
ciprofloxacin,anchor,equal,1,5.95,-9.926560103395573
ciprofloxacin,anchor,equal,1,5.9750000000000005,-9.937054697514421
ciprofloxacin,anchor,equal,1,6.0,-9.947549290572933
ciprofloxacin,anchor,equal,1,6.025,-9.958043882670207
ciprofloxacin,anchor,equal,1,6.050000000000001,-9.968538473896082
ciprofloxacin,anchor,equal,1,6.075,-9.979033064331999
ciprofloxacin,anchor,equal,1,6.1000000000000005,-9.989527654051782
ciprofloxacin,anchor,equal,1,6.125,-10.000022243122368
ciprofloxacin,anchor,equal,1,6.15,-10.010516831604427
ciprofloxacin,anchor,equal,1,6.175000000000001,-10.021011419552963
ciprofloxacin,anchor,equal,1,6.2,-10.031506007017835
ciprofloxacin,anchor,equal,1,6.2250000000000005,-10.042000594044255
ciprofloxacin,anchor,equal,1,6.25,-10.052495180673192
ciprofloxacin,anchor,equal,1,6.275,-10.062989766941799
ciprofloxacin,anchor,equal,1,6.300000000000001,-10.073484352883753
ciprofloxacin,anchor,equal,1,6.325,-10.083978938529578
ciprofloxacin,anchor,equal,1,6.3500000000000005,-10.094473523906956
ciprofloxacin,anchor,equal,1,6.375,-10.104968109040971
ciprofloxacin,anchor,equal,1,6.4,-10.115462693954369
ciprofloxacin,anchor,equal,1,6.425000000000001,-10.125957278667771
ciprofloxacin,anchor,equal,1,6.45,-10.136451863199865
ciprofloxacin,anchor,equal,1,6.4750000000000005,-10.1469464475676
ciprofloxacin,anchor,equal,1,6.5,-10.157441031786332
ciprofloxacin,anchor,equal,1,6.525,-10.167935615869993
ciprofloxacin,anchor,equal,1,6.550000000000001,-10.178430199831203
ciprofloxacin,anchor,equal,1,6.575,-10.188924783681404
ciprofloxacin,anchor,equal,1,6.6000000000000005,-10.199419367430975
ciprofloxacin,anchor,equal,1,6.625,-10.20991395108932
ciprofloxacin,anchor,equal,1,6.65,-10.220408534664964
ciprofloxacin,anchor,equal,1,6.675000000000001,-10.230903118165635
ciprofloxacin,anchor,equal,1,6.7,-10.241397701598341
ciprofloxacin,anchor,equal,1,6.7250000000000005,-10.251892284969434
ciprofloxacin,anchor,equal,1,6.75,-10.262386868284676
ciprofloxacin,anchor,equal,1,6.775,-10.272881451549281
ciprofloxacin,anchor,equal,1,6.800000000000001,-10.283376034767985
ciprofloxacin,anchor,equal,1,6.825,-10.293870617945075
ciprofloxacin,anchor,equal,1,6.8500000000000005,-10.304365201084444
ciprofloxacin,anchor,equal,1,6.875,-10.314859784189613
ciprofloxacin,anchor,equal,1,6.9,-10.325354367263781
ciprofloxacin,anchor,equal,1,6.925000000000001,-10.335848950309849
ciprofloxacin,anchor,equal,1,6.95,-10.346343533330439
ciprofloxacin,anchor,equal,1,6.9750000000000005,-10.356838116327928
ciprofloxacin,anchor,equal,1,7.0,-10.367332699304482
ciprofloxacin,anchor,equal,2,0.0,0.0
ciprofloxacin,anchor,equal,2,0.025,-0.10715576048677981
ciprofloxacin,anchor,equal,2,0.05,-0.21430745363307227
ciprofloxacin,anchor,equal,2,0.07500000000000001,-0.3214546362401459
ciprofloxacin,anchor,equal,2,0.1,-0.4285968173784233
ciprofloxacin,anchor,equal,2,0.125,-0.5357334533028347
ciprofloxacin,anchor,equal,2,0.15000000000000002,-0.6428639418329317
ciprofloxacin,anchor,equal,2,0.17500000000000002,-0.7499876161423238
ciprofloxacin,anchor,equal,2,0.2,-0.8571037378964217
ciprofloxacin,anchor,equal,2,0.225,-0.9642114896713475
ciprofloxacin,anchor,equal,2,0.25,-1.0713099665801797
ciprofloxacin,anchor,equal,2,0.275,-1.1783981670254
ciprofloxacin,anchor,equal,2,0.30000000000000004,-1.2854749824884184
ciprofloxacin,anchor,equal,2,0.325,-1.3925391862583503
ciprofloxacin,anchor,equal,2,0.35000000000000003,-1.4995894209927776
ciprofloxacin,anchor,equal,2,0.375,-1.606624184992928
ciprofloxacin,anchor,equal,2,0.4,-1.7136418170645582
ciprofloxacin,anchor,equal,2,0.42500000000000004,-1.820640479823824
ciprofloxacin,anchor,equal,2,0.45,-1.9276181412943745
ciprofloxacin,anchor,equal,2,0.47500000000000003,-2.034572554627975
ciprofloxacin,anchor,equal,2,0.5,-2.1415012357659973
ciprofloxacin,anchor,equal,2,0.525,-2.24840143884317
ciprofloxacin,anchor,equal,2,0.55,-2.3552701291179305
ciprofloxacin,anchor,equal,2,0.5750000000000001,-2.4621039531960274
ciprofloxacin,anchor,equal,2,0.6000000000000001,-2.5688992062950446
ciprofloxacin,anchor,equal,2,0.625,-2.675651796278123
ciprofloxacin,anchor,equal,2,0.65,-2.7823572041650086
ciprofloxacin,anchor,equal,2,0.675,-2.889010440808153
ciprofloxacin,anchor,equal,2,0.7000000000000001,-2.99560599940108
ciprofloxacin,anchor,equal,2,0.7250000000000001,-3.102137803466051
ciprofloxacin,anchor,equal,2,0.75,-3.208599149949251
ciprofloxacin,anchor,equal,2,0.775,-3.314982647033868
ciprofloxacin,anchor,equal,2,0.8,-3.4212801462665325
ciprofloxacin,anchor,equal,2,0.8250000000000001,-3.5274826685815426
ciprofloxacin,anchor,equal,2,0.8500000000000001,-3.633580323800226
ciprofloxacin,anchor,equal,2,0.875,-3.7395622231836603
ciprofloxacin,anchor,equal,2,0.9,-3.8454163846250267
ciprofloxacin,anchor,equal,2,0.925,-3.951129630088028
ciprofloxacin,anchor,equal,2,0.9500000000000001,-4.056687474930861
ciprofloxacin,anchor,equal,2,0.9750000000000001,-4.162074008805737
ciprofloxacin,anchor,equal,2,1.0,-4.26727176789663
ciprofloxacin,anchor,equal,2,1.0250000000000001,-4.372261598347987
ciprofloxacin,anchor,equal,2,1.05,-4.477022510882554
ciprofloxacin,anchor,equal,2,1.075,-4.581531526741105
ciprofloxacin,anchor,equal,2,1.1,-4.685763515309975
ciprofloxacin,anchor,equal,2,1.125,-4.789691024040944
ciprofloxacin,anchor,equal,2,1.1500000000000001,-4.893284101583742
ciprofloxacin,anchor,equal,2,1.175,-4.996510115424129
ciprofloxacin,anchor,equal,2,1.2000000000000002,-5.099333565763649
ciprofloxacin,anchor,equal,2,1.225,-5.2017158978958165
ciprofloxacin,anchor,equal,2,1.25,-5.303615315931185
ciprofloxacin,anchor,equal,2,1.2750000000000001,-5.404986601403449
ciprofloxacin,anchor,equal,2,1.3,-5.505780941046859
ciprofloxacin,anchor,equal,2,1.3250000000000002,-5.605945768865557
ciprofloxacin,anchor,equal,2,1.35,-5.705424628504458
ciprofloxacin,anchor,equal,2,1.375,-5.804157062855133
ciprofloxacin,anchor,equal,2,1.4000000000000001,-5.902078538758403
ciprofloxacin,anchor,equal,2,1.425,-5.999120415551223
ciprofloxacin,anchor,equal,2,1.4500000000000002,-6.09520996699195
ciprofloxacin,anchor,equal,2,1.475,-6.190270466711731
ciprofloxacin,anchor,equal,2,1.5,-6.284221347695941
ciprofloxacin,anchor,equal,2,1.5250000000000001,-6.376978446295664
ciprofloxacin,anchor,equal,2,1.55,-6.4684543408034285
ciprofloxacin,anchor,equal,2,1.5750000000000002,-6.558558793586288
ciprofloxacin,anchor,equal,2,1.6,-6.647199304054235
ciprofloxacin,anchor,equal,2,1.625,-6.734281777269652
ciprofloxacin,anchor,equal,2,1.6500000000000001,-6.819711309727099
ciprofloxacin,anchor,equal,2,1.675,-6.903393089753094
ciprofloxacin,anchor,equal,2,1.7000000000000002,-6.985233405162254
ciprofloxacin,anchor,equal,2,1.725,-7.065140745405163
ciprofloxacin,anchor,equal,2,1.75,-7.143026979689948
ciprofloxacin,anchor,equal,2,1.7750000000000001,-7.218808586774313
ciprofloxacin,anchor,equal,2,1.8,-7.292407906702458
ciprofloxacin,anchor,equal,2,1.8250000000000002,-7.363754380148033
ciprofloxacin,anchor,equal,2,1.85,-7.432785737679003
ciprofloxacin,anchor,equal,2,1.875,-7.4994490996031375
ciprofloxacin,anchor,equal,2,1.9000000000000001,-7.56370194742449
ciprofloxacin,anchor,equal,2,1.925,-7.625512930534751
ciprofloxacin,anchor,equal,2,1.9500000000000002,-7.68486247659992
ciprofloxacin,anchor,equal,2,1.975,-7.7417431809986725
ciprofloxacin,anchor,equal,2,2.0,-7.7961599592426385
ciprofloxacin,anchor,equal,2,2.025,-7.8481299560011015
ciprofloxacin,anchor,equal,2,2.0500000000000003,-7.89768221451793
ciprofloxacin,anchor,equal,2,2.075,-7.944857120063016
ciprofloxacin,anchor,equal,2,2.1,-7.989705640009192
ciprofloxacin,anchor,equal,2,2.125,-8.032288390481643
ciprofloxacin,anchor,equal,2,2.15,-8.072674564924982
ciprofloxacin,anchor,equal,2,2.1750000000000003,-8.110940763110458
ciprofloxacin,anchor,equal,2,2.2,-8.147169760036675
ciprofloxacin,anchor,equal,2,2.225,-8.181449253016254
ciprofloxacin,anchor,equal,2,2.25,-8.213870622291953
ciprofloxacin,anchor,equal,2,2.275,-8.244527736195804
ciprofloxacin,anchor,equal,2,2.3000000000000003,-8.27351582660698
ciprofloxacin,anchor,equal,2,2.325,-8.300930454731757
ciprofloxacin,anchor,equal,2,2.35,-8.326866581432833
ciprofloxacin,anchor,equal,2,2.375,-8.351417750817449
ciprofloxacin,anchor,equal,2,2.4000000000000004,-8.374675390810888
ciprofloxacin,anchor,equal,2,2.4250000000000003,-8.396728230163582
ciprofloxacin,anchor,equal,2,2.45,-8.417661827853614
ciprofloxacin,anchor,equal,2,2.475,-8.437558208169413
ciprofloxacin,anchor,equal,2,2.5,-8.456495592853438
ciprofloxacin,anchor,equal,2,2.5250000000000004,-8.474548220482204
ciprofloxacin,anchor,equal,2,2.5500000000000003,-8.491786242653093
ciprofloxacin,anchor,equal,2,2.575,-8.508275686436319
ciprofloxacin,anchor,equal,2,2.6,-8.524078472823046
ciprofloxacin,anchor,equal,2,2.625,-8.539252481456506
ciprofloxacin,anchor,equal,2,2.6500000000000004,-8.553851652682223
ciprofloxacin,anchor,equal,2,2.6750000000000003,-8.567926118819804
ciprofloxacin,anchor,equal,2,2.7,-8.581522357480427
ciprofloxacin,anchor,equal,2,2.725,-8.594683360682781
ciprofloxacin,anchor,equal,2,2.75,-8.607448814420405
ciprofloxacin,anchor,equal,2,2.7750000000000004,-8.61985528418039
ciprofloxacin,anchor,equal,2,2.8000000000000003,-8.63193640269105
ciprofloxacin,anchor,equal,2,2.825,-8.643723056876182
ciprofloxacin,anchor,equal,2,2.85,-8.655243571612472
ciprofloxacin,anchor,equal,2,2.875,-8.666523888425182
ciprofloxacin,anchor,equal,2,2.9000000000000004,-8.677587737719271
ciprofloxacin,anchor,equal,2,2.9250000000000003,-8.688456803534038
ciprofloxacin,anchor,equal,2,2.95,-8.699150880135358
ciprofloxacin,anchor,equal,2,2.975,-8.709688020027938
ciprofloxacin,anchor,equal,2,3.0,-8.720084673187788
ciprofloxacin,anchor,equal,2,3.0250000000000004,-8.73035581748855
ciprofloxacin,anchor,equal,2,3.0500000000000003,-8.740515080431498
ciprofloxacin,anchor,equal,2,3.075,-8.75057485239318
ciprofloxacin,anchor,equal,2,3.1,-8.76054639168222
ciprofloxacin,anchor,equal,2,3.125,-8.770439921752436
ciprofloxacin,anchor,equal,2,3.1500000000000004,-8.780264720956943
ciprofloxacin,anchor,equal,2,3.1750000000000003,-8.790029205250912
ciprofloxacin,anchor,equal,2,3.2,-8.799741004262069
ciprofloxacin,anchor,equal,2,3.225,-8.809407031150261
ciprofloxacin,anchor,equal,2,3.25,-8.81903354667262
ciprofloxacin,anchor,equal,2,3.2750000000000004,-8.828626217860712
ciprofloxacin,anchor,equal,2,3.3000000000000003,-8.838190171702054
ciprofloxacin,anchor,equal,2,3.325,-8.847730044201459
ciprofloxacin,anchor,equal,2,3.35,-8.857250025179104
ciprofloxacin,anchor,equal,2,3.375,-8.86675389914237
ciprofloxacin,anchor,equal,2,3.4000000000000004,-8.876245082548165
ciprofloxacin,anchor,equal,2,3.4250000000000003,-8.885726657752128
ciprofloxacin,anchor,equal,2,3.45,-8.895201403920947
ciprofloxacin,anchor,equal,2,3.475,-8.904671825164412
ciprofloxacin,anchor,equal,2,3.5,-8.914140176124961
ciprofloxacin,anchor,equal,2,3.5250000000000004,-8.923608485244445
ciprofloxacin,anchor,equal,2,3.5500000000000003,-8.93307857591068
ciprofloxacin,anchor,equal,2,3.575,-8.942552085670236
ciprofloxacin,anchor,equal,2,3.6,-8.95203048367877
ciprofloxacin,anchor,equal,2,3.625,-8.961515086545967
ciprofloxacin,anchor,equal,2,3.6500000000000004,-8.971007072719143
ciprofloxacin,anchor,equal,2,3.6750000000000003,-8.980507495537115
ciprofloxacin,anchor,equal,2,3.7,-8.990017295074798
ciprofloxacin,anchor,equal,2,3.725,-8.999537308888454
ciprofloxacin,anchor,equal,2,3.75,-9.009068281761893
ciprofloxacin,anchor,equal,2,3.7750000000000004,-9.018610874545068
ciprofloxacin,anchor,equal,2,3.8000000000000003,-9.028165672168464
ciprofloxacin,anchor,equal,2,3.825,-9.037733190909014
ciprofloxacin,anchor,equal,2,3.85,-9.047313884976756
ciprofloxacin,anchor,equal,2,3.875,-9.056908152484901
ciprofloxacin,anchor,equal,2,3.9000000000000004,-9.06651634086051
ciprofloxacin,anchor,equal,2,3.9250000000000003,-9.076138751747639
ciprofloxacin,anchor,equal,2,3.95,-9.085775645450122
ciprofloxacin,anchor,equal,2,3.975,-9.095427244956841
ciprofloxacin,anchor,equal,2,4.0,-9.10509373958837
ciprofloxacin,anchor,equal,2,4.025,-9.114775288300272
ciprofloxacin,anchor,equal,2,4.05,-9.124472022675166
ciprofloxacin,anchor,equal,2,4.075,-9.134184049632578
ciprofloxacin,anchor,equal,2,4.1000000000000005,-9.143911453882994
ciprofloxacin,anchor,equal,2,4.125,-9.153654300150047
ciprofloxacin,anchor,equal,2,4.15,-9.163412635182544
ciprofloxacin,anchor,equal,2,4.175,-9.173186489576018
ciprofloxacin,anchor,equal,2,4.2,-9.182975879421672
ciprofloxacin,anchor,equal,2,4.2250000000000005,-9.192780807798874
ciprofloxacin,anchor,equal,2,4.25,-9.202601266125914
ciprofloxacin,anchor,equal,2,4.275,-9.212437235382309
ciprofloxacin,anchor,equal,2,4.3,-9.22228868721471
ciprofloxacin,anchor,equal,2,4.325,-9.232155584937363
ciprofloxacin,anchor,equal,2,4.3500000000000005,-9.24203788443702
ciprofloxacin,anchor,equal,2,4.375,-9.251935534991276
ciprofloxacin,anchor,equal,2,4.4,-9.261848480008506
ciprofloxacin,anchor,equal,2,4.425,-9.271776657696726
ciprofloxacin,anchor,equal,2,4.45,-9.281720001668104
ciprofloxacin,anchor,equal,2,4.4750000000000005,-9.291678441485168
ciprofloxacin,anchor,equal,2,4.5,-9.301651903154207
ciprofloxacin,anchor,equal,2,4.525,-9.31164030957082
ciprofloxacin,anchor,equal,2,4.55,-9.321643580922155
ciprofloxacin,anchor,equal,2,4.575,-9.331661635049892
ciprofloxacin,anchor,equal,2,4.6000000000000005,-9.34169438777769
ciprofloxacin,anchor,equal,2,4.625,-9.351741753206458
ciprofloxacin,anchor,equal,2,4.65,-9.361803643980464
ciprofloxacin,anchor,equal,2,4.675,-9.371879971527067
ciprofloxacin,anchor,equal,2,4.7,-9.38197064627256
ciprofloxacin,anchor,equal,2,4.7250000000000005,-9.392075577836351
ciprofloxacin,anchor,equal,2,4.75,-9.402194675205601
ciprofloxacin,anchor,equal,2,4.775,-9.412327846892103
ciprofloxacin,anchor,equal,2,4.800000000000001,-9.42247500107313
ciprofloxacin,anchor,equal,2,4.825,-9.432636045717768
ciprofloxacin,anchor,equal,2,4.8500000000000005,-9.442810888700095
ciprofloxacin,anchor,equal,2,4.875,-9.452999437900486
ciprofloxacin,anchor,equal,2,4.9,-9.463201601296161
ciprofloxacin,anchor,equal,2,4.925000000000001,-9.473417287042002
ciprofloxacin,anchor,equal,2,4.95,-9.483646403542583
ciprofloxacin,anchor,equal,2,4.9750000000000005,-9.493888859516233
ciprofloxacin,anchor,equal,2,5.0,-9.504144564051924
ciprofloxacin,anchor,equal,2,5.025,-9.514413426659663
ciprofloxacin,anchor,equal,2,5.050000000000001,-9.524695357314998
ciprofloxacin,anchor,equal,2,5.075,-9.534990266498243
ciprofloxacin,anchor,equal,2,5.1000000000000005,-9.545298065228891
ciprofloxacin,anchor,equal,2,5.125,-9.555618665095732
ciprofloxacin,anchor,equal,2,5.15,-9.565951978283055
ciprofloxacin,anchor,equal,2,5.175000000000001,-9.576297917593322
ciprofloxacin,anchor,equal,2,5.2,-9.586656396466704
ciprofloxacin,anchor,equal,2,5.2250000000000005,-9.59702732899773
ciprofloxacin,anchor,equal,2,5.25,-9.60741062994936
ciprofloxacin,anchor,equal,2,5.275,-9.617806214764771
ciprofloxacin,anchor,equal,2,5.300000000000001,-9.628213999577019
ciprofloxacin,anchor,equal,2,5.325,-9.638633901216867
ciprofloxacin,anchor,equal,2,5.3500000000000005,-9.649065837218886
ciprofloxacin,anchor,equal,2,5.375,-9.659509725826092
ciprofloxacin,anchor,equal,2,5.4,-9.669965485993183
ciprofloxacin,anchor,equal,2,5.425000000000001,-9.680433037388605
ciprofloxacin,anchor,equal,2,5.45,-9.69091230039549
ciprofloxacin,anchor,equal,2,5.4750000000000005,-9.701403196111677
ciprofloxacin,anchor,equal,2,5.5,-9.711905646348798
ciprofloxacin,anchor,equal,2,5.525,-9.722419573630669
ciprofloxacin,anchor,equal,2,5.550000000000001,-9.732944901190931
ciprofloxacin,anchor,equal,2,5.575,-9.74348155297013
ciprofloxacin,anchor,equal,2,5.6000000000000005,-9.754029453612226
ciprofloxacin,anchor,equal,2,5.625,-9.764588528460646
ciprofloxacin,anchor,equal,2,5.65,-9.77515870355392
ciprofloxacin,anchor,equal,2,5.675000000000001,-9.785739905620927
ciprofloxacin,anchor,equal,2,5.7,-9.796332062075845
ciprofloxacin,anchor,equal,2,5.7250000000000005,-9.806935101012819
ciprofloxacin,anchor,equal,2,5.75,-9.81754895120037
ciprofloxacin,anchor,equal,2,5.775,-9.828173542075625
ciprofloxacin,anchor,equal,2,5.800000000000001,-9.838808803738335
ciprofloxacin,anchor,equal,2,5.825,-9.849454666944775
ciprofloxacin,anchor,equal,2,5.8500000000000005,-9.860111063101517
ciprofloxacin,anchor,equal,2,5.875,-9.870777924259084
ciprofloxacin,anchor,equal,2,5.9,-9.881455183105517
ciprofloxacin,anchor,equal,2,5.925000000000001,-9.89214277295992
ciprofloxacin,anchor,equal,2,5.95,-9.902840627765903
ciprofloxacin,anchor,equal,2,5.9750000000000005,-9.913548682085038
ciprofloxacin,anchor,equal,2,6.0,-9.924266871090255
ciprofloxacin,anchor,equal,2,6.025,-9.934995130559267
ciprofloxacin,anchor,equal,2,6.050000000000001,-9.945733396867958
ciprofloxacin,anchor,equal,2,6.075,-9.956481606983807
ciprofloxacin,anchor,equal,2,6.1000000000000005,-9.967239698459338
ciprofloxacin,anchor,equal,2,6.125,-9.97800760942555
ciprofloxacin,anchor,equal,2,6.15,-9.988785278585441
ciprofloxacin,anchor,equal,2,6.175000000000001,-9.999572645207522
ciprofloxacin,anchor,equal,2,6.2,-10.010369649119392
ciprofloxacin,anchor,equal,2,6.2250000000000005,-10.021176230701363
ciprofloxacin,anchor,equal,2,6.25,-10.031992330880131
ciprofloxacin,anchor,equal,2,6.275,-10.042817891122489
ciprofloxacin,anchor,equal,2,6.300000000000001,-10.05365285342913
ciprofloxacin,anchor,equal,2,6.325,-10.064497160328466
ciprofloxacin,anchor,equal,2,6.3500000000000005,-10.075350754870547
ciprofloxacin,anchor,equal,2,6.375,-10.086213580621022
ciprofloxacin,anchor,equal,2,6.4,-10.097085581655165
ciprofloxacin,anchor,equal,2,6.425000000000001,-10.107966702551977
ciprofloxacin,anchor,equal,2,6.45,-10.118856888388343
ciprofloxacin,anchor,equal,2,6.4750000000000005,-10.129756084733273
ciprofloxacin,anchor,equal,2,6.5,-10.14066423764219
ciprofloxacin,anchor,equal,2,6.525,-10.151581293651299
ciprofloxacin,anchor,equal,2,6.550000000000001,-10.16250719977203
ciprofloxacin,anchor,equal,2,6.575,-10.17344190348554
ciprofloxacin,anchor,equal,2,6.6000000000000005,-10.184385352737277
ciprofloxacin,anchor,equal,2,6.625,-10.195337495931637
ciprofloxacin,anchor,equal,2,6.65,-10.206298281926676
ciprofloxacin,anchor,equal,2,6.675000000000001,-10.21726766002886
ciprofloxacin,anchor,equal,2,6.7,-10.228245579987956
ciprofloxacin,anchor,equal,2,6.7250000000000005,-10.239231991991915
ciprofloxacin,anchor,equal,2,6.75,-10.250226846661864
ciprofloxacin,anchor,equal,2,6.775,-10.261230095047152
ciprofloxacin,anchor,equal,2,6.800000000000001,-10.272241688620467
ciprofloxacin,anchor,equal,2,6.825,-10.283261579273011
ciprofloxacin,anchor,equal,2,6.8500000000000005,-10.29428971930974
ciprofloxacin,anchor,equal,2,6.875,-10.305326061444681
ciprofloxacin,anchor,equal,2,6.9,-10.316370558796292
ciprofloxacin,anchor,equal,2,6.925000000000001,-10.3274231648829
ciprofloxacin,anchor,equal,2,6.95,-10.338483833618197
ciprofloxacin,anchor,equal,2,6.9750000000000005,-10.349552519306785
ciprofloxacin,anchor,equal,2,7.0,-10.360629176639799
ciprofloxacin,anchor,equal,3,0.0,0.0
ciprofloxacin,anchor,equal,3,0.025,-0.10617487706338705
ciprofloxacin,anchor,equal,3,0.05,-0.21234644708611114
ciprofloxacin,anchor,equal,3,0.07500000000000001,-0.3185143526417106
ciprofloxacin,anchor,equal,3,0.1,-0.4246781977680208
ciprofloxacin,anchor,equal,3,0.125,-0.5308375438345273
ciprofloxacin,anchor,equal,3,0.15000000000000002,-0.6369919049702062
ciprofloxacin,anchor,equal,3,0.17500000000000002,-0.7431407430057277
ciprofloxacin,anchor,equal,3,0.2,-0.8492834618791557
ciprofloxacin,anchor,equal,3,0.225,-0.9554194014490727
ciprofloxacin,anchor,equal,3,0.25,-1.0615478306533723
ciprofloxacin,anchor,equal,3,0.275,-1.1676679399456977
ciprofloxacin,anchor,equal,3,0.30000000000000004,-1.2737788329346578
ciprofloxacin,anchor,equal,3,0.325,-1.3798795171434786
ciprofloxacin,anchor,equal,3,0.35000000000000003,-1.4859688937995545
ciprofloxacin,anchor,equal,3,0.375,-1.5920457465544373
ciprofloxacin,anchor,equal,3,0.4,-1.6981087290250811
ciprofloxacin,anchor,equal,3,0.42500000000000004,-1.804156351036609
ciprofloxacin,anchor,equal,3,0.45,-1.9101869634353643
ciprofloxacin,anchor,equal,3,0.47500000000000003,-2.0161987413286218
ciprofloxacin,anchor,equal,3,0.5,-2.122189665593897
ciprofloxacin,anchor,equal,3,0.525,-2.22815750248643
ciprofloxacin,anchor,equal,3,0.55,-2.3340997811577844
ciprofloxacin,anchor,equal,3,0.5750000000000001,-2.4400137688821655
ciprofloxacin,anchor,equal,3,0.6000000000000001,-2.5458964437693004
ciprofloxacin,anchor,equal,3,0.625,-2.651744464724176
ciprofloxacin,anchor,equal,3,0.65,-2.7575541383944175
ciprofloxacin,anchor,equal,3,0.675,-2.8633213828256237
ciprofloxacin,anchor,equal,3,0.7000000000000001,-2.9690416875240464
ciprofloxacin,anchor,equal,3,0.7250000000000001,-3.074710069604435
ciprofloxacin,anchor,equal,3,0.75,-3.180321025679385
ciprofloxacin,anchor,equal,3,0.775,-3.285868479125257
ciprofloxacin,anchor,equal,3,0.8,-3.391345722339389
ciprofloxacin,anchor,equal,3,0.8250000000000001,-3.496745353584536
ciprofloxacin,anchor,equal,3,0.8500000000000001,-3.6020592080003064
ciprofloxacin,anchor,equal,3,0.875,-3.707278282348564
ciprofloxacin,anchor,equal,3,0.9,-3.8123926530521786
ciprofloxacin,anchor,equal,3,0.925,-3.917391387085493
ciprofloxacin,anchor,equal,3,0.9500000000000001,-4.022262445282632
ciprofloxacin,anchor,equal,3,0.9750000000000001,-4.126992577648748
ciprofloxacin,anchor,equal,3,1.0,-4.231567210292328
ciprofloxacin,anchor,equal,3,1.0250000000000001,-4.3359703236483265
ciprofloxacin,anchor,equal,3,1.05,-4.440184321727675
ciprofloxacin,anchor,equal,3,1.075,-4.544189892246672
ciprofloxacin,anchor,equal,3,1.1,-4.64796585758844
ciprofloxacin,anchor,equal,3,1.125,-4.751489016747079
ciprofloxacin,anchor,equal,3,1.1500000000000001,-4.85473397859929
ciprofloxacin,anchor,equal,3,1.175,-4.957672987116727
ciprofloxacin,anchor,equal,3,1.2000000000000002,-5.060275739453741
ciprofloxacin,anchor,equal,3,1.225,-5.16250919823226
ciprofloxacin,anchor,equal,3,1.25,-5.264337399806888
ciprofloxacin,anchor,equal,3,1.2750000000000001,-5.365721260833415
ciprofloxacin,anchor,equal,3,1.3,-5.466618386087987
ciprofloxacin,anchor,equal,3,1.3250000000000002,-5.566982881194597
ciprofloxacin,anchor,equal,3,1.35,-5.666765174712154
ciprofloxacin,anchor,equal,3,1.375,-5.765911854903041
ciprofloxacin,anchor,equal,3,1.4000000000000001,-5.864365527437315
ciprofloxacin,anchor,equal,3,1.425,-5.962064701257978
ciprofloxacin,anchor,equal,3,1.4500000000000002,-6.058943710807514
ciprofloxacin,anchor,equal,3,1.475,-6.154932683747645
ciprofloxacin,anchor,equal,3,1.5,-6.249957564130623
ciprofloxacin,anchor,equal,3,1.5250000000000001,-6.343940201624174
ciprofloxacin,anchor,equal,3,1.55,-6.436798517761251
ciprofloxacin,anchor,equal,3,1.5750000000000002,-6.528446760175477
ciprofloxacin,anchor,equal,3,1.6,-6.618795855278293
ciprofloxacin,anchor,equal,3,1.625,-6.70775386872063
ciprofloxacin,anchor,equal,3,1.6500000000000001,-6.795226581150801
ciprofloxacin,anchor,equal,3,1.675,-6.8811181841469775
ciprofloxacin,anchor,equal,3,1.7000000000000002,-6.965332097717428
ciprofloxacin,anchor,equal,3,1.725,-7.047771906429335
ciprofloxacin,anchor,equal,3,1.75,-7.128342406126002
ciprofloxacin,anchor,equal,3,1.7750000000000001,-7.2069507474831545
ciprofloxacin,anchor,equal,3,1.8,-7.283507656595407
ciprofloxacin,anchor,equal,3,1.8250000000000002,-7.3579287067188845
ciprofloxacin,anchor,equal,3,1.85,-7.430135609654749
ciprofloxacin,anchor,equal,3,1.875,-7.500057490515103
ciprofloxacin,anchor,equal,3,1.9000000000000001,-7.567632106254089
ciprofloxacin,anchor,equal,3,1.925,-7.632806966817952
ciprofloxacin,anchor,equal,3,1.9500000000000002,-7.695540318410186
ciprofloxacin,anchor,equal,3,1.975,-7.755801951374111
ciprofloxacin,anchor,equal,3,2.0,-7.813573800559461
ciprofloxacin,anchor,equal,3,2.025,-7.868850313542575
ciprofloxacin,anchor,equal,3,2.0500000000000003,-7.921638571268706
ciprofloxacin,anchor,equal,3,2.075,-7.971958156006026
ciprofloxacin,anchor,equal,3,2.1,-8.019840772139306
ciprofloxacin,anchor,equal,3,2.125,-8.065329635633795
ciprofloxacin,anchor,equal,3,2.15,-8.108478657131139
ciprofloxacin,anchor,equal,3,2.1750000000000003,-8.149351451070123
ciprofloxacin,anchor,equal,3,2.2,-8.188020208498589
ciprofloxacin,anchor,equal,3,2.225,-8.22456447415498
ciprofloxacin,anchor,equal,3,2.25,-8.259069868950823
ciprofloxacin,anchor,equal,3,2.275,-8.29162679737641
ciprofloxacin,anchor,equal,3,2.3000000000000003,-8.32232917593048
ciprofloxacin,anchor,equal,3,2.325,-8.351273213886811
ciprofloxacin,anchor,equal,3,2.35,-8.378556272042818
ciprofloxacin,anchor,equal,3,2.375,-8.404275819023395
ciprofloxacin,anchor,equal,3,2.4000000000000004,-8.42852849866015
ciprofloxacin,anchor,equal,3,2.4250000000000003,-8.451409316276708
ciprofloxacin,anchor,equal,3,2.45,-8.473010946636382
ciprofloxacin,anchor,equal,3,2.475,-8.493423162008405
ciprofloxacin,anchor,equal,3,2.5,-8.512732375356745
ciprofloxacin,anchor,equal,3,2.5250000000000004,-8.531021291053996
ciprofloxacin,anchor,equal,3,2.5500000000000003,-8.548368653721736
ciprofloxacin,anchor,equal,3,2.575,-8.564849084710477
ciprofloxacin,anchor,equal,3,2.6,-8.580532995249012
ciprofloxacin,anchor,equal,3,2.625,-8.59548656529897
ciprofloxacin,anchor,equal,3,2.6500000000000004,-8.609771777531728
ciprofloxacin,anchor,equal,3,2.6750000000000003,-8.623446496497216
ciprofloxacin,anchor,equal,3,2.7,-8.636564583885548
ciprofloxacin,anchor,equal,3,2.725,-8.649176041716524
ciprofloxacin,anchor,equal,3,2.75,-8.661327176267507
ciprofloxacin,anchor,equal,3,2.7750000000000004,-8.673060776519955
ciprofloxacin,anchor,equal,3,2.8000000000000003,-8.684416301835116
ciprofloxacin,anchor,equal,3,2.825,-8.695430074436866
ciprofloxacin,anchor,equal,3,2.85,-8.706135473070313
ciprofloxacin,anchor,equal,3,2.875,-8.716563124911351
ciprofloxacin,anchor,equal,3,2.9000000000000004,-8.726741093423156
ciprofloxacin,anchor,equal,3,2.9250000000000003,-8.736695060392657
ciprofloxacin,anchor,equal,3,2.95,-8.74644850083789
ciprofloxacin,anchor,equal,3,2.975,-8.756022849862026
ciprofloxacin,anchor,equal,3,3.0,-8.765437660849269
ciprofloxacin,anchor,equal,3,3.0250000000000004,-8.77471075465862
ciprofloxacin,anchor,equal,3,3.0500000000000003,-8.783858359681737
ciprofloxacin,anchor,equal,3,3.075,-8.792895242797309
ciprofloxacin,anchor,equal,3,3.1,-8.801834831383374
ciprofloxacin,anchor,equal,3,3.125,-8.810689326646601
ciprofloxacin,anchor,equal,3,3.1500000000000004,-8.819469808599086
ciprofloxacin,anchor,equal,3,3.1750000000000003,-8.828186333063273
ciprofloxacin,anchor,equal,3,3.2,-8.83684802111821
ciprofloxacin,anchor,equal,3,3.225,-8.845463141418948
ciprofloxacin,anchor,equal,3,3.25,-8.854039185828503
ciprofloxacin,anchor,equal,3,3.2750000000000004,-8.862582938800497
ciprofloxacin,anchor,equal,3,3.3000000000000003,-8.871100540943049
ciprofloxacin,anchor,equal,3,3.325,-8.87959754718172
ciprofloxacin,anchor,equal,3,3.35,-8.888078979923055
ciprofloxacin,anchor,equal,3,3.375,-8.896549377601698
ciprofloxacin,anchor,equal,3,3.4000000000000004,-8.905012838973729
ciprofloxacin,anchor,equal,3,3.4250000000000003,-8.913473063497763
ciprofloxacin,anchor,equal,3,3.45,-8.921933388124001
ciprofloxacin,anchor,equal,3,3.475,-8.930396820790007
ciprofloxacin,anchor,equal,3,3.5,-8.938866070901225
ciprofloxacin,anchor,equal,3,3.5250000000000004,-8.947343577053926
ciprofloxacin,anchor,equal,3,3.5500000000000003,-8.955831532238909
ciprofloxacin,anchor,equal,3,3.575,-8.964331906745878
ciprofloxacin,anchor,equal,3,3.6,-8.972846468970886
ciprofloxacin,anchor,equal,3,3.625,-8.981376804312887
ciprofloxacin,anchor,equal,3,3.6500000000000004,-8.989924332330085
ciprofloxacin,anchor,equal,3,3.6750000000000003,-8.998490322312444
ciprofloxacin,anchor,equal,3,3.7,-9.007075907413412
ciprofloxacin,anchor,equal,3,3.725,-9.015682097471688
ciprofloxacin,anchor,equal,3,3.75,-9.024309790642379
ciprofloxacin,anchor,equal,3,3.7750000000000004,-9.032959783946497
ciprofloxacin,anchor,equal,3,3.8000000000000003,-9.041632782838084
ciprofloxacin,anchor,equal,3,3.825,-9.050329409879398
ciprofloxacin,anchor,equal,3,3.85,-9.059050212606461
ciprofloxacin,anchor,equal,3,3.875,-9.067795670659926
ciprofloxacin,anchor,equal,3,3.9000000000000004,-9.076566202249305
ciprofloxacin,anchor,equal,3,3.9250000000000003,-9.085362170012491
ciprofloxacin,anchor,equal,3,3.95,-9.094183886326832
ciprofloxacin,anchor,equal,3,3.975,-9.103031618122808
ciprofloxacin,anchor,equal,3,4.0,-9.1119055912467
ciprofloxacin,anchor,equal,3,4.025,-9.12080599441437
ciprofloxacin,anchor,equal,3,4.05,-9.129732982794309
ciprofloxacin,anchor,equal,3,4.075,-9.138686681254672
ciprofloxacin,anchor,equal,3,4.1000000000000005,-9.147667187305697
ciprofloxacin,anchor,equal,3,4.125,-9.15667457376602
ciprofloxacin,anchor,equal,3,4.15,-9.165708891178774
ciprofloxacin,anchor,equal,3,4.175,-9.174770170000889
ciprofloxacin,anchor,equal,3,4.2,-9.18385842258685
ciprofloxacin,anchor,equal,3,4.2250000000000005,-9.192973644986191
ciprofloxacin,anchor,equal,3,4.25,-9.202115818572159
ciprofloxacin,anchor,equal,3,4.275,-9.211284911517412
ciprofloxacin,anchor,equal,3,4.3,-9.220480880131076
ciprofloxacin,anchor,equal,3,4.325,-9.229703670070128
ciprofloxacin,anchor,equal,3,4.3500000000000005,-9.238953217436956
ciprofloxacin,anchor,equal,3,4.375,-9.248229449773696
ciprofloxacin,anchor,equal,3,4.4,-9.257532286963066
ciprofloxacin,anchor,equal,3,4.425,-9.266861642044445
ciprofloxacin,anchor,equal,3,4.45,-9.27621742195313
ciprofloxacin,anchor,equal,3,4.4750000000000005,-9.285599528189968
ciprofloxacin,anchor,equal,3,4.5,-9.295007857427926
ciprofloxacin,anchor,equal,3,4.525,-9.304442302061418
ciprofloxacin,anchor,equal,3,4.55,-9.313902750703836
ciprofloxacin,anchor,equal,3,4.575,-9.323389088638073
ciprofloxacin,anchor,equal,3,4.6000000000000005,-9.33290119822446
ciprofloxacin,anchor,equal,3,4.625,-9.342438959270096
ciprofloxacin,anchor,equal,3,4.65,-9.352002249363169
ciprofloxacin,anchor,equal,3,4.675,-9.361590944175566
ciprofloxacin,anchor,equal,3,4.7,-9.371204917736698
ciprofloxacin,anchor,equal,3,4.7250000000000005,-9.380844042681254
ciprofloxacin,anchor,equal,3,4.75,-9.390508190473316
ciprofloxacin,anchor,equal,3,4.775,-9.400197231609024
ciprofloxacin,anchor,equal,3,4.800000000000001,-9.409911035799816
ciprofloxacin,anchor,equal,3,4.825,-9.419649472138017
ciprofloxacin,anchor,equal,3,4.8500000000000005,-9.429412409246487
ciprofloxacin,anchor,equal,3,4.875,-9.439199715413723
ciprofloxacin,anchor,equal,3,4.9,-9.44901125871586
ciprofloxacin,anchor,equal,3,4.925000000000001,-9.458846907126725
ciprofloxacin,anchor,equal,3,4.95,-9.46870652861709
ciprofloxacin,anchor,equal,3,4.9750000000000005,-9.478589991244123
ciprofloxacin,anchor,equal,3,5.0,-9.488497163231935
ciprofloxacin,anchor,equal,3,5.025,-9.498427913044075
ciprofloxacin,anchor,equal,3,5.050000000000001,-9.508382109448693
ciprofloxacin,anchor,equal,3,5.075,-9.518359621577082
ciprofloxacin,anchor,equal,3,5.1000000000000005,-9.528360318976183
ciprofloxacin,anchor,equal,3,5.125,-9.53838407165566
ciprofloxacin,anchor,equal,3,5.15,-9.548430750129974
ciprofloxacin,anchor,equal,3,5.175000000000001,-9.55850022545602
ciprofloxacin,anchor,equal,3,5.2,-9.568592369266634
ciprofloxacin,anchor,equal,3,5.2250000000000005,-9.578707053800459
ciprofloxacin,anchor,equal,3,5.25,-9.588844151928404
ciprofloxacin,anchor,equal,3,5.275,-9.599003537177099
ciprofloxacin,anchor,equal,3,5.300000000000001,-9.609185083749574
ciprofloxacin,anchor,equal,3,5.325,-9.619388666543442
ciprofloxacin,anchor,equal,3,5.3500000000000005,-9.629614161166812
ciprofloxacin,anchor,equal,3,5.375,-9.639861443952139
ciprofloxacin,anchor,equal,3,5.4,-9.650130391968215
ciprofloxacin,anchor,equal,3,5.425000000000001,-9.660420883030469
ciprofloxacin,anchor,equal,3,5.45,-9.670732795709718
ciprofloxacin,anchor,equal,3,5.4750000000000005,-9.681066009339549
ciprofloxacin,anchor,equal,3,5.5,-9.69142040402243
ciprofloxacin,anchor,equal,3,5.525,-9.701795860634677
ciprofloxacin,anchor,equal,3,5.550000000000001,-9.712192260830388
ciprofloxacin,anchor,equal,3,5.575,-9.722609487044448
ciprofloxacin,anchor,equal,3,5.6000000000000005,-9.733047422494677
ciprofloxacin,anchor,equal,3,5.625,-9.74350595118321
ciprofloxacin,anchor,equal,3,5.65,-9.753984957897197
ciprofloxacin,anchor,equal,3,5.675000000000001,-9.76448432820885
ciprofloxacin,anchor,equal,3,5.7,-9.775003948474948
ciprofloxacin,anchor,equal,3,5.7250000000000005,-9.785543705835812
ciprofloxacin,anchor,equal,3,5.75,-9.796103488213825
ciprofloxacin,anchor,equal,3,5.775,-9.806683184311535
ciprofloxacin,anchor,equal,3,5.800000000000001,-9.817282683609367
ciprofloxacin,anchor,equal,3,5.825,-9.827901876363022
ciprofloxacin,anchor,equal,3,5.8500000000000005,-9.838540653600559
ciprofloxacin,anchor,equal,3,5.875,-9.84919890711918
ciprofloxacin,anchor,equal,3,5.9,-9.859876529481815
ciprofloxacin,anchor,equal,3,5.925000000000001,-9.87057341401345
ciprofloxacin,anchor,equal,3,5.95,-9.881289454797272
ciprofloxacin,anchor,equal,3,5.9750000000000005,-9.89202454667064
ciprofloxacin,anchor,equal,3,6.0,-9.902778585220894
ciprofloxacin,anchor,equal,3,6.025,-9.91355146678102
ciprofloxacin,anchor,equal,3,6.050000000000001,-9.924343088425214
ciprofloxacin,anchor,equal,3,6.075,-9.935153347964317
ciprofloxacin,anchor,equal,3,6.1000000000000005,-9.945982143941158
ciprofloxacin,anchor,equal,3,6.125,-9.956829375625817
ciprofloxacin,anchor,equal,3,6.15,-9.967694943010823
ciprofloxacin,anchor,equal,3,6.175000000000001,-9.978578746806274
ciprofloxacin,anchor,equal,3,6.2,-9.989480688434915
ciprofloxacin,anchor,equal,3,6.2250000000000005,-10.00040067002717
ciprofloxacin,anchor,equal,3,6.25,-10.01133859441613
ciprofloxacin,anchor,equal,3,6.275,-10.022294365132526
ciprofloxacin,anchor,equal,3,6.300000000000001,-10.033267886399653
ciprofloxacin,anchor,equal,3,6.325,-10.04425906312829
ciprofloxacin,anchor,equal,3,6.3500000000000005,-10.055267800911626
ciprofloxacin,anchor,equal,3,6.375,-10.06629400602013
ciprofloxacin,anchor,equal,3,6.4,-10.077337585396455
ciprofloxacin,anchor,equal,3,6.425000000000001,-10.088398446650338
ciprofloxacin,anchor,equal,3,6.45,-10.09947649805347
ciprofloxacin,anchor,equal,3,6.4750000000000005,-10.11057164853443
ciprofloxacin,anchor,equal,3,6.5,-10.12168380767356
ciprofloxacin,anchor,equal,3,6.525,-10.13281288569791
ciprofloxacin,anchor,equal,3,6.550000000000001,-10.143958793476157
ciprofloxacin,anchor,equal,3,6.575,-10.155121442513568
ciprofloxacin,anchor,equal,3,6.6000000000000005,-10.166300744946966
ciprofloxacin,anchor,equal,3,6.625,-10.177496613539711
ciprofloxacin,anchor,equal,3,6.65,-10.18870896167672
ciprofloxacin,anchor,equal,3,6.675000000000001,-10.199937703359494
ciprofloxacin,anchor,equal,3,6.7,-10.211182753201188
ciprofloxacin,anchor,equal,3,6.7250000000000005,-10.22244402642167
ciprofloxacin,anchor,equal,3,6.75,-10.233721438842664
ciprofloxacin,anchor,equal,3,6.775,-10.24501490688286
ciprofloxacin,anchor,equal,3,6.800000000000001,-10.256324347553099
ciprofloxacin,anchor,equal,3,6.825,-10.267649678451553
ciprofloxacin,anchor,equal,3,6.8500000000000005,-10.278990817758967
ciprofloxacin,anchor,equal,3,6.875,-10.290347684233902
ciprofloxacin,anchor,equal,3,6.9,-10.30172019720803
ciprofloxacin,anchor,equal,3,6.925000000000001,-10.313108276581453
ciprofloxacin,anchor,equal,3,6.95,-10.324511842818046
ciprofloxacin,anchor,equal,3,6.9750000000000005,-10.335930816940856
ciprofloxacin,anchor,equal,3,7.0,-10.347365120527499
ciprofloxacin,anchor,equal,4,0.0,-1.1102230246251565e-16
ciprofloxacin,anchor,equal,4,0.025,-0.10546160124970748
ciprofloxacin,anchor,equal,4,0.05,-0.2109202823856355
ciprofloxacin,anchor,equal,4,0.07500000000000001,-0.3163757299412272
ciprofloxacin,anchor,equal,4,0.1,-0.42182759686677523
ciprofloxacin,anchor,equal,4,0.125,-0.5272754989422308
ciprofloxacin,anchor,equal,4,0.15000000000000002,-0.6327190108089051
ciprofloxacin,anchor,equal,4,0.17500000000000002,-0.7381576615799554
ciprofloxacin,anchor,equal,4,0.2,-0.8435909299854292
ciprofloxacin,anchor,equal,4,0.225,-0.9490182390030726
ciprofloxacin,anchor,equal,4,0.25,-1.05443894992112
ciprofloxacin,anchor,equal,4,0.275,-1.1598523557737734
ciprofloxacin,anchor,equal,4,0.30000000000000004,-1.265257674084091
ciprofloxacin,anchor,equal,4,0.325,-1.370654038842352
ciprofloxacin,anchor,equal,4,0.35000000000000003,-1.476040491640811
ciprofloxacin,anchor,equal,4,0.375,-1.5814159718777787
ciprofloxacin,anchor,equal,4,0.4,-1.6867793059354077
ciprofloxacin,anchor,equal,4,0.42500000000000004,-1.7921291952261107
ciprofloxacin,anchor,equal,4,0.45,-1.8974642029923363
ciprofloxacin,anchor,equal,4,0.47500000000000003,-2.0027827397332736
ciprofloxacin,anchor,equal,4,0.5,-2.10808304712004
ciprofloxacin,anchor,equal,4,0.525,-2.213363180247861
ciprofloxacin,anchor,equal,4,0.55,-2.318620988059629
ciprofloxacin,anchor,equal,4,0.5750000000000001,-2.4238540917602536
ciprofloxacin,anchor,equal,4,0.6000000000000001,-2.5290598610249324
ciprofloxacin,anchor,equal,4,0.625,-2.634235387787236
ciprofloxacin,anchor,equal,4,0.65,-2.7393774573746636
ciprofloxacin,anchor,equal,4,0.675,-2.8444825167399834
ciprofloxacin,anchor,equal,4,0.7000000000000001,-2.949546639516535
ciprofloxacin,anchor,equal,4,0.7250000000000001,-3.054565487604664
ciprofloxacin,anchor,equal,4,0.75,-3.159534268975028
ciprofloxacin,anchor,equal,4,0.775,-3.264447691352721
ciprofloxacin,anchor,equal,4,0.8,-3.369299911424508
ciprofloxacin,anchor,equal,4,0.8250000000000001,-3.474084479190399
ciprofloxacin,anchor,equal,4,0.8500000000000001,-3.5787942770610854
ciprofloxacin,anchor,equal,4,0.875,-3.683421453284732
ciprofloxacin,anchor,equal,4,0.9,-3.7879573492724132
ciprofloxacin,anchor,equal,4,0.925,-3.892392420380962
ciprofloxacin,anchor,equal,4,0.9500000000000001,-3.996716149707134
ciprofloxacin,anchor,equal,4,0.9750000000000001,-4.100916954451497
ciprofloxacin,anchor,equal,4,1.0,-4.204982084422732
ciprofloxacin,anchor,equal,4,1.0250000000000001,-4.30889751228149
ciprofloxacin,anchor,equal,4,1.05,-4.412647815157735
ciprofloxacin,anchor,equal,4,1.075,-4.516216047358154
ciprofloxacin,anchor,equal,4,1.1,-4.619583603934897
ciprofloxacin,anchor,equal,4,1.125,-4.722730075033876
ciprofloxacin,anchor,equal,4,1.1500000000000001,-4.825633091074054
ciprofloxacin,anchor,equal,4,1.175,-4.928268159007741
ciprofloxacin,anchor,equal,4,1.2000000000000002,-5.0306084901521615
ciprofloxacin,anchor,equal,4,1.225,-5.132624820379599
ciprofloxacin,anchor,equal,4,1.25,-5.234285223813488
ciprofloxacin,anchor,equal,4,1.2750000000000001,-5.335554921608997
ciprofloxacin,anchor,equal,4,1.3,-5.436396087905402
ciprofloxacin,anchor,equal,4,1.3250000000000002,-5.536767655628827
ciprofloxacin,anchor,equal,4,1.35,-5.636625125502459
ciprofloxacin,anchor,equal,4,1.375,-5.73592038238512
ciprofloxacin,anchor,equal,4,1.4000000000000001,-5.834601523905049
ciprofloxacin,anchor,equal,4,1.425,-5.932612707271602
ciprofloxacin,anchor,equal,4,1.4500000000000002,-6.029894021114001
ciprofloxacin,anchor,equal,4,1.475,-6.1263813901843305
ciprofloxacin,anchor,equal,4,1.5,-6.222006521728387
ciprofloxacin,anchor,equal,4,1.5250000000000001,-6.3166969032176
ciprofloxacin,anchor,equal,4,1.55,-6.410375861877259
ciprofloxacin,anchor,equal,4,1.5750000000000002,-6.502962696951517
ciprofloxacin,anchor,equal,4,1.6,-6.594372895817334
ciprofloxacin,anchor,equal,4,1.625,-6.684518444780035
ciprofloxacin,anchor,equal,4,1.6500000000000001,-6.773308244540997
ciprofloxacin,anchor,equal,4,1.675,-6.860648638804042
ciprofloxacin,anchor,equal,4,1.7000000000000002,-6.946444062186981
ciprofloxacin,anchor,equal,4,1.725,-7.0305978104593
ciprofloxacin,anchor,equal,4,1.75,-7.113012932113481
ciprofloxacin,anchor,equal,4,1.7750000000000001,-7.1935932354466505
ciprofloxacin,anchor,equal,4,1.8,-7.272244399799506
ciprofloxacin,anchor,equal,4,1.8250000000000002,-7.348875173594966
ciprofloxacin,anchor,equal,4,1.85,-7.423398635649568
ciprofloxacin,anchor,equal,4,1.875,-7.495733490297988
ciprofloxacin,anchor,equal,4,1.9000000000000001,-7.565805361638067
ciprofloxacin,anchor,equal,4,1.925,-7.6335480481679605
ciprofloxacin,anchor,equal,4,1.9500000000000002,-7.698904696718184
ciprofloxacin,anchor,equal,4,1.975,-7.761828854280047
ciprofloxacin,anchor,equal,4,2.0,-7.822285358359517
ciprofloxacin,anchor,equal,4,2.025,-7.880251030928002
ciprofloxacin,anchor,equal,4,2.0500000000000003,-7.9357151477540775
ciprofloxacin,anchor,equal,4,2.075,-7.988679663568849
ciprofloxacin,anchor,equal,4,2.1,-8.039159183514057
ciprofloxacin,anchor,equal,4,2.125,-8.087180682066025
ciprofloxacin,anchor,equal,4,2.15,-8.132782981238321
ciprofloxacin,anchor,equal,4,2.1750000000000003,-8.176016009654745
ciprofloxacin,anchor,equal,4,2.2,-8.216939872352325
ciprofloxacin,anchor,equal,4,2.225,-8.255623767420063
ciprofloxacin,anchor,equal,4,2.25,-8.292144789497227
ciprofloxacin,anchor,equal,4,2.275,-8.326586661661699
ciprofloxacin,anchor,equal,4,2.3000000000000003,-8.359038436458718
ciprofloxacin,anchor,equal,4,2.325,-8.38959320405094
ciprofloxacin,anchor,equal,4,2.35,-8.418346841131221
ciprofloxacin,anchor,equal,4,2.375,-8.445396828812763
ciprofloxacin,anchor,equal,4,2.4000000000000004,-8.470841161688359
ciprofloxacin,anchor,equal,4,2.4250000000000003,-8.494777364085326
ciprofloxacin,anchor,equal,4,2.45,-8.51730162361739
ciprofloxacin,anchor,equal,4,2.475,-8.538508046742528
ciprofloxacin,anchor,equal,4,2.5,-8.558488036373442
ciprofloxacin,anchor,equal,4,2.5250000000000004,-8.577329787762492
ciprofloxacin,anchor,equal,4,2.5500000000000003,-8.595117895924007
ciprofloxacin,anchor,equal,4,2.575,-8.611933065732615
ciprofloxacin,anchor,equal,4,2.6,-8.627851914469819
ciprofloxacin,anchor,equal,4,2.625,-8.642946855880425
ciprofloxacin,anchor,equal,4,2.6500000000000004,-8.657286054629507
ciprofloxacin,anchor,equal,4,2.6750000000000003,-8.670933440302973
ciprofloxacin,anchor,equal,4,2.7,-8.68394877066016
ciprofloxacin,anchor,equal,4,2.725,-8.696387734627088
ciprofloxacin,anchor,equal,4,2.75,-8.708302086430715
ciprofloxacin,anchor,equal,4,2.7750000000000004,-8.719739803249858
ciprofloxacin,anchor,equal,4,2.8000000000000003,-8.730745259744328
ciprofloxacin,anchor,equal,4,2.825,-8.741359413781442
ciprofloxacin,anchor,equal,4,2.85,-8.751619998580827
ciprofloxacin,anchor,equal,4,2.875,-8.761561717326927
ciprofloxacin,anchor,equal,4,2.9000000000000004,-8.771216437044146
ciprofloxacin,anchor,equal,4,2.9250000000000003,-8.780613379188644
ciprofloxacin,anchor,equal,4,2.95,-8.789779304983865
ciprofloxacin,anchor,equal,4,2.975,-8.798738694018132
ciprofloxacin,anchor,equal,4,3.0,-8.807513915037577
ciprofloxacin,anchor,equal,4,3.0250000000000004,-8.816125388213615
ciprofloxacin,anchor,equal,4,3.0500000000000003,-8.824591738448246
ciprofloxacin,anchor,equal,4,3.075,-8.8329299395105
ciprofloxacin,anchor,equal,4,3.1,-8.841155448980556
ciprofloxacin,anchor,equal,4,3.125,-8.84928233412119
ciprofloxacin,anchor,equal,4,3.1500000000000004,-8.857323388905469
ciprofloxacin,anchor,equal,4,3.1750000000000003,-8.86529024251085
ciprofloxacin,anchor,equal,4,3.2,-8.873193459647528
ciprofloxacin,anchor,equal,4,3.225,-8.881042633127745
ciprofloxacin,anchor,equal,4,3.25,-8.888846469106184
ciprofloxacin,anchor,equal,4,3.2750000000000004,-8.896612865432843
ciprofloxacin,anchor,equal,4,3.3000000000000003,-8.904348983561475
ciprofloxacin,anchor,equal,4,3.325,-8.912061314450971
ciprofloxacin,anchor,equal,4,3.35,-8.919755738885884
ciprofloxacin,anchor,equal,4,3.375,-8.927437582626986
ciprofloxacin,anchor,equal,4,3.4000000000000004,-8.935111666784655
ciprofloxacin,anchor,equal,4,3.4250000000000003,-8.942782353787884
ciprofloxacin,anchor,equal,4,3.45,-8.950453589300638
ciprofloxacin,anchor,equal,4,3.475,-8.958128940415696
ciprofloxacin,anchor,equal,4,3.5,-8.96581163043452
ciprofloxacin,anchor,equal,4,3.5250000000000004,-8.97350457052041
ciprofloxacin,anchor,equal,4,3.5500000000000003,-8.981210388491595
ciprofloxacin,anchor,equal,4,3.575,-8.988931455000921
ciprofloxacin,anchor,equal,4,3.6,-8.996669907329922
ciprofloxacin,anchor,equal,4,3.625,-9.004427671007093
ciprofloxacin,anchor,equal,4,3.6500000000000004,-9.012206479443183
ciprofloxacin,anchor,equal,4,3.6750000000000003,-9.020007891760564
ciprofloxacin,anchor,equal,4,3.7,-9.027833308978911
ciprofloxacin,anchor,equal,4,3.725,-9.035683988705633
ciprofloxacin,anchor,equal,4,3.75,-9.043561058466803
ciprofloxacin,anchor,equal,4,3.7750000000000004,-9.051465527802524
ciprofloxacin,anchor,equal,4,3.8000000000000003,-9.059398299239804
ciprofloxacin,anchor,equal,4,3.825,-9.067360178246032
ciprofloxacin,anchor,equal,4,3.85,-9.075351882256896
ciprofloxacin,anchor,equal,4,3.875,-9.083374048864284
ciprofloxacin,anchor,equal,4,3.9000000000000004,-9.091427243241872
ciprofloxacin,anchor,equal,4,3.9250000000000003,-9.099511964879113
ciprofloxacin,anchor,equal,4,3.95,-9.107628653687911
ciprofloxacin,anchor,equal,4,3.975,-9.115777695540318
ciprofloxacin,anchor,equal,4,4.0,-9.123959427290302
ciprofloxacin,anchor,equal,4,4.025,-9.13217414132771
ciprofloxacin,anchor,equal,4,4.05,-9.140422089708082
ciprofloxacin,anchor,equal,4,4.075,-9.148703487898002
ciprofloxacin,anchor,equal,4,4.1000000000000005,-9.157018518171881
ciprofloxacin,anchor,equal,4,4.125,-9.165367332692837
ciprofloxacin,anchor,equal,4,4.15,-9.173750056307195
ciprofloxacin,anchor,equal,4,4.175,-9.182166789079444
ciprofloxacin,anchor,equal,4,4.2,-9.190617608591944
ciprofloxacin,anchor,equal,4,4.2250000000000005,-9.199102572031432
ciprofloxacin,anchor,equal,4,4.25,-9.207621718082242
ciprofloxacin,anchor,equal,4,4.275,-9.216175068644397
ciprofloxacin,anchor,equal,4,4.3,-9.224762630392934
ciprofloxacin,anchor,equal,4,4.325,-9.233384396193317
ciprofloxacin,anchor,equal,4,4.3500000000000005,-9.242040346386412
ciprofloxacin,anchor,equal,4,4.375,-9.250730449955226
ciprofloxacin,anchor,equal,4,4.4,-9.259454665584443
ciprofloxacin,anchor,equal,4,4.425,-9.268212942622794
ciprofloxacin,anchor,equal,4,4.45,-9.277005221957308
ciprofloxacin,anchor,equal,4,4.4750000000000005,-9.285831436807683
ciprofloxacin,anchor,equal,4,4.5,-9.29469151344821
ciprofloxacin,anchor,equal,4,4.525,-9.303585371864003
ciprofloxacin,anchor,equal,4,4.55,-9.312512926347653
ciprofloxacin,anchor,equal,4,4.575,-9.321474086041823
ciprofloxacin,anchor,equal,4,4.6000000000000005,-9.330468755432832
ciprofloxacin,anchor,equal,4,4.625,-9.339496834799748
ciprofloxacin,anchor,equal,4,4.65,-9.348558220623127
ciprofloxacin,anchor,equal,4,4.675,-9.357652805957132
ciprofloxacin,anchor,equal,4,4.7,-9.366780480768385
ciprofloxacin,anchor,equal,4,4.7250000000000005,-9.375941132244682
ciprofloxacin,anchor,equal,4,4.75,-9.38513464507627
ciprofloxacin,anchor,equal,4,4.775,-9.394360901712277
ciprofloxacin,anchor,equal,4,4.800000000000001,-9.40361978259453
ciprofloxacin,anchor,equal,4,4.825,-9.412911166370849
ciprofloxacin,anchor,equal,4,4.8500000000000005,-9.422234930089695
ciprofloxacin,anchor,equal,4,4.875,-9.431590949377876
ciprofloxacin,anchor,equal,4,4.9,-9.440979098602831
ciprofloxacin,anchor,equal,4,4.925000000000001,-9.450399251020926
ciprofloxacin,anchor,equal,4,4.95,-9.45985127891299
ciprofloxacin,anchor,equal,4,4.9750000000000005,-9.46933505370829
ciprofloxacin,anchor,equal,4,5.0,-9.478850446097942
ciprofloxacin,anchor,equal,4,5.025,-9.488397326138731
ciprofloxacin,anchor,equal,4,5.050000000000001,-9.497975563348186
ciprofloxacin,anchor,equal,4,5.075,-9.50758502679171
ciprofloxacin,anchor,equal,4,5.1000000000000005,-9.517225585162455
ciprofloxacin,anchor,equal,4,5.125,-9.526897106854566
ciprofloxacin,anchor,equal,4,5.15,-9.53659946003044
ciprofloxacin,anchor,equal,4,5.175000000000001,-9.54633251268244
ciprofloxacin,anchor,equal,4,5.2,-9.55609613268964
ciprofloxacin,anchor,equal,4,5.2250000000000005,-9.565890187869954
ciprofloxacin,anchor,equal,4,5.25,-9.575714546028092
ciprofloxacin,anchor,equal,4,5.275,-9.585569074999707
ciprofloxacin,anchor,equal,4,5.300000000000001,-9.59545364269203
ciprofloxacin,anchor,equal,4,5.325,-9.605368117121312
ciprofloxacin,anchor,equal,4,5.3500000000000005,-9.61531236644734
ciprofloxacin,anchor,equal,4,5.375,-9.62528625900527
ciprofloxacin,anchor,equal,4,5.4,-9.635289663335017
ciprofloxacin,anchor,equal,4,5.425000000000001,-9.645322448208361
ciprofloxacin,anchor,equal,4,5.45,-9.65538448265402
ciprofloxacin,anchor,equal,4,5.4750000000000005,-9.665475635980798
ciprofloxacin,anchor,equal,4,5.5,-9.675595777799007
ciprofloxacin,anchor,equal,4,5.525,-9.685744778040267
ciprofloxacin,anchor,equal,4,5.550000000000001,-9.695922506975844
ciprofloxacin,anchor,equal,4,5.575,-9.706128835233619
ciprofloxacin,anchor,equal,4,5.6000000000000005,-9.716363633813803
ciprofloxacin,anchor,equal,4,5.625,-9.726626774103494
ciprofloxacin,anchor,equal,4,5.65,-9.736918127890178
ciprofloxacin,anchor,equal,4,5.675000000000001,-9.747237567374214
ciprofloxacin,anchor,equal,4,5.7,-9.757584965180435
ciprofloxacin,anchor,equal,4,5.7250000000000005,-9.767960194368886
ciprofloxacin,anchor,equal,4,5.75,-9.77836312844477
ciprofloxacin,anchor,equal,4,5.775,-9.788793641367695
ciprofloxacin,anchor,equal,4,5.800000000000001,-9.799251607560208
ciprofloxacin,anchor,equal,4,5.825,-9.809736901915729
ciprofloxacin,anchor,equal,4,5.8500000000000005,-9.820249399805876
ciprofloxacin,anchor,equal,4,5.875,-9.830788977087261
ciprofloxacin,anchor,equal,4,5.9,-9.841355510107785
ciprofloxacin,anchor,equal,4,5.925000000000001,-9.851948875712425
ciprofloxacin,anchor,equal,4,5.95,-9.862568951248605
ciprofloxacin,anchor,equal,4,5.9750000000000005,-9.873215614571151
ciprofloxacin,anchor,equal,4,6.0,-9.883888744046837
ciprofloxacin,anchor,equal,4,6.025,-9.89458821855859
ciprofloxacin,anchor,equal,4,6.050000000000001,-9.905313917509332
ciprofloxacin,anchor,equal,4,6.075,-9.916065720825515
ciprofloxacin,anchor,equal,4,6.1000000000000005,-9.926843508960342
ciprofloxacin,anchor,equal,4,6.125,-9.937647162896713
ciprofloxacin,anchor,equal,4,6.15,-9.9484765641499
ciprofloxacin,anchor,equal,4,6.175000000000001,-9.959331594769951
ciprofloxacin,anchor,equal,4,6.2,-9.970212137343896
ciprofloxacin,anchor,equal,4,6.2250000000000005,-9.981118074997681
ciprofloxacin,anchor,equal,4,6.25,-9.99204929139791
ciprofloxacin,anchor,equal,4,6.275,-10.00300567075339
ciprofloxacin,anchor,equal,4,6.300000000000001,-10.01398709781648
ciprofloxacin,anchor,equal,4,6.325,-10.02499345788424
ciprofloxacin,anchor,equal,4,6.3500000000000005,-10.03602463679943
ciprofloxacin,anchor,equal,4,6.375,-10.047080520951349
ciprofloxacin,anchor,equal,4,6.4,-10.05816099727649
ciprofloxacin,anchor,equal,4,6.425000000000001,-10.069265953259066
ciprofloxacin,anchor,equal,4,6.45,-10.080395276931405
ciprofloxacin,anchor,equal,4,6.4750000000000005,-10.091548856874182
ciprofloxacin,anchor,equal,4,6.5,-10.102726582216553
ciprofloxacin,anchor,equal,4,6.525,-10.11392834263614
ciprofloxacin,anchor,equal,4,6.550000000000001,-10.125154028358926
ciprofloxacin,anchor,equal,4,6.575,-10.136403530159011
ciprofloxacin,anchor,equal,4,6.6000000000000005,-10.147676739358305
ciprofloxacin,anchor,equal,4,6.625,-10.15897354782605
ciprofloxacin,anchor,equal,4,6.65,-10.170293847978334
ciprofloxacin,anchor,equal,4,6.675000000000001,-10.181637532777424
ciprofloxacin,anchor,equal,4,6.7,-10.193004495731087
ciprofloxacin,anchor,equal,4,6.7250000000000005,-10.204394630891766
ciprofloxacin,anchor,equal,4,6.75,-10.215807832855731
ciprofloxacin,anchor,equal,4,6.775,-10.227243996762095
ciprofloxacin,anchor,equal,4,6.800000000000001,-10.238703018291801
ciprofloxacin,anchor,equal,4,6.825,-10.250184793666524
ciprofloxacin,anchor,equal,4,6.8500000000000005,-10.261689219647502
ciprofloxacin,anchor,equal,4,6.875,-10.2732161935343
ciprofloxacin,anchor,equal,4,6.9,-10.284765613163524
ciprofloxacin,anchor,equal,4,6.925000000000001,-10.296337376907466
ciprofloxacin,anchor,equal,4,6.95,-10.3079313836727
ciprofloxacin,anchor,equal,4,6.9750000000000005,-10.319547532898616
ciprofloxacin,anchor,equal,4,7.0,-10.331185724555903
ampicillin,0.1%,stage1,1,0.0,0.0
ampicillin,0.1%,stage1,1,0.025,-0.11335340635506642
ampicillin,0.1%,stage1,1,0.05,-0.22669721891897238
ampicillin,0.1%,stage1,1,0.07500000000000001,-0.34003065922076814
ampicillin,0.1%,stage1,1,0.1,-0.45335288585485517
ampicillin,0.1%,stage1,1,0.125,-0.5666629894324904
ampicillin,0.1%,stage1,1,0.15000000000000002,-0.6799599871349773
ampicillin,0.1%,stage1,1,0.17500000000000002,-0.7932428168382366
ampicillin,0.1%,stage1,1,0.2,-0.9065103307763638
ampicillin,0.1%,stage1,1,0.225,-1.019761288709526
ampicillin,0.1%,stage1,1,0.25,-1.1329943505592452
ampicillin,0.1%,stage1,1,0.275,-1.2462080684716397
ampicillin,0.1%,stage1,1,0.30000000000000004,-1.359400878266654
ampicillin,0.1%,stage1,1,0.325,-1.472571090228665
ampicillin,0.1%,stage1,1,0.35000000000000003,-1.585716879191062
ampicillin,0.1%,stage1,1,0.375,-1.6988362738646157
ampicillin,0.1%,stage1,1,0.4,-1.8119271453565384
ampicillin,0.1%,stage1,1,0.42500000000000004,-1.924987194824195
ampicillin,0.1%,stage1,1,0.45,-2.038013940204483
ampicillin,0.1%,stage1,1,0.47500000000000003,-2.1510047019569756
ampicillin,0.1%,stage1,1,0.5,-2.263956587756026
ampicillin,0.1%,stage1,1,0.525,-2.3768664760642575
ampicillin,0.1%,stage1,1,0.55,-2.489730998517293
ampicillin,0.1%,stage1,1,0.5750000000000001,-2.602546521047215
ampicillin,0.1%,stage1,1,0.6000000000000001,-2.7153091236701634
ampicillin,0.1%,stage1,1,0.625,-2.8280145788619584
ampicillin,0.1%,stage1,1,0.65,-2.9406583284444947
ampicillin,0.1%,stage1,1,0.675,-3.0532354589053794
ampicillin,0.1%,stage1,1,0.7000000000000001,-3.165740675073692
ampicillin,0.1%,stage1,1,0.7250000000000001,-3.278168272076417
ampicillin,0.1%,stage1,1,0.75,-3.390512105502634
ampicillin,0.1%,stage1,1,0.775,-3.5027655597072718
ampicillin,0.1%,stage1,1,0.8,-3.614921514191857
ampicillin,0.1%,stage1,1,0.8250000000000001,-3.726972308008405
ampicillin,0.1%,stage1,1,0.8500000000000001,-3.8389097021428693
ampicillin,0.1%,stage1,1,0.875,-3.950724839848466
ampicillin,0.1%,stage1,1,0.9,-4.0624082049159185
ampicillin,0.1%,stage1,1,0.925,-4.173949577888359
ampicillin,0.1%,stage1,1,0.9500000000000001,-4.285337990255021
ampicillin,0.1%,stage1,1,0.9750000000000001,-4.396561676680697
ampicillin,0.1%,stage1,1,1.0,-4.507608025382544
ampicillin,0.1%,stage1,1,1.0250000000000001,-4.618463526777412
ampicillin,0.1%,stage1,1,1.05,-4.729113720599821
ampicillin,0.1%,stage1,1,1.075,-4.839543141730008
ampicillin,0.1%,stage1,1,1.1,-4.949735265040154
ampicillin,0.1%,stage1,1,1.125,-5.059672449638607
ampicillin,0.1%,stage1,1,1.1500000000000001,-5.16933588297271
ampicillin,0.1%,stage1,1,1.175,-5.278705525341138
ampicillin,0.1%,stage1,1,1.2000000000000002,-5.387760055465975
ampicillin,0.1%,stage1,1,1.225,-5.496476817883301
ampicillin,0.1%,stage1,1,1.25,-5.604831773027631
ampicillin,0.1%,stage1,1,1.2750000000000001,-5.71279945101027
ampicillin,0.1%,stage1,1,1.3,-5.820352910221192
ampicillin,0.1%,stage1,1,1.3250000000000002,-5.9274637020185335
ampicillin,0.1%,stage1,1,1.35,-6.0341018429037545
ampicillin,0.1%,stage1,1,1.375,-6.1402357957126075
ampicillin,0.1%,stage1,1,1.4000000000000001,-6.2458324614755725
ampicillin,0.1%,stage1,1,1.425,-6.350857183711955
ampicillin,0.1%,stage1,1,1.4500000000000002,-6.455273767012337
ampicillin,0.1%,stage1,1,1.475,-6.559044511826531
ampicillin,0.1%,stage1,1,1.5,-6.662130267400441
ampicillin,0.1%,stage1,1,1.5250000000000001,-6.764490504786048
ampicillin,0.1%,stage1,1,1.55,-6.866083411773531
ampicillin,0.1%,stage1,1,1.5750000000000002,-6.966866011455408
ampicillin,0.1%,stage1,1,1.6,-7.0667943059176155
ampicillin,0.1%,stage1,1,1.625,-7.165823446256455
ampicillin,0.1%,stage1,1,1.6500000000000001,-7.263907929734272
ampicillin,0.1%,stage1,1,1.675,-7.361001824409827
ampicillin,0.1%,stage1,1,1.7000000000000002,-7.457059021009629
ampicillin,0.1%,stage1,1,1.725,-7.552033511149963
ampicillin,0.1%,stage1,1,1.75,-7.645879690285524
ampicillin,0.1%,stage1,1,1.7750000000000001,-7.738552682966938
ampicillin,0.1%,stage1,1,1.8,-7.83000868715473
ampicillin,0.1%,stage1,1,1.8250000000000002,-7.920205333495446
ampicillin,0.1%,stage1,1,1.85,-8.009102054644657
ampicillin,0.1%,stage1,1,1.875,-8.096660458965077
ampicillin,0.1%,stage1,1,1.9000000000000001,-8.182844702265179
ampicillin,0.1%,stage1,1,1.925,-8.267621850755429
ampicillin,0.1%,stage1,1,1.9500000000000002,-8.350962228032797
ampicillin,0.1%,stage1,1,1.975,-8.432839738829449
ampicillin,0.1%,stage1,1,2.0,-8.51323216236892
ampicillin,0.1%,stage1,1,2.025,-8.592121408565184
ampicillin,0.1%,stage1,1,2.0500000000000003,-8.669493730941818
ampicillin,0.1%,stage1,1,2.075,-8.745339891034849
ampicillin,0.1%,stage1,1,2.1,-8.81965527014658
ampicillin,0.1%,stage1,1,2.125,-8.89243992559731
ampicillin,0.1%,stage1,1,2.15,-8.963698590025693
ampicillin,0.1%,stage1,1,2.1750000000000003,-9.0334406137557
ampicillin,0.1%,stage1,1,2.2,-9.101679851715021
ampicillin,0.1%,stage1,1,2.225,-9.168434497790878
ampicillin,0.1%,stage1,1,2.25,-9.2337268707853
ampicillin,0.1%,stage1,1,2.275,-9.2975831572306
ampicillin,0.1%,stage1,1,2.3000000000000003,-9.360033117206813
ampicillin,0.1%,stage1,1,2.325,-9.421109759938917
ampicillin,0.1%,stage1,1,2.35,-9.4808489963307
ampicillin,0.1%,stage1,1,2.375,-9.539289275715197
ampicillin,0.1%,stage1,1,2.4000000000000004,-9.59647121398401
ampicillin,0.1%,stage1,1,2.4250000000000003,-9.652437219924137
ampicillin,0.1%,stage1,1,2.45,-9.70723112607609
ampicillin,0.1%,stage1,1,2.475,-9.76089782976853
ampicillin,0.1%,stage1,1,2.5,-9.813482949224925
ampicillin,0.1%,stage1,1,2.5250000000000004,-9.865032498816785
ampicillin,0.1%,stage1,1,2.5500000000000003,-9.915592586694306
ampicillin,0.1%,stage1,1,2.575,-9.96520913719297
ampicillin,0.1%,stage1,1,2.6,-10.013927639620979
ampicillin,0.1%,stage1,1,2.625,-10.061792924300855
ampicillin,0.1%,stage1,1,2.6500000000000004,-10.108848966083876
ampicillin,0.1%,stage1,1,2.6750000000000003,-10.155138714988837
ampicillin,0.1%,stage1,1,2.7,-10.200703953141442
ampicillin,0.1%,stage1,1,2.725,-10.245585176807316
ampicillin,0.1%,stage1,1,2.75,-10.289821502017352
ampicillin,0.1%,stage1,1,2.7750000000000004,-10.333450592071415
ampicillin,0.1%,stage1,1,2.8000000000000003,-10.376508605068707
ampicillin,0.1%,stage1,1,2.825,-10.419030159539515
ampicillin,0.1%,stage1,1,2.85,-10.461048316235065
ampicillin,0.1%,stage1,1,2.875,-10.502594574159456
ampicillin,0.1%,stage1,1,2.9000000000000004,-10.543698878990936
ampicillin,0.1%,stage1,1,2.9250000000000003,-10.584389642130839
ampicillin,0.1%,stage1,1,2.95,-10.624693768729248
ampicillin,0.1%,stage1,1,2.975,-10.664636693160674
ampicillin,0.1%,stage1,1,3.0,-10.704242420554662
ampicillin,0.1%,stage1,1,3.0250000000000004,-10.743533573120848
ampicillin,0.1%,stage1,1,3.0500000000000003,-10.78253144014176
ampicillin,0.1%,stage1,1,3.075,-10.821256030636759
ampicillin,0.1%,stage1,1,3.1,-10.859726127824448
ampicillin,0.1%,stage1,1,3.125,-10.897959344627694
ampicillin,0.1%,stage1,1,3.1500000000000004,-10.935972179573541
ampicillin,0.1%,stage1,1,3.1750000000000003,-10.973780072539421
ampicillin,0.1%,stage1,1,3.2,-11.011397459887064
ampicillin,0.1%,stage1,1,3.225,-11.048837828606377
ampicillin,0.1%,stage1,1,3.25,-11.086113769163308
ampicillin,0.1%,stage1,1,3.2750000000000004,-11.123237026809333
ampicillin,0.1%,stage1,1,3.3000000000000003,-11.160218551165563
ampicillin,0.1%,stage1,1,3.325,-11.197068543942745
ampicillin,0.1%,stage1,1,3.35,-11.233796504699813
ampicillin,0.1%,stage1,1,3.375,-11.270411274578848
ampicillin,0.1%,stage1,1,3.4000000000000004,-11.306921077984397
ampicillin,0.1%,stage1,1,3.4250000000000003,-11.343333562199751
ampicillin,0.1%,stage1,1,3.45,-11.379655834953624
ampicillin,0.1%,stage1,1,3.475,-11.415894499967358
ampicillin,0.1%,stage1,1,3.5,-11.452055690526405
ampicillin,0.1%,stage1,1,3.5250000000000004,-11.488145101130305
ampicillin,0.1%,stage1,1,3.5500000000000003,-11.524168017283781
ampicillin,0.1%,stage1,1,3.575,-11.560129343497346
ampicillin,0.1%,stage1,1,3.6,-11.596033629570456
ampicillin,0.1%,stage1,1,3.625,-11.631885095232576
ampicillin,0.1%,stage1,1,3.6500000000000004,-11.667687653219419
ampicillin,0.1%,stage1,1,3.6750000000000003,-11.703444930861858
ampicillin,0.1%,stage1,1,3.7,-11.739160290264772
ampicillin,0.1%,stage1,1,3.725,-11.774836847151782
ampicillin,0.1%,stage1,1,3.75,-11.810477488450651
ampicillin,0.1%,stage1,1,3.7750000000000004,-11.84608488869149
ampicillin,0.1%,stage1,1,3.8000000000000003,-11.881661525288258
ampicillin,0.1%,stage1,1,3.825,-11.917209692770657
ampicillin,0.1%,stage1,1,3.85,-11.952731516031433
ampicillin,0.1%,stage1,1,3.875,-11.988228962650776
ampicillin,0.1%,stage1,1,3.9000000000000004,-12.023703854356821
ampicillin,0.1%,stage1,1,3.9250000000000003,-12.059157877678146
ampicillin,0.1%,stage1,1,3.95,-12.094592593841332
ampicillin,0.1%,stage1,1,3.975,-12.130009447963682
ampicillin,0.1%,stage1,1,4.0,-12.165409777588449
ampicillin,0.1%,stage1,1,4.025,-12.200794820607111
ampicillin,0.1%,stage1,1,4.05,-12.23616572261058
ampicillin,0.1%,stage1,1,4.075,-12.271523543708774
ampicillin,0.1%,stage1,1,4.1000000000000005,-12.306869264855344
ampicillin,0.1%,stage1,1,4.125,-12.34220379371225
ampicillin,0.1%,stage1,1,4.15,-12.377527970086488
ampicillin,0.1%,stage1,1,4.175,-12.412842570969163
ampicillin,0.1%,stage1,1,4.2,-12.448148315205287
ampicillin,0.1%,stage1,1,4.2250000000000005,-12.483445867820532
ampicillin,0.1%,stage1,1,4.25,-12.518735844029596
ampicillin,0.1%,stage1,1,4.275,-12.554018812949108
ampicillin,0.1%,stage1,1,4.3,-12.589295301036334
ampicillin,0.1%,stage1,1,4.325,-12.624565795273654
ampicillin,0.1%,stage1,1,4.3500000000000005,-12.6598307461172
ampicillin,0.1%,stage1,1,4.375,-12.69509057022686
ampicillin,0.1%,stage1,1,4.4,-12.730345652993686
ampicillin,0.1%,stage1,1,4.425,-12.76559635087943
ampicillin,0.1%,stage1,1,4.45,-12.800842993582112
ampicillin,0.1%,stage1,1,4.4750000000000005,-12.836085886040289
ampicillin,0.1%,stage1,1,4.5,-12.871325310288046
ampicillin,0.1%,stage1,1,4.525,-12.906561527171608
ampicillin,0.1%,stage1,1,4.55,-12.941794777937844
ampicillin,0.1%,stage1,1,4.575,-12.977025285704169
ampicillin,0.1%,stage1,1,4.6000000000000005,-13.012253256818585
ampicillin,0.1%,stage1,1,4.625,-13.047478882118044
ampicillin,0.1%,stage1,1,4.65,-13.082702338092684
ampicillin,0.1%,stage1,1,4.675,-13.11792378796291
ampicillin,0.1%,stage1,1,4.7,-13.15314338267586
ampicillin,0.1%,stage1,1,4.7250000000000005,-13.188361261827179
ampicillin,0.1%,stage1,1,4.75,-13.223577554513772
ampicillin,0.1%,stage1,1,4.775,-13.258792380122605
ampicillin,0.1%,stage1,1,4.800000000000001,-13.294005849060326
ampicillin,0.1%,stage1,1,4.825,-13.32921806342823
ampicillin,0.1%,stage1,1,4.8500000000000005,-13.364429117646514
ampicillin,0.1%,stage1,1,4.875,-13.399639099031702
ampicillin,0.1%,stage1,1,4.9,-13.434848088330739
ampicillin,0.1%,stage1,1,4.925000000000001,-13.470056160214956
ampicillin,0.1%,stage1,1,4.95,-13.50526338373696
ampicillin,0.1%,stage1,1,4.9750000000000005,-13.5404698227532
ampicillin,0.1%,stage1,1,5.0,-13.575675536314762
ampicillin,0.1%,stage1,1,5.025,-13.610880579028834
ampicillin,0.1%,stage1,1,5.050000000000001,-13.64608500139299
ampicillin,0.1%,stage1,1,5.075,-13.681288850104341
ampicillin,0.1%,stage1,1,5.1000000000000005,-13.716492168345477
ampicillin,0.1%,stage1,1,5.125,-13.751694996048855
ampicillin,0.1%,stage1,1,5.15,-13.786897370141379
ampicillin,0.1%,stage1,1,5.175000000000001,-13.822099324770523
ampicillin,0.1%,stage1,1,5.2,-13.857300891513503
ampicillin,0.1%,stage1,1,5.2250000000000005,-13.892502099570674
ampicillin,0.1%,stage1,1,5.25,-13.9277029759444
ampicillin,0.1%,stage1,1,5.275,-13.962903545604483
ampicillin,0.1%,stage1,1,5.300000000000001,-13.99810383164112
ampicillin,0.1%,stage1,1,5.325,-14.033303855406357
ampicillin,0.1%,stage1,1,5.3500000000000005,-14.068503636644936
ampicillin,0.1%,stage1,1,5.375,-14.103703193615242
ampicillin,0.1%,stage1,1,5.4,-14.138902543201189
ampicillin,0.1%,stage1,1,5.425000000000001,-14.174101701015672
ampicillin,0.1%,stage1,1,5.45,-14.209300681496249
ampicillin,0.1%,stage1,1,5.4750000000000005,-14.244499497993598
ampicillin,0.1%,stage1,1,5.5,-14.279698162853323
ampicillin,0.1%,stage1,1,5.525,-14.314896687491638
ampicillin,0.1%,stage1,1,5.550000000000001,-14.350095082465302
ampicillin,0.1%,stage1,1,5.575,-14.385293357536328
ampicillin,0.1%,stage1,1,5.6000000000000005,-14.420491521731805
ampicillin,0.1%,stage1,1,5.625,-14.455689583399222
ampicillin,0.1%,stage1,1,5.65,-14.490887550257638
ampicillin,0.1%,stage1,1,5.675000000000001,-14.526085429444974
ampicillin,0.1%,stage1,1,5.7,-14.561283227561772
ampicillin,0.1%,stage1,1,5.7250000000000005,-14.596480950711644
ampicillin,0.1%,stage1,1,5.75,-14.631678604538694
ampicillin,0.1%,stage1,1,5.775,-14.666876194262096
ampicillin,0.1%,stage1,1,5.800000000000001,-14.702073724708088
ampicillin,0.1%,stage1,1,5.825,-14.737271200339563
ampicillin,0.1%,stage1,1,5.8500000000000005,-14.772468625283421
ampicillin,0.1%,stage1,1,5.875,-14.807666003355841
ampicillin,0.1%,stage1,1,5.9,-14.842863338085708
ampicillin,0.1%,stage1,1,5.925000000000001,-14.878060632736219
ampicillin,0.1%,stage1,1,5.95,-14.913257890324896
ampicillin,0.1%,stage1,1,5.9750000000000005,-14.948455113642074
ampicillin,0.1%,stage1,1,6.0,-14.983652305268016
ampicillin,0.1%,stage1,1,6.025,-15.01884946758872
ampicillin,0.1%,stage1,1,6.050000000000001,-15.054046602810542
ampicillin,0.1%,stage1,1,6.075,-15.089243712973722
ampicillin,0.1%,stage1,1,6.1000000000000005,-15.124440799964912
ampicillin,0.1%,stage1,1,6.125,-15.159637865528696
ampicillin,0.1%,stage1,1,6.15,-15.194834911278337
ampicillin,0.1%,stage1,1,6.175000000000001,-15.230031938705618
ampicillin,0.1%,stage1,1,6.2,-15.265228949190016
ampicillin,0.1%,stage1,1,6.2250000000000005,-15.30042594400713
ampicillin,0.1%,stage1,1,6.25,-15.335622924336567
ampicillin,0.1%,stage1,1,6.275,-15.370819891269068
ampicillin,0.1%,stage1,1,6.300000000000001,-15.406016845813287
ampicillin,0.1%,stage1,1,6.325,-15.441213788901935
ampicillin,0.1%,stage1,1,6.3500000000000005,-15.476410721397487
ampicillin,0.1%,stage1,1,6.375,-15.511607644097486
ampicillin,0.1%,stage1,1,6.4,-15.546804557739444
ampicillin,0.1%,stage1,1,6.425000000000001,-15.582001463005323
ampicillin,0.1%,stage1,1,6.45,-15.617198360525764
ampicillin,0.1%,stage1,1,6.4750000000000005,-15.652395250883908
ampicillin,0.1%,stage1,1,6.5,-15.687592134619003
ampicillin,0.1%,stage1,1,6.525,-15.722789012229697
ampicillin,0.1%,stage1,1,6.550000000000001,-15.75798588417709
ampicillin,0.1%,stage1,1,6.575,-15.79318275088757
ampicillin,0.1%,stage1,1,6.6000000000000005,-15.828379612755421
ampicillin,0.1%,stage1,1,6.625,-15.863576470145238
ampicillin,0.1%,stage1,1,6.65,-15.898773323394167
ampicillin,0.1%,stage1,1,6.675000000000001,-15.93397017281399
ampicillin,0.1%,stage1,1,6.7,-15.969167018692982
ampicillin,0.1%,stage1,1,6.7250000000000005,-16.004363861297733
ampicillin,0.1%,stage1,1,6.75,-16.039560700874762
ampicillin,0.1%,stage1,1,6.775,-16.07475753765203
ampicillin,0.1%,stage1,1,6.800000000000001,-16.109954371840313
ampicillin,0.1%,stage1,1,6.825,-16.145151203634555
ampicillin,0.1%,stage1,1,6.8500000000000005,-16.18034803321499
ampicillin,0.1%,stage1,1,6.875,-16.215544860748295
ampicillin,0.1%,stage1,1,6.9,-16.2507416863886
ampicillin,0.1%,stage1,1,6.925000000000001,-16.285938510278427
ampicillin,0.1%,stage1,1,6.95,-16.32113533254957
ampicillin,0.1%,stage1,1,6.9750000000000005,-16.3563321533239
ampicillin,0.1%,stage1,1,7.0,-16.391528972714102
ampicillin,0.1%,stage1,2,0.0,0.0
ampicillin,0.1%,stage1,2,0.025,-0.11952423373237976
ampicillin,0.1%,stage1,2,0.05,-0.23903263792196772
ampicillin,0.1%,stage1,2,0.07500000000000001,-0.35852354973963607
ampicillin,0.1%,stage1,2,0.1,-0.4779951464180122
ampicillin,0.1%,stage1,2,0.125,-0.5974454307867508
ampicillin,0.1%,stage1,2,0.15000000000000002,-0.7168722155782078
ampicillin,0.1%,stage1,2,0.17500000000000002,-0.8362731064087265
ampicillin,0.1%,stage1,2,0.2,-0.9556454833350132
ampicillin,0.1%,stage1,2,0.225,-1.0749864808793148
ampicillin,0.1%,stage1,2,0.25,-1.194292966411408
ampicillin,0.1%,stage1,2,0.275,-1.3135615167698025
ampicillin,0.1%,stage1,2,0.30000000000000004,-1.4327883929992327
ampicillin,0.1%,stage1,2,0.325,-1.551969513076563
ampicillin,0.1%,stage1,2,0.35000000000000003,-1.6711004224928714
ampicillin,0.1%,stage1,2,0.375,-1.7901762625558477
ampicillin,0.1%,stage1,2,0.4,-1.909191736274164
ampicillin,0.1%,stage1,2,0.42500000000000004,-2.02814107168412
ampicillin,0.1%,stage1,2,0.45,-2.1470179824795306
ampicillin,0.1%,stage1,2,0.47500000000000003,-2.2658156258082136
ampicillin,0.1%,stage1,2,0.5,-2.3845265571037255
ampicillin,0.1%,stage1,2,0.525,-2.5031426818293396
ampicillin,0.1%,stage1,2,0.55,-2.6216552040233885
ampicillin,0.1%,stage1,2,0.5750000000000001,-2.740054571551762
ampicillin,0.1%,stage1,2,0.6000000000000001,-2.8583304179955573
ampicillin,0.1%,stage1,2,0.625,-2.976471501130244
ampicillin,0.1%,stage1,2,0.65,-3.094465637988525
ampicillin,0.1%,stage1,2,0.675,-3.2122996365434853
ampicillin,0.1%,stage1,2,0.7000000000000001,-3.3299592241027565
ampicillin,0.1%,stage1,2,0.7250000000000001,-3.447428972569687
ampicillin,0.1%,stage1,2,0.75,-3.5646922208053424
ampicillin,0.1%,stage1,2,0.775,-3.6817309944169767
ampicillin,0.1%,stage1,2,0.8,-3.7985259234055975
ampicillin,0.1%,stage1,2,0.8250000000000001,-3.9150561582294534
ampicillin,0.1%,stage1,2,0.8500000000000001,-4.031299284981741
ampicillin,0.1%,stage1,2,0.875,-4.1472312405416005
ampicillin,0.1%,stage1,2,0.9,-4.262826228738452
ampicillin,0.1%,stage1,2,0.925,-4.378056638762735
ampicillin,0.1%,stage1,2,0.9500000000000001,-4.49289296729175
ampicillin,0.1%,stage1,2,0.9750000000000001,-4.607303746005481
ampicillin,0.1%,stage1,2,1.0,-4.721255476443277
ampicillin,0.1%,stage1,2,1.0250000000000001,-4.834712574394076
ampicillin,0.1%,stage1,2,1.05,-4.947637326279167
ampicillin,0.1%,stage1,2,1.075,-5.059989860241581
ampicillin,0.1%,stage1,2,1.1,-5.1717281348969415
ampicillin,0.1%,stage1,2,1.125,-5.282807948912055
ampicillin,0.1%,stage1,2,1.1500000000000001,-5.393182974746168
ampicillin,0.1%,stage1,2,1.175,-5.502804819995333
ampicillin,0.1%,stage1,2,1.2000000000000002,-5.611623119805353
ampicillin,0.1%,stage1,2,1.225,-5.7195856637392
ampicillin,0.1%,stage1,2,1.25,-5.826638560280595
ampicillin,0.1%,stage1,2,1.2750000000000001,-5.932726441802684
ampicillin,0.1%,stage1,2,1.3,-6.037792712311323
ampicillin,0.1%,stage1,2,1.3250000000000002,-6.14177983956956
ampicillin,0.1%,stage1,2,1.35,-6.244629692314465
ampicillin,0.1%,stage1,2,1.375,-6.3462839221883005
ampicillin,0.1%,stage1,2,1.4000000000000001,-6.446684388733237
ampicillin,0.1%,stage1,2,1.425,-6.545773624366572
ampicillin,0.1%,stage1,2,1.4500000000000002,-6.643495334697454
ampicillin,0.1%,stage1,2,1.475,-6.739794927923706
ampicillin,0.1%,stage1,2,1.5,-6.834620065422061
ampicillin,0.1%,stage1,2,1.5250000000000001,-6.927921224103304
ampicillin,0.1%,stage1,2,1.55,-7.019652259730888
ampicillin,0.1%,stage1,2,1.5750000000000002,-7.1097709592964495
ampicillin,0.1%,stage1,2,1.6,-7.198239569795299
ampicillin,0.1%,stage1,2,1.625,-7.285025290433861
ampicillin,0.1%,stage1,2,1.6500000000000001,-7.370100715487726
ampicillin,0.1%,stage1,2,1.675,-7.453444215752991
ampicillin,0.1%,stage1,2,1.7000000000000002,-7.535040247796495
ampicillin,0.1%,stage1,2,1.725,-7.614879581982397
ampicillin,0.1%,stage1,2,1.75,-7.692959442468283
ampicillin,0.1%,stage1,2,1.7750000000000001,-7.769283554921888
ampicillin,0.1%,stage1,2,1.8,-7.843862100487938
ampicillin,0.1%,stage1,2,1.8250000000000002,-7.916711577382421
ampicillin,0.1%,stage1,2,1.85,-7.987854574291171
ampicillin,0.1%,stage1,2,1.875,-8.057319462288287
ampicillin,0.1%,stage1,2,1.9000000000000001,-8.125140014246853
ampicillin,0.1%,stage1,2,1.925,-8.191354962485054
ampicillin,0.1%,stage1,2,1.9500000000000002,-8.25600750667694
ampicillin,0.1%,stage1,2,1.975,-8.319144784797183
ampicillin,0.1%,stage1,2,2.0,-8.380817320073914
ampicillin,0.1%,stage1,2,2.025,-8.441078456626887
ampicillin,0.1%,stage1,2,2.0500000000000003,-8.499983795732035
ampicillin,0.1%,stage1,2,2.075,-8.557590643557127
ampicillin,0.1%,stage1,2,2.1,-8.613957479848676
ampicillin,0.1%,stage1,2,2.125,-8.669143455511044
ampicillin,0.1%,stage1,2,2.15,-8.723207925395746
ampicillin,0.1%,stage1,2,2.1750000000000003,-8.776210020993998
ampicillin,0.1%,stage1,2,2.2,-8.82820826616714
ampicillin,0.1%,stage1,2,2.225,-8.87926023761178
ampicillin,0.1%,stage1,2,2.25,-8.929422270477987
ampicillin,0.1%,stage1,2,2.275,-8.978749208463261
ampicillin,0.1%,stage1,2,2.3000000000000003,-9.02729419680283
ampicillin,0.1%,stage1,2,2.325,-9.075108515867637
ampicillin,0.1%,stage1,2,2.35,-9.122241452555583
ampicillin,0.1%,stage1,2,2.375,-9.16874020630393
ampicillin,0.1%,stage1,2,2.4000000000000004,-9.214649826341262
ampicillin,0.1%,stage1,2,2.4250000000000003,-9.260013176714477
ampicillin,0.1%,stage1,2,2.45,-9.30487092564727
ampicillin,0.1%,stage1,2,2.475,-9.349261555890426
ampicillin,0.1%,stage1,2,2.5,-9.393221392890107
ampicillin,0.1%,stage1,2,2.5250000000000004,-9.436784647811109
ampicillin,0.1%,stage1,2,2.5500000000000003,-9.479983472691362
ampicillin,0.1%,stage1,2,2.575,-9.52284802525969
ampicillin,0.1%,stage1,2,2.6,-9.565406541209551
ampicillin,0.1%,stage1,2,2.625,-9.607685411979444
ampicillin,0.1%,stage1,2,2.6500000000000004,-9.649709266339437
ampicillin,0.1%,stage1,2,2.6750000000000003,-9.69150105431836
ampicillin,0.1%,stage1,2,2.7,-9.733082132224375
ampicillin,0.1%,stage1,2,2.725,-9.774472347711725
ampicillin,0.1%,stage1,2,2.75,-9.815690124026784
ampicillin,0.1%,stage1,2,2.7750000000000004,-9.856752542727932
ampicillin,0.1%,stage1,2,2.8000000000000003,-9.897675424315983
ampicillin,0.1%,stage1,2,2.825,-9.93847340633641
ampicillin,0.1%,stage1,2,2.85,-9.979160018622242
ampicillin,0.1%,stage1,2,2.875,-10.01974775543879
ampicillin,0.1%,stage1,2,2.9000000000000004,-10.060248144369545
ampicillin,0.1%,stage1,2,2.9250000000000003,-10.100671811848366
ampicillin,0.1%,stage1,2,2.95,-10.141028545297504
ampicillin,0.1%,stage1,2,2.975,-10.181327351875776
ampicillin,0.1%,stage1,2,3.0,-10.221576513877316
ampicillin,0.1%,stage1,2,3.0250000000000004,-10.26178364084998
ampicillin,0.1%,stage1,2,3.0500000000000003,-10.301955718524923
ampicillin,0.1%,stage1,2,3.075,-10.34209915466573
ampicillin,0.1%,stage1,2,3.1,-10.38221982195789
ampicillin,0.1%,stage1,2,3.125,-10.422323098067867
ampicillin,0.1%,stage1,2,3.1500000000000004,-10.462413903006459
ampicillin,0.1%,stage1,2,3.1750000000000003,-10.502496733933764
ampicillin,0.1%,stage1,2,3.2,-10.542575697543835
ampicillin,0.1%,stage1,2,3.225,-10.58265454016582
ampicillin,0.1%,stage1,2,3.25,-10.622736675716151
ampicillin,0.1%,stage1,2,3.2750000000000004,-10.662825211632766
ampicillin,0.1%,stage1,2,3.3000000000000003,-10.70292297291798
ampicillin,0.1%,stage1,2,3.325,-10.743032524412099
ampicillin,0.1%,stage1,2,3.35,-10.783156191414195
ampicillin,0.1%,stage1,2,3.375,-10.823296078761313
ampicillin,0.1%,stage1,2,3.4000000000000004,-10.863454088471636
ampicillin,0.1%,stage1,2,3.4250000000000003,-10.903631936051276
ampicillin,0.1%,stage1,2,3.45,-10.943831165559107
ampicillin,0.1%,stage1,2,3.475,-10.984053163518018
ampicillin,0.1%,stage1,2,3.5,-11.024299171756036
ampicillin,0.1%,stage1,2,3.5250000000000004,-11.0645702992551
ampicillin,0.1%,stage1,2,3.5500000000000003,-11.104867533080593
ampicillin,0.1%,stage1,2,3.575,-11.145191748459656
ampicillin,0.1%,stage1,2,3.6,-11.185543718071767
ampicillin,0.1%,stage1,2,3.625,-11.225924120610967
ampicillin,0.1%,stage1,2,3.6500000000000004,-11.266333548674497
ampicillin,0.1%,stage1,2,3.6750000000000003,-11.30677251602919
ampicillin,0.1%,stage1,2,3.7,-11.347241464303039
ampicillin,0.1%,stage1,2,3.725,-11.387740769146042
ampicillin,0.1%,stage1,2,3.75,-11.428270745901123
ampicillin,0.1%,stage1,2,3.7750000000000004,-11.468831654822978
ampicillin,0.1%,stage1,2,3.8000000000000003,-11.509423705879918
ampicillin,0.1%,stage1,2,3.825,-11.550047063171037
ampicillin,0.1%,stage1,2,3.85,-11.590701848988752
ampicillin,0.1%,stage1,2,3.875,-11.631388147554377
ampicillin,0.1%,stage1,2,3.9000000000000004,-11.672106008452337
ampicillin,0.1%,stage1,2,3.9250000000000003,-11.71285544978668
ampicillin,0.1%,stage1,2,3.95,-11.753636461081717
ampicillin,0.1%,stage1,2,3.975,-11.794449005946905
ampicillin,0.1%,stage1,2,4.0,-11.83529302452464
ampicillin,0.1%,stage1,2,4.025,-11.87616843573803
ampicillin,0.1%,stage1,2,4.05,-11.917075139354553
ampicillin,0.1%,stage1,2,4.075,-11.958013017880125
ampicillin,0.1%,stage1,2,4.1000000000000005,-11.998981938297083
ampicillin,0.1%,stage1,2,4.125,-12.039981753658441
ampicillin,0.1%,stage1,2,4.15,-12.081012304549889
ampicillin,0.1%,stage1,2,4.175,-12.122073420430052
ampicillin,0.1%,stage1,2,4.2,-12.163164920858705
ampicillin,0.1%,stage1,2,4.2250000000000005,-12.20428661662191
ampicillin,0.1%,stage1,2,4.25,-12.245438310762289
ampicillin,0.1%,stage1,2,4.275,-12.286619799522075
ampicillin,0.1%,stage1,2,4.3,-12.327830873205853
ampicillin,0.1%,stage1,2,4.325,-12.369071316969496
ampicillin,0.1%,stage1,2,4.3500000000000005,-12.410340911541207
ampicillin,0.1%,stage1,2,4.375,-12.451639433880125
ampicillin,0.1%,stage1,2,4.4,-12.492966657777508
ampicillin,0.1%,stage1,2,4.425,-12.53432235440517
ampicillin,0.1%,stage1,2,4.45,-12.575706292815372
ampicillin,0.1%,stage1,2,4.4750000000000005,-12.617118240396183
ampicillin,0.1%,stage1,2,4.5,-12.658557963285805
ampicillin,0.1%,stage1,2,4.525,-12.700025226749306
ampicillin,0.1%,stage1,2,4.55,-12.741519795520741
ampicillin,0.1%,stage1,2,4.575,-12.783041434113553
ampicillin,0.1%,stage1,2,4.6000000000000005,-12.824589907101755
ampicillin,0.1%,stage1,2,4.625,-12.866164979374414
ampicillin,0.1%,stage1,2,4.65,-12.907766416365472
ampicillin,0.1%,stage1,2,4.675,-12.949393984261096
ampicillin,0.1%,stage1,2,4.7,-12.991047450186258
ampicillin,0.1%,stage1,2,4.7250000000000005,-13.032726582372469
ampicillin,0.1%,stage1,2,4.75,-13.074431150307944
ampicillin,0.1%,stage1,2,4.775,-13.116160924871975
ampicillin,0.1%,stage1,2,4.800000000000001,-13.157915678454614
ampicillin,0.1%,stage1,2,4.825,-13.199695185063005
ampicillin,0.1%,stage1,2,4.8500000000000005,-13.241499220415426
ampicillin,0.1%,stage1,2,4.875,-13.283327562024194
ampicillin,0.1%,stage1,2,4.9,-13.32517998926824
ampicillin,0.1%,stage1,2,4.925000000000001,-13.367056283456357
ampicillin,0.1%,stage1,2,4.95,-13.408956227881854
ampicillin,0.1%,stage1,2,4.9750000000000005,-13.450879607869423
ampicillin,0.1%,stage1,2,5.0,-13.492826210814824
ampicillin,0.1%,stage1,2,5.025,-13.534795826218113
ampicillin,0.1%,stage1,2,5.050000000000001,-13.576788245710873
ampicillin,0.1%,stage1,2,5.075,-13.618803263078105
ampicillin,0.1%,stage1,2,5.1000000000000005,-13.660840674275187
ampicillin,0.1%,stage1,2,5.125,-13.702900277440346
ampicillin,0.1%,stage1,2,5.15,-13.744981872903129
ampicillin,0.1%,stage1,2,5.175000000000001,-13.787085263189136
ampicillin,0.1%,stage1,2,5.2,-13.829210253021483
ampicillin,0.1%,stage1,2,5.2250000000000005,-13.87135664931921
ampicillin,0.1%,stage1,2,5.25,-13.913524261193047
ampicillin,0.1%,stage1,2,5.275,-13.955712899938604
ampicillin,0.1%,stage1,2,5.300000000000001,-13.997922379027521
ampicillin,0.1%,stage1,2,5.325,-14.040152514096528
ampicillin,0.1%,stage1,2,5.3500000000000005,-14.082403122934753
ampicillin,0.1%,stage1,2,5.375,-14.124674025469506
ampicillin,0.1%,stage1,2,5.4,-14.166965043750604
ampicillin,0.1%,stage1,2,5.425000000000001,-14.209276001933462
ampicillin,0.1%,stage1,2,5.45,-14.251606726261121
ampicillin,0.1%,stage1,2,5.4750000000000005,-14.293957045045225
ampicillin,0.1%,stage1,2,5.5,-14.336326788646277
ampicillin,0.1%,stage1,2,5.525,-14.37871578945302
ampicillin,0.1%,stage1,2,5.550000000000001,-14.421123881861305
ampicillin,0.1%,stage1,2,5.575,-14.463550902252338
ampicillin,0.1%,stage1,2,5.6000000000000005,-14.505996688970518
ampicillin,0.1%,stage1,2,5.625,-14.54846108230088
ampicillin,0.1%,stage1,2,5.65,-14.590943924446217
ampicillin,0.1%,stage1,2,5.675000000000001,-14.633445059503968
ampicillin,0.1%,stage1,2,5.7,-14.675964333442943
ampicillin,0.1%,stage1,2,5.7250000000000005,-14.718501594079866
ampicillin,0.1%,stage1,2,5.75,-14.76105669105586
ampicillin,0.1%,stage1,2,5.775,-14.803629475812889
ampicillin,0.1%,stage1,2,5.800000000000001,-14.84621980157018
ampicillin,0.1%,stage1,2,5.825,-14.888827523300689
ampicillin,0.1%,stage1,2,5.8500000000000005,-14.931452497707628
ampicillin,0.1%,stage1,2,5.875,-14.974094583201062
ampicillin,0.1%,stage1,2,5.9,-15.016753639874647
ampicillin,0.1%,stage1,2,5.925000000000001,-15.059429529482504
ampicillin,0.1%,stage1,2,5.95,-15.102122115416227
ampicillin,0.1%,stage1,2,5.9750000000000005,-15.144831262682107
ampicillin,0.1%,stage1,2,6.0,-15.187556837878505
ampicillin,0.1%,stage1,2,6.025,-15.23029870917348
ampicillin,0.1%,stage1,2,6.050000000000001,-15.273056746282586
ampicillin,0.1%,stage1,2,6.075,-15.31583082044695
ampicillin,0.1%,stage1,2,6.1000000000000005,-15.358620804411547
ampicillin,0.1%,stage1,2,6.125,-15.401426572403766
ampicillin,0.1%,stage1,2,6.15,-15.444248000112161
ampicillin,0.1%,stage1,2,6.175000000000001,-15.487084964665575
ampicillin,0.1%,stage1,2,6.2,-15.529937344612415
ampicillin,0.1%,stage1,2,6.2250000000000005,-15.572805019900265
ampicillin,0.1%,stage1,2,6.25,-15.615687871855734
ampicillin,0.1%,stage1,2,6.275,-15.658585783164643
ampicillin,0.1%,stage1,2,6.300000000000001,-15.701498637852394
ampicillin,0.1%,stage1,2,6.325,-15.74442632126469
ampicillin,0.1%,stage1,2,6.3500000000000005,-15.787368720048528
ampicillin,0.1%,stage1,2,6.375,-15.830325722133416
ampicillin,0.1%,stage1,2,6.4,-15.873297216712931
ampicillin,0.1%,stage1,2,6.425000000000001,-15.916283094226534
ampicillin,0.1%,stage1,2,6.45,-15.959283246341634
ampicillin,0.1%,stage1,2,6.4750000000000005,-16.00229756593596
ampicillin,0.1%,stage1,2,6.5,-16.045325947080215
ampicillin,0.1%,stage1,2,6.525,-16.088368285020948
ampicillin,0.1%,stage1,2,6.550000000000001,-16.131424476163737
ampicillin,0.1%,stage1,2,6.575,-16.174494418056632
ampicillin,0.1%,stage1,2,6.6000000000000005,-16.217578009373852
ampicillin,0.1%,stage1,2,6.625,-16.26067514989978
ampicillin,0.1%,stage1,2,6.65,-16.303785740513124
ampicillin,0.1%,stage1,2,6.675000000000001,-16.346909683171436
ampicillin,0.1%,stage1,2,6.7,-16.390046880895817
ampicillin,0.1%,stage1,2,6.7250000000000005,-16.433197237755888
ampicillin,0.1%,stage1,2,6.75,-16.476360658855043
ampicillin,0.1%,stage1,2,6.775,-16.519537050315858
ampicillin,0.1%,stage1,2,6.800000000000001,-16.56272631926583
ampicillin,0.1%,stage1,2,6.825,-16.605928373823243
ampicillin,0.1%,stage1,2,6.8500000000000005,-16.649143123083444
ampicillin,0.1%,stage1,2,6.875,-16.692370477105115
ampicillin,0.1%,stage1,2,6.9,-16.735610346896927
ampicillin,0.1%,stage1,2,6.925000000000001,-16.7788626444044
ampicillin,0.1%,stage1,2,6.95,-16.822127282496915
ampicillin,0.1%,stage1,2,6.9750000000000005,-16.865404174955007
ampicillin,0.1%,stage1,2,7.0,-16.908693236457793
ampicillin,0.1%,stage1,3,0.0,0.0
ampicillin,0.1%,stage1,3,0.025,-0.12464342987295482
ampicillin,0.1%,stage1,3,0.05,-0.24926923633361922
ampicillin,0.1%,stage1,3,0.07500000000000001,-0.37387512584577126
ampicillin,0.1%,stage1,3,0.1,-0.4984585372118498
ampicillin,0.1%,stage1,3,0.125,-0.6230166133067776
ampicillin,0.1%,stage1,3,0.15000000000000002,-0.7475461700997199
ampicillin,0.1%,stage1,3,0.17500000000000002,-0.8720436627360656
ampicillin,0.1%,stage1,3,0.2,-0.9965051484382238
ampicillin,0.1%,stage1,3,0.225,-1.1209262459705398
ampicillin,0.1%,stage1,3,0.25,-1.2453020914010196
ampicillin,0.1%,stage1,3,0.275,-1.3696272898811341
ampicillin,0.1%,stage1,3,0.30000000000000004,-1.493895863155238
ampicillin,0.1%,stage1,3,0.325,-1.618101192503758
ampicillin,0.1%,stage1,3,0.35000000000000003,-1.74223595682019
ampicillin,0.1%,stage1,3,0.375,-1.8662920655219684
ampicillin,0.1%,stage1,3,0.4,-1.9902605860006204
ampicillin,0.1%,stage1,3,0.42500000000000004,-2.1141316653289035
ampicillin,0.1%,stage1,3,0.45,-2.23789444596318
ampicillin,0.1%,stage1,3,0.47500000000000003,-2.361536975210289
ampicillin,0.1%,stage1,3,0.5,-2.485046108271888
ampicillin,0.1%,stage1,3,0.525,-2.608407404738004
ampicillin,0.1%,stage1,3,0.55,-2.7316050184784815
ampicillin,0.1%,stage1,3,0.5750000000000001,-2.854621580979442
ampicillin,0.1%,stage1,3,0.6000000000000001,-2.977438078295035
ampicillin,0.1%,stage1,3,0.625,-3.1000337219370455
ampicillin,0.1%,stage1,3,0.65,-3.222385814209971
ampicillin,0.1%,stage1,3,0.675,-3.344469608721579
ampicillin,0.1%,stage1,3,0.7000000000000001,-3.4662581670626875
ampicillin,0.1%,stage1,3,0.7250000000000001,-3.587722212958499
ampicillin,0.1%,stage1,3,0.75,-3.7088299855518247
ampicillin,0.1%,stage1,3,0.775,-3.8295470938860134
ampicillin,0.1%,stage1,3,0.8,-3.9498363751149648
ampicillin,0.1%,stage1,3,0.8250000000000001,-4.069657759477105
ampicillin,0.1%,stage1,3,0.8500000000000001,-4.188968145623989
ampicillin,0.1%,stage1,3,0.875,-4.307721290486717
ampicillin,0.1%,stage1,3,0.9,-4.425867718471083
ampicillin,0.1%,stage1,3,0.925,-4.543354655410524
ampicillin,0.1%,stage1,3,0.9500000000000001,-4.660125993272191
ampicillin,0.1%,stage1,3,0.9750000000000001,-4.776122292183488
ampicillin,0.1%,stage1,3,1.0,-4.891280826774047
ampicillin,0.1%,stage1,3,1.0250000000000001,-5.00553568413195
ampicillin,0.1%,stage1,3,1.05,-5.118817920766456
ampicillin,0.1%,stage1,3,1.075,-5.231055785796894
ampicillin,0.1%,stage1,3,1.1,-5.34217501708207
ampicillin,0.1%,stage1,3,1.125,-5.452099216103043
ampicillin,0.1%,stage1,3,1.1500000000000001,-5.560750306057636
ampicillin,0.1%,stage1,3,1.175,-5.668049075776232
ampicillin,0.1%,stage1,3,1.2000000000000002,-5.773915809706336
ampicillin,0.1%,stage1,3,1.225,-5.878271001352256
ampicillin,0.1%,stage1,3,1.25,-5.981036144248734
ampicillin,0.1%,stage1,3,1.2750000000000001,-6.082134590895452
ampicillin,0.1%,stage1,3,1.3,-6.181492466232101
ampicillin,0.1%,stage1,3,1.3250000000000002,-6.27903961839276
ampicillin,0.1%,stage1,3,1.35,-6.374710585883834
ampicillin,0.1%,stage1,3,1.375,-6.468445557250249
ampicillin,0.1%,stage1,3,1.4000000000000001,-6.560191297007941
ampicillin,0.1%,stage1,3,1.425,-6.649902010381901
ampicillin,0.1%,stage1,3,1.4500000000000002,-6.737540119408825
ampicillin,0.1%,stage1,3,1.475,-6.823076924376654
ampicillin,0.1%,stage1,3,1.5,-6.906493127414255
ampicillin,0.1%,stage1,3,1.5250000000000001,-6.987779199235284
ampicillin,0.1%,stage1,3,1.55,-7.066935575387385
ampicillin,0.1%,stage1,3,1.5750000000000002,-7.14397267456115
ampicillin,0.1%,stage1,3,1.6,-7.2189107381919495
ampicillin,0.1%,stage1,3,1.625,-7.291779497317402
ampicillin,0.1%,stage1,3,1.6500000000000001,-7.3626176790000475
ampicillin,0.1%,stage1,3,1.675,-7.431472370197428
ampicillin,0.1%,stage1,3,1.7000000000000002,-7.498398261436669
ampicillin,0.1%,stage1,3,1.725,-7.563456795812302
ampicillin,0.1%,stage1,3,1.75,-7.626715250559933
ampicillin,0.1%,stage1,3,1.7750000000000001,-7.68824577880135
ampicillin,0.1%,stage1,3,1.8,-7.748124438066065
ampicillin,0.1%,stage1,3,1.8250000000000002,-7.806430230146671
ampicillin,0.1%,stage1,3,1.85,-7.863244173909011
ampicillin,0.1%,stage1,3,1.875,-7.918648429180819
ampicillin,0.1%,stage1,3,1.9000000000000001,-7.972725486033335
ampicillin,0.1%,stage1,3,1.925,-8.025557429905067
ampicillin,0.1%,stage1,3,1.9500000000000002,-8.077225289304026
ampicillin,0.1%,stage1,3,1.975,-8.127808469427373
ampicillin,0.1%,stage1,3,2.0,-8.177384272066979
ampicillin,0.1%,stage1,3,2.025,-8.226027499690096
ampicillin,0.1%,stage1,3,2.0500000000000003,-8.273810139617984
ampicillin,0.1%,stage1,3,2.075,-8.320801122760217
ampicillin,0.1%,stage1,3,2.1,-8.367066150360893
ampicillin,0.1%,stage1,3,2.125,-8.412667581622081
ampicillin,0.1%,stage1,3,2.15,-8.457664374826033
ampicillin,0.1%,stage1,3,2.1750000000000003,-8.502112074615894
ampicillin,0.1%,stage1,3,2.2,-8.546062838350752
ampicillin,0.1%,stage1,3,2.225,-8.589565494866335
ampicillin,0.1%,stage1,3,2.25,-8.632665629495712
ampicillin,0.1%,stage1,3,2.275,-8.675405689791566
ampicillin,0.1%,stage1,3,2.3000000000000003,-8.71782510700744
ampicillin,0.1%,stage1,3,2.325,-8.759960429012207
ampicillin,0.1%,stage1,3,2.35,-8.801845460909258
ampicillin,0.1%,stage1,3,2.375,-8.843511410195038
ampicillin,0.1%,stage1,3,2.4000000000000004,-8.88498703381111
ampicillin,0.1%,stage1,3,2.4250000000000003,-8.926298784914456
ampicillin,0.1%,stage1,3,2.45,-8.967470957610269
ampicillin,0.1%,stage1,3,2.475,-9.008525828259867
ampicillin,0.1%,stage1,3,2.5,-9.049483792295952
ampicillin,0.1%,stage1,3,2.5250000000000004,-9.090363495750859
ampicillin,0.1%,stage1,3,2.5500000000000003,-9.13118196093472
ampicillin,0.1%,stage1,3,2.575,-9.171954705893636
ampicillin,0.1%,stage1,3,2.6,-9.21269585743722
ampicillin,0.1%,stage1,3,2.625,-9.253418257654381
ampicillin,0.1%,stage1,3,2.6500000000000004,-9.294133563940019
ampicillin,0.1%,stage1,3,2.6750000000000003,-9.334852342636815
ampicillin,0.1%,stage1,3,2.7,-9.375584156459226
ampicillin,0.1%,stage1,3,2.725,-9.416337645913757
ampicillin,0.1%,stage1,3,2.75,-9.457120604963386
ampicillin,0.1%,stage1,3,2.7750000000000004,-9.497940051207175
ampicillin,0.1%,stage1,3,2.8000000000000003,-9.538802290860204
ampicillin,0.1%,stage1,3,2.825,-9.579712978825986
ampicillin,0.1%,stage1,3,2.85,-9.620677174155121
ampicillin,0.1%,stage1,3,2.875,-9.661699391180772
ampicillin,0.1%,stage1,3,2.9000000000000004,-9.702783646615153
ampicillin,0.1%,stage1,3,2.9250000000000003,-9.743933502882486
ampicillin,0.1%,stage1,3,2.95,-9.785152107952799
ampicillin,0.1%,stage1,3,2.975,-9.826442231929159
ampicillin,0.1%,stage1,3,3.0,-9.867806300627889
ampicillin,0.1%,stage1,3,3.0250000000000004,-9.909246426378242
ampicillin,0.1%,stage1,3,3.0500000000000003,-9.95076443625432
ampicillin,0.1%,stage1,3,3.075,-9.992361897938954
ampicillin,0.1%,stage1,3,3.1,-10.034040143405988
ampicillin,0.1%,stage1,3,3.125,-10.075800290594783
ampicillin,0.1%,stage1,3,3.1500000000000004,-10.117643263238582
ampicillin,0.1%,stage1,3,3.1750000000000003,-10.159569808996666
ampicillin,0.1%,stage1,3,3.2,-10.201580516029097
ampicillin,0.1%,stage1,3,3.225,-10.243675828142543
ampicillin,0.1%,stage1,3,3.25,-10.285856058625662
ampicillin,0.1%,stage1,3,3.2750000000000004,-10.328121402883365
ampicillin,0.1%,stage1,3,3.3000000000000003,-10.370471949970677
ampicillin,0.1%,stage1,3,3.325,-10.41290769311882
ampicillin,0.1%,stage1,3,3.35,-10.45542853933872
ampicillin,0.1%,stage1,3,3.375,-10.498034318180204
ampicillin,0.1%,stage1,3,3.4000000000000004,-10.540724789718661
ampicillin,0.1%,stage1,3,3.4250000000000003,-10.583499651835199
ampicillin,0.1%,stage1,3,3.45,-10.626358546850591
ampicillin,0.1%,stage1,3,3.475,-10.669301067568549
ampicillin,0.1%,stage1,3,3.5,-10.712326762778943
ampicillin,0.1%,stage1,3,3.5250000000000004,-10.755435142267531
ampicillin,0.1%,stage1,3,3.5500000000000003,-10.798625681374691
ampicillin,0.1%,stage1,3,3.575,-10.841897825142127
ampicillin,0.1%,stage1,3,3.6,-10.885250992083177
ampicillin,0.1%,stage1,3,3.625,-10.928684577609292
ampicillin,0.1%,stage1,3,3.6500000000000004,-10.972197957142521
ampicillin,0.1%,stage1,3,3.6750000000000003,-11.015790488941255
ampicillin,0.1%,stage1,3,3.7,-11.05946151666416
ampicillin,0.1%,stage1,3,3.725,-11.103210371695083
ampicillin,0.1%,stage1,3,3.75,-11.147036375249757
ampicillin,0.1%,stage1,3,3.7750000000000004,-11.19093884028336
ampicillin,0.1%,stage1,3,3.8000000000000003,-11.234917073216318
ampicillin,0.1%,stage1,3,3.825,-11.278970375494245
ampicillin,0.1%,stage1,3,3.85,-11.323098044996627
ampicillin,0.1%,stage1,3,3.875,-11.367299377307374
ampicillin,0.1%,stage1,3,3.9000000000000004,-11.411573666859603
ampicillin,0.1%,stage1,3,3.9250000000000003,-11.455920207965484
ampicillin,0.1%,stage1,3,3.95,-11.500338295741543
ampicillin,0.1%,stage1,3,3.975,-11.544827226938445
ampicillin,0.1%,stage1,3,4.0,-11.58938630068391
ampicillin,0.1%,stage1,3,4.025,-11.634014819146337
ampicillin,0.1%,stage1,3,4.05,-11.678712088126318
ampicillin,0.1%,stage1,3,4.075,-11.72347741758242
ampicillin,0.1%,stage1,3,4.1000000000000005,-11.768310122097141
ampicillin,0.1%,stage1,3,4.125,-11.813209521288476
ampicillin,0.1%,stage1,3,4.15,-11.858174940171928
ampicillin,0.1%,stage1,3,4.175,-11.903205709477515
ampicillin,0.1%,stage1,3,4.2,-11.948301165925896
ampicillin,0.1%,stage1,3,4.2250000000000005,-11.993460652467284
ampicillin,0.1%,stage1,3,4.25,-12.038683518486673
ampicillin,0.1%,stage1,3,4.275,-12.083969119978411
ampicillin,0.1%,stage1,3,4.3,-12.129316819693043
ampicillin,0.1%,stage1,3,4.325,-12.174725987259029
ampicillin,0.1%,stage1,3,4.3500000000000005,-12.220195999281643
ampicillin,0.1%,stage1,3,4.375,-12.26572623942134
ampicillin,0.1%,stage1,3,4.4,-12.311316098453503
ampicillin,0.1%,stage1,3,4.425,-12.356964974311376
ampicillin,0.1%,stage1,3,4.45,-12.402672272113904
ampicillin,0.1%,stage1,3,4.4750000000000005,-12.448437404179884
ampicillin,0.1%,stage1,3,4.5,-12.494259790029933
ampicillin,0.1%,stage1,3,4.525,-12.540138856377402
ampicillin,0.1%,stage1,3,4.55,-12.58607403710946
ampicillin,0.1%,stage1,3,4.575,-12.632064773259383
ampicillin,0.1%,stage1,3,4.6000000000000005,-12.678110512970955
ampicillin,0.1%,stage1,3,4.625,-12.724210711455893
ampicillin,0.1%,stage1,3,4.65,-12.770364830945095
ampicillin,0.1%,stage1,3,4.675,-12.81657234063434
ampicillin,0.1%,stage1,3,4.7,-12.86283271662523
ampicillin,0.1%,stage1,3,4.7250000000000005,-12.909145441861849
ampicillin,0.1%,stage1,3,4.75,-12.95551000606375
ampicillin,0.1%,stage1,3,4.775,-13.001925905655733
ampicillin,0.1%,stage1,3,4.800000000000001,-13.048392643694864
ampicillin,0.1%,stage1,3,4.825,-13.09490972979514
ampicillin,0.1%,stage1,3,4.8500000000000005,-13.141476680050197
ampicillin,0.1%,stage1,3,4.875,-13.188093016954314
ampicillin,0.1%,stage1,3,4.9,-13.234758269322132
ampicillin,0.1%,stage1,3,4.925000000000001,-13.281471972207239
ampicillin,0.1%,stage1,3,4.95,-13.328233666819957
ampicillin,0.1%,stage1,3,4.9750000000000005,-13.37504290044453
ampicillin,0.1%,stage1,3,5.0,-13.42189922635584
ampicillin,0.1%,stage1,3,5.025,-13.46880220373601
ampicillin,0.1%,stage1,3,5.050000000000001,-13.515751397590822
ampicillin,0.1%,stage1,3,5.075,-13.562746378666288
ampicillin,0.1%,stage1,3,5.1000000000000005,-13.609786723365426
ampicillin,0.1%,stage1,3,5.125,-13.656872013665327
ampicillin,0.1%,stage1,3,5.15,-13.704001837034705
ampicillin,0.1%,stage1,3,5.175000000000001,-13.751175786351926
ampicillin,0.1%,stage1,3,5.2,-13.79839345982366
ampicillin,0.1%,stage1,3,5.2250000000000005,-13.845654460904237
ampicillin,0.1%,stage1,3,5.25,-13.892958398215692
ampicillin,0.1%,stage1,3,5.275,-13.940304885468656
ampicillin,0.1%,stage1,3,5.300000000000001,-13.987693541384042
ampicillin,0.1%,stage1,3,5.325,-14.03512398961572
ampicillin,0.1%,stage1,3,5.3500000000000005,-14.082595858673944
ampicillin,0.1%,stage1,3,5.375,-14.130108781849934
ampicillin,0.1%,stage1,3,5.4,-14.177662397141276
ampicillin,0.1%,stage1,3,5.425000000000001,-14.225256347178421
ampicillin,0.1%,stage1,3,5.45,-14.272890279152147
ampicillin,0.1%,stage1,3,5.4750000000000005,-14.320563844742097
ampicillin,0.1%,stage1,3,5.5,-14.36827670004632
ampicillin,0.1%,stage1,3,5.525,-14.416028505511898
ampicillin,0.1%,stage1,3,5.550000000000001,-14.463818925866597
ampicillin,0.1%,stage1,3,5.575,-14.511647630051627
ampicillin,0.1%,stage1,3,5.6000000000000005,-14.559514291155345
ampicillin,0.1%,stage1,3,5.625,-14.607418586348189
ampicillin,0.1%,stage1,3,5.65,-14.655360196818496
ampicillin,0.1%,stage1,3,5.675000000000001,-14.70333880770947
ampicillin,0.1%,stage1,3,5.7,-14.751354108057159
ampicillin,0.1%,stage1,3,5.7250000000000005,-14.799405790729482
ampicillin,0.1%,stage1,3,5.75,-14.847493552366219
ampicillin,0.1%,stage1,3,5.775,-14.895617093320116
ampicillin,0.1%,stage1,3,5.800000000000001,-14.943776117598924
ampicillin,0.1%,stage1,3,5.825,-14.991970332808462
ampicillin,0.1%,stage1,3,5.8500000000000005,-15.04019945009664
ampicillin,0.1%,stage1,3,5.875,-15.088463184098467
ampicillin,0.1%,stage1,3,5.9,-15.136761252882042
ampicillin,0.1%,stage1,3,5.925000000000001,-15.18509337789542
ampicillin,0.1%,stage1,3,5.95,-15.23345928391448
ampicillin,0.1%,stage1,3,5.9750000000000005,-15.281858698991671
ampicillin,0.1%,stage1,3,6.0,-15.330291354405697
ampicillin,0.1%,stage1,3,6.025,-15.378756984612025
ampicillin,0.1%,stage1,3,6.050000000000001,-15.427255327194361
ampicillin,0.1%,stage1,3,6.075,-15.475786122816862
ampicillin,0.1%,stage1,3,6.1000000000000005,-15.524349115177362
ampicillin,0.1%,stage1,3,6.125,-15.572944050961272
ampicillin,0.1%,stage1,3,6.15,-15.621570679796367
ampicillin,0.1%,stage1,3,6.175000000000001,-15.67022875420842
ampicillin,0.1%,stage1,3,6.2,-15.718918029577521
ampicillin,0.1%,stage1,3,6.2250000000000005,-15.767638264095261
ampicillin,0.1%,stage1,3,6.25,-15.81638921872266
ampicillin,0.1%,stage1,3,6.275,-15.865170657148774
ampicillin,0.1%,stage1,3,6.300000000000001,-15.91398234575015
ampicillin,0.1%,stage1,3,6.325,-15.962824053550928
ampicillin,0.1%,stage1,3,6.3500000000000005,-16.011695552183618
ampicillin,0.1%,stage1,3,6.375,-16.0605966158507
ampicillin,0.1%,stage1,3,6.4,-16.109527021286738
ampicillin,0.1%,stage1,3,6.425000000000001,-16.1584865477213
ampicillin,0.1%,stage1,3,6.45,-16.207474976842455
ampicillin,0.1%,stage1,3,6.4750000000000005,-16.256492092760954
ampicillin,0.1%,stage1,3,6.5,-16.305537681974982
ampicillin,0.1%,stage1,3,6.525,-16.354611533335635
ampicillin,0.1%,stage1,3,6.550000000000001,-16.403713438012883
ampicillin,0.1%,stage1,3,6.575,-16.45284318946219
ampicillin,0.1%,stage1,3,6.6000000000000005,-16.502000583391716
ampicillin,0.1%,stage1,3,6.625,-16.5511854177301
ampicillin,0.1%,stage1,3,6.65,-16.600397492594777
ampicillin,0.1%,stage1,3,6.675000000000001,-16.649636610260806
ampicillin,0.1%,stage1,3,6.7,-16.69890257513035
ampicillin,0.1%,stage1,3,6.7250000000000005,-16.748195193702607
ampicillin,0.1%,stage1,3,6.75,-16.79751427454422
ampicillin,0.1%,stage1,3,6.775,-16.846859628260315
ampicillin,0.1%,stage1,3,6.800000000000001,-16.896231067465884
ampicillin,0.1%,stage1,3,6.825,-16.94562840675786
ampicillin,0.1%,stage1,3,6.8500000000000005,-16.995051462687407
ampicillin,0.1%,stage1,3,6.875,-17.04450005373293
ampicillin,0.1%,stage1,3,6.9,-17.093974000273388
ampicillin,0.1%,stage1,3,6.925000000000001,-17.143473124562114
ampicillin,0.1%,stage1,3,6.95,-17.19299725070107
ampicillin,0.1%,stage1,3,6.9750000000000005,-17.242546204615557
ampicillin,0.1%,stage1,3,7.0,-17.292119814029277
ampicillin,0.1%,stage1,4,0.0,0.0
ampicillin,0.1%,stage1,4,0.025,-0.12870380928792913
ampicillin,0.1%,stage1,4,0.05,-0.2573887346088733
ampicillin,0.1%,stage1,4,0.07500000000000001,-0.3860521896211921
ampicillin,0.1%,stage1,4,0.1,-0.5146912409132444
ampicillin,0.1%,stage1,4,0.125,-0.6433025653600679
ampicillin,0.1%,stage1,4,0.15000000000000002,-0.7718824027883444
ampicillin,0.1%,stage1,4,0.17500000000000002,-0.9004265035032305
ampicillin,0.1%,stage1,4,0.2,-1.0289300701997697
ampicillin,0.1%,stage1,4,0.225,-1.1573876937512784
ampicillin,0.1%,stage1,4,0.25,-1.2857932823381217
ampicillin,0.1%,stage1,4,0.275,-1.41413998335389
ampicillin,0.1%,stage1,4,0.30000000000000004,-1.5424200975033873
ampicillin,0.1%,stage1,4,0.325,-1.6706249844900032
ampicillin,0.1%,stage1,4,0.35000000000000003,-1.798744959681108
ampicillin,0.1%,stage1,4,0.375,-1.9267691811416698
ampicillin,0.1%,stage1,4,0.4,-2.0546855264419595
ampicillin,0.1%,stage1,4,0.42500000000000004,-2.182480458678641
ampicillin,0.1%,stage1,4,0.45,-2.3101388812048924
ampicillin,0.1%,stage1,4,0.47500000000000003,-2.437643980649651
ampicillin,0.1%,stage1,4,0.5,-2.5649770579258986
ampicillin,0.1%,stage1,4,0.525,-2.692117347090111
ampicillin,0.1%,stage1,4,0.55,-2.8190418221285154
ampicillin,0.1%,stage1,4,0.5750000000000001,-2.9457249920205895
ampicillin,0.1%,stage1,4,0.6000000000000001,-3.0721386847762946
ampicillin,0.1%,stage1,4,0.625,-3.1982518215726645
ampicillin,0.1%,stage1,4,0.65,-3.324030182638712
ampicillin,0.1%,stage1,4,0.675,-3.4494361671664966
ampicillin,0.1%,stage1,4,0.7000000000000001,-3.574428550270397
ampicillin,0.1%,stage1,4,0.7250000000000001,-3.6989622408838425
ampicillin,0.1%,stage1,4,0.75,-3.822988045476446
ampicillin,0.1%,stage1,4,0.775,-3.9464524435918436
ampicillin,0.1%,stage1,4,0.8,-4.0692973824371075
ampicillin,0.1%,stage1,4,0.8250000000000001,-4.191460099076691
ampicillin,0.1%,stage1,4,0.8500000000000001,-4.312872980152533
ampicillin,0.1%,stage1,4,0.875,-4.433463470442148
ampicillin,0.1%,stage1,4,0.9,-4.55315404283714
ampicillin,0.1%,stage1,4,0.925,-4.671862243469652
ampicillin,0.1%,stage1,4,0.9500000000000001,-4.789500826519776
ampicillin,0.1%,stage1,4,0.9750000000000001,-4.905977993614064
ampicillin,0.1%,stage1,4,1.0,-5.021197752482048
ampicillin,0.1%,stage1,4,1.0250000000000001,-5.13506040850413
ampicillin,0.1%,stage1,4,1.05,-5.247463200783866
ampicillin,0.1%,stage1,4,1.075,-5.358301091257691
ampicillin,0.1%,stage1,4,1.1,-5.467467711009048
ampicillin,0.1%,stage1,4,1.125,-5.574856462345936
ampicillin,0.1%,stage1,4,1.1500000000000001,-5.680361768402546
ampicillin,0.1%,stage1,4,1.175,-5.783880454231158
ampicillin,0.1%,stage1,4,1.2000000000000002,-5.88531323490697
ampicillin,0.1%,stage1,4,1.225,-5.984566277567146
ampicillin,0.1%,stage1,4,1.25,-6.081552796174873
ampicillin,0.1%,stage1,4,1.2750000000000001,-6.17619463085881
ampicillin,0.1%,stage1,4,1.3,-6.268423758676783
ampicillin,0.1%,stage1,4,1.3250000000000002,-6.358183680282029
ampicillin,0.1%,stage1,4,1.35,-6.445430627773003
ampicillin,0.1%,stage1,4,1.375,-6.530134543284422
ampicillin,0.1%,stage1,4,1.4000000000000001,-6.612279785615127
ampicillin,0.1%,stage1,4,1.425,-6.691865533030848
ampicillin,0.1%,stage1,4,1.4500000000000002,-6.768905863631941
ampicillin,0.1%,stage1,4,1.475,-6.8434295093714645
ampicillin,0.1%,stage1,4,1.5,-6.915479294812902
ampicillin,0.1%,stage1,4,1.5250000000000001,-6.98511128585556
ampicillin,0.1%,stage1,4,1.55,-7.052393685861336
ampicillin,0.1%,stage1,4,1.5750000000000002,-7.117405526040218
ampicillin,0.1%,stage1,4,1.6,-7.1802352030579275
ampicillin,0.1%,stage1,4,1.625,-7.24097891942417
ampicillin,0.1%,stage1,4,1.6500000000000001,-7.299739081446904
ampicillin,0.1%,stage1,4,1.675,-7.356622705839143
ampicillin,0.1%,stage1,4,1.7000000000000002,-7.411739880025519
ampicillin,0.1%,stage1,4,1.725,-7.465202313607735
ampicillin,0.1%,stage1,4,1.75,-7.517122009995288
ampicillin,0.1%,stage1,4,1.7750000000000001,-7.567610078612128
ampicillin,0.1%,stage1,4,1.8,-7.616775699901506
ampicillin,0.1%,stage1,4,1.8250000000000002,-7.6647252479970085
ampicillin,0.1%,stage1,4,1.85,-7.711561569679799
ampicillin,0.1%,stage1,4,1.875,-7.75738341323356
ampicillin,0.1%,stage1,4,1.9000000000000001,-7.8022849970552635
ampicillin,0.1%,stage1,4,1.925,-7.846355705309888
ampicillin,0.1%,stage1,4,1.9500000000000002,-7.889679896397126
ampicillin,0.1%,stage1,4,1.975,-7.9323368093626945
ampicillin,0.1%,stage1,4,2.0,-7.974400553457617
ampicillin,0.1%,stage1,4,2.025,-8.01594016665244
ampicillin,0.1%,stage1,4,2.0500000000000003,-8.057019729891513
ampicillin,0.1%,stage1,4,2.075,-8.097698525088768
ampicillin,0.1%,stage1,4,2.1,-8.138031226208565
ampicillin,0.1%,stage1,4,2.125,-8.178068114155451
ampicillin,0.1%,stage1,4,2.15,-8.217855307549533
ampicillin,0.1%,stage1,4,2.1750000000000003,-8.257435002743701
ampicillin,0.1%,stage1,4,2.2,-8.296845717615964
ampicillin,0.1%,stage1,4,2.225,-8.33612253472772
ampicillin,0.1%,stage1,4,2.25,-8.375297340370507
ampicillin,0.1%,stage1,4,2.275,-8.414399056830431
ampicillin,0.1%,stage1,4,2.3000000000000003,-8.453453865886429
ampicillin,0.1%,stage1,4,2.325,-8.492485422134777
ampicillin,0.1%,stage1,4,2.35,-8.53151505520861
ampicillin,0.1%,stage1,4,2.375,-8.570561960348554
ampicillin,0.1%,stage1,4,2.4000000000000004,-8.609643377091059
ampicillin,0.1%,stage1,4,2.4250000000000003,-8.648774756084949
ampicillin,0.1%,stage1,4,2.45,-8.687969914234614
ampicillin,0.1%,stage1,4,2.475,-8.727241178509306
ampicillin,0.1%,stage1,4,2.5,-8.76659951886019
ampicillin,0.1%,stage1,4,2.5250000000000004,-8.806054670757499
ampicillin,0.1%,stage1,4,2.5500000000000003,-8.84561524790538
ampicillin,0.1%,stage1,4,2.575,-8.885288845716847
ampicillin,0.1%,stage1,4,2.6,-8.925082136140583
ampicillin,0.1%,stage1,4,2.625,-8.9650009544281
ampicillin,0.1%,stage1,4,2.6500000000000004,-9.005050378417604
ampicillin,0.1%,stage1,4,2.6750000000000003,-9.045234800892
ampicillin,0.1%,stage1,4,2.7,-9.085557995544741
ampicillin,0.1%,stage1,4,2.725,-9.126023177060327
ampicillin,0.1%,stage1,4,2.75,-9.166633055787687
ampicillin,0.1%,stage1,4,2.7750000000000004,-9.207389887454804
ampicillin,0.1%,stage1,4,2.8000000000000003,-9.248295518343326
ampicillin,0.1%,stage1,4,2.825,-9.289351426312246
ampicillin,0.1%,stage1,4,2.85,-9.330558758031223
ampicillin,0.1%,stage1,4,2.875,-9.371918362756544
ampicillin,0.1%,stage1,4,2.9000000000000004,-9.41343082295647
ampicillin,0.1%,stage1,4,2.9250000000000003,-9.455096482067876
ampicillin,0.1%,stage1,4,2.95,-9.496915469642852
ampicillin,0.1%,stage1,4,2.975,-9.538887724122063
ampicillin,0.1%,stage1,4,3.0,-9.581013013451399
ampicillin,0.1%,stage1,4,3.0250000000000004,-9.623290953739767
ampicillin,0.1%,stage1,4,3.0500000000000003,-9.66572102613821
ampicillin,0.1%,stage1,4,3.075,-9.70830259210495
ampicillin,0.1%,stage1,4,3.1,-9.751034907205817
ampicillin,0.1%,stage1,4,3.125,-9.793917133586357
ampicillin,0.1%,stage1,4,3.1500000000000004,-9.836948351239277
ampicillin,0.1%,stage1,4,3.1750000000000003,-9.88012756817987
ampicillin,0.1%,stage1,4,3.2,-9.923453729631392
ampicillin,0.1%,stage1,4,3.225,-9.966925726313349
ampicillin,0.1%,stage1,4,3.25,-10.010542401916753
ampicillin,0.1%,stage1,4,3.2750000000000004,-10.054302559842702
ampicillin,0.1%,stage1,4,3.3000000000000003,-10.098204969273695
ampicillin,0.1%,stage1,4,3.325,-10.142248370640365
ampicillin,0.1%,stage1,4,3.35,-10.186431480540705
ampicillin,0.1%,stage1,4,3.375,-10.23075299616337
ampicillin,0.1%,stage1,4,3.4000000000000004,-10.275211599261908
ampicillin,0.1%,stage1,4,3.4250000000000003,-10.319805959722343
ampicillin,0.1%,stage1,4,3.45,-10.364534738762606
ampicillin,0.1%,stage1,4,3.475,-10.409396591798606
ampicillin,0.1%,stage1,4,3.5,-10.454390171008649
ampicillin,0.1%,stage1,4,3.5250000000000004,-10.499514127624721
ampicillin,0.1%,stage1,4,3.5500000000000003,-10.544767113976704
ampicillin,0.1%,stage1,4,3.575,-10.590147785312944
ampicillin,0.1%,stage1,4,3.6,-10.63565480141857
ampicillin,0.1%,stage1,4,3.625,-10.681286828050867
ampicillin,0.1%,stage1,4,3.6500000000000004,-10.727042538209176
ampicillin,0.1%,stage1,4,3.6750000000000003,-10.772920613255256
ampicillin,0.1%,stage1,4,3.7,-10.818919743898496
ampicillin,0.1%,stage1,4,3.725,-10.86503863105895
ampicillin,0.1%,stage1,4,3.75,-10.911275986620113
ampicillin,0.1%,stage1,4,3.7750000000000004,-10.957630534082083
ampicillin,0.1%,stage1,4,3.8000000000000003,-11.004101009124922
ampicillin,0.1%,stage1,4,3.825,-11.050686160090883
ampicillin,0.1%,stage1,4,3.85,-11.097384748393646
ampicillin,0.1%,stage1,4,3.875,-11.144195548861699
ampicillin,0.1%,stage1,4,3.9000000000000004,-11.191117350022434
ampicillin,0.1%,stage1,4,3.9250000000000003,-11.238148954333006
ampicillin,0.1%,stage1,4,3.95,-11.285289178363211
ampicillin,0.1%,stage1,4,3.975,-11.332536852935386
ampicillin,0.1%,stage1,4,4.0,-11.37989082322568
ampicillin,0.1%,stage1,4,4.025,-11.427349948830786
ampicillin,0.1%,stage1,4,4.05,-11.47491310380372
ampicillin,0.1%,stage1,4,4.075,-11.52257917666198
ampicillin,0.1%,stage1,4,4.1000000000000005,-11.570347070371016
ampicillin,0.1%,stage1,4,4.125,-11.618215702305838
ampicillin,0.1%,stage1,4,4.15,-11.666184004193045
ampicillin,0.1%,stage1,4,4.175,-11.714250922035667
ampicillin,0.1%,stage1,4,4.2,-11.762415416022685
ampicillin,0.1%,stage1,4,4.2250000000000005,-11.810676460425144
ampicillin,0.1%,stage1,4,4.25,-11.859033043480476
ampicillin,0.1%,stage1,4,4.275,-11.90748416726648
ampicillin,0.1%,stage1,4,4.3,-11.956028847566364
ampicillin,0.1%,stage1,4,4.325,-12.004666113726048
ampicillin,0.1%,stage1,4,4.3500000000000005,-12.053395008504777
ampicillin,0.1%,stage1,4,4.375,-12.102214587920093
ampicillin,0.1%,stage1,4,4.4,-12.151123921088068
ampicillin,0.1%,stage1,4,4.425,-12.20012209005949
ampicillin,0.1%,stage1,4,4.45,-12.24920818965293
ampicillin,0.1%,stage1,4,4.4750000000000005,-12.298381327285053
ampicillin,0.1%,stage1,4,4.5,-12.347640622799114
ampicillin,0.1%,stage1,4,4.525,-12.396985208291838
ampicillin,0.1%,stage1,4,4.55,-12.446414227939329
ampicillin,0.1%,stage1,4,4.575,-12.495926837822458
ampicillin,0.1%,stage1,4,4.6000000000000005,-12.545522205751926
ampicillin,0.1%,stage1,4,4.625,-12.595199511093579
ampicillin,0.1%,stage1,4,4.65,-12.64495794459409
ampicillin,0.1%,stage1,4,4.675,-12.694796708207324
ampicillin,0.1%,stage1,4,4.7,-12.74471501492169
ampicillin,0.1%,stage1,4,4.7250000000000005,-12.794712088588591
ampicillin,0.1%,stage1,4,4.75,-12.844787163752208
ampicillin,0.1%,stage1,4,4.775,-12.894939485480814
ampicillin,0.1%,stage1,4,4.800000000000001,-12.945168309199635
ampicillin,0.1%,stage1,4,4.825,-12.995472900525565
ampicillin,0.1%,stage1,4,4.8500000000000005,-13.04585253510364
ampicillin,0.1%,stage1,4,4.875,-13.096306498445516
ampicillin,0.1%,stage1,4,4.9,-13.146834085769996
ampicillin,0.1%,stage1,4,4.925000000000001,-13.19743460184557
ampicillin,0.1%,stage1,4,4.95,-13.248107360835172
ampicillin,0.1%,stage1,4,4.9750000000000005,-13.298851686143102
ampicillin,0.1%,stage1,4,5.0,-13.349666910264162
ampicillin,0.1%,stage1,4,5.025,-13.400552374635035
ampicillin,0.1%,stage1,4,5.050000000000001,-13.451507429488004
ampicillin,0.1%,stage1,4,5.075,-13.502531433706851
ampicillin,0.1%,stage1,4,5.1000000000000005,-13.553623754685116
ampicillin,0.1%,stage1,4,5.125,-13.60478376818664
ampicillin,0.1%,stage1,4,5.15,-13.65601085820841
ampicillin,0.1%,stage1,4,5.175000000000001,-13.707304416845629
ampicillin,0.1%,stage1,4,5.2,-13.758663844159134
ampicillin,0.1%,stage1,4,5.2250000000000005,-13.810088548045053
ampicillin,0.1%,stage1,4,5.25,-13.861577944106664
ampicillin,0.1%,stage1,4,5.275,-13.91313145552854
ampicillin,0.1%,stage1,4,5.300000000000001,-13.96474851295286
ampicillin,0.1%,stage1,4,5.325,-14.016428554357924
ampicillin,0.1%,stage1,4,5.3500000000000005,-14.06817102493882
ampicillin,0.1%,stage1,4,5.375,-14.119975376990176
ampicillin,0.1%,stage1,4,5.4,-14.171841069791107
ampicillin,0.1%,stage1,4,5.425000000000001,-14.22376756949215
ampicillin,0.1%,stage1,4,5.45,-14.275754349004261
ampicillin,0.1%,stage1,4,5.4750000000000005,-14.327800887889927
ampicillin,0.1%,stage1,4,5.5,-14.379906672256077
ampicillin,0.1%,stage1,4,5.525,-14.432071194649096
ampicillin,0.1%,stage1,4,5.550000000000001,-14.484293953951731
ampicillin,0.1%,stage1,4,5.575,-14.536574455281821
ampicillin,0.1%,stage1,4,5.6000000000000005,-14.588912209893007
ampicillin,0.1%,stage1,4,5.625,-14.64130673507709
ampicillin,0.1%,stage1,4,5.65,-14.693757554068382
ampicillin,0.1%,stage1,4,5.675000000000001,-14.746264195949694
ampicillin,0.1%,stage1,4,5.7,-14.798826195560064
ampicillin,0.1%,stage1,4,5.7250000000000005,-14.851443093404235
ampicillin,0.1%,stage1,4,5.75,-14.904114435563748
ampicillin,0.1%,stage1,4,5.775,-14.95683977360973
ampicillin,0.1%,stage1,4,5.800000000000001,-15.009618664517227
ampicillin,0.1%,stage1,4,5.825,-15.062450670581123
ampicillin,0.1%,stage1,4,5.8500000000000005,-15.115335359333669
ampicillin,0.1%,stage1,4,5.875,-15.16827230346342
ampicillin,0.1%,stage1,4,5.9,-15.221261080735793
ampicillin,0.1%,stage1,4,5.925000000000001,-15.274301273914919
ampicillin,0.1%,stage1,4,5.95,-15.327392470687068
ampicillin,0.1%,stage1,4,5.9750000000000005,-15.380534263585384
ampicillin,0.1%,stage1,4,6.0,-15.433726249916107
ampicillin,0.1%,stage1,4,6.025,-15.486968031685928
ampicillin,0.1%,stage1,4,6.050000000000001,-15.540259215530888
ampicillin,0.1%,stage1,4,6.075,-15.59359941264645
ampicillin,0.1%,stage1,4,6.1000000000000005,-15.646988238718885
ampicillin,0.1%,stage1,4,6.125,-15.700425313857842
ampicillin,0.1%,stage1,4,6.15,-15.753910262530201
ampicillin,0.1%,stage1,4,6.175000000000001,-15.807442713495075
ampicillin,0.1%,stage1,4,6.2,-15.861022299739993
ampicillin,0.1%,stage1,4,6.2250000000000005,-15.914648658418255
ampicillin,0.1%,stage1,4,6.25,-15.968321430787354
ampicillin,0.1%,stage1,4,6.275,-16.022040262148522
ampicillin,0.1%,stage1,4,6.300000000000001,-16.075804801787395
ampicillin,0.1%,stage1,4,6.325,-16.129614702915667
ampicillin,0.1%,stage1,4,6.3500000000000005,-16.18346962261379
ampicillin,0.1%,stage1,4,6.375,-16.237369221774724
ampicillin,0.1%,stage1,4,6.4,-16.291313165048717
ampicillin,0.1%,stage1,4,6.425000000000001,-16.345301120788864
ampicillin,0.1%,stage1,4,6.45,-16.399332760997897
ampicillin,0.1%,stage1,4,6.4750000000000005,-16.453407761275695
ampicillin,0.1%,stage1,4,6.5,-16.507525800767784
ampicillin,0.1%,stage1,4,6.525,-16.56168656211475
ampicillin,0.1%,stage1,4,6.550000000000001,-16.615889731402508
ampicillin,0.1%,stage1,4,6.575,-16.67013499811347
ampicillin,0.1%,stage1,4,6.6000000000000005,-16.724422055078442
ampicillin,0.1%,stage1,4,6.625,-16.778750598429543
ampicillin,0.1%,stage1,4,6.65,-16.833120327553758
ampicillin,0.1%,stage1,4,6.675000000000001,-16.88753094504734
ampicillin,0.1%,stage1,4,6.7,-16.941982156671074
ampicillin,0.1%,stage1,4,6.7250000000000005,-16.99647367130616
ampicillin,0.1%,stage1,4,6.75,-17.051005200910964
ampicillin,0.1%,stage1,4,6.775,-17.105576460478456
ampicillin,0.1%,stage1,4,6.800000000000001,-17.160187167994355
ampicillin,0.1%,stage1,4,6.825,-17.214837044396006
ampicillin,0.1%,stage1,4,6.8500000000000005,-17.269525813531924
ampicillin,0.1%,stage1,4,6.875,-17.32425320212207
ampicillin,0.1%,stage1,4,6.9,-17.37901893971871
ampicillin,0.1%,stage1,4,6.925000000000001,-17.433822758667958
ampicillin,0.1%,stage1,4,6.95,-17.48866439407201
ampicillin,0.1%,stage1,4,6.9750000000000005,-17.54354358375195
ampicillin,0.1%,stage1,4,7.0,-17.598460068211153
ampicillin,0.1%,equal,1,0.0,0.0
ampicillin,0.1%,equal,1,0.025,-0.11335340754268683
ampicillin,0.1%,equal,1,0.05,-0.22669722129394437
ampicillin,0.1%,equal,1,0.07500000000000001,-0.3400306627827877
ampicillin,0.1%,equal,1,0.1,-0.4533528906035795
ampicillin,0.1%,equal,1,0.125,-0.5666629953675338
ampicillin,0.1%,equal,1,0.15000000000000002,-0.6799599942559057
ampicillin,0.1%,equal,1,0.17500000000000002,-0.7932428251445631
ampicillin,0.1%,equal,1,0.2,-0.9065103402675423
ampicillin,0.1%,equal,1,0.225,-1.0197612993849459
ampicillin,0.1%,equal,1,0.25,-1.1329943624182233
ampicillin,0.1%,equal,1,0.275,-1.2462080815134127
ampicillin,0.1%,equal,1,0.30000000000000004,-1.3594008924903718
ampicillin,0.1%,equal,1,0.325,-1.47257110563338
ampicillin,0.1%,equal,1,0.35000000000000003,-1.585716895775719
ampicillin,0.1%,equal,1,0.375,-1.6988362916280404
ampicillin,0.1%,equal,1,0.4,-1.811927164297428
ampicillin,0.1%,equal,1,0.42500000000000004,-1.9249872149411003
ampicillin,0.1%,equal,1,0.45,-2.0380139614958006
ampicillin,0.1%,equal,1,0.47500000000000003,-2.151004724420924
ampicillin,0.1%,equal,1,0.5,-2.263956611390637
ampicillin,0.1%,equal,1,0.525,-2.3768665008673473
ampicillin,0.1%,equal,1,0.55,-2.4897310244864532
ampicillin,0.1%,equal,1,0.5750000000000001,-2.6025465481797787
ampicillin,0.1%,equal,1,0.6000000000000001,-2.7153091519631904
ampicillin,0.1%,equal,1,0.625,-2.828014608312196
ampicillin,0.1%,equal,1,0.65,-2.9406583590483657
ampicillin,0.1%,equal,1,0.675,-3.0532354906589365
ampicillin,0.1%,equal,1,0.7000000000000001,-3.165740707972596
ampicillin,0.1%,equal,1,0.7250000000000001,-3.2781683061158735
ampicillin,0.1%,equal,1,0.75,-3.3905121406773975
ampicillin,0.1%,equal,1,0.775,-3.5027655960115447
ampicillin,0.1%,equal,1,0.8,-3.614921551619304
ampicillin,0.1%,equal,1,0.8250000000000001,-3.7269723465520554
ampicillin,0.1%,equal,1,0.8500000000000001,-3.8389097417950926
ampicillin,0.1%,equal,1,0.875,-3.950724880600879
ampicillin,0.1%,equal,1,0.9,-4.062408246759342
ampicillin,0.1%,equal,1,0.925,-4.173949620812795
ampicillin,0.1%,equal,1,0.9500000000000001,-4.28533803424946
ampicillin,0.1%,equal,1,0.9750000000000001,-4.396561721733175
ampicillin,0.1%,equal,1,1.0,-4.507608071479978
ampicillin,0.1%,equal,1,1.0250000000000001,-4.618463573905533
ampicillin,0.1%,equal,1,1.05,-4.72911376874309
ampicillin,0.1%,equal,1,1.075,-4.83954319087151
ampicillin,0.1%,equal,1,1.1,-4.949735315161499
ampicillin,0.1%,equal,1,1.125,-5.059672500719811
ampicillin,0.1%,equal,1,1.1500000000000001,-5.169335934992098
ampicillin,0.1%,equal,1,1.175,-5.278705578275217
ampicillin,0.1%,equal,1,1.2000000000000002,-5.387760109289333
ampicillin,0.1%,equal,1,1.225,-5.49647687256845
ampicillin,0.1%,equal,1,1.25,-5.604831828544921
ampicillin,0.1%,equal,1,1.2750000000000001,-5.712799507327735
ampicillin,0.1%,equal,1,1.3,-5.820352967304457
ampicillin,0.1%,equal,1,1.3250000000000002,-5.9274637598306565
ampicillin,0.1%,equal,1,1.35,-6.034101901405126
ampicillin,0.1%,equal,1,1.375,-6.140235854860842
ampicillin,0.1%,equal,1,1.4000000000000001,-6.24583252122542
ampicillin,0.1%,equal,1,1.425,-6.3508572440151605
ampicillin,0.1%,equal,1,1.4500000000000002,-6.4552738278175905
ampicillin,0.1%,equal,1,1.475,-6.559044573079441
ampicillin,0.1%,equal,1,1.5,-6.662130329043444
ampicillin,0.1%,equal,1,1.5250000000000001,-6.764490566758399
ampicillin,0.1%,equal,1,1.55,-6.86608347401134
ampicillin,0.1%,equal,1,1.5750000000000002,-6.9668660738916826
ampicillin,0.1%,equal,1,1.6,-7.066794368482332
ampicillin,0.1%,equal,1,1.625,-7.16582350887667
ampicillin,0.1%,equal,1,1.6500000000000001,-7.263907992334273
ampicillin,0.1%,equal,1,1.675,-7.361001886911378
ampicillin,0.1%,equal,1,1.7000000000000002,-7.4570590833322274
ampicillin,0.1%,equal,1,1.725,-7.552033573211066
ampicillin,0.1%,equal,1,1.75,-7.645879752000976
ampicillin,0.1%,equal,1,1.7750000000000001,-7.738552744251338
ampicillin,0.1%,equal,1,1.8,-7.830008747921885
ampicillin,0.1%,equal,1,1.8250000000000002,-7.9202053936588594
ampicillin,0.1%,equal,1,1.85,-8.00910211411811
ampicillin,0.1%,equal,1,1.875,-8.096660517663004
ampicillin,0.1%,equal,1,1.9000000000000001,-8.182844760103459
ampicillin,0.1%,equal,1,1.925,-8.267621907651888
ampicillin,0.1%,equal,1,1.9500000000000002,-8.350962283907807
ampicillin,0.1%,equal,1,1.975,-8.432839793606544
ampicillin,0.1%,equal,1,2.0,-8.513232215975371
ampicillin,0.1%,equal,1,2.025,-8.592121460932544
ampicillin,0.1%,equal,1,2.0500000000000003,-8.66949378200647
ampicillin,0.1%,equal,1,2.075,-8.745339940738432
ampicillin,0.1%,equal,1,2.1,-8.819655318436403
ampicillin,0.1%,equal,1,2.125,-8.892439972426722
ampicillin,0.1%,equal,1,2.15,-8.963698635354294
ampicillin,0.1%,equal,1,2.1750000000000003,-9.033440657549587
ampicillin,0.1%,equal,1,2.2,-9.10167989394687
ampicillin,0.1%,equal,1,2.225,-9.168434538439955
ampicillin,0.1%,equal,1,2.25,-9.233726909837427
ampicillin,0.1%,equal,1,2.275,-9.297583194678023
ampicillin,0.1%,equal,1,2.3000000000000003,-9.36003315304801
ampicillin,0.1%,equal,1,2.325,-9.42110979417832
ampicillin,0.1%,equal,1,2.35,-9.480849028978373
ampicillin,0.1%,equal,1,2.375,-9.539289306786506
ampicillin,0.1%,equal,1,2.4000000000000004,-9.596471243499177
ampicillin,0.1%,equal,1,2.4250000000000003,-9.652437247907832
ampicillin,0.1%,equal,1,2.45,-9.707231152556977
ampicillin,0.1%,equal,1,2.475,-9.760897854778806
ampicillin,0.1%,equal,1,2.5,-9.81348297279987
ampicillin,0.1%,equal,1,2.5250000000000004,-9.865032520994278
ampicillin,0.1%,equal,1,2.5500000000000003,-9.915592607514403
ampicillin,0.1%,equal,1,2.575,-9.96520915669748
ampicillin,0.1%,equal,1,2.6,-10.013927657853035
ampicillin,0.1%,equal,1,2.625,-10.06179294130456
ampicillin,0.1%,equal,1,2.6500000000000004,-10.10884898190394
ampicillin,0.1%,equal,1,2.6750000000000003,-10.155138729670261
ampicillin,0.1%,equal,1,2.7,-10.200703966729215
ampicillin,0.1%,equal,1,2.725,-10.245585189346173
ampicillin,0.1%,equal,1,2.75,-10.289821513551532
ampicillin,0.1%,equal,1,2.7750000000000004,-10.333450602644469
ampicillin,0.1%,equal,1,2.8000000000000003,-10.376508614723322
ampicillin,0.1%,equal,1,2.825,-10.419030168317358
ampicillin,0.1%,equal,1,2.85,-10.461048324176685
ampicillin,0.1%,equal,1,2.875,-10.50259458130417
ampicillin,0.1%,equal,1,2.9000000000000004,-10.543698885376765
ampicillin,0.1%,equal,1,2.9250000000000003,-10.584389647794442
ampicillin,0.1%,equal,1,2.95,-10.624693773705884
ampicillin,0.1%,equal,1,2.975,-10.664636697484179
ampicillin,0.1%,equal,1,3.0,-10.704242424257437
ampicillin,0.1%,equal,1,3.0250000000000004,-10.743533576233858
ampicillin,0.1%,equal,1,3.0500000000000003,-10.782531442694543
ampicillin,0.1%,equal,1,3.075,-10.821256032657454
ampicillin,0.1%,equal,1,3.1,-10.859726129339796
ampicillin,0.1%,equal,1,3.125,-10.897959345663107
ampicillin,0.1%,equal,1,3.1500000000000004,-10.935972180153103
ampicillin,0.1%,equal,1,3.1750000000000003,-10.973780072685944
ampicillin,0.1%,equal,1,3.2,-11.011397459622133
ampicillin,0.1%,equal,1,3.225,-11.048837827950386
ampicillin,0.1%,equal,1,3.25,-11.086113768135512
ampicillin,0.1%,equal,1,3.2750000000000004,-11.123237025427898
ampicillin,0.1%,equal,1,3.3000000000000003,-11.160218549447595
ampicillin,0.1%,equal,1,3.325,-11.197068541904372
ampicillin,0.1%,equal,1,3.35,-11.2337965023562
ampicillin,0.1%,equal,1,3.375,-11.27041127194426
ampicillin,0.1%,equal,1,3.4000000000000004,-11.306921075072239
ampicillin,0.1%,equal,1,3.4250000000000003,-11.343333559022609
ampicillin,0.1%,equal,1,3.45,-11.379655831523316
ampicillin,0.1%,equal,1,3.475,-11.415894496294971
ampicillin,0.1%,equal,1,3.5,-11.452055686622334
ampicillin,0.1%,equal,1,3.5250000000000004,-11.488145097004296
ampicillin,0.1%,equal,1,3.5500000000000003,-11.524168012944962
ampicillin,0.1%,equal,1,3.575,-11.56012933895427
ampicillin,0.1%,equal,1,3.6,-11.596033624831131
ampicillin,0.1%,equal,1,3.625,-11.631885090304497
ampicillin,0.1%,equal,1,3.6500000000000004,-11.66768764810959
ampicillin,0.1%,equal,1,3.6750000000000003,-11.703444925576846
ampicillin,0.1%,equal,1,3.7,-11.739160284810694
ampicillin,0.1%,equal,1,3.725,-11.774836841534377
ampicillin,0.1%,equal,1,3.75,-11.810477482675275
ampicillin,0.1%,equal,1,3.7750000000000004,-11.846084882763146
ampicillin,0.1%,equal,1,3.8000000000000003,-11.881661519211622
ampicillin,0.1%,equal,1,3.825,-11.917209686550102
ampicillin,0.1%,equal,1,3.85,-11.952731509671027
ampicillin,0.1%,equal,1,3.875,-11.988228956154327
ampicillin,0.1%,equal,1,3.9000000000000004,-12.023703847727885
ampicillin,0.1%,equal,1,3.9250000000000003,-12.059157870920039
ampicillin,0.1%,equal,1,3.95,-12.094592586957145
ampicillin,0.1%,equal,1,3.975,-12.130009440956304
ampicillin,0.1%,equal,1,4.0,-12.165409770460574
ampicillin,0.1%,equal,1,4.025,-12.20079481336125
ampicillin,0.1%,equal,1,4.05,-12.236165715249076
ampicillin,0.1%,equal,1,4.075,-12.271523536233808
ampicillin,0.1%,equal,1,4.1000000000000005,-12.306869257268957
ampicillin,0.1%,equal,1,4.125,-12.342203786016341
ampicillin,0.1%,equal,1,4.15,-12.377527962282823
ampicillin,0.1%,equal,1,4.175,-12.412842563059394
ampicillin,0.1%,equal,1,4.2,-12.448148307190952
ampicillin,0.1%,equal,1,4.2250000000000005,-12.483445859703066
ampicillin,0.1%,equal,1,4.25,-12.51873583581033
ampicillin,0.1%,equal,1,4.275,-12.554018804629289
ampicillin,0.1%,equal,1,4.3,-12.589295292617118
ampicillin,0.1%,equal,1,4.325,-12.624565786756124
ampicillin,0.1%,equal,1,4.3500000000000005,-12.659830737502357
ampicillin,0.1%,equal,1,4.375,-12.695090561515647
ampicillin,0.1%,equal,1,4.4,-12.730345644186976
ampicillin,0.1%,equal,1,4.425,-12.765596341978037
ampicillin,0.1%,equal,1,4.45,-12.800842984586785
ampicillin,0.1%,equal,1,4.4750000000000005,-12.836085876951737
ampicillin,0.1%,equal,1,4.5,-12.871325301106928
ampicillin,0.1%,equal,1,4.525,-12.906561517898533
ampicillin,0.1%,equal,1,4.55,-12.941794768573379
ampicillin,0.1%,equal,1,4.575,-12.977025276248847
ampicillin,0.1%,equal,1,4.6000000000000005,-13.012253247272898
ampicillin,0.1%,equal,1,4.625,-13.04747887248245
ampicillin,0.1%,equal,1,4.65,-13.082702328367612
ampicillin,0.1%,equal,1,4.675,-13.117923778148754
ampicillin,0.1%,equal,1,4.7,-13.153143372772995
ampicillin,0.1%,equal,1,4.7250000000000005,-13.188361251835948
ampicillin,0.1%,equal,1,4.75,-13.223577544434498
ampicillin,0.1%,equal,1,4.775,-13.258792369955577
ampicillin,0.1%,equal,1,4.800000000000001,-13.294005838805829
ampicillin,0.1%,equal,1,4.825,-13.329218053086523
ampicillin,0.1%,equal,1,4.8500000000000005,-13.364429107217836
ampicillin,0.1%,equal,1,4.875,-13.399639088516272
ampicillin,0.1%,equal,1,4.9,-13.43484807772877
ampicillin,0.1%,equal,1,4.925000000000001,-13.470056149526641
ampicillin,0.1%,equal,1,4.95,-13.505263372962483
ampicillin,0.1%,equal,1,4.9750000000000005,-13.540469811892725
ampicillin,0.1%,equal,1,5.0,-13.57567552536844
ampicillin,0.1%,equal,1,5.025,-13.610880567996816
ampicillin,0.1%,equal,1,5.050000000000001,-13.646084990275405
ampicillin,0.1%,equal,1,5.075,-13.681288838901322
ampicillin,0.1%,equal,1,5.1000000000000005,-13.716492157057136
ampicillin,0.1%,equal,1,5.125,-13.751694984675304
ampicillin,0.1%,equal,1,5.15,-13.786897358682717
ampicillin,0.1%,equal,1,5.175000000000001,-13.822099313226849
ampicillin,0.1%,equal,1,5.2,-13.857300879884898
ampicillin,0.1%,equal,1,5.2250000000000005,-13.892502087857217
ampicillin,0.1%,equal,1,5.25,-13.927702964146173
ampicillin,0.1%,equal,1,5.275,-13.962903533721553
ampicillin,0.1%,equal,1,5.300000000000001,-13.998103819673549
ampicillin,0.1%,equal,1,5.325,-14.033303843354217
ampicillin,0.1%,equal,1,5.3500000000000005,-14.068503624508272
ampicillin,0.1%,equal,1,5.375,-14.103703181394105
ampicillin,0.1%,equal,1,5.4,-14.138902530895637
ampicillin,0.1%,equal,1,5.425000000000001,-14.174101688625749
ampicillin,0.1%,equal,1,5.45,-14.209300669021992
ampicillin,0.1%,equal,1,5.4750000000000005,-14.24449948543505
ampicillin,0.1%,equal,1,5.5,-14.279698150210516
ampicillin,0.1%,equal,1,5.525,-14.31489667476461
ampicillin,0.1%,equal,1,5.550000000000001,-14.350095069654085
ampicillin,0.1%,equal,1,5.575,-14.38529334464095
ampicillin,0.1%,equal,1,5.6000000000000005,-14.420491508752294
ampicillin,0.1%,equal,1,5.625,-14.4556895703356
ampicillin,0.1%,equal,1,5.65,-14.490887537109934
ampicillin,0.1%,equal,1,5.675000000000001,-14.526085416213206
ampicillin,0.1%,equal,1,5.7,-14.56128321424596
ampicillin,0.1%,equal,1,5.7250000000000005,-14.596480937311807
ampicillin,0.1%,equal,1,5.75,-14.63167859105485
ampicillin,0.1%,equal,1,5.775,-14.666876180694262
ampicillin,0.1%,equal,1,5.800000000000001,-14.702073711056281
ampicillin,0.1%,equal,1,5.825,-14.737271186603797
ampicillin,0.1%,equal,1,5.8500000000000005,-14.772468611463704
ampicillin,0.1%,equal,1,5.875,-14.807665989452184
ampicillin,0.1%,equal,1,5.9,-14.84286332409813
ampicillin,0.1%,equal,1,5.925000000000001,-14.878060618664724
ampicillin,0.1%,equal,1,5.95,-14.9132578761695
ampicillin,0.1%,equal,1,5.9750000000000005,-14.948455099402784
ampicillin,0.1%,equal,1,6.0,-14.983652290944837
ampicillin,0.1%,equal,1,6.025,-15.018849453181662
ampicillin,0.1%,equal,1,6.050000000000001,-15.054046588319615
ampicillin,0.1%,equal,1,6.075,-15.08924369839893
ampicillin,0.1%,equal,1,6.1000000000000005,-15.124440785306257
ampicillin,0.1%,equal,1,6.125,-15.159637850786197
ampicillin,0.1%,equal,1,6.15,-15.19483489645199
ampicillin,0.1%,equal,1,6.175000000000001,-15.230031923795428
ampicillin,0.1%,equal,1,6.2,-15.265228934195978
ampicillin,0.1%,equal,1,6.2250000000000005,-15.300425928929268
ampicillin,0.1%,equal,1,6.25,-15.335622909174873
ampicillin,0.1%,equal,1,6.275,-15.37081987602355
ampicillin,0.1%,equal,1,6.300000000000001,-15.406016830483948
ampicillin,0.1%,equal,1,6.325,-15.441213773488775
ampicillin,0.1%,equal,1,6.3500000000000005,-15.476410705900511
ampicillin,0.1%,equal,1,6.375,-15.511607628516701
ampicillin,0.1%,equal,1,6.4,-15.546804542074849
ampicillin,0.1%,equal,1,6.425000000000001,-15.582001447256921
ampicillin,0.1%,equal,1,6.45,-15.617198344693556
ampicillin,0.1%,equal,1,6.4750000000000005,-15.652395234967893
ampicillin,0.1%,equal,1,6.5,-15.687592118619186
ampicillin,0.1%,equal,1,6.525,-15.722788996146082
ampicillin,0.1%,equal,1,6.550000000000001,-15.757985868009676
ampicillin,0.1%,equal,1,6.575,-15.793182734636357
ampicillin,0.1%,equal,1,6.6000000000000005,-15.82837959642041
ampicillin,0.1%,equal,1,6.625,-15.863576453726438
ampicillin,0.1%,equal,1,6.65,-15.898773306891572
ampicillin,0.1%,equal,1,6.675000000000001,-15.933970156227598
ampicillin,0.1%,equal,1,6.7,-15.969167002022802
ampicillin,0.1%,equal,1,6.7250000000000005,-16.004363844543764
ampicillin,0.1%,equal,1,6.75,-16.039560684037006
ampicillin,0.1%,equal,1,6.775,-16.074757520730486
ampicillin,0.1%,equal,1,6.800000000000001,-16.10995435483499
ampicillin,0.1%,equal,1,6.825,-16.14515118654544
ampicillin,0.1%,equal,1,6.8500000000000005,-16.18034801604209
ampicillin,0.1%,equal,1,6.875,-16.215544843491607
ampicillin,0.1%,equal,1,6.9,-16.250741669048132
ampicillin,0.1%,equal,1,6.925000000000001,-16.28593849285417
ampicillin,0.1%,equal,1,6.95,-16.321135315041534
ampicillin,0.1%,equal,1,6.9750000000000005,-16.356332135732078
ampicillin,0.1%,equal,1,7.0,-16.391528955038503
ampicillin,0.1%,equal,2,0.0,-1.1102230246251565e-16
ampicillin,0.1%,equal,2,0.025,-0.11633227968682407
ampicillin,0.1%,equal,2,0.05,-0.23265250365372372
ampicillin,0.1%,equal,2,0.07500000000000001,-0.3489595489746958
ampicillin,0.1%,equal,2,0.1,-0.46525219229498443
ampicillin,0.1%,equal,2,0.125,-0.5815291011572095
ampicillin,0.1%,equal,2,0.15000000000000002,-0.697788824607779
ampicillin,0.1%,equal,2,0.17500000000000002,-0.8140297830276371
ampicillin,0.1%,equal,2,0.2,-0.930250257127604
ampicillin,0.1%,equal,2,0.225,-1.046448376044694
ampicillin,0.1%,equal,2,0.25,-1.162622104471737
ampicillin,0.1%,equal,2,0.275,-1.2787692287484933
ampicillin,0.1%,equal,2,0.30000000000000004,-1.3948873418382388
ampicillin,0.1%,equal,2,0.325,-1.51097382710953
ampicillin,0.1%,equal,2,0.35000000000000003,-1.6270258408386262
ampicillin,0.1%,equal,2,0.375,-1.7430402933438494
ampicillin,0.1%,equal,2,0.4,-1.8590138286591644
ampicillin,0.1%,equal,2,0.42500000000000004,-1.9749428026504392
ampicillin,0.1%,equal,2,0.45,-2.090823259474477
ampicillin,0.1%,equal,2,0.47500000000000003,-2.206650906277844
ampicillin,0.1%,equal,2,0.5,-2.322421086030403
ampicillin,0.1%,equal,2,0.525,-2.4381287483867355
ampicillin,0.1%,equal,2,0.55,-2.5537684184685325
ampicillin,0.1%,equal,2,0.5750000000000001,-2.66933416346171
ampicillin,0.1%,equal,2,0.6000000000000001,-2.7848195569246625
ampicillin,0.1%,equal,2,0.625,-2.900217640708595
ampicillin,0.1%,equal,2,0.65,-3.0155208843977404
ampicillin,0.1%,equal,2,0.675,-3.1307211421871064
ampicillin,0.1%,equal,2,0.7000000000000001,-3.245809607128442
ampicillin,0.1%,equal,2,0.7250000000000001,-3.360776762692339
ampicillin,0.1%,equal,2,0.75,-3.47561233161596
ampicillin,0.1%,equal,2,0.775,-3.5903052220332694
ampicillin,0.1%,equal,2,0.8,-3.704843470917431
ampicillin,0.1%,equal,2,0.8250000000000001,-3.819214184905881
ampicillin,0.1%,equal,2,0.8500000000000001,-3.933403478626324
ampicillin,0.1%,equal,2,0.875,-4.0473964106993785
ampicillin,0.1%,equal,2,0.9,-4.161176917660266
ampicillin,0.1%,equal,2,0.925,-4.2747277461211795
ampicillin,0.1%,equal,2,0.9500000000000001,-4.388030383579217
ampicillin,0.1%,equal,2,0.9750000000000001,-4.5010649883948055
ampicillin,0.1%,equal,2,1.0,-4.6138103195529245
ampicillin,0.1%,equal,2,1.0250000000000001,-4.726243666976263
ampicillin,0.1%,equal,2,1.05,-4.838340783286654
ampicillin,0.1%,equal,2,1.075,-4.950075818073129
ampicillin,0.1%,equal,2,1.1,-5.061421255893514
ampicillin,0.1%,equal,2,1.125,-5.172347859416411
ampicillin,0.1%,equal,2,1.1500000000000001,-5.282824619299091
ampicillin,0.1%,equal,2,1.175,-5.392818712589329
ampicillin,0.1%,equal,2,1.2000000000000002,-5.502295471632007
ampicillin,0.1%,equal,2,1.225,-5.611218365646902
ampicillin,0.1%,equal,2,1.25,-5.719548997314896
ampicillin,0.1%,equal,2,1.2750000000000001,-5.827247116856966
ampicillin,0.1%,equal,2,1.3,-5.9342706562009715
ampicillin,0.1%,equal,2,1.3250000000000002,-6.040575785894519
ampicillin,0.1%,equal,2,1.35,-6.146116997422318
ampicillin,0.1%,equal,2,1.375,-6.250847213509697
ampicillin,0.1%,equal,2,1.4000000000000001,-6.354717928823435
ampicillin,0.1%,equal,2,1.425,-6.457679383204213
ampicillin,0.1%,equal,2,1.4500000000000002,-6.559680769165465
ampicillin,0.1%,equal,2,1.475,-6.66067047486382
ampicillin,0.1%,equal,2,1.5,-6.76059636307798
ampicillin,0.1%,equal,2,1.5250000000000001,-6.85940608592634
ampicillin,0.1%,equal,2,1.55,-6.957047434116846
ampicillin,0.1%,equal,2,1.5750000000000002,-7.0534687184683245
ampicillin,0.1%,equal,2,1.6,-7.148619180299073
ampicillin,0.1%,equal,2,1.625,-7.242449426079928
ampicillin,0.1%,equal,2,1.6500000000000001,-7.334911880540336
ampicillin,0.1%,equal,2,1.675,-7.425961251253491
ampicillin,0.1%,equal,2,1.7000000000000002,-7.5155549966687465
ampicillin,0.1%,equal,2,1.725,-7.603653788673664
ampicillin,0.1%,equal,2,1.75,-7.690221960115602
ampicillin,0.1%,equal,2,1.7750000000000001,-7.775227927354733
ampicillin,0.1%,equal,2,1.8,-7.858644577902278
ampicillin,0.1%,equal,2,1.8250000000000002,-7.940449613556324
ampicillin,0.1%,equal,2,1.85,-8.020625840184854
ampicillin,0.1%,equal,2,1.875,-8.099161396447208
ampicillin,0.1%,equal,2,1.9000000000000001,-8.176049915180442
ampicillin,0.1%,equal,2,1.925,-8.251290612964388
ampicillin,0.1%,equal,2,1.9500000000000002,-8.32488830532927
ampicillin,0.1%,equal,2,1.975,-8.396853347165793
ampicillin,0.1%,equal,2,2.0,-8.46720150000825
ampicillin,0.1%,equal,2,2.025,-8.535953729892233
ampicillin,0.1%,equal,2,2.0500000000000003,-8.603135941343334
ampicillin,0.1%,equal,2,2.075,-8.668778654648886
ampicillin,0.1%,equal,2,2.1,-8.732916634836075
ampicillin,0.1%,equal,2,2.125,-8.795588481684227
ampicillin,0.1%,equal,2,2.15,-8.85683619061694
ampicillin,0.1%,equal,2,2.1750000000000003,-8.91670469445567
ampicillin,0.1%,equal,2,2.2,-8.97524139579483
ampicillin,0.1%,equal,2,2.225,-9.032495699222315
ampicillin,0.1%,equal,2,2.25,-9.08851855181287
ampicillin,0.1%,equal,2,2.275,-9.14336199932792
ampicillin,0.1%,equal,2,2.3000000000000003,-9.197078764428568
ampicillin,0.1%,equal,2,2.325,-9.249721852012039
ampicillin,0.1%,equal,2,2.35,-9.301344185572887
ampicillin,0.1%,equal,2,2.375,-9.351998277318462
ampicillin,0.1%,equal,2,2.4000000000000004,-9.401735933673327
ampicillin,0.1%,equal,2,2.4250000000000003,-9.45060799681864
ampicillin,0.1%,equal,2,2.45,-9.498664122050183
ampicillin,0.1%,equal,2,2.475,-9.545952590012378
ampicillin,0.1%,equal,2,2.5,-9.59252015227834
ampicillin,0.1%,equal,2,2.5250000000000004,-9.638411908293278
ampicillin,0.1%,equal,2,2.5500000000000003,-9.683671211371793
ampicillin,0.1%,equal,2,2.575,-9.728339601226352
ampicillin,0.1%,equal,2,2.6,-9.772456760390122
ampicillin,0.1%,equal,2,2.625,-9.816060491867205
ampicillin,0.1%,equal,2,2.6500000000000004,-9.859186715381702
ampicillin,0.1%,equal,2,2.6750000000000003,-9.901869479689712
ampicillin,0.1%,equal,2,2.7,-9.944140988551412
ampicillin,0.1%,equal,2,2.725,-9.986031638122546
ampicillin,0.1%,equal,2,2.75,-10.027570063705074
ampicillin,0.1%,equal,2,2.7750000000000004,-10.068783193987217
ampicillin,0.1%,equal,2,2.8000000000000003,-10.109696311096448
ampicillin,0.1%,equal,2,2.825,-10.150333114979603
ampicillin,0.1%,equal,2,2.85,-10.190715790808259
ampicillin,0.1%,equal,2,2.875,-10.230865078281417
ampicillin,0.1%,equal,2,2.9000000000000004,-10.27080034185965
ampicillin,0.1%,equal,2,2.9250000000000003,-10.310539641113818
ampicillin,0.1%,equal,2,2.95,-10.350099800506525
ampicillin,0.1%,equal,2,2.975,-10.389496478045942
ampicillin,0.1%,equal,2,3.0,-10.428744232359325
ampicillin,0.1%,equal,2,3.0250000000000004,-10.467856587828507
ampicillin,0.1%,equal,2,3.0500000000000003,-10.50684609751225
ampicillin,0.1%,equal,2,3.075,-10.545724403651887
ampicillin,0.1%,equal,2,3.1,-10.58450229561775
ampicillin,0.1%,equal,2,3.125,-10.623189765205728
ampicillin,0.1%,equal,2,3.1500000000000004,-10.661796059236835
ampicillin,0.1%,equal,2,3.1750000000000003,-10.700329729448692
ampicillin,0.1%,equal,2,3.2,-10.738798679697531
ampicillin,0.1%,equal,2,3.225,-10.777210210513053
ampicillin,0.1%,equal,2,3.25,-10.815571061067724
ampicillin,0.1%,equal,2,3.2750000000000004,-10.85388744863657
ampicillin,0.1%,equal,2,3.3000000000000003,-10.892165105634913
ampicillin,0.1%,equal,2,3.325,-10.9304093143294
ampicillin,0.1%,equal,2,3.35,-10.968624939323313
ampicillin,0.1%,equal,2,3.375,-11.006816457920468
ampicillin,0.1%,equal,2,3.4000000000000004,-11.044987988473567
ampicillin,0.1%,equal,2,3.4250000000000003,-11.083143316823186
ampicillin,0.1%,equal,2,3.45,-11.121285920932358
ampicillin,0.1%,equal,2,3.475,-11.159418993820008
ampicillin,0.1%,equal,2,3.5,-11.197545464893627
ampicillin,0.1%,equal,2,3.5250000000000004,-11.235668019778602
ampicillin,0.1%,equal,2,3.5500000000000003,-11.273789118737774
ampicillin,0.1%,equal,2,3.575,-11.311911013771137
ampicillin,0.1%,equal,2,3.6,-11.350035764481305
ampicillin,0.1%,equal,2,3.625,-11.388165252786377
ampicillin,0.1%,equal,2,3.6500000000000004,-11.42630119655749
ampicillin,0.1%,equal,2,3.6750000000000003,-11.464445162254153
ampicillin,0.1%,equal,2,3.7,-11.502598576626534
ampicillin,0.1%,equal,2,3.725,-11.540762737549445
ampicillin,0.1%,equal,2,3.75,-11.578938824049194
ampicillin,0.1%,equal,2,3.7750000000000004,-11.617127905580539
ampicillin,0.1%,equal,2,3.8000000000000003,-11.65533095060733
ampicillin,0.1%,equal,2,3.825,-11.693548834537053
ampicillin,0.1%,equal,2,3.85,-11.731782347056019
ampicillin,0.1%,equal,2,3.875,-11.770032198909027
ampicillin,0.1%,equal,2,3.9000000000000004,-11.808299028164116
ampicillin,0.1%,equal,2,3.9250000000000003,-11.846583406000462
ampicillin,0.1%,equal,2,3.95,-11.884885842054596
ampicillin,0.1%,equal,2,3.975,-11.923206789357872
ampicillin,0.1%,equal,2,4.0,-11.961546648895593
ampicillin,0.1%,equal,2,4.025,-11.99990577381616
ampicillin,0.1%,equal,2,4.05,-12.038284473316448
ampicillin,0.1%,equal,2,4.075,-12.076683016227893
ampicillin,0.1%,equal,2,4.1000000000000005,-12.115101634325733
ampicillin,0.1%,equal,2,4.125,-12.153540525382466
ampicillin,0.1%,equal,2,4.15,-12.19199985598484
ampicillin,0.1%,equal,2,4.175,-12.230479764132344
ampicillin,0.1%,equal,2,4.2,-12.26898036163389
ampicillin,0.1%,equal,2,4.2250000000000005,-12.307501736317919
ampicillin,0.1%,equal,2,4.25,-12.346043954070355
ampicillin,0.1%,equal,2,4.275,-12.384607060713405
ampicillin,0.1%,equal,2,4.3,-12.423191083737487
ampicillin,0.1%,equal,2,4.325,-12.461796033897475
ampicillin,0.1%,equal,2,4.3500000000000005,-12.500421906683725
ampicillin,0.1%,equal,2,4.375,-12.539068683677423
ampicillin,0.1%,equal,2,4.4,-12.577736333799233
ampicillin,0.1%,equal,2,4.425,-12.616424814459384
ampicillin,0.1%,equal,2,4.45,-12.655134072616804
ampicillin,0.1%,equal,2,4.4750000000000005,-12.693864045754342
ampicillin,0.1%,equal,2,4.5,-12.732614662776493
ampicillin,0.1%,equal,2,4.525,-12.771385844835658
ampicillin,0.1%,equal,2,4.55,-12.81017750609242
ampicillin,0.1%,equal,2,4.575,-12.848989554415
ampicillin,0.1%,equal,2,4.6000000000000005,-12.887821892022473
ampicillin,0.1%,equal,2,4.625,-12.926674416076267
ampicillin,0.1%,equal,2,4.65,-12.965547019223813
ampicillin,0.1%,equal,2,4.675,-13.004439590098116
ampicillin,0.1%,equal,2,4.7,-13.043352013776671
ampicillin,0.1%,equal,2,4.7250000000000005,-13.082284172202868
ampicillin,0.1%,equal,2,4.75,-13.121235944572794
ampicillin,0.1%,equal,2,4.775,-13.160207207690144
ampicillin,0.1%,equal,2,4.800000000000001,-13.199197836291727
ampicillin,0.1%,equal,2,4.825,-13.238207703345825
ampicillin,0.1%,equal,2,4.8500000000000005,-13.277236680325569
ampicillin,0.1%,equal,2,4.875,-13.31628463745926
ampicillin,0.1%,equal,2,4.9,-13.355351443959426
ampicillin,0.1%,equal,2,4.925000000000001,-13.394436968232315
ampicillin,0.1%,equal,2,4.95,-13.43354107806932
ampicillin,0.1%,equal,2,4.9750000000000005,-13.47266364082181
ampicillin,0.1%,equal,2,5.0,-13.511804523560597
ampicillin,0.1%,equal,2,5.025,-13.550963593221306
ampicillin,0.1%,equal,2,5.050000000000001,-13.590140716736755
ampicillin,0.1%,equal,2,5.075,-13.629335761157343
ampicillin,0.1%,equal,2,5.1000000000000005,-13.668548593760427
ampicillin,0.1%,equal,2,5.125,-13.707779082149555
ampicillin,0.1%,equal,2,5.15,-13.747027094344348
ampicillin,0.1%,equal,2,5.175000000000001,-13.78629249886177
ampicillin,0.1%,equal,2,5.2,-13.82557516478954
ampicillin,0.1%,equal,2,5.2250000000000005,-13.864874961852234
ampicillin,0.1%,equal,2,5.25,-13.904191760470678
ampicillin,0.1%,equal,2,5.275,-13.94352543181525
ampicillin,0.1%,equal,2,5.300000000000001,-13.982875847853501
ampicillin,0.1%,equal,2,5.325,-14.022242881392565
ampicillin,0.1%,equal,2,5.3500000000000005,-14.061626406116837
ampicillin,0.1%,equal,2,5.375,-14.101026296621264
ampicillin,0.1%,equal,2,5.4,-14.140442428440608
ampicillin,0.1%,equal,2,5.425000000000001,-14.17987467807503
ampicillin,0.1%,equal,2,5.45,-14.219322923012312
ampicillin,0.1%,equal,2,5.4750000000000005,-14.258787041746972
ampicillin,0.1%,equal,2,5.5,-14.298266913796523
ampicillin,0.1%,equal,2,5.525,-14.3377624197152
ampicillin,0.1%,equal,2,5.550000000000001,-14.377273441105238
ampicillin,0.1%,equal,2,5.575,-14.416799860626053
ampicillin,0.1%,equal,2,5.6000000000000005,-14.456341562001358
ampicillin,0.1%,equal,2,5.625,-14.495898430024576
ampicillin,0.1%,equal,2,5.65,-14.53547035056251
ampicillin,0.1%,equal,2,5.675000000000001,-14.575057210557581
ampicillin,0.1%,equal,2,5.7,-14.61465889802864
ampicillin,0.1%,equal,2,5.7250000000000005,-14.654275302070594
ampicillin,0.1%,equal,2,5.75,-14.693906312852864
ampicillin,0.1%,equal,2,5.775,-14.733551821616853
ampicillin,0.1%,equal,2,5.800000000000001,-14.773211720672471
ampicillin,0.1%,equal,2,5.825,-14.812885903393834
ampicillin,0.1%,equal,2,5.8500000000000005,-14.8525742642142
ampicillin,0.1%,equal,2,5.875,-14.892276698620236
ampicillin,0.1%,equal,2,5.9,-14.931993103145706
ampicillin,0.1%,equal,2,5.925000000000001,-14.971723375364535
ampicillin,0.1%,equal,2,5.95,-15.011467413883489
ampicillin,0.1%,equal,2,5.9750000000000005,-15.05122511833436
ampicillin,0.1%,equal,2,6.0,-15.09099638936578
ampicillin,0.1%,equal,2,6.025,-15.13078112863472
ampicillin,0.1%,equal,2,6.050000000000001,-15.170579238797659
ampicillin,0.1%,equal,2,6.075,-15.210390623501535
ampicillin,0.1%,equal,2,6.1000000000000005,-15.250215187374453
ampicillin,0.1%,equal,2,6.125,-15.290052836016207
ampicillin,0.1%,equal,2,6.15,-15.329903475988626
ampicillin,0.1%,equal,2,6.175000000000001,-15.369767014805849
ampicillin,0.1%,equal,2,6.2,-15.409643360924369
ampicillin,0.1%,equal,2,6.2250000000000005,-15.449532423733155
ampicillin,0.1%,equal,2,6.25,-15.489434113543552
ampicillin,0.1%,equal,2,6.275,-15.52934834157922
ampicillin,0.1%,equal,2,6.300000000000001,-15.56927501996604
ampicillin,0.1%,equal,2,6.325,-15.609214061721936
ampicillin,0.1%,equal,2,6.3500000000000005,-15.649165380746823
ampicillin,0.1%,equal,2,6.375,-15.689128891812414
ampicillin,0.1%,equal,2,6.4,-15.72910451055217
ampicillin,0.1%,equal,2,6.425000000000001,-15.769092153451204
ampicillin,0.1%,equal,2,6.45,-15.809091737836289
ampicillin,0.1%,equal,2,6.4750000000000005,-15.849103181865868
ampicillin,0.1%,equal,2,6.5,-15.88912640452015
ampicillin,0.1%,equal,2,6.525,-15.929161325591242
ampicillin,0.1%,equal,2,6.550000000000001,-15.969207865673406
ampicillin,0.1%,equal,2,6.575,-16.00926594615332
ampicillin,0.1%,equal,2,6.6000000000000005,-16.049335489200494
ampicillin,0.1%,equal,2,6.625,-16.089416417757697
ampicillin,0.1%,equal,2,6.65,-16.129508655531513
ampicillin,0.1%,equal,2,6.675000000000001,-16.169612126983036
ampicillin,0.1%,equal,2,6.7,-16.209726757318535
ampicillin,0.1%,equal,2,6.7250000000000005,-16.24985247248038
ampicillin,0.1%,equal,2,6.75,-16.289989199137878
ampicillin,0.1%,equal,2,6.775,-16.330136864678376
ampicillin,0.1%,equal,2,6.800000000000001,-16.370295397198397
ampicillin,0.1%,equal,2,6.825,-16.41046472549486
ampicillin,0.1%,equal,2,6.8500000000000005,-16.450644779056447
ampicillin,0.1%,equal,2,6.875,-16.490835488055037
ampicillin,0.1%,equal,2,6.9,-16.53103678333729
ampicillin,0.1%,equal,2,6.925000000000001,-16.571248596416293
ampicillin,0.1%,equal,2,6.95,-16.611470859463335
ampicillin,0.1%,equal,2,6.9750000000000005,-16.651703505299785
ampicillin,0.1%,equal,2,7.0,-16.691946467389073
ampicillin,0.1%,equal,3,0.0,-1.1102230246251565e-16
ampicillin,0.1%,equal,3,0.025,-0.1187838106286581
ampicillin,0.1%,equal,3,0.05,-0.2375542549107694
ampicillin,0.1%,equal,3,0.07500000000000001,-0.35630995394527376
ampicillin,0.1%,equal,3,0.1,-0.475049393265998
ampicillin,0.1%,equal,3,0.125,-0.5937709101630859
ampicillin,0.1%,equal,3,0.15000000000000002,-0.7124726798838082
ampicillin,0.1%,equal,3,0.17500000000000002,-0.8311527006216981
ampicillin,0.1%,equal,3,0.2,-0.9498087771967962
ampicillin,0.1%,equal,3,0.225,-1.0684385033234713
ampicillin,0.1%,equal,3,0.25,-1.1870392423557965
ampicillin,0.1%,equal,3,0.275,-1.3056081063939322
ampicillin,0.1%,equal,3,0.30000000000000004,-1.424141933628435
ampicillin,0.1%,equal,3,0.325,-1.5426372637929988
ampicillin,0.1%,equal,3,0.35000000000000003,-1.6610903115899651
ampicillin,0.1%,equal,3,0.375,-1.7794969379471568
ampicillin,0.1%,equal,3,0.4,-1.8978526189594522
ampicillin,0.1%,equal,3,0.42500000000000004,-2.0161524123641166
ampicillin,0.1%,equal,3,0.45,-2.134390921395707
ampicillin,0.1%,equal,3,0.47500000000000003,-2.2525622558646687
ampicillin,0.1%,equal,3,0.5,-2.370659990303595
ampicillin,0.1%,equal,3,0.525,-2.488677119027798
ampicillin,0.1%,equal,3,0.55,-2.606606007961972
ampicillin,0.1%,equal,3,0.5750000000000001,-2.7244383430934627
ampicillin,0.1%,equal,3,0.6000000000000001,-2.8421650754259065
ampicillin,0.1%,equal,3,0.625,-2.9597763623250746
ampicillin,0.1%,equal,3,0.65,-3.077261505172912
ampicillin,0.1%,equal,3,0.675,-3.1946088832775392
ampicillin,0.1%,equal,3,0.7000000000000001,-3.3118058840262834
ampicillin,0.1%,equal,3,0.7250000000000001,-3.428838829318823
ampicillin,0.1%,equal,3,0.75,-3.5456928983778817
ampicillin,0.1%,equal,3,0.775,-3.6623520471085134
ampicillin,0.1%,equal,3,0.8,-3.778798924264782
ampicillin,0.1%,equal,3,0.8250000000000001,-3.8950147847864103
ampicillin,0.1%,equal,3,0.8500000000000001,-4.0109794007895445
ampicillin,0.1%,equal,3,0.875,-4.126670970836511
ampicillin,0.1%,equal,3,0.9,-4.2420660282720855
ampicillin,0.1%,equal,3,0.925,-4.357139349590272
ampicillin,0.1%,equal,3,0.9500000000000001,-4.471863864018958
ampicillin,0.1%,equal,3,0.9750000000000001,-4.586210565709367
ampicillin,0.1%,equal,3,1.0,-4.700148430192652
ampicillin,0.1%,equal,3,1.0250000000000001,-4.813644337018507
ampicillin,0.1%,equal,3,1.05,-4.926663000778622
ampicillin,0.1%,equal,3,1.075,-5.039166913010191
ampicillin,0.1%,equal,3,1.1,-5.151116297769907
ampicillin,0.1%,equal,3,1.125,-5.2624690839568675
ampicillin,0.1%,equal,3,1.1500000000000001,-5.373180897729188
ampicillin,0.1%,equal,3,1.175,-5.483205078590959
ampicillin,0.1%,equal,3,1.2000000000000002,-5.592492722901306
ampicillin,0.1%,equal,3,1.225,-5.700992758657844
ampicillin,0.1%,equal,3,1.25,-5.808652055405741
ampicillin,0.1%,equal,3,1.2750000000000001,-5.915415572997874
ampicillin,0.1%,equal,3,1.3,-6.021226552653213
ampicillin,0.1%,equal,3,1.3250000000000002,-6.1260267533055375
ampicillin,0.1%,equal,3,1.35,-6.2297567355816295
ampicillin,0.1%,equal,3,1.375,-6.332356194878479
ampicillin,0.1%,equal,3,1.4000000000000001,-6.433764343917884
ampicillin,0.1%,equal,3,1.425,-6.533920343844571
ampicillin,0.1%,equal,3,1.4500000000000002,-6.632763781419676
ampicillin,0.1%,equal,3,1.475,-6.730235188177879
ampicillin,0.1%,equal,3,1.5,-6.826276595615437
ampicillin,0.1%,equal,3,1.5250000000000001,-6.920832118628369
ampicillin,0.1%,equal,3,1.55,-7.013848557610189
ampicillin,0.1%,equal,3,1.5750000000000002,-7.105276007949349
ampicillin,0.1%,equal,3,1.6,-7.195068464244586
ampicillin,0.1%,equal,3,1.625,-7.2831844054915145
ampicillin,0.1%,equal,3,1.6500000000000001,-7.369587346888389
ampicillin,0.1%,equal,3,1.675,-7.454246343846339
ampicillin,0.1%,equal,3,1.7000000000000002,-7.5371364343269285
ampicillin,0.1%,equal,3,1.725,-7.618239006791161
ampicillin,0.1%,equal,3,1.75,-7.697542082811056
ampicillin,0.1%,equal,3,1.7750000000000001,-7.775040505706447
ampicillin,0.1%,equal,3,1.8,-7.8507360293286625
ampicillin,0.1%,equal,3,1.8250000000000002,-7.924637304174142
ampicillin,0.1%,equal,3,1.85,-7.9967597612459755
ampicillin,0.1%,equal,3,1.875,-8.067125397248914
ampicillin,0.1%,equal,3,1.9000000000000001,-8.135762467736377
ampicillin,0.1%,equal,3,1.925,-8.202705097469075
ampicillin,0.1%,equal,3,1.9500000000000002,-8.267992819434653
ampicillin,0.1%,equal,3,1.975,-8.331670055597229
ampicillin,0.1%,equal,3,2.0,-8.393785553451176
ampicillin,0.1%,equal,3,2.025,-8.454391792838521
ampicillin,0.1%,equal,3,2.0500000000000003,-8.513544377284628
ampicillin,0.1%,equal,3,2.075,-8.571301423378076
ampicillin,0.1%,equal,3,2.1,-8.627722960557076
ampicillin,0.1%,equal,3,2.125,-8.682870352170404
ampicillin,0.1%,equal,3,2.15,-8.736805746966349
ampicillin,0.1%,equal,3,2.1750000000000003,-8.789591568334716
ampicillin,0.1%,equal,3,2.2,-8.841290046782726
ampicillin,0.1%,equal,3,2.225,-8.891962799347482
ampicillin,0.1%,equal,3,2.25,-8.941670458001921
ampicillin,0.1%,equal,3,2.275,-8.990472347644152
ampicillin,0.1%,equal,3,2.3000000000000003,-9.038426213001484
ampicillin,0.1%,equal,3,2.325,-9.085587992743946
ampicillin,0.1%,equal,3,2.35,-9.1320116382876
ampicillin,0.1%,equal,3,2.375,-9.177748974165093
ampicillin,0.1%,equal,3,2.4000000000000004,-9.222849596431884
ampicillin,0.1%,equal,3,2.4250000000000003,-9.26736080533829
ampicillin,0.1%,equal,3,2.45,-9.311327568404646
ampicillin,0.1%,equal,3,2.475,-9.354792510063335
ampicillin,0.1%,equal,3,2.5,-9.397795924151941
ampicillin,0.1%,equal,3,2.5250000000000004,-9.440375805733092
ampicillin,0.1%,equal,3,2.5500000000000003,-9.482567898957868
ampicillin,0.1%,equal,3,2.575,-9.52440575796279
ampicillin,0.1%,equal,3,2.6,-9.56592081808084
ampicillin,0.1%,equal,3,2.625,-9.607142474942323
ampicillin,0.1%,equal,3,2.6500000000000004,-9.648098169332322
ampicillin,0.1%,equal,3,2.6750000000000003,-9.688813475951028
ampicillin,0.1%,equal,3,2.7,-9.729312194486461
ampicillin,0.1%,equal,3,2.725,-9.7696164416525
ampicillin,0.1%,equal,3,2.75,-9.809746743067267
ampicillin,0.1%,equal,3,2.7750000000000004,-9.849722124046513
ampicillin,0.1%,equal,3,2.8000000000000003,-9.889560198564377
ampicillin,0.1%,equal,3,2.825,-9.929277255789877
ampicillin,0.1%,equal,3,2.85,-9.968888343743398
ampicillin,0.1%,equal,3,2.875,-10.008407349734345
ampicillin,0.1%,equal,3,2.9000000000000004,-10.047847077340858
ampicillin,0.1%,equal,3,2.9250000000000003,-10.087219319776452
ampicillin,0.1%,equal,3,2.95,-10.126534929558767
ampicillin,0.1%,equal,3,2.975,-10.165803884453206
ampicillin,0.1%,equal,3,3.0,-10.20503534971148
ampicillin,0.1%,equal,3,3.0250000000000004,-10.244237736662592
ampicillin,0.1%,equal,3,3.0500000000000003,-10.283418757743515
ampicillin,0.1%,equal,3,3.075,-10.322585478079532
ampicillin,0.1%,equal,3,3.1,-10.36174436374106
ampicillin,0.1%,equal,3,3.125,-10.400901326815944
ampicillin,0.1%,equal,3,3.1500000000000004,-10.440061767444075
ampicillin,0.1%,equal,3,3.1750000000000003,-10.479230612965882
ampicillin,0.1%,equal,3,3.2,-10.51841235433813
ampicillin,0.1%,equal,3,3.225,-10.557611079970107
ampicillin,0.1%,equal,3,3.25,-10.596830507131395
ampicillin,0.1%,equal,3,3.2750000000000004,-10.63607401107884
ampicillin,0.1%,equal,3,3.3000000000000003,-10.675344652045982
ampicillin,0.1%,equal,3,3.325,-10.71464520023308
ampicillin,0.1%,equal,3,3.35,-10.753978158929923
ampicillin,0.1%,equal,3,3.375,-10.793345785897742
ampicillin,0.1%,equal,3,3.4000000000000004,-10.832750113130006
ampicillin,0.1%,equal,3,3.4250000000000003,-10.872192965105617
ampicillin,0.1%,equal,3,3.45,-10.911675975641632
ampicillin,0.1%,equal,3,3.475,-10.951200603446122
ampicillin,0.1%,equal,3,3.5,-10.99076814646592
ampicillin,0.1%,equal,3,3.5250000000000004,-11.030379755117776
ampicillin,0.1%,equal,3,3.5500000000000003,-11.07003644448575
ampicillin,0.1%,equal,3,3.575,-11.109739105562259
ampicillin,0.1%,equal,3,3.6,-11.149488515604695
ampicillin,0.1%,equal,3,3.625,-11.189285347674861
ampicillin,0.1%,equal,3,3.6500000000000004,-11.229130179423429
ampicillin,0.1%,equal,3,3.6750000000000003,-11.269023501177385
ampicillin,0.1%,equal,3,3.7,-11.30896572338418
ampicillin,0.1%,equal,3,3.725,-11.348957183462304
ampicillin,0.1%,equal,3,3.75,-11.388998152104486
ampicillin,0.1%,equal,3,3.7750000000000004,-11.429088839076107
ampicillin,0.1%,equal,3,3.8000000000000003,-11.469229398548286
ampicillin,0.1%,equal,3,3.825,-11.50941993400224
ampicillin,0.1%,equal,3,3.85,-11.549660502738424
ampicillin,0.1%,equal,3,3.875,-11.589951120021777
ampicillin,0.1%,equal,3,3.9000000000000004,-11.630291762891646
ampicillin,0.1%,equal,3,3.9250000000000003,-11.670682373662999
ampicillin,0.1%,equal,3,3.95,-11.711122863143336
ampicillin,0.1%,equal,3,3.975,-11.751613113587855
ampicillin,0.1%,equal,3,4.0,-11.792152981413668
ampicillin,0.1%,equal,3,4.025,-11.832742299692226
ampicillin,0.1%,equal,3,4.05,-11.87338088043761
ampicillin,0.1%,equal,3,4.075,-11.914068516706969
ampicillin,0.1%,equal,3,4.1000000000000005,-11.954804984528053
ampicillin,0.1%,equal,3,4.125,-11.9955900446677
ampicillin,0.1%,equal,3,4.15,-12.03642344425395
ampicillin,0.1%,equal,3,4.175,-12.077304918263474
ampicillin,0.1%,equal,3,4.2,-12.118234190885165
ampicillin,0.1%,equal,3,4.2250000000000005,-12.159210976769726
ampicillin,0.1%,equal,3,4.25,-12.200234982174434
ampicillin,0.1%,equal,3,4.275,-12.241305906011542
ampicillin,0.1%,equal,3,4.3,-12.282423440807875
ampicillin,0.1%,equal,3,4.325,-12.323587273583012
ampicillin,0.1%,equal,3,4.3500000000000005,-12.364797086652342
ampicillin,0.1%,equal,3,4.375,-12.406052558361223
ampicillin,0.1%,equal,3,4.4,-12.447353363755695
ampicillin,0.1%,equal,3,4.425,-12.488699175194881
ampicillin,0.1%,equal,3,4.45,-12.5300896629098
ampicillin,0.1%,equal,3,4.4750000000000005,-12.57152449551289
ampicillin,0.1%,equal,3,4.5,-12.613003340462239
ampicillin,0.1%,equal,3,4.525,-12.654525864484192
ampicillin,0.1%,equal,3,4.55,-12.696091733957687
ampicillin,0.1%,equal,3,4.575,-12.737700615263478
ampicillin,0.1%,equal,3,4.6000000000000005,-12.779352175101002
ampicillin,0.1%,equal,3,4.625,-12.821046080775638
ampicillin,0.1%,equal,3,4.65,-12.86278200045867
ampicillin,0.1%,equal,3,4.675,-12.90455960342228
ampicillin,0.1%,equal,3,4.7,-12.946378560251498
ampicillin,0.1%,equal,3,4.7250000000000005,-12.98823854303515
ampicillin,0.1%,equal,3,4.75,-13.030139225537349
ampicillin,0.1%,equal,3,4.775,-13.072080283351326
ampicillin,0.1%,equal,3,4.800000000000001,-13.114061394036918
ampicillin,0.1%,equal,3,4.825,-13.1560822372431
ampicillin,0.1%,equal,3,4.8500000000000005,-13.198142494816885
ampicillin,0.1%,equal,3,4.875,-13.240241850899618
ampicillin,0.1%,equal,3,4.9,-13.2823799920118
ampicillin,0.1%,equal,3,4.925000000000001,-13.32455660712737
ampicillin,0.1%,equal,3,4.95,-13.366771387738336
ampicillin,0.1%,equal,3,4.9750000000000005,-13.40902402791066
ampicillin,0.1%,equal,3,5.0,-13.451314224331936
ampicillin,0.1%,equal,3,5.025,-13.493641676351876
ampicillin,0.1%,equal,3,5.050000000000001,-13.536006086015895
ampicillin,0.1%,equal,3,5.075,-13.578407158092675
ampicillin,0.1%,equal,3,5.1000000000000005,-13.620844600096063
ampicillin,0.1%,equal,3,5.125,-13.663318122301861
ampicillin,0.1%,equal,3,5.15,-13.70582743775998
ampicillin,0.1%,equal,3,5.175000000000001,-13.748372262302361
ampicillin,0.1%,equal,3,5.2,-13.790952314547026
ampicillin,0.1%,equal,3,5.2250000000000005,-13.833567315898648
ampicillin,0.1%,equal,3,5.25,-13.876216990545975
ampicillin,0.1%,equal,3,5.275,-13.918901065456351
ampicillin,0.1%,equal,3,5.300000000000001,-13.96161927036765
ampicillin,0.1%,equal,3,5.325,-14.004371337777892
ampicillin,0.1%,equal,3,5.3500000000000005,-14.047157002932725
ampicillin,0.1%,equal,3,5.375,-14.089976003811023
ampicillin,0.1%,equal,3,5.4,-14.13282808110878
ampicillin,0.1%,equal,3,5.425000000000001,-14.175712978221489
ampicillin,0.1%,equal,3,5.45,-14.218630441225136
ampicillin,0.1%,equal,3,5.4750000000000005,-14.261580218856052
ampicillin,0.1%,equal,3,5.5,-14.3045620624896
ampicillin,0.1%,equal,3,5.525,-14.347575726118023
ampicillin,0.1%,equal,3,5.550000000000001,-14.390620966327406
ampicillin,0.1%,equal,3,5.575,-14.433697542273912
ampicillin,0.1%,equal,3,5.6000000000000005,-14.476805215659443
ampicillin,0.1%,equal,3,5.625,-14.519943750706728
ampicillin,0.1%,equal,3,5.65,-14.563112914133987
ampicillin,0.1%,equal,3,5.675000000000001,-14.606312475129176
ampicillin,0.1%,equal,3,5.7,-14.64954220532398
ampicillin,0.1%,equal,3,5.7250000000000005,-14.692801878767517
ampicillin,0.1%,equal,3,5.75,-14.736091271899836
ampicillin,0.1%,equal,3,5.775,-14.779410163525366
ampicillin,0.1%,equal,3,5.800000000000001,-14.822758334786123
ampicillin,0.1%,equal,3,5.825,-14.86613556913499
ampicillin,0.1%,equal,3,5.8500000000000005,-14.909541652308961
ampicillin,0.1%,equal,3,5.875,-14.952976372302336
ampicillin,0.1%,equal,3,5.9,-14.996439519340058
ampicillin,0.1%,equal,3,5.925000000000001,-15.039930885851076
ampicillin,0.1%,equal,3,5.95,-15.08345026644184
ampicillin,0.1%,equal,3,5.9750000000000005,-15.126997457869923
ampicillin,0.1%,equal,3,6.0,-15.17057225901777
ampicillin,0.1%,equal,3,6.025,-15.21417447086667
ampicillin,0.1%,equal,3,6.050000000000001,-15.257803896470861
ampicillin,0.1%,equal,3,6.075,-15.301460340931829
ampicillin,0.1%,equal,3,6.1000000000000005,-15.34514361137291
ampicillin,0.1%,equal,3,6.125,-15.388853516914022
ampicillin,0.1%,equal,3,6.15,-15.432589868646655
ampicillin,0.1%,equal,3,6.175000000000001,-15.47635247960916
ampicillin,0.1%,equal,3,6.2,-15.520141164762178
ampicillin,0.1%,equal,3,6.2250000000000005,-15.563955740964495
ampicillin,0.1%,equal,3,6.25,-15.607796026948984
ampicillin,0.1%,equal,3,6.275,-15.651661843298939
ampicillin,0.1%,equal,3,6.300000000000001,-15.695553012424623
ampicillin,0.1%,equal,3,6.325,-15.739469358540143
ampicillin,0.1%,equal,3,6.3500000000000005,-15.78341070764053
ampicillin,0.1%,equal,3,6.375,-15.827376887479193
ampicillin,0.1%,equal,3,6.4,-15.871367727545536
ampicillin,0.1%,equal,3,6.425000000000001,-15.915383059043005
ampicillin,0.1%,equal,3,6.45,-15.959422714867307
ampicillin,0.1%,equal,3,6.4750000000000005,-16.003486529584915
ampicillin,0.1%,equal,3,6.5,-16.04757433941197
ampicillin,0.1%,equal,3,6.525,-16.0916859821933
ampicillin,0.1%,equal,3,6.550000000000001,-16.13582129738183
ampicillin,0.1%,equal,3,6.575,-16.17998012601829
ampicillin,0.1%,equal,3,6.6000000000000005,-16.22416231071109
ampicillin,0.1%,equal,3,6.625,-16.268367695616593
ampicillin,0.1%,equal,3,6.65,-16.312596126419574
ampicillin,0.1%,equal,3,6.675000000000001,-16.356847450313982
ampicillin,0.1%,equal,3,6.7,-16.40112151598401
ampicillin,0.1%,equal,3,6.7250000000000005,-16.445418173585352
ampicillin,0.1%,equal,3,6.75,-16.489737274726807
ampicillin,0.1%,equal,3,6.775,-16.53407867245207
ampicillin,0.1%,equal,3,6.800000000000001,-16.578442221221867
ampicillin,0.1%,equal,3,6.825,-16.6228277768962
ampicillin,0.1%,equal,3,6.8500000000000005,-16.667235196717105
ampicillin,0.1%,equal,3,6.875,-16.71166433929133
ampicillin,0.1%,equal,3,6.9,-16.756115064573496
ampicillin,0.1%,equal,3,6.925000000000001,-16.80058723384947
ampicillin,0.1%,equal,3,6.95,-16.84508070971986
ampicillin,0.1%,equal,3,6.9750000000000005,-16.889595356083902
ampicillin,0.1%,equal,3,7.0,-16.93413103812343
ampicillin,0.1%,equal,4,0.0,-1.1102230246251565e-16
ampicillin,0.1%,equal,4,0.025,-0.1207891327662843
ampicillin,0.1%,equal,4,0.05,-0.24156399899183748
ampicillin,0.1%,equal,4,0.07500000000000001,-0.3623230404654283
ampicillin,0.1%,equal,4,0.1,-0.48306453443359637
ampicillin,0.1%,equal,4,0.125,-0.6037865770511661
ampicillin,0.1%,equal,4,0.15000000000000002,-0.7244870652689348
ampicillin,0.1%,equal,4,0.17500000000000002,-0.8451636770241983
ampicillin,0.1%,equal,4,0.2,-0.9658138495902872
ampicillin,0.1%,equal,4,0.225,-1.0864347559315966
ampicillin,0.1%,equal,4,0.25,-1.207023278900667
ampicillin,0.1%,equal,4,0.275,-1.3275759831039615
ampicillin,0.1%,equal,4,0.30000000000000004,-1.4480890842531107
ampicillin,0.1%,equal,4,0.325,-1.568558415808883
ampicillin,0.1%,equal,4,0.35000000000000003,-1.688979392716154
ampicillin,0.1%,equal,4,0.375,-1.8093469720199966
ampicillin,0.1%,equal,4,0.4,-1.929655610146095
ampicillin,0.1%,equal,4,0.42500000000000004,-2.049899216623546
ampicillin,0.1%,equal,4,0.45,-2.1700711040250225
ampicillin,0.1%,equal,4,0.47500000000000003,-2.290163933899315
ampicillin,0.1%,equal,4,0.5,-2.410169658474755
ampicillin,0.1%,equal,4,0.525,-2.5300794579203885
ampicillin,0.1%,equal,4,0.55,-2.6498836729655406
ampicillin,0.1%,equal,4,0.5750000000000001,-2.76957173269947
ampicillin,0.1%,equal,4,0.6000000000000001,-2.8891320774018987
ampicillin,0.1%,equal,4,0.625,-3.0085520762948184
ampicillin,0.1%,equal,4,0.65,-3.127817940157141
ampicillin,0.1%,equal,4,0.675,-3.2469146288092494
ampicillin,0.1%,equal,4,0.7000000000000001,-3.3658257535562166
ampicillin,0.1%,equal,4,0.7250000000000001,-3.4845334747791425
ampicillin,0.1%,equal,4,0.75,-3.6030183949862837
ampicillin,0.1%,equal,4,0.775,-3.7212594477821814
ampicillin,0.1%,equal,4,0.8,-3.8392337833866717
ampicillin,0.1%,equal,4,0.8250000000000001,-3.9569166515392267
ampicillin,0.1%,equal,4,0.8500000000000001,-4.07428128285987
ampicillin,0.1%,equal,4,0.875,-4.191298770007835
ampicillin,0.1%,equal,4,0.9,-4.307937950285526
ampicillin,0.1%,equal,4,0.925,-4.424165291669357
ampicillin,0.1%,equal,4,0.9500000000000001,-4.53994478464247
ampicillin,0.1%,equal,4,0.9750000000000001,-4.655237842578958
ampicillin,0.1%,equal,4,1.0,-4.770003213887187
ampicillin,0.1%,equal,4,1.0250000000000001,-4.884196909546841
ampicillin,0.1%,equal,4,1.05,-4.997772150124938
ampicillin,0.1%,equal,4,1.075,-5.110679336784846
ampicillin,0.1%,equal,4,1.1,-5.22286605119347
ampicillin,0.1%,equal,4,1.125,-5.3342770895566245
ampicillin,0.1%,equal,4,1.1500000000000001,-5.444854536239193
ampicillin,0.1%,equal,4,1.175,-5.5545378825162866
ampicillin,0.1%,equal,4,1.2000000000000002,-5.663264195913969
ampicillin,0.1%,equal,4,1.225,-5.770968345288889
ampicillin,0.1%,equal,4,1.25,-5.877583286223193
ampicillin,0.1%,equal,4,1.2750000000000001,-5.98304041043434
ampicillin,0.1%,equal,4,1.3,-6.087269961688486
ampicillin,0.1%,equal,4,1.3250000000000002,-6.190201519142448
ampicillin,0.1%,equal,4,1.35,-6.291764547123367
ampicillin,0.1%,equal,4,1.375,-6.391889008110763
ampicillin,0.1%,equal,4,1.4000000000000001,-6.490506033165118
ampicillin,0.1%,equal,4,1.425,-6.5875486413345685
ampicillin,0.1%,equal,4,1.4500000000000002,-6.682952496780387
ampicillin,0.1%,equal,4,1.475,-6.776656689641296
ampicillin,0.1%,equal,4,1.5,-6.8686045241720315
ampicillin,0.1%,equal,4,1.5250000000000001,-6.958744295626188
ampicillin,0.1%,equal,4,1.55,-7.047030035890008
ampicillin,0.1%,equal,4,1.5750000000000002,-7.133422207174797
ampicillin,0.1%,equal,4,1.6,-7.217888323272267
ampicillin,0.1%,equal,4,1.625,-7.300403479047354
ampicillin,0.1%,equal,4,1.6500000000000001,-7.3809507709985605
ampicillin,0.1%,equal,4,1.675,-7.459521594798786
ampicillin,0.1%,equal,4,1.7000000000000002,-7.536115809602944
ampicillin,0.1%,equal,4,1.725,-7.6107417633743575
ampicillin,0.1%,equal,4,1.75,-7.683416178286041
ampicillin,0.1%,equal,4,1.7750000000000001,-7.754163900113654
ampicillin,0.1%,equal,4,1.8,-7.8230175201614385
ampicillin,0.1%,equal,4,1.8250000000000002,-7.890016882408996
ampicillin,0.1%,equal,4,1.85,-7.955208491950593
ampicillin,0.1%,equal,4,1.875,-8.018644843352375
ampicillin,0.1%,equal,4,1.9000000000000001,-8.080383689092951
ampicillin,0.1%,equal,4,1.925,-8.140487268827114
ampicillin,0.1%,equal,4,1.9500000000000002,-8.19902151984802
ampicillin,0.1%,equal,4,1.975,-8.256055287938647
ampicillin,0.1%,equal,4,2.0,-8.311659555950422
ampicillin,0.1%,equal,4,2.025,-8.365906705103356
ampicillin,0.1%,equal,4,2.0500000000000003,-8.418869821350947
ampicillin,0.1%,equal,4,2.075,-8.470622056370374
ampicillin,0.1%,equal,4,2.1,-8.521236049979146
ampicillin,0.1%,equal,4,2.125,-8.570783418171622
ampicillin,0.1%,equal,4,2.15,-8.619334308608188
ampicillin,0.1%,equal,4,2.1750000000000003,-8.666957023340967
ampicillin,0.1%,equal,4,2.2,-8.713717706857269
ampicillin,0.1%,equal,4,2.225,-8.759680096174035
ampicillin,0.1%,equal,4,2.25,-8.804905328712067
ampicillin,0.1%,equal,4,2.275,-8.849451802991206
ampicillin,0.1%,equal,4,2.3000000000000003,-8.893375086779825
ampicillin,0.1%,equal,4,2.325,-8.93672786716261
ampicillin,0.1%,equal,4,2.35,-8.979559937015607
ampicillin,0.1%,equal,4,2.375,-9.021918212554723
ampicillin,0.1%,equal,4,2.4000000000000004,-9.063846776913941
ampicillin,0.1%,equal,4,2.4250000000000003,-9.105386945077932
ampicillin,0.1%,equal,4,2.45,-9.146577345910497
ampicillin,0.1%,equal,4,2.475,-9.18745401746129
ampicillin,0.1%,equal,4,2.5,-9.228050512178974
ampicillin,0.1%,equal,4,2.5250000000000004,-9.268398009094387
ampicillin,0.1%,equal,4,2.5500000000000003,-9.308525430452091
ampicillin,0.1%,equal,4,2.575,-9.348459560655133
ampicillin,0.1%,equal,4,2.6,-9.388225165741618
ampicillin,0.1%,equal,4,2.625,-9.427845111930672
ampicillin,0.1%,equal,4,2.6500000000000004,-9.467340482058653
ampicillin,0.1%,equal,4,2.6750000000000003,-9.50673068897537
ampicillin,0.1%,equal,4,2.7,-9.546033585185578
ampicillin,0.1%,equal,4,2.725,-9.585265568206056
ampicillin,0.1%,equal,4,2.75,-9.624441681265273
ampicillin,0.1%,equal,4,2.7750000000000004,-9.663575709103956
ampicillin,0.1%,equal,4,2.8000000000000003,-9.702680268743709
ampicillin,0.1%,equal,4,2.825,-9.741766895179587
ampicillin,0.1%,equal,4,2.85,-9.780846122024231
ampicillin,0.1%,equal,4,2.875,-9.81992755718777
ampicillin,0.1%,equal,4,2.9000000000000004,-9.859019953721674
ampicillin,0.1%,equal,4,2.9250000000000003,-9.898131275987943
ampicillin,0.1%,equal,4,2.95,-9.937268761339237
ampicillin,0.1%,equal,4,2.975,-9.976438977512124
ampicillin,0.1%,equal,4,3.0,-10.015647875946389
ampicillin,0.1%,equal,4,3.0250000000000004,-10.054900841248662
ampicillin,0.1%,equal,4,3.0500000000000003,-10.094202737020272
ampicillin,0.1%,equal,4,3.075,-10.133557948267581
ampicillin,0.1%,equal,4,3.1,-10.17297042060893
ampicillin,0.1%,equal,4,3.125,-10.212443696486138
ampicillin,0.1%,equal,4,3.1500000000000004,-10.25198094858146
ampicillin,0.1%,equal,4,3.1750000000000003,-10.291585010632073
ampicillin,0.1%,equal,4,3.2,-10.331258405825434
ampicillin,0.1%,equal,4,3.225,-10.371003372949215
ampicillin,0.1%,equal,4,3.25,-10.410821890459964
ampicillin,0.1%,equal,4,3.2750000000000004,-10.450715698624967
ampicillin,0.1%,equal,4,3.3000000000000003,-10.490686319882222
ampicillin,0.1%,equal,4,3.325,-10.53073507755431
ampicillin,0.1%,equal,4,3.35,-10.570863113042629
ampicillin,0.1%,equal,4,3.375,-10.611071401620105
ampicillin,0.1%,equal,4,3.4000000000000004,-10.651360766932129
ampicillin,0.1%,equal,4,3.4250000000000003,-10.691731894307448
ampicillin,0.1%,equal,4,3.45,-10.732185342973684
ampicillin,0.1%,equal,4,3.475,-10.772721557264683
ampicillin,0.1%,equal,4,3.5,-10.813340876900808
ampicillin,0.1%,equal,4,3.5250000000000004,-10.854043546416714
ampicillin,0.1%,equal,4,3.5500000000000003,-10.894829723805685
ampicillin,0.1%,equal,4,3.575,-10.935699488444135
ampicillin,0.1%,equal,4,3.6,-10.976652848354863
ampicillin,0.1%,equal,4,3.625,-11.017689746863105
ampicillin,0.1%,equal,4,3.6500000000000004,-11.058810068695077
ampicillin,0.1%,equal,4,3.6750000000000003,-11.100013645564765
ampicillin,0.1%,equal,4,3.7,-11.141300261290995
ampicillin,0.1%,equal,4,3.725,-11.182669656483506
ampicillin,0.1%,equal,4,3.75,-11.22412153283347
ampicillin,0.1%,equal,4,3.7750000000000004,-11.265655557041221
ampicillin,0.1%,equal,4,3.8000000000000003,-11.307271364411074
ampicillin,0.1%,equal,4,3.825,-11.348968562140843
ampicillin,0.1%,equal,4,3.85,-11.39074673233126
ampicillin,0.1%,equal,4,3.875,-11.43260543473857
ampicillin,0.1%,equal,4,3.9000000000000004,-11.474544209291519
ampicillin,0.1%,equal,4,3.9250000000000003,-11.51656257839236
ampicillin,0.1%,equal,4,3.95,-11.558660049019672
ampicillin,0.1%,equal,4,3.975,-11.6008361146496
ampicillin,0.1%,equal,4,4.0,-11.643090257010437
ampicillin,0.1%,equal,4,4.025,-11.685421947684544
ampicillin,0.1%,equal,4,4.05,-11.727830649570151
ampicillin,0.1%,equal,4,4.075,-11.770315818214812
ampicillin,0.1%,equal,4,4.1000000000000005,-11.812876903031094
ampicillin,0.1%,equal,4,4.125,-11.855513348404381
ampicillin,0.1%,equal,4,4.15,-11.8982245947017
ampicillin,0.1%,equal,4,4.175,-11.941010079189859
ampicillin,0.1%,equal,4,4.2,-11.983869236870438
ampicillin,0.1%,equal,4,4.2250000000000005,-12.026801501238586
ampicillin,0.1%,equal,4,4.25,-12.069806304971925
ampicillin,0.1%,equal,4,4.275,-12.112883080555504
ampicillin,0.1%,equal,4,4.3,-12.156031260847994
ampicillin,0.1%,equal,4,4.325,-12.199250279594223
ampicillin,0.1%,equal,4,4.3500000000000005,-12.242539571888367
ampicillin,0.1%,equal,4,4.375,-12.285898574592098
ampicillin,0.1%,equal,4,4.4,-12.329326726711328
ampicillin,0.1%,equal,4,4.425,-12.372823469735126
ampicillin,0.1%,equal,4,4.45,-12.41638824793998
ampicillin,0.1%,equal,4,4.4750000000000005,-12.460020508662286
ampicillin,0.1%,equal,4,4.5,-12.503719702541824
ampicillin,0.1%,equal,4,4.525,-12.54748528373859
ampicillin,0.1%,equal,4,4.55,-12.591316710125362
ampicillin,0.1%,equal,4,4.575,-12.635213443457955
ampicillin,0.1%,equal,4,4.6000000000000005,-12.67917494952517
ampicillin,0.1%,equal,4,4.625,-12.72320069828009
ampicillin,0.1%,equal,4,4.65,-12.767290163954447
ampicillin,0.1%,equal,4,4.675,-12.811442825157405
ampicillin,0.1%,equal,4,4.7,-12.855658164960179
ampicillin,0.1%,equal,4,4.7250000000000005,-12.899935670967727
ampicillin,0.1%,equal,4,4.75,-12.944274835378632
ampicillin,0.1%,equal,4,4.775,-12.988675155034235
ampicillin,0.1%,equal,4,4.800000000000001,-13.033136131457972
ampicillin,0.1%,equal,4,4.825,-13.077657270885751
ampicillin,0.1%,equal,4,4.8500000000000005,-13.122238084288275
ampicillin,0.1%,equal,4,4.875,-13.166878087385948
ampicillin,0.1%,equal,4,4.9,-13.211576800657083
ampicillin,0.1%,equal,4,4.925000000000001,-13.256333749340069
ampicillin,0.1%,equal,4,4.95,-13.301148463429998
ampicillin,0.1%,equal,4,4.9750000000000005,-13.346020477670336
ampicillin,0.1%,equal,4,5.0,-13.39094933154008
ampicillin,0.1%,equal,4,5.025,-13.435934569236858
ampicillin,0.1%,equal,4,5.050000000000001,-13.48097573965641
ampicillin,0.1%,equal,4,5.075,-13.526072396368685
ampicillin,0.1%,equal,4,5.1000000000000005,-13.571224097591143
ampicillin,0.1%,equal,4,5.125,-13.61643040615926
ampicillin,0.1%,equal,4,5.15,-13.661690889494814
ampicillin,0.1%,equal,4,5.175000000000001,-13.707005119571985
ampicillin,0.1%,equal,4,5.2,-13.752372672881673
ampicillin,0.1%,equal,4,5.2250000000000005,-13.79779313039416
ampicillin,0.1%,equal,4,5.25,-13.843266077520296
ampicillin,0.1%,equal,4,5.275,-13.888791104071503
ampicillin,0.1%,equal,4,5.300000000000001,-13.934367804218644
ampicillin,0.1%,equal,4,5.325,-13.979995776450016
ampicillin,0.1%,equal,4,5.3500000000000005,-14.025674623528458
ampicillin,0.1%,equal,4,5.375,-14.071403952447922
ampicillin,0.1%,equal,4,5.4,-14.117183374389374
ampicillin,0.1%,equal,4,5.425000000000001,-14.163012504676328
ampicillin,0.1%,equal,4,5.45,-14.208890962730017
ampicillin,0.1%,equal,4,5.4750000000000005,-14.254818372024282
ampicillin,0.1%,equal,4,5.5,-14.300794360040339
ampicillin,0.1%,equal,4,5.525,-14.346818558221353
ampicillin,0.1%,equal,4,5.550000000000001,-14.392890601927052
ampicillin,0.1%,equal,4,5.575,-14.439010130388338
ampicillin,0.1%,equal,4,5.6000000000000005,-14.485176786661931
ampicillin,0.1%,equal,4,5.625,-14.531390217585198
ampicillin,0.1%,equal,4,5.65,-14.577650073731098
ampicillin,0.1%,equal,4,5.675000000000001,-14.62395600936336
ampicillin,0.1%,equal,4,5.7,-14.670307682391877
ampicillin,0.1%,equal,4,5.7250000000000005,-14.716704754328422
ampicillin,0.1%,equal,4,5.75,-14.763146890242622
ampicillin,0.1%,equal,4,5.775,-14.809633758718228
ampicillin,0.1%,equal,4,5.800000000000001,-14.85616503180983
ampicillin,0.1%,equal,4,5.825,-14.902740384999875
ampicillin,0.1%,equal,4,5.8500000000000005,-14.949359497156074
ampicillin,0.1%,equal,4,5.875,-14.996022050489236
ampicillin,0.1%,equal,4,5.9,-15.042727730511475
ampicillin,0.1%,equal,4,5.925000000000001,-15.089476225994934
ampicillin,0.1%,equal,4,5.95,-15.136267228930832
ampicillin,0.1%,equal,4,5.9750000000000005,-15.183100434489031
ampicillin,0.1%,equal,4,6.0,-15.229975540978065
ampicillin,0.1%,equal,4,6.025,-15.276892249805574
ampicillin,0.1%,equal,4,6.050000000000001,-15.323850265439225
ampicillin,0.1%,equal,4,6.075,-15.37084929536813
ampicillin,0.1%,equal,4,6.1000000000000005,-15.41788905006471
ampicillin,0.1%,equal,4,6.125,-15.464969242946989
ampicillin,0.1%,equal,4,6.15,-15.512089590341466
ampicillin,0.1%,equal,4,6.175000000000001,-15.559249811446366
ampicillin,0.1%,equal,4,6.2,-15.606449628295355
ampicillin,0.1%,equal,4,6.2250000000000005,-15.653688765721851
ampicillin,0.1%,equal,4,6.25,-15.700966951323663
ampicillin,0.1%,equal,4,6.275,-15.74828391542816
ampicillin,0.1%,equal,4,6.300000000000001,-15.795639391057925
ampicillin,0.1%,equal,4,6.325,-15.843033113896839
ampicillin,0.1%,equal,4,6.3500000000000005,-15.890464822256625
ampicillin,0.1%,equal,4,6.375,-15.937934257043882
ampicillin,0.1%,equal,4,6.4,-15.985441161727538
ampicillin,0.1%,equal,4,6.425000000000001,-16.03298528230676
ampicillin,0.1%,equal,4,6.45,-16.080566367279303
ampicillin,0.1%,equal,4,6.4750000000000005,-16.12818416761035
ampicillin,0.1%,equal,4,6.5,-16.17583843670168
ampicillin,0.1%,equal,4,6.525,-16.223528930361425
ampicillin,0.1%,equal,4,6.550000000000001,-16.27125540677404
ampicillin,0.1%,equal,4,6.575,-16.319017626470913
ampicillin,0.1%,equal,4,6.6000000000000005,-16.366815352301302
ampicillin,0.1%,equal,4,6.625,-16.41464834940359
ampicillin,0.1%,equal,4,6.65,-16.46251638517709
ampicillin,0.1%,equal,4,6.675000000000001,-16.51041922925421
ampicillin,0.1%,equal,4,6.7,-16.55835665347295
ampicillin,0.1%,equal,4,6.7250000000000005,-16.606328431849846
ampicillin,0.1%,equal,4,6.75,-16.654334340553334
ampicillin,0.1%,equal,4,6.775,-16.7023741578774
ampicillin,0.1%,equal,4,6.800000000000001,-16.750447664215688
ampicillin,0.1%,equal,4,6.825,-16.798554642035874
ampicillin,0.1%,equal,4,6.8500000000000005,-16.846694875854617
ampicillin,0.1%,equal,4,6.875,-16.894868152212567
ampicillin,0.1%,equal,4,6.9,-16.94307425965
ampicillin,0.1%,equal,4,6.925000000000001,-16.991312988682612
ampicillin,0.1%,equal,4,6.95,-17.039584131777794
ampicillin,0.1%,equal,4,6.9750000000000005,-17.087887483331155
ampicillin,0.1%,equal,4,7.0,-17.136222839643413
ampicillin,anchor,stage1,1,0.0,0.0
ampicillin,anchor,stage1,1,0.025,-0.10434960234466584
ampicillin,anchor,stage1,1,0.05,-0.20869858102363364
ampicillin,anchor,stage1,1,0.07500000000000001,-0.31304688244156736
ampicillin,anchor,stage1,1,0.1,-0.41739444839836015
ampicillin,anchor,stage1,1,0.125,-0.5217412156936828
ampicillin,anchor,stage1,1,0.15000000000000002,-0.6260871156976046
ampicillin,anchor,stage1,1,0.17500000000000002,-0.7304320738843803
ampicillin,anchor,stage1,1,0.2,-0.8347760093262478
ampicillin,anchor,stage1,1,0.225,-0.9391188341438216
ampicillin,anchor,stage1,1,0.25,-1.0434604529093596
ampicillin,anchor,stage1,1,0.275,-1.1478007619988848
ampicillin,anchor,stage1,1,0.30000000000000004,-1.2521396488887793
ampicillin,anchor,stage1,1,0.325,-1.3564769913921175
ampicillin,anchor,stage1,1,0.35000000000000003,-1.460812656829593
ampicillin,anchor,stage1,1,0.375,-1.565146501129444
ampicillin,anchor,stage1,1,0.4,-1.6694783678503484
ampicillin,anchor,stage1,1,0.42500000000000004,-1.7738080871206974
ampicillin,anchor,stage1,1,0.45,-1.8781354744871583
ampicillin,anchor,stage1,1,0.47500000000000003,-1.9824603296647663
ampicillin,anchor,stage1,1,0.5,-2.0867824351802313
ampicillin,anchor,stage1,1,0.525,-2.1911015548993302
ampicillin,anchor,stage1,1,0.55,-2.2954174324286263
ampicillin,anchor,stage1,1,0.5750000000000001,-2.399729789380762
ampicillin,anchor,stage1,1,0.6000000000000001,-2.5040383234919
ampicillin,anchor,stage1,1,0.625,-2.608342706578719
ampicillin,anchor,stage1,1,0.65,-2.7126425823215143
ampicillin,anchor,stage1,1,0.675,-2.8169375638586374
ampicillin,anchor,stage1,1,0.7000000000000001,-2.9212272311765424
ampicillin,anchor,stage1,1,0.7250000000000001,-3.0255111282781555
ampicillin,anchor,stage1,1,0.75,-3.1297887601111034
ampicillin,anchor,stage1,1,0.775,-3.2340595892356685
ampicillin,anchor,stage1,1,0.8,-3.3383230322108055
ampicillin,anchor,stage1,1,0.8250000000000001,-3.442578455674703
ampicillin,anchor,stage1,1,0.8500000000000001,-3.5468251720947315
ampicillin,anchor,stage1,1,0.875,-3.6510624351592713
ampicillin,anchor,stage1,1,0.9,-3.7552894347820795
ampicillin,anchor,stage1,1,0.925,-3.859505291687284
ampicillin,anchor,stage1,1,0.9500000000000001,-3.9637090515409543
ampicillin,anchor,stage1,1,0.9750000000000001,-4.06789967859212
ampicillin,anchor,stage1,1,1.0,-4.172076048783768
ampicillin,anchor,stage1,1,1.0250000000000001,-4.2762369422920425
ampicillin,anchor,stage1,1,1.05,-4.380381035442701
ampicillin,anchor,stage1,1,1.075,-4.484506891967955
ampicillin,anchor,stage1,1,1.1,-4.588612953535399
ampicillin,anchor,stage1,1,1.125,-4.692697529504091
ampicillin,anchor,stage1,1,1.1500000000000001,-4.796758785843162
ampicillin,anchor,stage1,1,1.175,-4.900794733149553
ampicillin,anchor,stage1,1,1.2000000000000002,-5.004803213696427
ampicillin,anchor,stage1,1,1.225,-5.108781887439621
ampicillin,anchor,stage1,1,1.25,-5.212728216905202
ampicillin,anchor,stage1,1,1.2750000000000001,-5.316639450876396
ampicillin,anchor,stage1,1,1.3,-5.420512606794107
ampicillin,anchor,stage1,1,1.3250000000000002,-5.524344451780495
ampicillin,anchor,stage1,1,1.35,-5.62813148219093
ampicillin,anchor,stage1,1,1.375,-5.731869901595519
ampicillin,anchor,stage1,1,1.4000000000000001,-5.835555597087399
ampicillin,anchor,stage1,1,1.425,-5.939184113812128
ampicillin,anchor,stage1,1,1.4500000000000002,-6.0427506276091245
ampicillin,anchor,stage1,1,1.475,-6.146249915654674
ampicillin,anchor,stage1,1,1.5,-6.249676324994925
ampicillin,anchor,stage1,1,1.5250000000000001,-6.353023738857466
ampicillin,anchor,stage1,1,1.55,-6.456285540632341
ampicillin,anchor,stage1,1,1.5750000000000002,-6.559454575416909
ampicillin,anchor,stage1,1,1.6,-6.662523109025431
ampicillin,anchor,stage1,1,1.625,-6.765482784373128
ampicillin,anchor,stage1,1,1.6500000000000001,-6.868324575157134
ampicillin,anchor,stage1,1,1.675,-6.9710387367724165
ampicillin,anchor,stage1,1,1.7000000000000002,-7.0736147544230095
ampicillin,anchor,stage1,1,1.725,-7.176041288413892
ampicillin,anchor,stage1,1,1.75,-7.278306116642305
ampicillin,anchor,stage1,1,1.7750000000000001,-7.380396074347193
ampicillin,anchor,stage1,1,1.8,-7.4822969912221335
ampicillin,anchor,stage1,1,1.8250000000000002,-7.583993626055804
ampicillin,anchor,stage1,1,1.85,-7.685469599129245
ampicillin,anchor,stage1,1,1.875,-7.786707322679247
ampicillin,anchor,stage1,1,1.9000000000000001,-7.88768792982577
ampicillin,anchor,stage1,1,1.925,-7.988391202467224
ampicillin,anchor,stage1,1,1.9500000000000002,-8.08879549876284
ampicillin,anchor,stage1,1,1.975,-8.18887768095514
ampicillin,anchor,stage1,1,2.0,-8.288613044431637
ampicillin,anchor,stage1,1,2.025,-8.3879752490862
ampicillin,anchor,stage1,1,2.0500000000000003,-8.486936254217719
ampicillin,anchor,stage1,1,2.075,-8.585466258378792
ampicillin,anchor,stage1,1,2.1,-8.683533645818404
ampicillin,anchor,stage1,1,2.125,-8.78110494130926
ampicillin,anchor,stage1,1,2.15,-8.878144775409305
ampicillin,anchor,stage1,1,2.1750000000000003,-8.97461586237307
ampicillin,anchor,stage1,1,2.2,-9.07047899312402
ampicillin,anchor,stage1,1,2.225,-9.165693045859811
ampicillin,anchor,stage1,1,2.25,-9.260215016988944
ampicillin,anchor,stage1,1,2.275,-9.354000075176629
ampicillin,anchor,stage1,1,2.3000000000000003,-9.447001641293284
ampicillin,anchor,stage1,1,2.325,-9.539171496996065
ampicillin,anchor,stage1,1,2.35,-9.63045992451574
ampicillin,anchor,stage1,1,2.375,-9.720815879950937
ampicillin,anchor,stage1,1,2.4000000000000004,-9.810187201976204
ampicillin,anchor,stage1,1,2.4250000000000003,-9.898520857336075
ampicillin,anchor,stage1,1,2.45,-9.985763223817761
ampicillin,anchor,stage1,1,2.475,-10.071860410567748
ampicillin,anchor,stage1,1,2.5,-10.156758614649547
ampicillin,anchor,stage1,1,2.5250000000000004,-10.240404511644591
ampicillin,anchor,stage1,1,2.5500000000000003,-10.32274567690281
ampicillin,anchor,stage1,1,2.575,-10.403731032789246
ampicillin,anchor,stage1,1,2.6,-10.483311315995444
ampicillin,anchor,stage1,1,2.625,-10.56143955774714
ampicillin,anchor,stage1,1,2.6500000000000004,-10.63807156860623
ampicillin,anchor,stage1,1,2.6750000000000003,-10.713166418605287
ampicillin,anchor,stage1,1,2.7,-10.786686902735054
ampicillin,anchor,stage1,1,2.725,-10.85859998139298
ampicillin,anchor,stage1,1,2.75,-10.928877185347416
ampicillin,anchor,stage1,1,2.7750000000000004,-10.997494975113629
ampicillin,anchor,stage1,1,2.8000000000000003,-11.064435045391068
ampicillin,anchor,stage1,1,2.825,-11.129684566367539
ampicillin,anchor,stage1,1,2.85,-11.193236355222695
ampicillin,anchor,stage1,1,2.875,-11.255088973000614
ampicillin,anchor,stage1,1,2.9000000000000004,-11.315246744090484
ampicillin,anchor,stage1,1,2.9250000000000003,-11.373719697757078
ampicillin,anchor,stage1,1,2.95,-11.430523433393567
ampicillin,anchor,stage1,1,2.975,-11.485678913317221
ampicillin,anchor,stage1,1,3.0,-11.539212188893748
ampicillin,anchor,stage1,1,3.0250000000000004,-11.59115406746568
ampicillin,anchor,stage1,1,3.0500000000000003,-11.641539728907587
ampicillin,anchor,stage1,1,3.075,-11.690408301587535
ampicillin,anchor,stage1,1,3.1,-11.737802408060894
ampicillin,anchor,stage1,1,3.125,-11.783767690962518
ampicillin,anchor,stage1,1,3.1500000000000004,-11.828352329324458
ampicillin,anchor,stage1,1,3.1750000000000003,-11.871606554973527
ampicillin,anchor,stage1,1,3.2,-11.913582177815547
ampicillin,anchor,stage1,1,3.225,-11.954332127757622
ampicillin,anchor,stage1,1,3.25,-11.993910019825872
ampicillin,anchor,stage1,1,3.2750000000000004,-12.03236974777074
ampicillin,anchor,stage1,1,3.3000000000000003,-12.069765110176993
ampicillin,anchor,stage1,1,3.325,-12.106149471861993
ampicillin,anchor,stage1,1,3.35,-12.141575462197217
ampicillin,anchor,stage1,1,3.375,-12.176094710953496
ampicillin,anchor,stage1,1,3.4000000000000004,-12.20975762137222
ampicillin,anchor,stage1,1,3.4250000000000003,-12.242613179410524
ampicillin,anchor,stage1,1,3.45,-12.27470879750302
ampicillin,anchor,stage1,1,3.475,-12.30609019071863
ampicillin,anchor,stage1,1,3.5,-12.336801282860293
ampicillin,anchor,stage1,1,3.5250000000000004,-12.366884139842936
ampicillin,anchor,stage1,1,3.5500000000000003,-12.396378927576965
ampicillin,anchor,stage1,1,3.575,-12.425323891562774
ampicillin,anchor,stage1,1,3.6,-12.453755355451293
ampicillin,anchor,stage1,1,3.625,-12.48170773593036
ampicillin,anchor,stage1,1,3.6500000000000004,-12.509213571442755
ampicillin,anchor,stage1,1,3.6750000000000003,-12.536303562416528
ampicillin,anchor,stage1,1,3.7,-12.563006620881305
ampicillin,anchor,stage1,1,3.725,-12.58934992754621
ampicillin,anchor,stage1,1,3.75,-12.615358994619012
ampicillin,anchor,stage1,1,3.7750000000000004,-12.641057732846699
ampicillin,anchor,stage1,1,3.8000000000000003,-12.666468521449607
ampicillin,anchor,stage1,1,3.825,-12.691612279802854
ampicillin,anchor,stage1,1,3.85,-12.716508539887094
ampicillin,anchor,stage1,1,3.875,-12.741175518684765
ampicillin,anchor,stage1,1,3.9000000000000004,-12.765630189837427
ampicillin,anchor,stage1,1,3.9250000000000003,-12.789888354004693
ampicillin,anchor,stage1,1,3.95,-12.813964707475803
ampicillin,anchor,stage1,1,3.975,-12.837872908681694
ampicillin,anchor,stage1,1,4.0,-12.861625642339986
ampicillin,anchor,stage1,1,4.025,-12.885234681037494
ampicillin,anchor,stage1,1,4.05,-12.908710944117049
ampicillin,anchor,stage1,1,4.075,-12.932064553787514
ampicillin,anchor,stage1,1,4.1000000000000005,-12.955304888419123
ampicillin,anchor,stage1,1,4.125,-12.978440633023697
ampicillin,anchor,stage1,1,4.15,-13.001479826946467
ampicillin,anchor,stage1,1,4.175,-13.02442990882196
ampicillin,anchor,stage1,1,4.2,-13.047297758863753
ampicillin,anchor,stage1,1,4.2250000000000005,-13.070089738572614
ampicillin,anchor,stage1,1,4.25,-13.092811727958074
ampicillin,anchor,stage1,1,4.275,-13.115469160376156
ampicillin,anchor,stage1,1,4.3,-13.138067055090863
ampicillin,anchor,stage1,1,4.325,-13.160610047669973
ampicillin,anchor,stage1,1,4.3500000000000005,-13.183102418326696
ampicillin,anchor,stage1,1,4.375,-13.205548118318529
ampicillin,anchor,stage1,1,4.4,-13.227950794513056
ampicillin,anchor,stage1,1,4.425,-13.250313812228177
ampicillin,anchor,stage1,1,4.45,-13.272640276451078
ampicillin,anchor,stage1,1,4.4750000000000005,-13.29493305153679
ampicillin,anchor,stage1,1,4.5,-13.317194779483064
ampicillin,anchor,stage1,1,4.525,-13.339427896874245
ampicillin,anchor,stage1,1,4.55,-13.361634650582255
ampicillin,anchor,stage1,1,4.575,-13.38381711230851
ampicillin,anchor,stage1,1,4.6000000000000005,-13.405977192045965
ampicillin,anchor,stage1,1,4.625,-13.42811665053621
ampicillin,anchor,stage1,1,4.65,-13.450237110792049
ampicillin,anchor,stage1,1,4.675,-13.472340068751828
ampicillin,anchor,stage1,1,4.7,-13.494426903127694
ampicillin,anchor,stage1,1,4.7250000000000005,-13.516498884505987
ampicillin,anchor,stage1,1,4.75,-13.538557183754191
ampicillin,anchor,stage1,1,4.775,-13.560602879785321
ampicillin,anchor,stage1,1,4.800000000000001,-13.582636966727149
ampicillin,anchor,stage1,1,4.825,-13.604660360540437
ampicillin,anchor,stage1,1,4.8500000000000005,-13.626673905127364
ampicillin,anchor,stage1,1,4.875,-13.64867837796831
ampicillin,anchor,stage1,1,4.9,-13.670674495322592
ampicillin,anchor,stage1,1,4.925000000000001,-13.692662917026123
ampicillin,anchor,stage1,1,4.95,-13.714644250916603
ampicillin,anchor,stage1,1,4.9750000000000005,-13.736619056914632
ampicillin,anchor,stage1,1,5.0,-13.758587850787007
ampicillin,anchor,stage1,1,5.025,-13.780551107616652
ampicillin,anchor,stage1,1,5.050000000000001,-13.802509265001625
ampicillin,anchor,stage1,1,5.075,-13.82446272600415
ampicillin,anchor,stage1,1,5.1000000000000005,-13.84641186186894
ampicillin,anchor,stage1,1,5.125,-13.868357014528659
ampicillin,anchor,stage1,1,5.15,-13.890298498913078
ampicillin,anchor,stage1,1,5.175000000000001,-13.912236605077029
ampicillin,anchor,stage1,1,5.2,-13.934171600161436
ampicillin,anchor,stage1,1,5.2250000000000005,-13.956103730200274
ampicillin,anchor,stage1,1,5.25,-13.97803322178551
ampicillin,anchor,stage1,1,5.275,-13.999960283601158
ampicillin,anchor,stage1,1,5.300000000000001,-14.021885107836608
ampicillin,anchor,stage1,1,5.325,-14.043807871488742
ampicillin,anchor,stage1,1,5.3500000000000005,-14.065728737561468
ampicillin,anchor,stage1,1,5.375,-14.087647856170816
ampicillin,anchor,stage1,1,5.4,-14.109565365562874
ampicillin,anchor,stage1,1,5.425000000000001,-14.13148139305153
ampicillin,anchor,stage1,1,5.45,-14.153396055882224
ampicillin,anchor,stage1,1,5.4750000000000005,-14.1753094620276
ampicillin,anchor,stage1,1,5.5,-14.197221710920344
ampicillin,anchor,stage1,1,5.525,-14.219132894128201
ampicillin,anchor,stage1,1,5.550000000000001,-14.241043095975705
ampicillin,anchor,stage1,1,5.575,-14.262952394116816
ampicillin,anchor,stage1,1,5.6000000000000005,-14.284860860062318
ampicillin,anchor,stage1,1,5.625,-14.306768559665596
ampicillin,anchor,stage1,1,5.65,-14.32867555357
ampicillin,anchor,stage1,1,5.675000000000001,-14.350581897620874
ampicillin,anchor,stage1,1,5.7,-14.372487643245028
ampicillin,anchor,stage1,1,5.7250000000000005,-14.394392837800227
ampicillin,anchor,stage1,1,5.75,-14.41629752489704
ampicillin,anchor,stage1,1,5.775,-14.438201744695245
ampicillin,anchor,stage1,1,5.800000000000001,-14.460105534176826
ampicillin,anchor,stage1,1,5.825,-14.48200892739734
ampicillin,anchor,stage1,1,5.8500000000000005,-14.503911955717472
ampicillin,anchor,stage1,1,5.875,-14.525814648016208
ampicillin,anchor,stage1,1,5.9,-14.54771703088721
ampicillin,anchor,stage1,1,5.925000000000001,-14.56961912881961
ampicillin,anchor,stage1,1,5.95,-14.591520964364545
ampicillin,anchor,stage1,1,5.9750000000000005,-14.613422558288494
ampicillin,anchor,stage1,1,6.0,-14.635323929714492
ampicillin,anchor,stage1,1,6.025,-14.657225096252185
ampicillin,anchor,stage1,1,6.050000000000001,-14.679126074117569
ampicillin,anchor,stage1,1,6.075,-14.701026878243287
ampicillin,anchor,stage1,1,6.1000000000000005,-14.722927522380173
ampicillin,anchor,stage1,1,6.125,-14.744828019190793
ampicillin,anchor,stage1,1,6.15,-14.76672838033555
ampicillin,anchor,stage1,1,6.175000000000001,-14.78862861655199
ampicillin,anchor,stage1,1,6.2,-14.810528737727852
ampicillin,anchor,stage1,1,6.2250000000000005,-14.83242875296831
ampicillin,anchor,stage1,1,6.25,-14.854328670657901
ampicillin,anchor,stage1,1,6.275,-14.876228498517575
ampicillin,anchor,stage1,1,6.300000000000001,-14.898128243657188
ampicillin,anchor,stage1,1,6.325,-14.920027912623883
ampicillin,anchor,stage1,1,6.3500000000000005,-14.941927511446622
ampicillin,anchor,stage1,1,6.375,-14.963827045677185
ampicillin,anchor,stage1,1,6.4,-14.985726520427958
ampicillin,anchor,stage1,1,6.425000000000001,-15.00762594040668
ampicillin,anchor,stage1,1,6.45,-15.029525309948493
ampicillin,anchor,stage1,1,6.4750000000000005,-15.051424633045427
ampicillin,anchor,stage1,1,6.5,-15.073323913373539
ampicillin,anchor,stage1,1,6.525,-15.095223154317948
ampicillin,anchor,stage1,1,6.550000000000001,-15.117122358995836
ampicillin,anchor,stage1,1,6.575,-15.139021530277665
ampicillin,anchor,stage1,1,6.6000000000000005,-15.160920670806712
ampicillin,anchor,stage1,1,6.625,-15.182819783017036
ampicillin,anchor,stage1,1,6.65,-15.204718869150044
ampicillin,anchor,stage1,1,6.675000000000001,-15.226617931269743
ampicillin,anchor,stage1,1,6.7,-15.248516971276773
ampicillin,anchor,stage1,1,6.7250000000000005,-15.270415990921338
ampicillin,anchor,stage1,1,6.75,-15.292314991815115
ampicillin,anchor,stage1,1,6.775,-15.314213975442229
ampicillin,anchor,stage1,1,6.800000000000001,-15.33611294316932
ampicillin,anchor,stage1,1,6.825,-15.358011896254874
ampicillin,anchor,stage1,1,6.8500000000000005,-15.379910835857764
ampicillin,anchor,stage1,1,6.875,-15.401809763045135
ampicillin,anchor,stage1,1,6.9,-15.423708678799676
ampicillin,anchor,stage1,1,6.925000000000001,-15.445607584026286
ampicillin,anchor,stage1,1,6.95,-15.46750647955825
ampicillin,anchor,stage1,1,6.9750000000000005,-15.4894053661629
ampicillin,anchor,stage1,1,7.0,-15.51130424454683
ampicillin,anchor,stage1,2,0.0,0.0
ampicillin,anchor,stage1,2,0.025,-0.10342991758355934
ampicillin,anchor,stage1,2,0.05,-0.20685959267672363
ampicillin,anchor,stage1,2,0.07500000000000001,-0.3102890003031837
ampicillin,anchor,stage1,2,0.1,-0.41371811302834616
ampicillin,anchor,stage1,2,0.125,-0.5171469007247365
ampicillin,anchor,stage1,2,0.15000000000000002,-0.6205753303155146
ampicillin,anchor,stage1,2,0.17500000000000002,-0.7240033654940939
ampicillin,anchor,stage1,2,0.2,-0.8274309664176778
ampicillin,anchor,stage1,2,0.225,-0.930858089372329
ampicillin,anchor,stage1,2,0.25,-1.0342846864069706
ampicillin,anchor,stage1,2,0.275,-1.137710704933483
ampicillin,anchor,stage1,2,0.30000000000000004,-1.2411360872898134
ampicillin,anchor,stage1,2,0.325,-1.3445607702627262
ampicillin,anchor,stage1,2,0.35000000000000003,-1.4479846845665272
ampicillin,anchor,stage1,2,0.375,-1.5514077542737728
ampicillin,anchor,stage1,2,0.4,-1.6548298961935997
ampicillin,anchor,stage1,2,0.42500000000000004,-1.7582510191929412
ampicillin,anchor,stage1,2,0.45,-1.8616710234554703
ampicillin,anchor,stage1,2,0.47500000000000003,-1.965089799672628
ampicillin,anchor,stage1,2,0.5,-2.0685072281606347
ampicillin,anchor,stage1,2,0.525,-2.1719231778967982
ampicillin,anchor,stage1,2,0.55,-2.27533750546791
ampicillin,anchor,stage1,2,0.5750000000000001,-2.378750053922716
ampicillin,anchor,stage1,2,0.6000000000000001,-2.4821606515200423
ampicillin,anchor,stage1,2,0.625,-2.585569110363071
ampicillin,anchor,stage1,2,0.65,-2.6889752249096577
ampicillin,anchor,stage1,2,0.675,-2.7923787703476695
ampicillin,anchor,stage1,2,0.7000000000000001,-2.8957795008232203
ampicillin,anchor,stage1,2,0.7250000000000001,-2.9991771475088336
ampicillin,anchor,stage1,2,0.75,-3.1025714164972387
ampicillin,anchor,stage1,2,0.775,-3.2059619865054163
ampicillin,anchor,stage1,2,0.8,-3.3093485063720927
ampicillin,anchor,stage1,2,0.8250000000000001,-3.412730592330437
ampicillin,anchor,stage1,2,0.8500000000000001,-3.5161078250363333
ampicillin,anchor,stage1,2,0.875,-3.6194797463305797
ampicillin,anchor,stage1,2,0.9,-3.7228458557117885
ampicillin,anchor,stage1,2,0.925,-3.8262056064949137
ampicillin,anchor,stage1,2,0.9500000000000001,-3.9295584016278196
ampicillin,anchor,stage1,2,0.9750000000000001,-4.032903589136308
ampicillin,anchor,stage1,2,1.0,-4.136240457165631
ampicillin,anchor,stage1,2,1.0250000000000001,-4.239568228583683
ampicillin,anchor,stage1,2,1.05,-4.342886055109136
ampicillin,anchor,stage1,2,1.075,-4.446193010918391
ampicillin,anchor,stage1,2,1.1,-4.549488085701347
ampicillin,anchor,stage1,2,1.125,-4.652770177100578
ampicillin,anchor,stage1,2,1.1500000000000001,-4.756038082496102
ampicillin,anchor,stage1,2,1.175,-4.859290490075553
ampicillin,anchor,stage1,2,1.2000000000000002,-4.962525969131582
ampicillin,anchor,stage1,2,1.225,-5.065742959522851
ampicillin,anchor,stage1,2,1.25,-5.168939760230312
ampicillin,anchor,stage1,2,1.2750000000000001,-5.272114516935892
ampicillin,anchor,stage1,2,1.3,-5.375265208545059
ampicillin,anchor,stage1,2,1.3250000000000002,-5.478389632569931
ampicillin,anchor,stage1,2,1.35,-5.581485389283722
ampicillin,anchor,stage1,2,1.375,-5.684549864551889
ampicillin,anchor,stage1,2,1.4000000000000001,-5.787580211239441
ampicillin,anchor,stage1,2,1.425,-5.890573329088085
ampicillin,anchor,stage1,2,1.4500000000000002,-5.9935258429512634
ampicillin,anchor,stage1,2,1.475,-6.096434079269248
ampicillin,anchor,stage1,2,1.5,-6.199294040661266
ampicillin,anchor,stage1,2,1.5250000000000001,-6.302101378506472
ampicillin,anchor,stage1,2,1.55,-6.404851363381243
ampicillin,anchor,stage1,2,1.5750000000000002,-6.5075388532165865
ampicillin,anchor,stage1,2,1.6,-6.610158259036604
ampicillin,anchor,stage1,2,1.625,-6.712703508138081
ampicillin,anchor,stage1,2,1.6500000000000001,-6.815168004571285
ampicillin,anchor,stage1,2,1.675,-6.917544586784453
ampicillin,anchor,stage1,2,1.7000000000000002,-7.019825482300219
ampicillin,anchor,stage1,2,1.725,-7.122002259299724
ampicillin,anchor,stage1,2,1.75,-7.224065775002587
ampicillin,anchor,stage1,2,1.7750000000000001,-7.326006120747751
ampicillin,anchor,stage1,2,1.8,-7.427812563702137
ampicillin,anchor,stage1,2,1.8250000000000002,-7.529473485152367
ampicillin,anchor,stage1,2,1.85,-7.630976315370951
ampicillin,anchor,stage1,2,1.875,-7.732307465092963
ampicillin,anchor,stage1,2,1.9000000000000001,-7.8334522536929185
ampicillin,anchor,stage1,2,1.925,-7.934394834218219
ampicillin,anchor,stage1,2,1.9500000000000002,-8.035118115512836
ampicillin,anchor,stage1,2,1.975,-8.135603681757182
ampicillin,anchor,stage1,2,2.0,-8.235831709859394
ampicillin,anchor,stage1,2,2.025,-8.335780885255678
ampicillin,anchor,stage1,2,2.0500000000000003,-8.435428316822108
ampicillin,anchor,stage1,2,2.075,-8.534749451763446
ampicillin,anchor,stage1,2,2.1,-8.633717991513025
ampicillin,anchor,stage1,2,2.125,-8.73230580991581
ampicillin,anchor,stage1,2,2.15,-8.830482875126997
ampicillin,anchor,stage1,2,2.1750000000000003,-8.928217176953611
ampicillin,anchor,stage1,2,2.2,-9.025474661583047
ampicillin,anchor,stage1,2,2.225,-9.122219175914305
ampicillin,anchor,stage1,2,2.25,-9.218412423970166
ampicillin,anchor,stage1,2,2.275,-9.314013938126683
ampicillin,anchor,stage1,2,2.3000000000000003,-9.40898106814026
ampicillin,anchor,stage1,2,2.325,-9.503268991166472
ampicillin,anchor,stage1,2,2.35,-9.59683074613529
ampicillin,anchor,stage1,2,2.375,-9.689617295954555
ampicillin,anchor,stage1,2,2.4000000000000004,-9.781577621039077
ampicillin,anchor,stage1,2,2.4250000000000003,-9.872658847582386
ampicillin,anchor,stage1,2,2.45,-9.962806413781827
ampicillin,anchor,stage1,2,2.475,-10.051964276871146
ampicillin,anchor,stage1,2,2.5,-10.140075163288985
ampicillin,anchor,stage1,2,2.5250000000000004,-10.22708086360065
ampicillin,anchor,stage1,2,2.5500000000000003,-10.31292257288437
ampicillin,anchor,stage1,2,2.575,-10.397541276191129
ampicillin,anchor,stage1,2,2.6,-10.480878177399068
ampicillin,anchor,stage1,2,2.625,-10.562875168334351
ampicillin,anchor,stage1,2,2.6500000000000004,-10.64347533345684
ampicillin,anchor,stage1,2,2.6750000000000003,-10.722623483767626
ampicillin,anchor,stage1,2,2.7,-10.800266711954063
ampicillin,anchor,stage1,2,2.725,-10.876354959229635
ampicillin,anchor,stage1,2,2.75,-10.950841582943374
ampicillin,anchor,stage1,2,2.7750000000000004,-11.023683912919491
ampicillin,anchor,stage1,2,2.8000000000000003,-11.094843783738547
ampicillin,anchor,stage1,2,2.825,-11.164288029864919
ampicillin,anchor,stage1,2,2.85,-11.231988930725855
ampicillin,anchor,stage1,2,2.875,-11.297924593591047
ampicillin,anchor,stage1,2,2.9000000000000004,-11.362079263390765
ampicillin,anchor,stage1,2,2.9250000000000003,-11.424443550414518
ampicillin,anchor,stage1,2,2.95,-11.485014569081857
ampicillin,anchor,stage1,2,2.975,-11.543795983571133
ampicillin,anchor,stage1,2,3.0,-11.600797958904188
ampicillin,anchor,stage1,2,3.0250000000000004,-11.65603701896977
ampicillin,anchor,stage1,2,3.0500000000000003,-11.709535815776222
ampicillin,anchor,stage1,2,3.075,-11.761322816810798
ampicillin,anchor,stage1,2,3.1,-11.811431919621194
ampicillin,anchor,stage1,2,3.125,-11.85990200452568
ampicillin,anchor,stage1,2,3.1500000000000004,-11.906776437632503
ampicillin,anchor,stage1,2,3.1750000000000003,-11.952102537077955
ampicillin,anchor,stage1,2,3.2,-11.995931015578016
ampicillin,anchor,stage1,2,3.225,-12.03831541206946
ampicillin,anchor,stage1,2,3.25,-12.07931152445518
ampicillin,anchor,stage1,2,3.2750000000000004,-12.11897685434605
ampicillin,anchor,stage1,2,3.3000000000000003,-12.157370073302667
ampicillin,anchor,stage1,2,3.325,-12.194550518518632
ampicillin,anchor,stage1,2,3.35,-12.230577724244306
ampicillin,anchor,stage1,2,3.375,-12.265510993609398
ampicillin,anchor,stage1,2,3.4000000000000004,-12.299409013932344
ampicillin,anchor,stage1,2,3.4250000000000003,-12.332329517158552
ampicillin,anchor,stage1,2,3.45,-12.364328985786388
ampicillin,anchor,stage1,2,3.475,-12.395462403543146
ampicillin,anchor,stage1,2,3.5,-12.425783049171777
ampicillin,anchor,stage1,2,3.5250000000000004,-12.455342330983655
ampicillin,anchor,stage1,2,3.5500000000000003,-12.48418965931122
ampicillin,anchor,stage1,2,3.575,-12.512372353642697
ampicillin,anchor,stage1,2,3.6,-12.539935581017511
ampicillin,anchor,stage1,2,3.625,-12.566922322184638
ampicillin,anchor,stage1,2,3.6500000000000004,-12.593373362053308
ampicillin,anchor,stage1,2,3.6750000000000003,-12.619327301075078
ampicillin,anchor,stage1,2,3.7,-12.644820584367745
ampicillin,anchor,stage1,2,3.725,-12.669887545606773
ampicillin,anchor,stage1,2,3.75,-12.694560462953694
ampicillin,anchor,stage1,2,3.7750000000000004,-12.718869624549894
ampicillin,anchor,stage1,2,3.8000000000000003,-12.742843401367844
ampicillin,anchor,stage1,2,3.825,-12.766508325472165
ampicillin,anchor,stage1,2,3.85,-12.789889171993412
ampicillin,anchor,stage1,2,3.875,-12.813009043353826
ampicillin,anchor,stage1,2,3.9000000000000004,-12.835889454503544
ampicillin,anchor,stage1,2,3.9250000000000003,-12.858550418126345
ampicillin,anchor,stage1,2,3.95,-12.881010528954816
ampicillin,anchor,stage1,2,3.975,-12.903287046496112
ampicillin,anchor,stage1,2,4.0,-12.925395975611966
ampicillin,anchor,stage1,2,4.025,-12.9473521445207
ampicillin,anchor,stage1,2,4.05,-12.969169279896404
ampicillin,anchor,stage1,2,4.075,-12.990860078832512
ampicillin,anchor,stage1,2,4.1000000000000005,-13.012436277514643
ampicillin,anchor,stage1,2,4.125,-13.033908716513094
ampicillin,anchor,stage1,2,4.15,-13.055287402658953
ampicillin,anchor,stage1,2,4.175,-13.076581567513413
ampicillin,anchor,stage1,2,4.2,-13.097799722473342
ampicillin,anchor,stage1,2,4.2250000000000005,-13.118949710586765
ampicillin,anchor,stage1,2,4.25,-13.140038755172492
ampicillin,anchor,stage1,2,4.275,-13.161073505355157
ampicillin,anchor,stage1,2,4.3,-13.182060078638896
ampicillin,anchor,stage1,2,4.325,-13.20300410065117
ampicillin,anchor,stage1,2,4.3500000000000005,-13.223910742193183
ampicillin,anchor,stage1,2,4.375,-13.244784753735988
ampicillin,anchor,stage1,2,4.4,-13.265630497501578
ampicillin,anchor,stage1,2,4.425,-13.28645197726712
ampicillin,anchor,stage1,2,4.45,-13.307252866027751
ampicillin,anchor,stage1,2,4.4750000000000005,-13.32803653164976
ampicillin,anchor,stage1,2,4.5,-13.348806060641552
ampicillin,anchor,stage1,2,4.525,-13.369564280164782
ampicillin,anchor,stage1,2,4.55,-13.39031377840274
ampicillin,anchor,stage1,2,4.575,-13.411056923397386
ampicillin,anchor,stage1,2,4.6000000000000005,-13.431795880460779
ampicillin,anchor,stage1,2,4.625,-13.452532628260805
ampicillin,anchor,stage1,2,4.65,-13.473268973675493
ampicillin,anchor,stage1,2,4.675,-13.494006565504469
ampicillin,anchor,stage1,2,4.7,-13.514746907120724
ampicillin,anchor,stage1,2,4.7250000000000005,-13.535491368140567
ampicillin,anchor,stage1,2,4.75,-13.556241195184544
ampicillin,anchor,stage1,2,4.775,-13.576997521797216
ampicillin,anchor,stage1,2,4.800000000000001,-13.59776137758917
ampicillin,anchor,stage1,2,4.825,-13.618533696660121
ampicillin,anchor,stage1,2,4.8500000000000005,-13.63931532535791
ampicillin,anchor,stage1,2,4.875,-13.660107029424273
ampicillin,anchor,stage1,2,4.9,-13.680909500574598
ampicillin,anchor,stage1,2,4.925000000000001,-13.70172336255538
ampicillin,anchor,stage1,2,4.95,-13.722549176719959
ampicillin,anchor,stage1,2,4.9750000000000005,-13.743387447160053
ampicillin,anchor,stage1,2,5.0,-13.764238625427764
ampicillin,anchor,stage1,2,5.025,-13.785103114880204
ampicillin,anchor,stage1,2,5.050000000000001,-13.805981274676359
ampicillin,anchor,stage1,2,5.075,-13.826873423453582
ampicillin,anchor,stage1,2,5.1000000000000005,-13.847779842709066
ampicillin,anchor,stage1,2,5.125,-13.86870077990953
ampicillin,anchor,stage1,2,5.15,-13.889636451350773
ampicillin,anchor,stage1,2,5.175000000000001,-13.910587044786869
ampicillin,anchor,stage1,2,5.2,-13.931552721847345
ampicillin,anchor,stage1,2,5.2250000000000005,-13.952533620259226
ampicillin,anchor,stage1,2,5.25,-13.973529855889511
ampicillin,anchor,stage1,2,5.275,-13.99454152462235
ampicillin,anchor,stage1,2,5.300000000000001,-14.015568704084233
ampicillin,anchor,stage1,2,5.325,-14.036611455229226
ampicillin,anchor,stage1,2,5.3500000000000005,-14.057669823795557
ampicillin,anchor,stage1,2,5.375,-14.078743841643789
ampicillin,anchor,stage1,2,5.4,-14.099833527986103
ampicillin,anchor,stage1,2,5.425000000000001,-14.120938890515413
ampicillin,anchor,stage1,2,5.45,-14.142059926442371
ampicillin,anchor,stage1,2,5.4750000000000005,-14.163196623447652
ampicillin,anchor,stage1,2,5.5,-14.18434896055628
ampicillin,anchor,stage1,2,5.525,-14.205516908940387
ampicillin,anchor,stage1,2,5.550000000000001,-14.226700432656013
ampicillin,anchor,stage1,2,5.575,-14.247899489319355
ampicillin,anchor,stage1,2,5.6000000000000005,-14.269114030727323
ampicillin,anchor,stage1,2,5.625,-14.290344003426869
ampicillin,anchor,stage1,2,5.65,-14.311589349237227
ampicillin,anchor,stage1,2,5.675000000000001,-14.332850005728881
ampicillin,anchor,stage1,2,5.7,-14.354125906662722
ampicillin,anchor,stage1,2,5.7250000000000005,-14.375416982392634
ampicillin,anchor,stage1,2,5.75,-14.396723160234446
ampicillin,anchor,stage1,2,5.775,-14.41804436480399
ampicillin,anchor,stage1,2,5.800000000000001,-14.43938051832672
ampicillin,anchor,stage1,2,5.825,-14.460731540921252
ampicillin,anchor,stage1,2,5.8500000000000005,-14.482097350858886
ampicillin,anchor,stage1,2,5.875,-14.50347786480109
ampicillin,anchor,stage1,2,5.9,-14.524872998016695
ampicillin,anchor,stage1,2,5.925000000000001,-14.5462826645805
ampicillin,anchor,stage1,2,5.95,-14.567706777554747
ampicillin,anchor,stage1,2,5.9750000000000005,-14.589145249154882
ampicillin,anchor,stage1,2,6.0,-14.61059799090088
ampicillin,anchor,stage1,2,6.025,-14.632064913755297
ampicillin,anchor,stage1,2,6.050000000000001,-14.653545928249155
ampicillin,anchor,stage1,2,6.075,-14.675040944596606
ampicillin,anchor,stage1,2,6.1000000000000005,-14.69654987279937
ampicillin,anchor,stage1,2,6.125,-14.718072622741674
ampicillin,anchor,stage1,2,6.15,-14.739609104276598
ampicillin,anchor,stage1,2,6.175000000000001,-14.761159227304404
ampicillin,anchor,stage1,2,6.2,-14.782722901843616
ampicillin,anchor,stage1,2,6.2250000000000005,-14.804300038095384
ampicillin,anchor,stage1,2,6.25,-14.82589054650168
ampicillin,anchor,stage1,2,6.275,-14.847494337797913
ampicillin,anchor,stage1,2,6.300000000000001,-14.869111323060302
ampicillin,anchor,stage1,2,6.325,-14.890741413748565
ampicillin,anchor,stage1,2,6.3500000000000005,-14.91238452174423
ampicillin,anchor,stage1,2,6.375,-14.934040559384973
ampicillin,anchor,stage1,2,6.4,-14.955709439495294
ampicillin,anchor,stage1,2,6.425000000000001,-14.977391075413863
ampicillin,anchor,stage1,2,6.45,-14.999085381017784
ampicillin,anchor,stage1,2,6.4750000000000005,-15.02079227074407
ampicillin,anchor,stage1,2,6.5,-15.042511659608543
ampicillin,anchor,stage1,2,6.525,-15.064243463222402
ampicillin,anchor,stage1,2,6.550000000000001,-15.085987597806595
ampicillin,anchor,stage1,2,6.575,-15.107743980204301
ampicillin,anchor,stage1,2,6.6000000000000005,-15.129512527891558
ampicillin,anchor,stage1,2,6.625,-15.15129315898629
ampicillin,anchor,stage1,2,6.65,-15.173085792255812
ampicillin,anchor,stage1,2,6.675000000000001,-15.19489034712299
ampicillin,anchor,stage1,2,6.7,-15.216706743671173
ampicillin,anchor,stage1,2,6.7250000000000005,-15.23853490264795
ampicillin,anchor,stage1,2,6.75,-15.260374745467935
ampicillin,anchor,stage1,2,6.775,-15.28222619421455
ampicillin,anchor,stage1,2,6.800000000000001,-15.304089171641023
ampicillin,anchor,stage1,2,6.825,-15.325963601170574
ampicillin,anchor,stage1,2,6.8500000000000005,-15.347849406895921
ampicillin,anchor,stage1,2,6.875,-15.369746513578129
ampicillin,anchor,stage1,2,6.9,-15.391654846644933
ampicillin,anchor,stage1,2,6.925000000000001,-15.413574332188492
ampicillin,anchor,stage1,2,6.95,-15.43550489696272
ampicillin,anchor,stage1,2,6.9750000000000005,-15.45744646838018
ampicillin,anchor,stage1,2,7.0,-15.47939897450859
ampicillin,anchor,stage1,3,0.0,0.0
ampicillin,anchor,stage1,3,0.025,-0.10369063894446753
ampicillin,anchor,stage1,3,0.05,-0.2073810879929974
ampicillin,anchor,stage1,3,0.07500000000000001,-0.31107132648958924
ampicillin,anchor,stage1,3,0.1,-0.41476133159855505
ampicillin,anchor,stage1,3,0.125,-0.5184510780823187
ampicillin,anchor,stage1,3,0.15000000000000002,-0.6221405380572743
ampicillin,anchor,stage1,3,0.17500000000000002,-0.725829680725597
ampicillin,anchor,stage1,3,0.2,-0.8295184720806993
ampicillin,anchor,stage1,3,0.225,-0.9332068745838195
ampicillin,anchor,stage1,3,0.25,-1.036894846808977
ampicillin,anchor,stage1,3,0.275,-1.1405823430532906
ampicillin,anchor,stage1,3,0.30000000000000004,-1.2442693129093665
ampicillin,anchor,stage1,3,0.325,-1.3479557007961531
ampicillin,anchor,stage1,3,0.35000000000000003,-1.4516414454443431
ampicillin,anchor,stage1,3,0.375,-1.5553264793320147
ampicillin,anchor,stage1,3,0.4,-1.6590107280658388
ampicillin,anchor,stage1,3,0.42500000000000004,-1.7626941097027111
ampicillin,anchor,stage1,3,0.45,-1.866376534006231
ampicillin,anchor,stage1,3,0.47500000000000003,-1.9700579016319333
ampicillin,anchor,stage1,3,0.5,-2.0737381032345654
ampicillin,anchor,stage1,3,0.525,-2.1774170184902046
ampicillin,anchor,stage1,3,0.55,-2.2810945150252313
ampicillin,anchor,stage1,3,0.5750000000000001,-2.384770447243517
ampicillin,anchor,stage1,3,0.6000000000000001,-2.4884446550424033
ampicillin,anchor,stage1,3,0.625,-2.592116962407181
ampicillin,anchor,stage1,3,0.65,-2.695787175872853
ampicillin,anchor,stage1,3,0.675,-2.7994550828409372
ampicillin,anchor,stage1,3,0.7000000000000001,-2.903120449738032
ampicillin,anchor,stage1,3,0.7250000000000001,-3.0067830200015955
ampicillin,anchor,stage1,3,0.75,-3.1104425118771815
ampicillin,anchor,stage1,3,0.775,-3.2140986160099083
ampicillin,anchor,stage1,3,0.8,-3.317750992811482
ampicillin,anchor,stage1,3,0.8250000000000001,-3.421399269582332
ampicillin,anchor,stage1,3,0.8500000000000001,-3.5250430373668666
ampicillin,anchor,stage1,3,0.875,-3.628681847517604
ampicillin,anchor,stage1,3,0.9,-3.732315207942175
ampicillin,anchor,stage1,3,0.925,-3.8359425790046737
ampicillin,anchor,stage1,3,0.9500000000000001,-3.9395633690506298
ampicillin,anchor,stage1,3,0.9750000000000001,-4.043176929521973
ampicillin,anchor,stage1,3,1.0,-4.1467825496259625
ampicillin,anchor,stage1,3,1.0250000000000001,-4.250379450519211
ampicillin,anchor,stage1,3,1.05,-4.353966778959735
ampicillin,anchor,stage1,3,1.075,-4.457543600392366
ampicillin,anchor,stage1,3,1.1,-4.561108891402658
ampicillin,anchor,stage1,3,1.125,-4.664661531496413
ampicillin,anchor,stage1,3,1.1500000000000001,-4.768200294142245
ampicillin,anchor,stage1,3,1.175,-4.871723837015426
ampicillin,anchor,stage1,3,1.2000000000000002,-4.9752306913751125
ampicillin,anchor,stage1,3,1.225,-5.078719250502551
ampicillin,anchor,stage1,3,1.25,-5.1821877571220725
ampicillin,anchor,stage1,3,1.2750000000000001,-5.28563428972103
ampicillin,anchor,stage1,3,1.3,-5.389056747679262
ampicillin,anchor,stage1,3,1.3250000000000002,-5.492452835111949
ampicillin,anchor,stage1,3,1.35,-5.595820043323956
ampicillin,anchor,stage1,3,1.375,-5.699155631766727
ampicillin,anchor,stage1,3,1.4000000000000001,-5.802456607382562
ampicillin,anchor,stage1,3,1.425,-5.905719702214321
ampicillin,anchor,stage1,3,1.4500000000000002,-6.008941349151911
ampicillin,anchor,stage1,3,1.475,-6.112117655680808
ampicillin,anchor,stage1,3,1.5,-6.21524437549167
ampicillin,anchor,stage1,3,1.5250000000000001,-6.318316877804622
ampicillin,anchor,stage1,3,1.55,-6.421330114257147
ampicillin,anchor,stage1,3,1.5750000000000002,-6.524278583200595
ampicillin,anchor,stage1,3,1.6,-6.627156291248441
ampicillin,anchor,stage1,3,1.625,-6.729956711918018
ampicillin,anchor,stage1,3,1.6500000000000001,-6.8326727412101205
ampicillin,anchor,stage1,3,1.675,-6.935296649973844
ampicillin,anchor,stage1,3,1.7000000000000002,-7.037820032913168
ampicillin,anchor,stage1,3,1.725,-7.140233754102134
ampicillin,anchor,stage1,3,1.75,-7.242527888893355
ampicillin,anchor,stage1,3,1.7750000000000001,-7.344691662126158
ampicillin,anchor,stage1,3,1.8,-7.446713382570673
ampicillin,anchor,stage1,3,1.8250000000000002,-7.548580373581755
ampicillin,anchor,stage1,3,1.85,-7.650278899983127
ampicillin,anchor,stage1,3,1.875,-7.751794091261043
ampicillin,anchor,stage1,3,1.9000000000000001,-7.853109861215885
ampicillin,anchor,stage1,3,1.925,-7.954208824306128
ampicillin,anchor,stage1,3,1.9500000000000002,-8.055072209018112
ampicillin,anchor,stage1,3,1.975,-8.155679768713746
ampicillin,anchor,stage1,3,2.0,-8.256009690544882
ampicillin,anchor,stage1,3,2.025,-8.356038503181635
ampicillin,anchor,stage1,3,2.0500000000000003,-8.455740984281316
ampicillin,anchor,stage1,3,2.075,-8.55509006881785
ampicillin,anchor,stage1,3,2.1,-8.654056759647741
ampicillin,anchor,stage1,3,2.125,-8.752610041882118
ampicillin,anchor,stage1,3,2.15,-8.850716802954901
ampicillin,anchor,stage1,3,2.1750000000000003,-8.948341760529173
ampicillin,anchor,stage1,3,2.2,-9.04544740069073
ampicillin,anchor,stage1,3,2.225,-9.141993929176605
ampicillin,anchor,stage1,3,2.25,-9.237939238682593
ampicillin,anchor,stage1,3,2.275,-9.333238895573357
ampicillin,anchor,stage1,3,2.3000000000000003,-9.42784614956526
ampicillin,anchor,stage1,3,2.325,-9.521711970149003
ampicillin,anchor,stage1,3,2.35,-9.614785113644809
ampicillin,anchor,stage1,3,2.375,-9.70701222481217
ampicillin,anchor,stage1,3,2.4000000000000004,-9.798337976845797
ampicillin,anchor,stage1,3,2.4250000000000003,-9.888705253349926
ampicillin,anchor,stage1,3,2.45,-9.97805537547125
ampicillin,anchor,stage1,3,2.475,-10.066328376760437
ampicillin,anchor,stage1,3,2.5,-10.153463327506921
ampicillin,anchor,stage1,3,2.5250000000000004,-10.239398709239815
ampicillin,anchor,stage1,3,2.5500000000000003,-10.324072838809048
ampicillin,anchor,stage1,3,2.575,-10.407424339969706
ampicillin,anchor,stage1,3,2.6,-10.489392658718453
ampicillin,anchor,stage1,3,2.625,-10.56991861682179
ampicillin,anchor,stage1,3,2.6500000000000004,-10.648944996098992
ampicillin,anchor,stage1,3,2.6750000000000003,-10.726417144161704
ampicillin,anchor,stage1,3,2.7,-10.802283590568095
ampicillin,anchor,stage1,3,2.725,-10.876496660829979
ampicillin,anchor,stage1,3,2.75,-10.949013074530255
ampicillin,anchor,stage1,3,2.7750000000000004,-11.019794513071362
ampicillin,anchor,stage1,3,2.8000000000000003,-11.088808142374265
ampicillin,anchor,stage1,3,2.825,-11.156027076248105
ampicillin,anchor,stage1,3,2.85,-11.22143076718553
ampicillin,anchor,stage1,3,2.875,-11.285005312998642
ampicillin,anchor,stage1,3,2.9000000000000004,-11.346743669945743
ampicillin,anchor,stage1,3,2.9250000000000003,-11.406645765714112
ampicillin,anchor,stage1,3,2.95,-11.46471850868989
ampicillin,anchor,stage1,3,2.975,-11.52097569320178
ampicillin,anchor,stage1,3,3.0,-11.575437803699833
ampicillin,anchor,stage1,3,3.0250000000000004,-11.628131723943762
ampicillin,anchor,stage1,3,3.0500000000000003,-11.679090360070495
ampicillin,anchor,stage1,3,3.075,-11.728352188744026
ampicillin,anchor,stage1,3,3.1,-11.775960743367447
ampicillin,anchor,stage1,3,3.125,-11.821964052492097
ampicillin,anchor,stage1,3,3.1500000000000004,-11.866414045079958
ampicillin,anchor,stage1,3,3.1750000000000003,-11.909365937184363
ampicillin,anchor,stage1,3,3.2,-11.9508776139737
ampicillin,anchor,stage1,3,3.225,-11.991009019918337
ampicillin,anchor,stage1,3,3.25,-12.029821568497429
ampicillin,anchor,stage1,3,3.2750000000000004,-12.067377581072128
ampicillin,anchor,stage1,3,3.3000000000000003,-12.10373976272513
ampicillin,anchor,stage1,3,3.325,-12.138970720984963
ampicillin,anchor,stage1,3,3.35,-12.173132531525596
ampicillin,anchor,stage1,3,3.375,-12.206286353227538
ampicillin,anchor,stage1,3,3.4000000000000004,-12.238492093456816
ampicillin,anchor,stage1,3,3.4250000000000003,-12.269808123097905
ampicillin,anchor,stage1,3,3.45,-12.300291039780054
ampicillin,anchor,stage1,3,3.475,-12.329995476868534
ampicillin,anchor,stage1,3,3.5,-12.358973955141666
ampicillin,anchor,stage1,3,3.5250000000000004,-12.387276773626311
ampicillin,anchor,stage1,3,3.5500000000000003,-12.414951935793543
ampicillin,anchor,stage1,3,3.575,-12.442045107199185
ampicillin,anchor,stage1,3,3.6,-12.468599600662296
ampicillin,anchor,stage1,3,3.625,-12.494656385183365
ampicillin,anchor,stage1,3,3.6500000000000004,-12.520254114988795
ampicillin,anchor,stage1,3,3.6750000000000003,-12.54542917532678
ampicillin,anchor,stage1,3,3.7,-12.570215741914044
ampicillin,anchor,stage1,3,3.725,-12.594645851226426
ampicillin,anchor,stage1,3,3.75,-12.618749479126988
ampicillin,anchor,stage1,3,3.7750000000000004,-12.642554625622653
ampicillin,anchor,stage1,3,3.8000000000000003,-12.666087403826916
ampicillin,anchor,stage1,3,3.825,-12.689372131476821
ampicillin,anchor,stage1,3,3.85,-12.712431423603135
ampicillin,anchor,stage1,3,3.875,-12.735286285181877
ampicillin,anchor,stage1,3,3.9000000000000004,-12.757956202801745
ampicillin,anchor,stage1,3,3.9250000000000003,-12.780459234565775
ampicillin,anchor,stage1,3,3.95,-12.802812097607324
ampicillin,anchor,stage1,3,3.975,-12.825030252741323
ampicillin,anchor,stage1,3,4.0,-12.847127985893243
ampicillin,anchor,stage1,3,4.025,-12.869118486051628
ampicillin,anchor,stage1,3,4.05,-12.891013919577638
ampicillin,anchor,stage1,3,4.075,-12.912825500778029
ampicillin,anchor,stage1,3,4.1000000000000005,-12.934563558708179
ampicillin,anchor,stage1,3,4.125,-12.956237600220586
ampicillin,anchor,stage1,3,4.15,-12.977856369314733
ampicillin,anchor,stage1,3,4.175,-12.999427902873144
ampicillin,anchor,stage1,3,4.2,-13.020959582894383
ampicillin,anchor,stage1,3,4.2250000000000005,-13.042458185350274
ampicillin,anchor,stage1,3,4.25,-13.063929925807733
ampicillin,anchor,stage1,3,4.275,-13.085380501964035
ampicillin,anchor,stage1,3,4.3,-13.106815133249336
ampicillin,anchor,stage1,3,4.325,-13.128238597652395
ampicillin,anchor,stage1,3,4.3500000000000005,-13.149655265925313
ampicillin,anchor,stage1,3,4.375,-13.171069133321213
ampicillin,anchor,stage1,3,4.4,-13.192483849015263
ampicillin,anchor,stage1,3,4.425,-13.213902743355138
ampicillin,anchor,stage1,3,4.45,-13.235328853081635
ampicillin,anchor,stage1,3,4.4750000000000005,-13.256764944654373
ampicillin,anchor,stage1,3,4.5,-13.278213535811272
ampicillin,anchor,stage1,3,4.525,-13.29967691548405
ampicillin,anchor,stage1,3,4.55,-13.321157162185491
ampicillin,anchor,stage1,3,4.575,-13.34265616097757
ampicillin,anchor,stage1,3,4.6000000000000005,-13.364175619123268
ampicillin,anchor,stage1,3,4.625,-13.385717080518361
ampicillin,anchor,stage1,3,4.65,-13.407281938993574
ampicillin,anchor,stage1,3,4.675,-13.428871450571398
ampicillin,anchor,stage1,3,4.7,-13.450486744756386
ampicillin,anchor,stage1,3,4.7250000000000005,-13.472128834932219
ampicillin,anchor,stage1,3,4.75,-13.493798627933854
ampicillin,anchor,stage1,3,4.775,-13.515496932858106
ampicillin,anchor,stage1,3,4.800000000000001,-13.537224469171598
ampicillin,anchor,stage1,3,4.825,-13.558981874170561
ampicillin,anchor,stage1,3,4.8500000000000005,-13.58076970984317
ampicillin,anchor,stage1,3,4.875,-13.602588469181082
ampicillin,anchor,stage1,3,4.9,-13.624438581983592
ampicillin,anchor,stage1,3,4.925000000000001,-13.646320420194312
ampicillin,anchor,stage1,3,4.95,-13.668234302807425
ampicillin,anchor,stage1,3,4.9750000000000005,-13.690180500377613
ampicillin,anchor,stage1,3,5.0,-13.712159239165137
ampicillin,anchor,stage1,3,5.025,-13.73417070494516
ampicillin,anchor,stage1,3,5.050000000000001,-13.756215046508116
ampicillin,anchor,stage1,3,5.075,-13.778292378875744
ampicillin,anchor,stage1,3,5.1000000000000005,-13.800402786255669
ampicillin,anchor,stage1,3,5.125,-13.822546324755383
ampicillin,anchor,stage1,3,5.15,-13.844723024874986
ampicillin,anchor,stage1,3,5.175000000000001,-13.86693289379648
ampicillin,anchor,stage1,3,5.2,-13.889175917485936
ampicillin,anchor,stage1,3,5.2250000000000005,-13.911452062623628
ampicillin,anchor,stage1,3,5.25,-13.933761278376
ampicillin,anchor,stage1,3,5.275,-13.956103498022204
ampicillin,anchor,stage1,3,5.300000000000001,-13.978478640446937
ampicillin,anchor,stage1,3,5.325,-14.000886611510401
ampicillin,anchor,stage1,3,5.3500000000000005,-14.023327305305285
ampicillin,anchor,stage1,3,5.375,-14.045800605309907
ampicillin,anchor,stage1,3,5.4,-14.068306385445918
ampicillin,anchor,stage1,3,5.425000000000001,-14.090844511048294
ampicillin,anchor,stage1,3,5.45,-14.113414839754691
ampicillin,anchor,stage1,3,5.4750000000000005,-14.136017222320714
ampicillin,anchor,stage1,3,5.5,-14.158651503367105
ampicillin,anchor,stage1,3,5.525,-14.181317522064338
ampicillin,anchor,stage1,3,5.550000000000001,-14.204015112759725
ampicillin,anchor,stage1,3,5.575,-14.22674410555169
ampicillin,anchor,stage1,3,5.6000000000000005,-14.24950432681548
ampicillin,anchor,stage1,3,5.625,-14.272295599684256
ampicillin,anchor,stage1,3,5.65,-14.295117744489234
ampicillin,anchor,stage1,3,5.675000000000001,-14.317970579162147
ampicillin,anchor,stage1,3,5.7,-14.34085391960308
ampicillin,anchor,stage1,3,5.7250000000000005,-14.363767580016596
ampicillin,anchor,stage1,3,5.75,-14.3867113732186
ampicillin,anchor,stage1,3,5.775,-14.409685110916424
ampicillin,anchor,stage1,3,5.800000000000001,-14.432688603964271
ampicillin,anchor,stage1,3,5.825,-14.455721662596044
ampicillin,anchor,stage1,3,5.8500000000000005,-14.478784096637382
ampicillin,anchor,stage1,3,5.875,-14.501875715698652
ampicillin,anchor,stage1,3,5.9,-14.524996329350396
ampicillin,anchor,stage1,3,5.925000000000001,-14.548145747282714
ampicillin,anchor,stage1,3,5.95,-14.571323779449878
ampicillin,anchor,stage1,3,5.9750000000000005,-14.594530236201422
ampicillin,anchor,stage1,3,6.0,-14.617764928400732
ampicillin,anchor,stage1,3,6.025,-14.641027667532326
ampicillin,anchor,stage1,3,6.050000000000001,-14.664318265798567
ampicillin,anchor,stage1,3,6.075,-14.687636536206838
ampicillin,anchor,stage1,3,6.1000000000000005,-14.710982292647897
ampicillin,anchor,stage1,3,6.125,-14.73435534996612
ampicillin,anchor,stage1,3,6.15,-14.757755524022418
ampicillin,anchor,stage1,3,6.175000000000001,-14.781182631750266
ampicillin,anchor,stage1,3,6.2,-14.804636491205628
ampicillin,anchor,stage1,3,6.2250000000000005,-14.828116921611096
ampicillin,anchor,stage1,3,6.25,-14.85162374339486
ampicillin,anchor,stage1,3,6.275,-14.875156778224905
ampicillin,anchor,stage1,3,6.300000000000001,-14.898715849038819
ampicillin,anchor,stage1,3,6.325,-14.922300780069623
ampicillin,anchor,stage1,3,6.3500000000000005,-14.945911396867956
ampicillin,anchor,stage1,3,6.375,-14.969547526320877
ampicillin,anchor,stage1,3,6.4,-14.993208996667693
ampicillin,anchor,stage1,3,6.425000000000001,-15.016895637512926
ampicillin,anchor,stage1,3,6.45,-15.040607279836799
ampicillin,anchor,stage1,3,6.4750000000000005,-15.064343756003373
ampicillin,anchor,stage1,3,6.5,-15.088104899766591
ampicillin,anchor,stage1,3,6.525,-15.111890546274408
ampicillin,anchor,stage1,3,6.550000000000001,-15.135700532071148
ampicillin,anchor,stage1,3,6.575,-15.159534695098309
ampicillin,anchor,stage1,3,6.6000000000000005,-15.183392874693903
ampicillin,anchor,stage1,3,6.625,-15.20727491159051
ampicillin,anchor,stage1,3,6.65,-15.231180647912137
ampicillin,anchor,stage1,3,6.675000000000001,-15.255109927169999
ampicillin,anchor,stage1,3,6.7,-15.279062594257379
ampicillin,anchor,stage1,3,6.7250000000000005,-15.303038495443573
ampicillin,anchor,stage1,3,6.75,-15.327037478367066
ampicillin,anchor,stage1,3,6.775,-15.351059392028036
ampicillin,anchor,stage1,3,6.800000000000001,-15.375104086780176
ampicillin,anchor,stage1,3,6.825,-15.399171414322021
ampicillin,anchor,stage1,3,6.8500000000000005,-15.423261227687712
ampicillin,anchor,stage1,3,6.875,-15.447373381237387
ampicillin,anchor,stage1,3,6.9,-15.471507730647113
ampicillin,anchor,stage1,3,6.925000000000001,-15.495664132898527
ampicillin,anchor,stage1,3,6.95,-15.519842446268173
ampicillin,anchor,stage1,3,6.9750000000000005,-15.544042530316535
ampicillin,anchor,stage1,3,7.0,-15.568264245876907
ampicillin,anchor,stage1,4,0.0,0.0
ampicillin,anchor,stage1,4,0.025,-0.10441818988530635
ampicillin,anchor,stage1,4,0.05,-0.20883618702618292
ampicillin,anchor,stage1,4,0.07500000000000001,-0.31325397021384854
ampicillin,anchor,stage1,4,0.1,-0.41767151591462426
ampicillin,anchor,stage1,4,0.125,-0.5220887980205215
ampicillin,anchor,stage1,4,0.15000000000000002,-0.6265057875739055
ampicillin,anchor,stage1,4,0.17500000000000002,-0.7309224524636337
ampicillin,anchor,stage1,4,0.2,-0.8353387570898138
ampicillin,anchor,stage1,4,0.225,-0.9397546619940466
ampicillin,anchor,stage1,4,0.25,-1.044170123451713
ampicillin,anchor,stage1,4,0.275,-1.1485850930225567
ampicillin,anchor,stage1,4,0.30000000000000004,-1.252999517055413
ampicillin,anchor,stage1,4,0.325,-1.3574133361425746
ampicillin,anchor,stage1,4,0.35000000000000003,-1.461826484518837
ampicillin,anchor,stage1,4,0.375,-1.5662388893998
ampicillin,anchor,stage1,4,0.4,-1.6706504702534648
ampicillin,anchor,stage1,4,0.42500000000000004,-1.7750611379986585
ampicillin,anchor,stage1,4,0.45,-1.87947079412312
ampicillin,anchor,stage1,4,0.47500000000000003,-1.983879329713526
ampicillin,anchor,stage1,4,0.5,-2.0882866243888407
ampicillin,anchor,stage1,4,0.525,-2.192692545127783
ampicillin,anchor,stage1,4,0.55,-2.297096944980173
ampicillin,anchor,stage1,4,0.5750000000000001,-2.401499661650966
ampicillin,anchor,stage1,4,0.6000000000000001,-2.5059005159449668
ampicillin,anchor,stage1,4,0.625,-2.6102993100587906
ampicillin,anchor,stage1,4,0.65,-2.7146958257056486
ampicillin,anchor,stage1,4,0.675,-2.8190898220570877
ampicillin,anchor,stage1,4,0.7000000000000001,-2.923481033484491
ampicillin,anchor,stage1,4,0.7250000000000001,-3.027869167081288
ampicillin,anchor,stage1,4,0.75,-3.132253899945609
ampicillin,anchor,stage1,4,0.775,-3.2366348762007426
ampicillin,anchor,stage1,4,0.8,-3.3410117037290994
ampicillin,anchor,stage1,4,0.8250000000000001,-3.4453839505930746
ampicillin,anchor,stage1,4,0.8500000000000001,-3.5497511411139016
ampicillin,anchor,stage1,4,0.875,-3.6541127515769225
ampicillin,anchor,stage1,4,0.9,-3.7584682055291494
ampicillin,anchor,stage1,4,0.925,-3.862816868631797
ampicillin,anchor,stage1,4,0.9500000000000001,-3.9671580430274274
ampicillin,anchor,stage1,4,0.9750000000000001,-4.071490961177761
ampicillin,anchor,stage1,4,1.0,-4.175814779124611
ampicillin,anchor,stage1,4,1.0250000000000001,-4.280128569123215
ampicillin,anchor,stage1,4,1.05,-4.384431311586951
ampicillin,anchor,stage1,4,1.075,-4.488721886295259
ampicillin,anchor,stage1,4,1.1,-4.592999062783639
ampicillin,anchor,stage1,4,1.125,-4.697261489856637
ampicillin,anchor,stage1,4,1.1500000000000001,-4.801507684143247
ampicillin,anchor,stage1,4,1.175,-4.905736017613421
ampicillin,anchor,stage1,4,1.2000000000000002,-5.009944703967769
ampicillin,anchor,stage1,4,1.225,-5.11413178380555
ampicillin,anchor,stage1,4,1.25,-5.218295108469828
ampicillin,anchor,stage1,4,1.2750000000000001,-5.322432322461053
ampicillin,anchor,stage1,4,1.3,-5.4265408443037035
ampicillin,anchor,stage1,4,1.3250000000000002,-5.530617845742421
ampicillin,anchor,stage1,4,1.35,-5.634660229137412
ampicillin,anchor,stage1,4,1.375,-5.738664602920425
ampicillin,anchor,stage1,4,1.4000000000000001,-5.842627254965972
ampicillin,anchor,stage1,4,1.425,-5.946544123724824
ampicillin,anchor,stage1,4,1.4500000000000002,-6.050410766960365
ampicillin,anchor,stage1,4,1.475,-6.154222327922052
ampicillin,anchor,stage1,4,1.5,-6.257973498785604
ampicillin,anchor,stage1,4,1.5250000000000001,-6.3616584811852555
ampicillin,anchor,stage1,4,1.55,-6.465270943661782
ampicillin,anchor,stage1,4,1.5750000000000002,-6.5688039758497965
ampicillin,anchor,stage1,4,1.6,-6.672250039230697
ampicillin,anchor,stage1,4,1.625,-6.775600914283956
ampicillin,anchor,stage1,4,1.6500000000000001,-6.878847643879902
ampicillin,anchor,stage1,4,1.675,-6.981980472772255
ampicillin,anchor,stage1,4,1.7000000000000002,-7.084988783070802
ampicillin,anchor,stage1,4,1.725,-7.187861025603034
ampicillin,anchor,stage1,4,1.75,-7.290584647111145
ampicillin,anchor,stage1,4,1.7750000000000001,-7.393146013278009
ampicillin,anchor,stage1,4,1.8,-7.49553032763572
ampicillin,anchor,stage1,4,1.8250000000000002,-7.597721546481673
ampicillin,anchor,stage1,4,1.85,-7.699702290016058
ampicillin,anchor,stage1,4,1.875,-7.80145375001939
ampicillin,anchor,stage1,4,1.9000000000000001,-7.902955594513418
ampicillin,anchor,stage1,4,1.925,-8.004185869993831
ampicillin,anchor,stage1,4,1.9500000000000002,-8.105120901993615
ampicillin,anchor,stage1,4,1.975,-8.205735194926847
ampicillin,anchor,stage1,4,2.0,-8.306001332385048
ampicillin,anchor,stage1,4,2.025,-8.405889879300059
ampicillin,anchor,stage1,4,2.0500000000000003,-8.505369287664443
ampicillin,anchor,stage1,4,2.075,-8.604405807779798
ampicillin,anchor,stage1,4,2.1,-8.702963407357641
ampicillin,anchor,stage1,4,2.125,-8.801003701070853
ampicillin,anchor,stage1,4,2.15,-8.898485893550319
ampicillin,anchor,stage1,4,2.1750000000000003,-8.995366739126997
ampicillin,anchor,stage1,4,2.2,-9.09160052195272
ampicillin,anchor,stage1,4,2.225,-9.187139060422655
ampicillin,anchor,stage1,4,2.25,-9.281931740059795
ampicillin,anchor,stage1,4,2.275,-9.375925579183576
ampicillin,anchor,stage1,4,2.3000000000000003,-9.469065331741188
ampicillin,anchor,stage1,4,2.325,-9.56129363160492
ampicillin,anchor,stage1,4,2.35,-9.652551182396412
ampicillin,anchor,stage1,4,2.375,-9.742776996463448
ampicillin,anchor,stage1,4,2.4000000000000004,-9.831908685973842
ampicillin,anchor,stage1,4,2.4250000000000003,-9.91988280818589
ampicillin,anchor,stage1,4,2.45,-10.006635265788422
ampicillin,anchor,stage1,4,2.475,-10.09210176177693
ampicillin,anchor,stage1,4,2.5,-10.176218306658356
ampicillin,anchor,stage1,4,2.5250000000000004,-10.258921773890782
ampicillin,anchor,stage1,4,2.5500000000000003,-10.340150497418994
ampicillin,anchor,stage1,4,2.575,-10.419844903041644
ampicillin,anchor,stage1,4,2.6,-10.497948163237393
ampicillin,anchor,stage1,4,2.625,-10.574406863103246
ampicillin,anchor,stage1,4,2.6500000000000004,-10.649171663345584
ampicillin,anchor,stage1,4,2.6750000000000003,-10.722197944944252
ampicillin,anchor,stage1,4,2.7,-10.793446419308111
ampicillin,anchor,stage1,4,2.725,-10.862883687559016
ampicillin,anchor,stage1,4,2.75,-10.930482733097927
ampicillin,anchor,stage1,4,2.7750000000000004,-10.99622333285326
ampicillin,anchor,stage1,4,2.8000000000000003,-11.060092374573642
ampicillin,anchor,stage1,4,2.825,-11.122084070139993
ampicillin,anchor,stage1,4,2.85,-11.182200058017163
ampicillin,anchor,stage1,4,2.875,-11.240449391487024
ampicillin,anchor,stage1,4,2.9000000000000004,-11.296848413011915
ampicillin,anchor,stage1,4,2.9250000000000003,-11.351420518765318
ampicillin,anchor,stage1,4,2.95,-11.404195820831944
ampicillin,anchor,stage1,4,2.975,-11.455210717637481
ampicillin,anchor,stage1,4,3.0,-11.504507385666939
ampicillin,anchor,stage1,4,3.0250000000000004,-11.552133207364419
ampicillin,anchor,stage1,4,3.0500000000000003,-11.598140151217214
ampicillin,anchor,stage1,4,3.075,-11.642584120410884
ampicillin,anchor,stage1,4,3.1,-11.685524286138977
ampicillin,anchor,stage1,4,3.125,-11.72702242074366
ampicillin,anchor,stage1,4,3.1500000000000004,-11.767142244461462
ampicillin,anchor,stage1,4,3.1750000000000003,-11.805948797776287
ampicillin,anchor,stage1,4,3.2,-11.843507849373516
ampicillin,anchor,stage1,4,3.225,-11.879885347568703
ampicillin,anchor,stage1,4,3.25,-11.915146920966434
ampicillin,anchor,stage1,4,3.2750000000000004,-11.949357432083822
ampicillin,anchor,stage1,4,3.3000000000000003,-11.982580585821882
ampicillin,anchor,stage1,4,3.325,-12.014878593037587
ampicillin,anchor,stage1,4,3.35,-12.046311888089749
ampicillin,anchor,stage1,4,3.375,-12.076938898114191
ampicillin,anchor,stage1,4,3.4000000000000004,-12.106815860924222
ampicillin,anchor,stage1,4,3.4250000000000003,-12.13599668781493
ampicillin,anchor,stage1,4,3.45,-12.164532867151635
ampicillin,anchor,stage1,4,3.475,-12.192473404413635
ampicillin,anchor,stage1,4,3.5,-12.219864794315148
ampicillin,anchor,stage1,4,3.5250000000000004,-12.246751020703178
ampicillin,anchor,stage1,4,3.5500000000000003,-12.273173580109308
ampicillin,anchor,stage1,4,3.575,-12.299171525081288
ampicillin,anchor,stage1,4,3.6,-12.324781523718011
ampicillin,anchor,stage1,4,3.625,-12.35003793215797
ampicillin,anchor,stage1,4,3.6500000000000004,-12.37497287711065
ampicillin,anchor,stage1,4,3.6750000000000003,-12.399616345859354
ampicillin,anchor,stage1,4,3.7,-12.423996281493443
ampicillin,anchor,stage1,4,3.725,-12.448138681440426
ampicillin,anchor,stage1,4,3.75,-12.472067697659197
ampicillin,anchor,stage1,4,3.7750000000000004,-12.495805737122202
ampicillin,anchor,stage1,4,3.8000000000000003,-12.519373561454621
ampicillin,anchor,stage1,4,3.825,-12.542790384813179
ampicillin,anchor,stage1,4,3.85,-12.56607396927571
ampicillin,anchor,stage1,4,3.875,-12.58924071717713
ampicillin,anchor,stage1,4,3.9000000000000004,-12.612305759969066
ampicillin,anchor,stage1,4,3.9250000000000003,-12.635283043301174
ampicillin,anchor,stage1,4,3.95,-12.658185408124032
ampicillin,anchor,stage1,4,3.975,-12.68102466769848
ampicillin,anchor,stage1,4,4.0,-12.703811680466302
ampicillin,anchor,stage1,4,4.025,-12.726556418794095
ampicillin,anchor,stage1,4,4.05,-12.749268033647741
ampicillin,anchor,stage1,4,4.075,-12.771954915290804
ampicillin,anchor,stage1,4,4.1000000000000005,-12.794624750127333
ampicillin,anchor,stage1,4,4.125,-12.817284573831078
ampicillin,anchor,stage1,4,4.15,-12.839940820915999
ampicillin,anchor,stage1,4,4.175,-12.862599370914387
ampicillin,anchor,stage1,4,4.2,-12.885265591333562
ampicillin,anchor,stage1,4,4.2250000000000005,-12.907944377564915
ampicillin,anchor,stage1,4,4.25,-12.930640189918735
ampicillin,anchor,stage1,4,4.275,-12.953357087956139
ampicillin,anchor,stage1,4,4.3,-12.976098762285314
ampicillin,anchor,stage1,4,4.325,-12.998868563984432
ampicillin,anchor,stage1,4,4.3500000000000005,-13.021669531807317
ampicillin,anchor,stage1,4,4.375,-13.044504417321525
ampicillin,anchor,stage1,4,4.4,-13.067375708121254
ampicillin,anchor,stage1,4,4.425,-13.09028564925034
ampicillin,anchor,stage1,4,4.45,-13.113236262963076
ampicillin,anchor,stage1,4,4.4750000000000005,-13.1362293669433
ampicillin,anchor,stage1,4,4.5,-13.159266591094902
ampicillin,anchor,stage1,4,4.525,-13.182349393009789
ampicillin,anchor,stage1,4,4.55,-13.205479072212487
ampicillin,anchor,stage1,4,4.575,-13.228656783273992
ampicillin,anchor,stage1,4,4.6000000000000005,-13.251883547881105
ampicillin,anchor,stage1,4,4.625,-13.275160265941564
ampicillin,anchor,stage1,4,4.65,-13.298487725799514
ampicillin,anchor,stage1,4,4.675,-13.321866613630567
ampicillin,anchor,stage1,4,4.7,-13.345297522080545
ampicillin,anchor,stage1,4,4.7250000000000005,-13.368780958207408
ampicillin,anchor,stage1,4,4.75,-13.392317350781235
ampicillin,anchor,stage1,4,4.775,-13.415907056993182
ampicillin,anchor,stage1,4,4.800000000000001,-13.439550368620266
ampicillin,anchor,stage1,4,4.825,-13.46324751768941
ampicillin,anchor,stage1,4,4.8500000000000005,-13.486998681680689
ampicillin,anchor,stage1,4,4.875,-13.510803988306693
ampicillin,anchor,stage1,4,4.9,-13.534663519902008
ampicillin,anchor,stage1,4,4.925000000000001,-13.55857731745414
ampicillin,anchor,stage1,4,4.95,-13.582545384304753
ampicillin,anchor,stage1,4,4.9750000000000005,-13.60656768954779
ampicillin,anchor,stage1,4,5.0,-13.630644171148964
ampicillin,anchor,stage1,4,5.025,-13.654774738809088
ampicillin,anchor,stage1,4,5.050000000000001,-13.678959276592023
ampicillin,anchor,stage1,4,5.075,-13.703197645336223
ampicillin,anchor,stage1,4,5.1000000000000005,-13.727489684867495
ampicillin,anchor,stage1,4,5.125,-13.751835216028985
ampicillin,anchor,stage1,4,5.15,-13.776234042543336
ampicillin,anchor,stage1,4,5.175000000000001,-13.800685952720494
ampicillin,anchor,stage1,4,5.2,-13.825190721023827
ampicillin,anchor,stage1,4,5.2250000000000005,-13.84974810950596
ampicillin,anchor,stage1,4,5.25,-13.874357869124983
ampicillin,anchor,stage1,4,5.275,-13.899019740950704
ampicillin,anchor,stage1,4,5.300000000000001,-13.92373345726989
ampicillin,anchor,stage1,4,5.325,-13.94849874259875
ampicillin,anchor,stage1,4,5.3500000000000005,-13.973315314610137
ampicillin,anchor,stage1,4,5.375,-13.99818288498248
ampicillin,anchor,stage1,4,5.4,-14.023101160176745
ampicillin,anchor,stage1,4,5.425000000000001,-14.048069842147298
ampicillin,anchor,stage1,4,5.45,-14.073088628992117
ampicillin,anchor,stage1,4,5.4750000000000005,-14.098157215547188
ampicillin,anchor,stage1,4,5.5,-14.123275293929696
ampicillin,anchor,stage1,4,5.525,-14.148442554034181
ampicillin,anchor,stage1,4,5.550000000000001,-14.173658683985462
ampicillin,anchor,stage1,4,5.575,-14.198923370551874
ampicillin,anchor,stage1,4,5.6000000000000005,-14.224236299522069
ampicillin,anchor,stage1,4,5.625,-14.249597156048319
ampicillin,anchor,stage1,4,5.65,-14.275005624959096
ampicillin,anchor,stage1,4,5.675000000000001,-14.30046139104341
ampicillin,anchor,stage1,4,5.7,-14.325964139309242
ampicillin,anchor,stage1,4,5.7250000000000005,-14.351513555218155
ampicillin,anchor,stage1,4,5.75,-14.377109324898095
ampicillin,anchor,stage1,4,5.775,-14.402751135336107
ampicillin,anchor,stage1,4,5.800000000000001,-14.42843867455266
ampicillin,anchor,stage1,4,5.825,-14.454171631759074
ampicillin,anchor,stage1,4,5.8500000000000005,-14.479949697499451
ampicillin,anchor,stage1,4,5.875,-14.505772563778411
ampicillin,anchor,stage1,4,5.9,-14.531639924175707
ampicillin,anchor,stage1,4,5.925000000000001,-14.55755147394896
ampicillin,anchor,stage1,4,5.95,-14.583506910125413
ampicillin,anchor,stage1,4,5.9750000000000005,-14.60950593158356
ampicillin,anchor,stage1,4,6.0,-14.635548239125633
ampicillin,anchor,stage1,4,6.025,-14.661633535541625
ampicillin,anchor,stage1,4,6.050000000000001,-14.687761525665552
ampicillin,anchor,stage1,4,6.075,-14.713931916424654
ampicillin,anchor,stage1,4,6.1000000000000005,-14.740144416882123
ampicillin,anchor,stage1,4,6.125,-14.766398738273848
ampicillin,anchor,stage1,4,6.15,-14.792694594039798
ampicillin,anchor,stage1,4,6.175000000000001,-14.819031699850411
ampicillin,anchor,stage1,4,6.2,-14.845409773628434
ampicillin,anchor,stage1,4,6.2250000000000005,-14.87182853556666
ampicillin,anchor,stage1,4,6.25,-14.89828770814186
ampicillin,anchor,stage1,4,6.275,-14.924787016125286
ampicillin,anchor,stage1,4,6.300000000000001,-14.951326186590013
ampicillin,anchor,stage1,4,6.325,-14.977904948915437
ampicillin,anchor,stage1,4,6.3500000000000005,-15.00452303478919
ampicillin,anchor,stage1,4,6.375,-15.031180178206625
ampicillin,anchor,stage1,4,6.4,-15.057876115468227
ampicillin,anchor,stage1,4,6.425000000000001,-15.084610585175035
ampicillin,anchor,stage1,4,6.45,-15.11138332822231
ampicillin,anchor,stage1,4,6.4750000000000005,-15.138194087791604
ampicillin,anchor,stage1,4,6.5,-15.16504260934139
ampicillin,anchor,stage1,4,6.525,-15.191928640596405
ampicillin,anchor,stage1,4,6.550000000000001,-15.2188519315358
ampicillin,anchor,stage1,4,6.575,-15.245812234380258
ampicillin,anchor,stage1,4,6.6000000000000005,-15.272809303578187
ampicillin,anchor,stage1,4,6.625,-15.299842895791054
ampicillin,anchor,stage1,4,6.65,-15.326912769877952
ampicillin,anchor,stage1,4,6.675000000000001,-15.354018686879577
ampicillin,anchor,stage1,4,6.7,-15.381160410001563
ampicillin,anchor,stage1,4,6.7250000000000005,-15.408337704597317
ampicillin,anchor,stage1,4,6.75,-15.435550338150415
ampicillin,anchor,stage1,4,6.775,-15.46279808025662
ampicillin,anchor,stage1,4,6.800000000000001,-15.49008070260554
ampicillin,anchor,stage1,4,6.825,-15.517397978962046
ampicillin,anchor,stage1,4,6.8500000000000005,-15.544749685147409
ampicillin,anchor,stage1,4,6.875,-15.572135599020275
ampicillin,anchor,stage1,4,6.9,-15.599555500457468
ampicillin,anchor,stage1,4,6.925000000000001,-15.62700917133467
ampicillin,anchor,stage1,4,6.95,-15.654496395507023
ampicillin,anchor,stage1,4,6.9750000000000005,-15.68201695878968
ampicillin,anchor,stage1,4,7.0,-15.70957064893826
ampicillin,anchor,equal,1,0.0,0.0
ampicillin,anchor,equal,1,0.025,-0.10434952050142728
ampicillin,anchor,equal,1,0.05,-0.2086984173520391
ampicillin,anchor,equal,1,0.07500000000000001,-0.313046636957762
ampicillin,anchor,equal,1,0.1,-0.4173941211198584
ampicillin,anchor,equal,1,0.125,-0.5217408066394852
ampicillin,anchor,equal,1,0.15000000000000002,-0.6260866248883238
ampicillin,anchor,equal,1,0.17500000000000002,-0.7304315013423762
ampicillin,anchor,equal,1,0.2,-0.8347753550757782
ampicillin,anchor,equal,1,0.225,-0.9391180982112006
ampicillin,anchor,equal,1,0.25,-1.043459635323134
ampicillin,anchor,equal,1,0.275,-1.1477998627900203
ampicillin,anchor,equal,1,0.30000000000000004,-1.2521386680908693
ampicillin,anchor,equal,1,0.325,-1.3564759290416042
ampicillin,anchor,equal,1,0.35000000000000003,-1.4608115129660038
ampicillin,anchor,equal,1,0.375,-1.5651452757956617
ampicillin,anchor,equal,1,0.4,-1.6694770610928866
ampicillin,anchor,equal,1,0.42500000000000004,-1.7738066989900163
ampicillin,anchor,equal,1,0.45,-1.8781340050379896
ampicillin,anchor,equal,1,0.47500000000000003,-1.9824587789564816
ampicillin,anchor,equal,1,0.5,-2.0867808032772324
ampicillin,anchor,equal,1,0.525,-2.191099841871472
ampicillin,anchor,equal,1,0.55,-2.29541563835168
ampicillin,anchor,equal,1,0.5750000000000001,-2.3997279143369137
ampicillin,anchor,equal,1,0.6000000000000001,-2.5040363675702926
ampicillin,anchor,equal,1,0.625,-2.6083406698760467
ampicillin,anchor,equal,1,0.65,-2.712640464942646
ampicillin,anchor,equal,1,0.675,-2.816935365917321
ampicillin,anchor,equal,1,0.7000000000000001,-2.921224952796133
ampicillin,anchor,equal,1,0.7250000000000001,-3.025508769592452
ampicillin,anchor,equal,1,0.75,-3.1297863212652084
ampicillin,anchor,equal,1,0.775,-3.234057070386948
ampicillin,anchor,equal,1,0.8,-3.338320433529907
ampicillin,anchor,equal,1,0.8250000000000001,-3.4425757773466947
ampicillin,anchor,equal,1,0.8500000000000001,-3.5468224143203013
ampicillin,anchor,equal,1,0.875,-3.651059598156023
ampicillin,anchor,equal,1,0.9,-3.755286518785974
ampicillin,anchor,equal,1,0.925,-3.8595022969541564
ampicillin,anchor,equal,1,0.9500000000000001,-3.9637059783481776
ampicillin,anchor,equal,1,0.9750000000000001,-4.067896527240444
ampicillin,anchor,equal,1,1.0,-4.1720728195992045
ampicillin,anchor,equal,1,1.0250000000000001,-4.27623363562802
ampicillin,anchor,equal,1,1.05,-4.380377651682318
ampicillin,anchor,equal,1,1.075,-4.48450343152644
ampicillin,anchor,equal,1,1.1,-4.588609416862794
ampicillin,anchor,equal,1,1.125,-4.692693917088106
ampicillin,anchor,equal,1,1.1500000000000001,-4.7967550982123015
ampicillin,anchor,equal,1,1.175,-4.90079097087646
ampicillin,anchor,equal,1,1.2000000000000002,-5.004799377401507
ampicillin,anchor,equal,1,1.225,-5.1087779777949605
ampicillin,anchor,equal,1,1.25,-5.212724234638764
ampicillin,anchor,equal,1,1.2750000000000001,-5.3166353967765785
ampicillin,anchor,equal,1,1.3,-5.420508481714621
ampicillin,anchor,equal,1,1.3250000000000002,-5.524340256645651
ampicillin,anchor,equal,1,1.35,-5.628127218001297
ampicillin,anchor,equal,1,1.375,-5.73186556943399
ampicillin,anchor,equal,1,1.4000000000000001,-5.8355511981257875
ampicillin,anchor,equal,1,1.425,-5.939179649318151
ampicillin,anchor,equal,1,1.4500000000000002,-6.042746098953921
ampicillin,anchor,equal,1,1.475,-6.14624532432091
ampicillin,anchor,equal,1,1.5,-6.249671672585372
ampicillin,anchor,equal,1,1.5250000000000001,-6.353019027104251
ampicillin,anchor,equal,1,1.55,-6.456280771406733
ampicillin,anchor,equal,1,1.5750000000000002,-6.559449750739827
ampicillin,anchor,equal,1,1.6,-6.662518231078525
ampicillin,anchor,equal,1,1.625,-6.76547785551066
ampicillin,anchor,equal,1,1.6500000000000001,-6.868319597918382
ampicillin,anchor,equal,1,1.675,-6.971033713894978
ampicillin,anchor,equal,1,1.7000000000000002,-7.073609688856686
ampicillin,anchor,equal,1,1.725,-7.176036183335254
ampicillin,anchor,equal,1,1.75,-7.278300975470122
ampicillin,anchor,equal,1,1.7750000000000001,-7.380390900758257
ampicillin,anchor,equal,1,1.8,-7.482291789168001
ampicillin,anchor,equal,1,1.8250000000000002,-7.583988399779762
ampicillin,anchor,equal,1,1.85,-7.68546435318419
ampicillin,anchor,equal,1,1.875,-7.786702061945448
ampicillin,anchor,equal,1,1.9000000000000001,-7.887682659529277
ampicillin,anchor,equal,1,1.925,-7.988385928198272
ampicillin,anchor,equal,1,1.9500000000000002,-8.08879022649406
ampicillin,anchor,equal,1,1.975,-8.188872417059512
ampicillin,anchor,equal,1,2.0,-8.288607795700054
ampicillin,anchor,equal,1,2.025,-8.38797002274375
ampicillin,anchor,equal,1,2.0500000000000003,-8.486931057939069
ampicillin,anchor,equal,1,2.075,-8.585461100301767
ampicillin,anchor,equal,1,2.1,-8.683528534555467
ampicillin,anchor,equal,1,2.125,-8.781099885956376
ampicillin,anchor,equal,1,2.15,-8.878139785551623
ampicillin,anchor,equal,1,2.1750000000000003,-8.974610948086788
ampicillin,anchor,equal,1,2.2,-9.07047416497384
ampicillin,anchor,equal,1,2.225,-9.165688314891163
ampicillin,anchor,equal,1,2.25,-9.260210394714484
ampicillin,anchor,equal,1,2.275,-9.353995573556062
ampicillin,anchor,equal,1,2.3000000000000003,-9.446997272705957
ampicillin,anchor,equal,1,2.325,-9.539167274205614
ampicillin,anchor,equal,1,2.35,-9.630455860626125
ampicillin,anchor,equal,1,2.375,-9.720811988353457
ampicillin,anchor,equal,1,2.4000000000000004,-9.810183496287026
ampicillin,anchor,equal,1,2.4250000000000003,-9.898517351324037
ampicillin,anchor,equal,1,2.45,-9.985759931322486
ampicillin,anchor,equal,1,2.475,-10.07185734540831
ampicillin,anchor,equal,1,2.5,-10.156755790524125
ampicillin,anchor,equal,1,2.5250000000000004,-10.240401942021926
ampicillin,anchor,equal,1,2.5500000000000003,-10.322743374906675
ampicillin,anchor,equal,1,2.575,-10.403729011077242
ampicillin,anchor,equal,1,2.6,-10.483309586634126
ampicillin,anchor,equal,1,2.625,-10.561438132085332
ampicillin,anchor,equal,1,2.6500000000000004,-10.63807045714906
ampicillin,anchor,equal,1,2.6750000000000003,-10.713165630891476
ampicillin,anchor,equal,1,2.7,-10.786686447220102
ampicillin,anchor,equal,1,2.725,-10.858599865341077
ampicillin,anchor,equal,1,2.75,-10.928877414734714
ampicillin,anchor,equal,1,2.7750000000000004,-10.997495554545464
ampicillin,anchor,equal,1,2.8000000000000003,-11.06443597803524
ampicillin,anchor,equal,1,2.825,-11.12968585390573
ampicillin,anchor,equal,1,2.85,-11.193237997821257
ampicillin,anchor,equal,1,2.875,-11.255090969301726
ampicillin,anchor,equal,1,2.9000000000000004,-11.315249091223931
ampicillin,anchor,equal,1,2.9250000000000003,-11.37372239137243
ampicillin,anchor,equal,1,2.95,-11.430526467711738
ampicillin,anchor,equal,1,2.975,-11.48568228120027
ampicillin,anchor,equal,1,3.0,-11.539215881930836
ampicillin,anchor,equal,1,3.0250000000000004,-11.59115807607295
ampicillin,anchor,equal,1,3.0500000000000003,-11.641544042439499
ampicillin,anchor,equal,1,3.075,-11.69041290845694
ampicillin,anchor,equal,1,3.1,-11.737807295864908
ampicillin,anchor,equal,1,3.125,-11.783772846611654
ampicillin,anchor,equal,1,3.1500000000000004,-11.828357739172159
ampicillin,anchor,equal,1,3.1750000000000003,-11.871612204943872
ampicillin,anchor,equal,1,3.2,-11.913588053526889
ampicillin,anchor,equal,1,3.225,-11.954338214640309
ampicillin,anchor,equal,1,3.25,-11.993916303232536
ampicillin,anchor,equal,1,3.2750000000000004,-12.032376213078127
ampicillin,anchor,equal,1,3.3000000000000003,-12.06977174287829
ampicillin,anchor,equal,1,3.325,-12.106156257649387
ampicillin,anchor,equal,1,3.35,-12.141582387034184
ampicillin,anchor,equal,1,3.375,-12.176101761137184
ampicillin,anchor,equal,1,3.4000000000000004,-12.209764783585848
ampicillin,anchor,equal,1,3.4250000000000003,-12.242620440766443
ampicillin,anchor,equal,1,3.45,-12.274716145576885
ampicillin,anchor,equal,1,3.475,-12.306097613575378
ampicillin,anchor,equal,1,3.5,-12.33680876907256
ampicillin,anchor,equal,1,3.5250000000000004,-12.366891678502803
ampicillin,anchor,equal,1,3.5500000000000003,-12.396386508301656
ampicillin,anchor,equal,1,3.575,-12.425331504495148
ampicillin,anchor,equal,1,3.6,-12.453762991255795
ampicillin,anchor,equal,1,3.625,-12.48171538578515
ampicillin,anchor,equal,1,3.6500000000000004,-12.509221227028664
ampicillin,anchor,equal,1,3.6750000000000003,-12.53631121590341
ampicillin,anchor,equal,1,3.7,-12.563014264912304
ampicillin,anchor,equal,1,3.725,-12.58935755522043
ampicillin,anchor,equal,1,3.75,-12.61536659947307
ampicillin,anchor,equal,1,3.7750000000000004,-12.64106530883542
ampicillin,anchor,equal,1,3.8000000000000003,-12.666476062926266
ampicillin,anchor,equal,1,3.825,-12.691619781499217
ampicillin,anchor,equal,1,3.85,-12.716515996893444
ampicillin,anchor,equal,1,3.875,-12.741182926430179
ampicillin,anchor,equal,1,3.9000000000000004,-12.765637544070383
ampicillin,anchor,equal,1,3.9250000000000003,-12.789895650774204
ampicillin,anchor,equal,1,3.95,-12.813971943113092
ampicillin,anchor,equal,1,3.975,-12.837880079782582
ampicillin,anchor,equal,1,4.0,-12.861632745747942
ampicillin,anchor,equal,1,4.025,-12.885241713827467
ampicillin,anchor,equal,1,4.05,-12.90871790358009
ampicillin,anchor,equal,1,4.075,-12.932071437416127
ampicillin,anchor,equal,1,4.1000000000000005,-12.955311693893453
ampicillin,anchor,equal,1,4.125,-12.978447358198451
ampicillin,anchor,equal,1,4.15,-13.001486469838632
ampicillin,anchor,equal,1,4.175,-13.024436467599225
ampicillin,anchor,equal,1,4.2,-13.047304231833673
ampicillin,anchor,equal,1,4.2250000000000005,-13.07009612417244
ampicillin,anchor,equal,1,4.25,-13.09281802474526
ampicillin,anchor,equal,1,4.275,-13.115475367019481
ampicillin,anchor,equal,1,4.3,-13.138073170362167
ampicillin,anchor,equal,1,4.325,-13.160616070436442
ampicillin,anchor,equal,1,4.3500000000000005,-13.183108347543683
ampicillin,anchor,equal,1,4.375,-13.205553953022902
ampicillin,anchor,equal,1,4.4,-13.227956533816998
ampicillin,anchor,equal,1,4.425,-13.25031945531343
ampicillin,anchor,equal,1,4.45,-13.272645822563627
ampicillin,anchor,equal,1,4.4750000000000005,-13.294938499981903
ampicillin,anchor,equal,1,4.5,-13.317200129620735
ampicillin,anchor,equal,1,4.525,-13.339433148114946
ampicillin,anchor,equal,1,4.55,-13.361639802383023
ampicillin,anchor,equal,1,4.575,-13.383822164169313
ampicillin,anchor,equal,1,4.6000000000000005,-13.405982143506362
ampicillin,anchor,equal,1,4.625,-13.428121501172257
ampicillin,anchor,equal,1,4.65,-13.450241860213419
ampicillin,anchor,equal,1,4.675,-13.472344716599196
ampicillin,anchor,equal,1,4.7,-13.494431449070287
ampicillin,anchor,equal,1,4.7250000000000005,-13.516503328239335
ampicillin,anchor,equal,1,4.75,-13.538561524998052
ampicillin,anchor,equal,1,4.775,-13.560607118281773
ampicillin,anchor,equal,1,4.800000000000001,-13.582641102238815
ampicillin,anchor,equal,1,4.825,-13.604664392848871
ampicillin,anchor,equal,1,4.8500000000000005,-13.62667783403154
ampicillin,anchor,equal,1,4.875,-13.648682203283242
ampicillin,anchor,equal,1,4.9,-13.670678216878063
ampicillin,anchor,equal,1,4.925000000000001,-13.692666534665513
ampicillin,anchor,equal,1,4.95,-13.714647764495803
ampicillin,anchor,equal,1,4.9750000000000005,-13.736622466301046
ampicillin,anchor,equal,1,5.0,-13.758591155858648
ampicillin,anchor,equal,1,5.025,-13.780554308261284
ampicillin,anchor,equal,1,5.050000000000001,-13.802512361115989
ampicillin,anchor,equal,1,5.075,-13.824465717493247
ampicillin,anchor,equal,1,5.1000000000000005,-13.846414748645376
ampicillin,anchor,equal,1,5.125,-13.868359796512044
ampicillin,anchor,equal,1,5.15,-13.890301176029439
ampicillin,anchor,equal,1,5.175000000000001,-13.91223917725833
ampicillin,anchor,equal,1,5.2,-13.934174067345092
ampicillin,anchor,equal,1,5.2250000000000005,-13.956106092328703
ampicillin,anchor,equal,1,5.25,-13.978035478805754
ampicillin,anchor,equal,1,5.275,-13.999962435464491
ampicillin,anchor,equal,1,5.300000000000001,-14.021887154498216
ampicillin,anchor,equal,1,5.325,-14.043809812907398
ampicillin,anchor,equal,1,5.3500000000000005,-14.065730573699259
ampicillin,anchor,equal,1,5.375,-14.087649586992859
ampicillin,anchor,equal,1,5.4,-14.109566991037083
ampicillin,anchor,equal,1,5.425000000000001,-14.131482913148393
ampicillin,anchor,equal,1,5.45,-14.1533974705746
ampicillin,anchor,equal,1,5.4750000000000005,-14.175310771290517
ampicillin,anchor,equal,1,5.5,-14.197222914730835
ampicillin,anchor,equal,1,5.525,-14.219133992465146
ampicillin,anchor,equal,1,5.550000000000001,-14.241044088819672
ampicillin,anchor,equal,1,5.575,-14.26295328144993
ampicillin,anchor,equal,1,5.6000000000000005,-14.284861641868146
ampicillin,anchor,equal,1,5.625,-14.306769235929018
ampicillin,anchor,equal,1,5.65,-14.328676124277107
ampicillin,anchor,equal,1,5.675000000000001,-14.350582362758875
ampicillin,anchor,equal,1,5.7,-14.372488002802163
ampicillin,anchor,equal,1,5.7250000000000005,-14.394393091765675
ampicillin,anchor,equal,1,5.75,-14.416297673260845
ampicillin,anchor,equal,1,5.775,-14.438201787448257
ampicillin,anchor,equal,1,5.800000000000001,-14.460105471310616
ampicillin,anchor,equal,1,5.825,-14.482008758904175
ampicillin,anchor,equal,1,5.8500000000000005,-14.503911681590228
ampicillin,anchor,equal,1,5.875,-14.525814268248334
ampicillin,anchor,equal,1,5.9,-14.54771654547268
ampicillin,anchor,equal,1,5.925000000000001,-14.569618537752884
ampicillin,anchor,equal,1,5.95,-14.591520267640524
ampicillin,anchor,equal,1,5.9750000000000005,-14.613421755902493
ampicillin,anchor,equal,1,6.0,-14.635323021662199
ampicillin,anchor,equal,1,6.025,-14.657224082529632
ampicillin,anchor,equal,1,6.050000000000001,-14.679124954721111
ampicillin,anchor,equal,1,6.075,-14.701025653169568
ampicillin,anchor,equal,1,6.1000000000000005,-14.722926191626112
ampicillin,anchor,equal,1,6.125,-14.744826582753554
ampicillin,anchor,equal,1,6.15,-14.766726838212517
ampicillin,anchor,equal,1,6.175000000000001,-14.788626968740765
ampicillin,anchor,equal,1,6.2,-14.81052698422623
ampicillin,anchor,equal,1,6.2250000000000005,-14.83242689377426
ampicillin,anchor,equal,1,6.25,-14.85432670576956
ampicillin,anchor,equal,1,6.275,-14.876226427933217
ampicillin,anchor,equal,1,6.300000000000001,-14.898126067375243
ampicillin,anchor,equal,1,6.325,-14.920025630642892
ampicillin,anchor,equal,1,6.3500000000000005,-14.941925123765248
ampicillin,anchor,equal,1,6.375,-14.9638245522942
ampicillin,anchor,equal,1,6.4,-14.985723921342231
ampicillin,anchor,equal,1,6.425000000000001,-15.007623235617176
ampicillin,anchor,equal,1,6.45,-15.029522499454254
ampicillin,anchor,equal,1,6.4750000000000005,-15.051421716845576
ampicillin,anchor,equal,1,6.5,-15.073320891467269
ampicillin,anchor,equal,1,6.525,-15.095220026704512
ampicillin,anchor,equal,1,6.550000000000001,-15.117119125674549
ampicillin,anchor,equal,1,6.575,-15.139018191247898
ampicillin,anchor,equal,1,6.6000000000000005,-15.160917226067887
ampicillin,anchor,equal,1,6.625,-15.182816232568621
ampicillin,anchor,equal,1,6.65,-15.204715212991553
ampicillin,anchor,equal,1,6.675000000000001,-15.226614169400724
ampicillin,anchor,equal,1,6.7,-15.24851310369681
ampicillin,anchor,equal,1,6.7250000000000005,-15.270412017630052
ampicillin,anchor,equal,1,6.75,-15.292310912812159
ampicillin,anchor,equal,1,6.775,-15.314209790727276
ampicillin,anchor,equal,1,6.800000000000001,-15.336108652742078
ampicillin,anchor,equal,1,6.825,-15.35800750011507
ampicillin,anchor,equal,1,6.8500000000000005,-15.379906334005147
ampicillin,anchor,equal,1,6.875,-15.401805155479472
ampicillin,anchor,equal,1,6.9,-15.423703965520758
ampicillin,anchor,equal,1,6.925000000000001,-15.445602765033918
ampicillin,anchor,equal,1,6.95,-15.467501554852255
ampicillin,anchor,equal,1,6.9750000000000005,-15.489400335743113
ampicillin,anchor,equal,1,7.0,-15.511299108413093
ampicillin,anchor,equal,2,0.0,0.0
ampicillin,anchor,equal,2,0.025,-0.10338048137720929
ampicillin,anchor,equal,2,0.05,-0.20676069740287178
ampicillin,anchor,equal,2,0.07500000000000001,-0.310140621847467
ampicillin,anchor,equal,2,0.1,-0.41352022596639587
ampicillin,anchor,equal,2,0.125,-0.5168994782640969
ampicillin,anchor,equal,2,0.15000000000000002,-0.6202783442364116
ampicillin,anchor,equal,2,0.17500000000000002,-0.7236567860892198
ampicillin,anchor,equal,2,0.2,-0.8270347624311993
ampicillin,anchor,equal,2,0.225,-0.9304122279383454
ampicillin,anchor,equal,2,0.25,-1.033789132987705
ampicillin,anchor,equal,2,0.275,-1.1371654232575275
ampicillin,anchor,equal,2,0.30000000000000004,-1.2405410392908047
ampicillin,anchor,equal,2,0.325,-1.3439159160188734
ampicillin,anchor,equal,2,0.35000000000000003,-1.4472899822415033
ampicillin,anchor,equal,2,0.375,-1.5506631600595115
ampicillin,anchor,equal,2,0.4,-1.6540353642556622
ampicillin,anchor,equal,2,0.42500000000000004,-1.7574065016191658
ampicillin,anchor,equal,2,0.45,-1.860776470208744
ampicillin,anchor,equal,2,0.47500000000000003,-1.9641451585487044
ampicillin,anchor,equal,2,0.5,-2.0675124447520505
ampicillin,anchor,equal,2,0.525,-2.1708781955640855
ampicillin,anchor,equal,2,0.55,-2.274242265319392
ampicillin,anchor,equal,2,0.5750000000000001,-2.377604494804445
ampicillin,anchor,equal,2,0.6000000000000001,-2.4809647100174415
ampicillin,anchor,equal,2,0.625,-2.584322720816242
ampicillin,anchor,equal,2,0.65,-2.6876783194443497
ampicillin,anchor,equal,2,0.675,-2.791031278924243
ampicillin,anchor,equal,2,0.7000000000000001,-2.8943813513061807
ampicillin,anchor,equal,2,0.7250000000000001,-2.9977282657597715
ampicillin,anchor,equal,2,0.75,-3.101071726494312
ampicillin,anchor,equal,2,0.775,-3.2044114104929573
ampicillin,anchor,equal,2,0.8,-3.3077469650441156
ampicillin,anchor,equal,2,0.8250000000000001,-3.4110780050524436
ampicillin,anchor,equal,2,0.8500000000000001,-3.5144041101100694
ampicillin,anchor,equal,2,0.875,-3.617724821307
ampicillin,anchor,equal,2,0.9,-3.721039637758117
ampicillin,anchor,equal,2,0.925,-3.8243480128219707
ampicillin,anchor,equal,2,0.9500000000000001,-3.927649349984784
ampicillin,anchor,equal,2,0.9750000000000001,-4.030942998380536
ampicillin,anchor,equal,2,1.0,-4.134228247916065
ampicillin,anchor,equal,2,1.0250000000000001,-4.237504323967045
ampicillin,anchor,equal,2,1.05,-4.340770381609307
ampicillin,anchor,equal,2,1.075,-4.444025499339908
ampicillin,anchor,equal,2,1.1,-4.547268672259511
ampicillin,anchor,equal,2,1.125,-4.650498804651375
ampicillin,anchor,equal,2,1.1500000000000001,-4.753714701920676
ampicillin,anchor,equal,2,1.175,-4.8569150618352035
ampicillin,anchor,equal,2,1.2000000000000002,-4.960098465010702
ampicillin,anchor,equal,2,1.225,-5.063263364578735
ampicillin,anchor,equal,2,1.25,-5.16640807497058
ampicillin,anchor,equal,2,1.2750000000000001,-5.269530759745817
ampicillin,anchor,equal,2,1.3,-5.37262941838923
ampicillin,anchor,equal,2,1.3250000000000002,-5.475701871994561
ampicillin,anchor,equal,2,1.35,-5.578745747748036
ampicillin,anchor,equal,2,1.375,-5.681758462119397
ampicillin,anchor,equal,2,1.4000000000000001,-5.784737202662152
ampicillin,anchor,equal,2,1.425,-5.887678908319282
ampicillin,anchor,equal,2,1.4500000000000002,-5.990580248124902
ampicillin,anchor,equal,2,1.475,-6.093437598186945
ampicillin,anchor,equal,2,1.5,-6.196247016830099
ampicillin,anchor,equal,2,1.5250000000000001,-6.299004217774092
ampicillin,anchor,equal,2,1.55,-6.401704541216841
ampicillin,anchor,equal,2,1.5750000000000002,-6.504342922689537
ampicillin,anchor,equal,2,1.6,-6.606913859546561
ampicillin,anchor,equal,2,1.625,-6.709411374953027
ampicillin,anchor,equal,2,1.6500000000000001,-6.81182897923156
ampicillin,anchor,equal,2,1.675,-6.9141596284328894
ampicillin,anchor,equal,2,1.7000000000000002,-7.0163956799991
ampicillin,anchor,equal,2,1.725,-7.118528845395773
ampicillin,anchor,equal,2,1.75,-7.22055013960072
ampicillin,anchor,equal,2,1.7750000000000001,-7.322449827352586
ampicillin,anchor,equal,2,1.8,-7.424217366082865
ampicillin,anchor,equal,2,1.8250000000000002,-7.525841345482393
ampicillin,anchor,equal,2,1.85,-7.62730942368671
ampicillin,anchor,equal,2,1.875,-7.7286082601070065
ampicillin,anchor,equal,2,1.9000000000000001,-7.829723444984974
ampicillin,anchor,equal,2,1.925,-7.930639425811995
ampicillin,anchor,equal,2,1.9500000000000002,-8.031339430828131
ampicillin,anchor,equal,2,1.975,-8.13180538990314
ampicillin,anchor,equal,2,2.0,-8.232017853206347
ampicillin,anchor,equal,2,2.025,-8.331955908190078
ampicillin,anchor,equal,2,2.0500000000000003,-8.431597095548717
ampicillin,anchor,equal,2,2.075,-8.53091732497299
ampicillin,anchor,equal,2,2.1,-8.629890791680328
ampicillin,anchor,equal,2,2.125,-8.728489894933
ampicillin,anchor,equal,2,2.15,-8.826685159908141
ampicillin,anchor,equal,2,2.1750000000000003,-8.92444516457199
ampicillin,anchor,equal,2,2.2,-9.021736473420082
ampicillin,anchor,equal,2,2.225,-9.11852358021105
ampicillin,anchor,equal,2,2.25,-9.214768862079056
ampicillin,anchor,equal,2,2.275,-9.310432547666409
ampicillin,anchor,equal,2,2.3000000000000003,-9.405472702160829
ampicillin,anchor,equal,2,2.325,-9.499845232340393
ampicillin,anchor,equal,2,2.35,-9.593503914907405
ampicillin,anchor,equal,2,2.375,-9.68640045151318
ampicillin,anchor,equal,2,2.4000000000000004,-9.778484553921263
ampicillin,anchor,equal,2,2.4250000000000003,-9.869704062703013
ampicillin,anchor,equal,2,2.45,-9.960005102687088
ampicillin,anchor,equal,2,2.475,-10.049332278070437
ampicillin,anchor,equal,2,2.5,-10.137628909622144
ampicillin,anchor,equal,2,2.5250000000000004,-10.224837315756849
ampicillin,anchor,equal,2,2.5500000000000003,-10.310899138410221
ampicillin,anchor,equal,2,2.575,-10.395755713611539
ampicillin,anchor,equal,2,2.6,-10.479348485425644
ampicillin,anchor,equal,2,2.625,-10.561619460547728
ampicillin,anchor,equal,2,2.6500000000000004,-10.64251169931395
ampicillin,anchor,equal,2,2.6750000000000003,-10.72196983728875
ampicillin,anchor,equal,2,2.7,-10.799940629968631
ampicillin,anchor,equal,2,2.725,-10.876373511582354
ampicillin,anchor,equal,2,2.75,-10.951221157554496
ampicillin,anchor,equal,2,2.7750000000000004,-11.024440039028155
ampicillin,anchor,equal,2,2.8000000000000003,-11.095990957003282
ampicillin,anchor,equal,2,2.825,-11.16583954322565
ampicillin,anchor,equal,2,2.85,-11.233956715021003
ampicillin,anchor,equal,2,2.875,-11.300319071856208
ampicillin,anchor,equal,2,2.9000000000000004,-11.364909222533125
ampicillin,anchor,equal,2,2.9250000000000003,-11.427716033561959
ampicillin,anchor,equal,2,2.95,-11.48873479136073
ampicillin,anchor,equal,2,2.975,-11.547967273395578
ampicillin,anchor,equal,2,3.0,-11.60542172609475
ampicillin,anchor,equal,2,3.0250000000000004,-11.661112750199285
ampicillin,anchor,equal,2,3.0500000000000003,-11.715061097009517
ampicillin,anchor,equal,2,3.075,-11.767293381604398
ampicillin,anchor,equal,2,3.1,-11.817841721419573
ampicillin,anchor,equal,2,3.125,-11.866743310466186
ampicillin,anchor,equal,2,3.1500000000000004,-11.914039940876576
ampicillin,anchor,equal,2,3.1750000000000003,-11.959777484337826
ampicillin,anchor,equal,2,3.2,-12.004005346311168
ampicillin,anchor,equal,2,3.225,-12.046775905764065
ampicillin,anchor,equal,2,3.25,-12.088143952515374
ampicillin,anchor,equal,2,3.2750000000000004,-12.128166133289268
ampicillin,anchor,equal,2,3.3000000000000003,-12.166900416277576
ampicillin,anchor,equal,2,3.325,-12.20440558251753
ampicillin,anchor,equal,2,3.35,-12.240740750792517
ampicillin,anchor,equal,2,3.375,-12.275964941142723
ampicillin,anchor,equal,2,3.4000000000000004,-12.310136680500944
ampicillin,anchor,equal,2,3.4250000000000003,-12.343313652504404
ampicillin,anchor,equal,2,3.45,-12.37555239221873
ampicillin,anchor,equal,2,3.475,-12.406908025371871
ampicillin,anchor,equal,2,3.5,-12.437434050748557
ampicillin,anchor,equal,2,3.5250000000000004,-12.46718216364003
ampicillin,anchor,equal,2,3.5500000000000003,-12.496202117674896
ampicillin,anchor,equal,2,3.575,-12.524541621958084
ampicillin,anchor,equal,2,3.6,-12.552246270199513
ampicillin,anchor,equal,2,3.625,-12.579359498399988
ampicillin,anchor,equal,2,3.6500000000000004,-12.605922567656945
ampicillin,anchor,equal,2,3.6750000000000003,-12.631974568735568
ampicillin,anchor,equal,2,3.7,-12.657552445200823
ampicillin,anchor,equal,2,3.725,-12.682691032104708
ampicillin,anchor,equal,2,3.75,-12.707423107454506
ampicillin,anchor,equal,2,3.7750000000000004,-12.731779453938648
ampicillin,anchor,equal,2,3.8000000000000003,-12.75578892864501
ampicillin,anchor,equal,2,3.825,-12.779478538764845
ampicillin,anchor,equal,2,3.85,-12.802873521524983
ampicillin,anchor,equal,2,3.875,-12.82599742682922
ampicillin,anchor,equal,2,3.9000000000000004,-12.848872201311059
ampicillin,anchor,equal,2,3.9250000000000003,-12.871518272704094
ampicillin,anchor,equal,2,3.95,-12.893954633620838
ampicillin,anchor,equal,2,3.975,-12.916198923996353
ampicillin,anchor,equal,2,4.0,-12.93826751159971
ampicillin,anchor,equal,2,4.025,-12.960175570144632
ampicillin,anchor,equal,2,4.05,-12.98193715464232
ampicillin,anchor,equal,2,4.075,-13.003565273735234
ampicillin,anchor,equal,2,4.1000000000000005,-13.025071958831978
ampicillin,anchor,equal,2,4.125,-13.046468329932386
ampicillin,anchor,equal,2,4.15,-13.067764658088322
ampicillin,anchor,equal,2,4.175,-13.088970424494248
ampicillin,anchor,equal,2,4.2,-13.110094376237537
ampicillin,anchor,equal,2,4.2250000000000005,-13.131144578771078
ampicillin,anchor,equal,2,4.25,-13.152128465193492
ampicillin,anchor,equal,2,4.275,-13.173052882440723
ampicillin,anchor,equal,2,4.3,-13.193924134506346
ampicillin,anchor,equal,2,4.325,-13.214748022817327
ampicillin,anchor,equal,2,4.3500000000000005,-13.23552988389808
ampicillin,anchor,equal,2,4.375,-13.256274624459074
ampicillin,anchor,equal,2,4.4,-13.276986754047416
ampicillin,anchor,equal,2,4.425,-13.297670415396066
ampicillin,anchor,equal,2,4.45,-13.31832941260637
ampicillin,anchor,equal,2,4.4750000000000005,-13.338967237295266
ampicillin,anchor,equal,2,4.5,-13.359587092834557
ampicillin,anchor,equal,2,4.525,-13.380191916804847
ampicillin,anchor,equal,2,4.55,-13.400784401781692
ampicillin,anchor,equal,2,4.575,-13.421367014565996
ampicillin,anchor,equal,2,4.6000000000000005,-13.441942013965186
ampicillin,anchor,equal,2,4.625,-13.462511467225923
ampicillin,anchor,equal,2,4.65,-13.48307726521357
ampicillin,anchor,equal,2,4.675,-13.503641136427985
ampicillin,anchor,equal,2,4.7,-13.524204659939809
ampicillin,anchor,equal,2,4.7250000000000005,-13.544769277326115
ampicillin,anchor,equal,2,4.75,-13.565336303679258
ampicillin,anchor,equal,2,4.775,-13.58590693775781
ampicillin,anchor,equal,2,4.800000000000001,-13.60648227134389
ampicillin,anchor,equal,2,4.825,-13.627063297866757
ampicillin,anchor,equal,2,4.8500000000000005,-13.64765092034837
ampicillin,anchor,equal,2,4.875,-13.668245958722654
ampicillin,anchor,equal,2,4.9,-13.688849156576532
ampicillin,anchor,equal,2,4.925000000000001,-13.70946118735729
ampicillin,anchor,equal,2,4.95,-13.730082660087518
ampicillin,anchor,equal,2,4.9750000000000005,-13.75071412462599
ampicillin,anchor,equal,2,5.0,-13.771356076509711
ampicillin,anchor,equal,2,5.025,-13.792008961410048
ampicillin,anchor,equal,2,5.050000000000001,-13.812673179233027
ampicillin,anchor,equal,2,5.075,-13.83334908789191
ampicillin,anchor,equal,2,5.1000000000000005,-13.854037006777775
ampicillin,anchor,equal,2,5.125,-13.874737219951971
ampicillin,anchor,equal,2,5.15,-13.895449979082459
ampicillin,anchor,equal,2,5.175000000000001,-13.916175506144285
ampicillin,anchor,equal,2,5.2,-13.936913995902957
ampicillin,anchor,equal,2,5.2250000000000005,-13.957665618197959
ampicillin,anchor,equal,2,5.25,-13.978430520042268
ampicillin,anchor,equal,2,5.275,-13.999208827552593
ampicillin,anchor,equal,2,5.300000000000001,-14.020000647723805
ampicillin,anchor,equal,2,5.325,-14.040806070059979
ampicillin,anchor,equal,2,5.3500000000000005,-14.061625168073567
ampicillin,anchor,equal,2,5.375,-14.082458000663156
ampicillin,anchor,equal,2,5.4,-14.103304613379635
ampicillin,anchor,equal,2,5.425000000000001,-14.124165039589608
ampicillin,anchor,equal,2,5.45,-14.145039301544369
ampicillin,anchor,equal,2,5.4750000000000005,-14.165927411361952
ampicillin,anchor,equal,2,5.5,-14.186829371929278
ampicillin,anchor,equal,2,5.525,-14.207745177730772
ampicillin,anchor,equal,2,5.550000000000001,-14.228674815609384
ampicillin,anchor,equal,2,5.575,-14.249618265465445
ampicillin,anchor,equal,2,5.6000000000000005,-14.270575500898339
ampicillin,anchor,equal,2,5.625,-14.291546489795609
ampicillin,anchor,equal,2,5.65,-14.312531194873696
ampicillin,anchor,equal,2,5.675000000000001,-14.333529574174252
ampicillin,anchor,equal,2,5.7,-14.354541581519573
ampicillin,anchor,equal,2,5.7250000000000005,-14.37556716693043
ampicillin,anchor,equal,2,5.75,-14.396606277009383
ampicillin,anchor,equal,2,5.775,-14.41765885529229
ampicillin,anchor,equal,2,5.800000000000001,-14.438724842570654
ampicillin,anchor,equal,2,5.825,-14.459804177187088
ampicillin,anchor,equal,2,5.8500000000000005,-14.480896795306133
ampicillin,anchor,equal,2,5.875,-14.502002631162343
ampicillin,anchor,equal,2,5.9,-14.523121617287588
ampicillin,anchor,equal,2,5.925000000000001,-14.544253684719118
ampicillin,anchor,equal,2,5.95,-14.565398763190075
ampicillin,anchor,equal,2,5.9750000000000005,-14.58655678130376
ampicillin,anchor,equal,2,6.0,-14.607727666693073
ampicillin,anchor,equal,2,6.025,-14.62891134616625
ampicillin,anchor,equal,2,6.050000000000001,-14.650107745840042
ampicillin,anchor,equal,2,6.075,-14.671316791261367
ampicillin,anchor,equal,2,6.1000000000000005,-14.69253840751835
ampicillin,anchor,equal,2,6.125,-14.713772519341608
ampicillin,anchor,equal,2,6.15,-14.735019051196613
ampicillin,anchor,equal,2,6.175000000000001,-14.756277927367812
ampicillin,anchor,equal,2,6.2,-14.777549072035214
ampicillin,anchor,equal,2,6.2250000000000005,-14.798832409344055
ampicillin,anchor,equal,2,6.25,-14.820127863468056
ampicillin,anchor,equal,2,6.275,-14.841435358666901
ampicillin,anchor,equal,2,6.300000000000001,-14.862754819338296
ampicillin,anchor,equal,2,6.325,-14.884086170065135
ampicillin,anchor,equal,2,6.3500000000000005,-14.905429335658154
ampicillin,anchor,equal,2,6.375,-14.926784241194412
ampicillin,anchor,equal,2,6.4,-14.948150812052008
ampicillin,anchor,equal,2,6.425000000000001,-14.969528973941278
ampicillin,anchor,equal,2,6.45,-14.990918652932814
ampicillin,anchor,equal,2,6.4750000000000005,-15.012319775482554
ampicillin,anchor,equal,2,6.5,-15.03373226845417
ampicillin,anchor,equal,2,6.525,-15.055156059139025
ampicillin,anchor,equal,2,6.550000000000001,-15.076591075273834
ampicillin,anchor,equal,2,6.575,-15.098037245056297
ampicillin,anchor,equal,2,6.6000000000000005,-15.119494497158845
ampicillin,anchor,equal,2,6.625,-15.140962760740617
ampicillin,anchor,equal,2,6.65,-15.162441965457893
ampicillin,anchor,equal,2,6.675000000000001,-15.18393204147309
ampicillin,anchor,equal,2,6.7,-15.205432919462398
ampicillin,anchor,equal,2,6.7250000000000005,-15.226944530622237
ampicillin,anchor,equal,2,6.75,-15.248466806674614
ampicillin,anchor,equal,2,6.775,-15.269999679871466
ampicillin,anchor,equal,2,6.800000000000001,-15.2915430829981
ampicillin,anchor,equal,2,6.825,-15.313096949375772
ampicillin,anchor,equal,2,6.8500000000000005,-15.334661212863553
ampicillin,anchor,equal,2,6.875,-15.356235807859457
ampicillin,anchor,equal,2,6.9,-15.37782066930098
ampicillin,anchor,equal,2,6.925000000000001,-15.399415732665037
ampicillin,anchor,equal,2,6.95,-15.421020933967414
ampicillin,anchor,equal,2,6.9750000000000005,-15.442636209761734
ampicillin,anchor,equal,2,7.0,-15.464261497138011
ampicillin,anchor,equal,3,0.0,0.0
ampicillin,anchor,equal,3,0.025,-0.10259529913165825
ampicillin,anchor,equal,3,0.05,-0.20519042091292586
ampicillin,anchor,equal,3,0.07500000000000001,-0.30778534800302926
ampicillin,anchor,equal,3,0.1,-0.41038006138407057
ampicillin,anchor,equal,3,0.125,-0.5129745402007938
ampicillin,anchor,equal,3,0.15000000000000002,-0.6155687615852254
ampicillin,anchor,equal,3,0.17500000000000002,-0.7181627004647825
ampicillin,anchor,equal,3,0.2,-0.8207563293523094
ampicillin,anchor,equal,3,0.225,-0.9233496181163623
ampicillin,anchor,equal,3,0.25,-1.0259425337298933
ampicillin,anchor,equal,3,0.275,-1.128535039995352
ampicillin,anchor,equal,3,0.30000000000000004,-1.2311270972439858
ampicillin,anchor,equal,3,0.325,-1.3337186620069748
ampicillin,anchor,equal,3,0.35000000000000003,-1.4363096866557739
ampicillin,anchor,equal,3,0.375,-1.5389001190088267
ampicillin,anchor,equal,3,0.4,-1.6414899019015339
ampicillin,anchor,equal,3,0.42500000000000004,-1.7440789727160875
ampicillin,anchor,equal,3,0.45,-1.8466672628674765
ampicillin,anchor,equal,3,0.47500000000000003,-1.949254697241613
ampicillin,anchor,equal,3,0.5,-2.0518411935811867
ampicillin,anchor,equal,3,0.525,-2.154426661814435
ampicillin,anchor,equal,3,0.55,-2.257011003321604
ampicillin,anchor,equal,3,0.5750000000000001,-2.35959411013334
ampicillin,anchor,equal,3,0.6000000000000001,-2.4621758640548506
ampicillin,anchor,equal,3,0.625,-2.564756135708987
ampicillin,anchor,equal,3,0.65,-2.667334783490854
ampicillin,anchor,equal,3,0.675,-2.7699116524259013
ampicillin,anchor,equal,3,0.7000000000000001,-2.8724865729226665
ampicillin,anchor,equal,3,0.7250000000000001,-2.975059359410588
ampicillin,anchor,equal,3,0.75,-3.077629808852533
ampicillin,anchor,equal,3,0.775,-3.18019769912047
ampicillin,anchor,equal,3,0.8,-3.282762787222181
ampicillin,anchor,equal,3,0.8250000000000001,-3.385324807365287
ampicillin,anchor,equal,3,0.8500000000000001,-3.4878834688440477
ampicillin,anchor,equal,3,0.875,-3.590438453732941
ampicillin,anchor,equal,3,0.9,-3.6929894143696544
ampicillin,anchor,equal,3,0.925,-3.795535970608561
ampicillin,anchor,equal,3,0.9500000000000001,-3.8980777068242363
ampicillin,anchor,equal,3,0.9750000000000001,-4.000614168642616
ampicillin,anchor,equal,3,1.0,-4.1031448593754645
ampicillin,anchor,equal,3,1.0250000000000001,-4.205669236132142
ampicillin,anchor,equal,3,1.05,-4.308186705580522
ampicillin,anchor,equal,3,1.075,-4.410696619321061
ampicillin,anchor,equal,3,1.1,-4.513198268853228
ampicillin,anchor,equal,3,1.125,-4.615690880080963
ampicillin,anchor,equal,3,1.1500000000000001,-4.71817360733
ampicillin,anchor,equal,3,1.175,-4.82064552682941
ampicillin,anchor,equal,3,1.2000000000000002,-4.923105629612009
ampicillin,anchor,equal,3,1.225,-5.025552813783423
ampicillin,anchor,equal,3,1.25,-5.127985876106
ampicillin,anchor,equal,3,1.2750000000000001,-5.230403502839112
ampicillin,anchor,equal,3,1.3,-5.332804259773179
ampicillin,anchor,equal,3,1.3250000000000002,-5.435186581389565
ampicillin,anchor,equal,3,1.35,-5.537548759073935
ampicillin,anchor,equal,3,1.375,-5.639888928304678
ampicillin,anchor,equal,3,1.4000000000000001,-5.7422050547329215
ampicillin,anchor,equal,3,1.425,-5.844494919064502
ampicillin,anchor,equal,3,1.4500000000000002,-5.946756100648205
ampicillin,anchor,equal,3,1.475,-6.048985959668447
ampicillin,anchor,equal,3,1.5,-6.1511816178338705
ampicillin,anchor,equal,3,1.5250000000000001,-6.253339937447335
ampicillin,anchor,equal,3,1.55,-6.3554574987356025
ampicillin,anchor,equal,3,1.5750000000000002,-6.457530575311304
ampicillin,anchor,equal,3,1.6,-6.559555107632939
ampicillin,anchor,equal,3,1.625,-6.661526674323671
ampicillin,anchor,equal,3,1.6500000000000001,-6.763440461203407
ampicillin,anchor,equal,3,1.675,-6.865291227885307
ampicillin,anchor,equal,3,1.7000000000000002,-6.967073271783675
ampicillin,anchor,equal,3,1.725,-7.06878038937875
ampicillin,anchor,equal,3,1.75,-7.170405834583448
ampicillin,anchor,equal,3,1.7750000000000001,-7.271942274059398
ampicillin,anchor,equal,3,1.8,-7.373381739334508
ampicillin,anchor,equal,3,1.8250000000000002,-7.474715575582609
ampicillin,anchor,equal,3,1.85,-7.575934386938321
ampicillin,anchor,equal,3,1.875,-7.677027978237572
ampicillin,anchor,equal,3,1.9000000000000001,-7.777985293098317
ampicillin,anchor,equal,3,1.925,-7.878794348285606
ampicillin,anchor,equal,3,1.9500000000000002,-7.979442164344844
ampicillin,anchor,equal,3,1.975,-8.079914692534654
ampicillin,anchor,equal,3,2.0,-8.180196738150691
ampicillin,anchor,equal,3,2.025,-8.28027188040322
ampicillin,anchor,equal,3,2.0500000000000003,-8.38012238909697
ampicillin,anchor,equal,3,2.075,-8.479729138466764
ampicillin,anchor,equal,3,2.1,-8.57907151862834
ampicillin,anchor,equal,3,2.125,-8.6781273452778
ampicillin,anchor,equal,3,2.15,-8.776872768375757
ampicillin,anchor,equal,3,2.1750000000000003,-8.87528218078767
ampicillin,anchor,equal,3,2.2,-8.973328128022638
ampicillin,anchor,equal,3,2.225,-9.070981220448413
ampicillin,anchor,equal,3,2.25,-9.168210049605307
ampicillin,anchor,equal,3,2.275,-9.264981110507737
ampicillin,anchor,equal,3,2.3000000000000003,-9.3612587321035
ampicillin,anchor,equal,3,2.325,-9.45700501835325
ampicillin,anchor,equal,3,2.35,-9.552179802688249
ampicillin,anchor,equal,3,2.375,-9.646740618893313
ampicillin,anchor,equal,3,2.4000000000000004,-9.74064269173222
ampicillin,anchor,equal,3,2.4250000000000003,-9.833838950868605
ampicillin,anchor,equal,3,2.45,-9.926280071818557
ampicillin,anchor,equal,3,2.475,-10.017914547780475
ampicillin,anchor,equal,3,2.5,-10.108688796199889
ampicillin,anchor,equal,3,2.5250000000000004,-10.198547303815499
ampicillin,anchor,equal,3,2.5500000000000003,-10.28743281367335
ampicillin,anchor,equal,3,2.575,-10.375286557161143
ampicillin,anchor,equal,3,2.6,-10.462048533484179
ampicillin,anchor,equal,3,2.625,-10.547657838159934
ampicillin,anchor,equal,3,2.6500000000000004,-10.63205304104041
ampicillin,anchor,equal,3,2.6750000000000003,-10.715172613083073
ampicillin,anchor,equal,3,2.7,-10.796955399596984
ampicillin,anchor,equal,3,2.725,-10.87734113602313
ampicillin,anchor,equal,3,2.75,-10.956271000515581
ampicillin,anchor,equal,3,2.7750000000000004,-11.033688195742233
ampicillin,anchor,equal,3,2.8000000000000003,-11.109538550504645
ampicillin,anchor,equal,3,2.825,-11.18377113008417
ampicillin,anchor,equal,3,2.85,-11.256338842766926
ampicillin,anchor,equal,3,2.875,-11.327199028888728
ampicillin,anchor,equal,3,2.9000000000000004,-11.396314018080488
ampicillin,anchor,equal,3,2.9250000000000003,-11.463651640267164
ampicillin,anchor,equal,3,2.95,-11.52918567644367
ampicillin,anchor,equal,3,2.975,-11.592896236343247
ampicillin,anchor,equal,3,3.0,-11.65477005181679
ampicillin,anchor,equal,3,3.0250000000000004,-11.714800676998705
ampicillin,anchor,equal,3,3.0500000000000003,-11.772988589051165
ampicillin,anchor,equal,3,3.075,-11.829341186320438
ampicillin,anchor,equal,3,3.1,-11.883872683951017
ampicillin,anchor,equal,3,3.125,-11.93660391021167
ampicillin,anchor,equal,3,3.1500000000000004,-11.987562009823789
ampicillin,anchor,equal,3,3.1750000000000003,-12.036780063286528
ampicillin,anchor,equal,3,3.2,-12.084296633437352
ampicillin,anchor,equal,3,3.225,-12.130155252172493
ampicillin,anchor,equal,3,3.25,-12.17440386132784
ampicillin,anchor,equal,3,3.2750000000000004,-12.21709422217344
ampicillin,anchor,equal,3,3.3000000000000003,-12.258281307832533
ampicillin,anchor,equal,3,3.325,-12.298022692260979
ampicillin,anchor,equal,3,3.35,-12.336377948301632
ampicillin,anchor,equal,3,3.375,-12.373408065864544
ampicillin,anchor,equal,3,3.4000000000000004,-12.409174899587178
ampicillin,anchor,equal,3,3.4250000000000003,-12.443740653507339
ampicillin,anchor,equal,3,3.45,-12.477167408433404
ampicillin,anchor,equal,3,3.475,-12.509516695907333
ampicillin,anchor,equal,3,3.5,-12.540849120991403
ampicillin,anchor,equal,3,3.5250000000000004,-12.571224034621375
ampicillin,anchor,equal,3,3.5500000000000003,-12.600699254985182
ampicillin,anchor,equal,3,3.575,-12.629330836325238
ampicillin,anchor,equal,3,3.6,-12.65717288272326
ampicillin,anchor,equal,3,3.625,-12.684277403801245
ampicillin,anchor,equal,3,3.6500000000000004,-12.710694208842853
ampicillin,anchor,equal,3,3.6750000000000003,-12.736470835583695
ampicillin,anchor,equal,3,3.7,-12.761652509811476
ampicillin,anchor,equal,3,3.725,-12.786282131931868
ampicillin,anchor,equal,3,3.75,-12.810400286767338
ampicillin,anchor,equal,3,3.7750000000000004,-12.83404527304109
ampicillin,anchor,equal,3,3.8000000000000003,-12.857253149235083
ampicillin,anchor,equal,3,3.825,-12.880057792781823
ampicillin,anchor,equal,3,3.85,-12.90249096983892
ampicillin,anchor,equal,3,3.875,-12.924582413190848
ampicillin,anchor,equal,3,3.9000000000000004,-12.946359906114335
ampicillin,anchor,equal,3,3.9250000000000003,-12.967849370324986
ampicillin,anchor,equal,3,3.95,-12.989074956387991
ampicillin,anchor,equal,3,3.975,-13.010059135221567
ampicillin,anchor,equal,3,4.0,-13.030822789546328
ampicillin,anchor,equal,3,4.025,-13.051385304335897
ampicillin,anchor,equal,3,4.05,-13.071764655504104
ampicillin,anchor,equal,3,4.075,-13.091977496222608
ampicillin,anchor,equal,3,4.1000000000000005,-13.112039240400522
ampicillin,anchor,equal,3,4.125,-13.131964142976809
ampicillin,anchor,equal,3,4.15,-13.151765376777453
ampicillin,anchor,equal,3,4.175,-13.171455105774772
ampicillin,anchor,equal,3,4.2,-13.191044554659154
ampicillin,anchor,equal,3,4.2250000000000005,-13.210544074690032
ampicillin,anchor,equal,3,4.25,-13.229963205843514
ampicillin,anchor,equal,3,4.275,-13.249310735311125
ampicillin,anchor,equal,3,4.3,-13.268594752434979
ampicillin,anchor,equal,3,4.325,-13.287822700188018
ampicillin,anchor,equal,3,4.3500000000000005,-13.307001423325342
ampicillin,anchor,equal,3,4.375,-13.326137213345133
ampicillin,anchor,equal,3,4.4,-13.345235850406059
ampicillin,anchor,equal,3,4.425,-13.364302642352751
ampicillin,anchor,equal,3,4.45,-13.383342461003297
ampicillin,anchor,equal,3,4.4750000000000005,-13.40235977585231
ampicillin,anchor,equal,3,4.5,-13.421358685341383
ampicillin,anchor,equal,3,4.525,-13.440342945845293
ampicillin,anchor,equal,3,4.55,-13.459315998517964
ampicillin,anchor,equal,3,4.575,-13.478280994137036
ampicillin,anchor,equal,3,4.6000000000000005,-13.49724081608008
ampicillin,anchor,equal,3,4.625,-13.516198101559402
ampicillin,anchor,equal,3,4.65,-13.535155261236063
ampicillin,anchor,equal,3,4.675,-13.554114497327216
ampicillin,anchor,equal,3,4.7,-13.573077820314488
ampicillin,anchor,equal,3,4.7250000000000005,-13.592047064354757
ampicillin,anchor,equal,3,4.75,-13.61102390148843
ampicillin,anchor,equal,3,4.775,-13.630009854734322
ampicillin,anchor,equal,3,4.800000000000001,-13.649006310154371
ampicillin,anchor,equal,3,4.825,-13.668014527965946
ampicillin,anchor,equal,3,4.8500000000000005,-13.687035652774089
ampicillin,anchor,equal,3,4.875,-13.706070722991061
ampicillin,anchor,equal,3,4.9,-13.725120679505764
ampicillin,anchor,equal,3,4.925000000000001,-13.744186373661137
ampicillin,anchor,equal,3,4.95,-13.763268574593368
ampicillin,anchor,equal,3,4.9750000000000005,-13.78236797598283
ampicillin,anchor,equal,3,5.0,-13.80148520226287
ampicillin,anchor,equal,3,5.025,-13.820620814329255
ampicillin,anchor,equal,3,5.050000000000001,-13.839775314789646
ampicillin,anchor,equal,3,5.075,-13.858949152789657
ampicillin,anchor,equal,3,5.1000000000000005,-13.878142728449086
ampicillin,anchor,equal,3,5.125,-13.89735639693945
ampicillin,anchor,equal,3,5.15,-13.916590472231455
ampicillin,anchor,equal,3,5.175000000000001,-13.935845230538773
ampicillin,anchor,equal,3,5.2,-13.95512091348254
ampicillin,anchor,equal,3,5.2250000000000005,-13.974417730998994
ampicillin,anchor,equal,3,5.25,-13.993735864010826
ampicillin,anchor,equal,3,5.275,-14.013075466881416
ampicillin,anchor,equal,3,5.300000000000001,-14.032436669669316
ampicillin,anchor,equal,3,5.325,-14.051819580199194
ampicillin,anchor,equal,3,5.3500000000000005,-14.071224285964025
ampicillin,anchor,equal,3,5.375,-14.090650855872202
ampicillin,anchor,equal,3,5.4,-14.11009934185205
ampicillin,anchor,equal,3,5.425000000000001,-14.129569780325388
ampicillin,anchor,equal,3,5.45,-14.149062193560649
ampicillin,anchor,equal,3,5.4750000000000005,-14.168576590915388
ampicillin,anchor,equal,3,5.5,-14.188112969977103
ampicillin,anchor,equal,3,5.525,-14.207671317610663
ampicillin,anchor,equal,3,5.550000000000001,-14.227251610919875
ampicillin,anchor,equal,3,5.575,-14.24685381813019
ampicillin,anchor,equal,3,5.6000000000000005,-14.266477899398948
ampicillin,anchor,equal,3,5.625,-14.28612380755904
ampicillin,anchor,equal,3,5.65,-14.305791488801395
ampicillin,anchor,equal,3,5.675000000000001,-14.325480883301276
ampicillin,anchor,equal,3,5.7,-14.345191925792939
ampicillin,anchor,equal,3,5.7250000000000005,-14.364924546096857
ampicillin,anchor,equal,3,5.75,-14.384678669603366
ampicillin,anchor,equal,3,5.775,-14.404454217716282
ampicillin,anchor,equal,3,5.800000000000001,-14.424251108259721
ampicillin,anchor,equal,3,5.825,-14.444069255851145
ampicillin,anchor,equal,3,5.8500000000000005,-14.463908572243376
ampicillin,anchor,equal,3,5.875,-14.483768966638072
ampicillin,anchor,equal,3,5.9,-14.503650345973023
ampicillin,anchor,equal,3,5.925000000000001,-14.523552615185396
ampicillin,anchor,equal,3,5.95,-14.54347567745285
ampicillin,anchor,equal,3,5.9750000000000005,-14.56341943441436
ampicillin,anchor,equal,3,6.0,-14.583383786372405
ampicillin,anchor,equal,3,6.025,-14.603368632477999
ampicillin,anchor,equal,3,6.050000000000001,-14.623373870899993
ampicillin,anchor,equal,3,6.075,-14.643399398979938
ampicillin,anchor,equal,3,6.1000000000000005,-14.663445113373655
ampicillin,anchor,equal,3,6.125,-14.683510910180617
ampicillin,anchor,equal,3,6.15,-14.703596685062145
ampicillin,anchor,equal,3,6.175000000000001,-14.7237023333493
ampicillin,anchor,equal,3,6.2,-14.743827750141342
ampicillin,anchor,equal,3,6.2250000000000005,-14.763972830395526
ampicillin,anchor,equal,3,6.25,-14.784137469008897
ampicillin,anchor,equal,3,6.275,-14.804321560892843
ampicillin,anchor,equal,3,6.300000000000001,-14.824525001040847
ampicillin,anchor,equal,3,6.325,-14.84474768459015
ampicillin,anchor,equal,3,6.3500000000000005,-14.86498950687771
ampicillin,anchor,equal,3,6.375,-14.885250363490993
ampicillin,anchor,equal,3,6.4,-14.905530150313991
ampicillin,anchor,equal,3,6.425000000000001,-14.925828763568848
ampicillin,anchor,equal,3,6.45,-14.946146099853506
ampicillin,anchor,equal,3,6.4750000000000005,-14.966482056175632
ampicillin,anchor,equal,3,6.5,-14.986836529983206
ampicillin,anchor,equal,3,6.525,-15.007209419191962
ampicillin,anchor,equal,3,6.550000000000001,-15.027600622210045
ampicillin,anchor,equal,3,6.575,-15.048010037959997
ampicillin,anchor,equal,3,6.6000000000000005,-15.068437565898414
ampicillin,anchor,equal,3,6.625,-15.088883106033382
ampicillin,anchor,equal,3,6.65,-15.109346558939905
ampicillin,anchor,equal,3,6.675000000000001,-15.129827825773516
ampicillin,anchor,equal,3,6.7,-15.150326808282175
ampicillin,anchor,equal,3,6.7250000000000005,-15.170843408816665
ampicillin,anchor,equal,3,6.75,-15.191377530339542
ampicillin,anchor,equal,3,6.775,-15.21192907643281
ampicillin,anchor,equal,3,6.800000000000001,-15.232497951304415
ampicillin,anchor,equal,3,6.825,-15.253084059793672
ampicillin,anchor,equal,3,6.8500000000000005,-15.273687307375678
ampicillin,anchor,equal,3,6.875,-15.294307600164846
ampicillin,anchor,equal,3,6.9,-15.314944844917624
ampicillin,anchor,equal,3,6.925000000000001,-15.33559894903443
ampicillin,anchor,equal,3,6.95,-15.35626982056096
ampicillin,anchor,equal,3,6.9750000000000005,-15.376957368188803
ampicillin,anchor,equal,3,7.0,-15.397661501255552
ampicillin,anchor,equal,4,0.0,0.0
ampicillin,anchor,equal,4,0.025,-0.10275493156749682
ampicillin,anchor,equal,4,0.05,-0.20550969217233808
ampicillin,anchor,equal,4,0.07500000000000001,-0.30826426489863173
ampicillin,anchor,equal,4,0.1,-0.41101863117148774
ampicillin,anchor,equal,4,0.125,-0.5137727705960261
ampicillin,anchor,equal,4,0.15000000000000002,-0.6165266607809443
ampicillin,anchor,equal,4,0.17500000000000002,-0.7192802771451836
ampicillin,anchor,equal,4,0.2,-0.8220335927060947
ampicillin,anchor,equal,4,0.225,-0.9247865778473543
ampicillin,anchor,equal,4,0.25,-1.0275392000647223
ampicillin,anchor,equal,4,0.275,-1.1302914236875496
ampicillin,anchor,equal,4,0.30000000000000004,-1.233043209573754
ampicillin,anchor,equal,4,0.325,-1.335794514775764
ampicillin,anchor,equal,4,0.35000000000000003,-1.4385452921747204
ampicillin,anchor,equal,4,0.375,-1.5412954900799212
ampicillin,anchor,equal,4,0.4,-1.6440450517902983
ampicillin,anchor,equal,4,0.42500000000000004,-1.7467939151143312
ampicillin,anchor,equal,4,0.45,-1.8495420118445438
ampicillin,anchor,equal,4,0.47500000000000003,-1.9522892671823107
ampicillin,anchor,equal,4,0.5,-2.0550355991083706
ampicillin,anchor,equal,4,0.525,-2.1577809176939673
ampicillin,anchor,equal,4,0.55,-2.260525124347122
ampicillin,anchor,equal,4,0.5750000000000001,-2.363268110987959
ampicillin,anchor,equal,4,0.6000000000000001,-2.4660097591465577
ampicillin,anchor,equal,4,0.625,-2.568749938976154
ampicillin,anchor,equal,4,0.65,-2.6714885081737836
ampicillin,anchor,equal,4,0.675,-2.7742253107999346
ampicillin,anchor,equal,4,0.7000000000000001,-2.8769601759877954
ampicillin,anchor,equal,4,0.7250000000000001,-2.9796929165320107
ampicillin,anchor,equal,4,0.75,-3.0824233273457478
ampicillin,anchor,equal,4,0.775,-3.185151183774231
ampicillin,anchor,equal,4,0.8,-3.287876239751243
ampicillin,anchor,equal,4,0.8250000000000001,-3.3905982257845957
ampicillin,anchor,equal,4,0.8500000000000001,-3.493316846754715
ampicillin,anchor,equal,4,0.875,-3.596031779509438
ampicillin,anchor,equal,4,0.9,-3.6987426702364554
ampicillin,anchor,equal,4,0.925,-3.801449131593362
ampicillin,anchor,equal,4,0.9500000000000001,-3.904150739573104
ampicillin,anchor,equal,4,0.9750000000000001,-4.0068470300814525
ampicillin,anchor,equal,4,1.0,-4.109537495199997
ampicillin,anchor,equal,4,1.0250000000000001,-4.212221579107016
ampicillin,anchor,equal,4,1.05,-4.314898673626306
ampicillin,anchor,equal,4,1.075,-4.417568113365111
ampicillin,anchor,equal,4,1.1,-4.5202291704188315
ampicillin,anchor,equal,4,1.125,-4.622881048585842
ampicillin,anchor,equal,4,1.1500000000000001,-4.725522877062695
ampicillin,anchor,equal,4,1.175,-4.828153703569013
ampicillin,anchor,equal,4,1.2000000000000002,-4.9307724868531
ampicillin,anchor,equal,4,1.225,-5.033378088524639
ampicillin,anchor,equal,4,1.25,-5.135969264156379
ampicillin,anchor,equal,4,1.2750000000000001,-5.238544653592376
ampicillin,anchor,equal,4,1.3,-5.341102770395025
ampicillin,anchor,equal,4,1.3250000000000002,-5.443641990358472
ampicillin,anchor,equal,4,1.35,-5.546160539010071
ampicillin,anchor,equal,4,1.375,-5.648656478016033
ampicillin,anchor,equal,4,1.4000000000000001,-5.7511276904014
ampicillin,anchor,equal,4,1.425,-5.853571864488075
ampicillin,anchor,equal,4,1.4500000000000002,-5.9559864764480475
ampicillin,anchor,equal,4,1.475,-6.0583687713627326
ampicillin,anchor,equal,4,1.5,-6.160715742671814
ampicillin,anchor,equal,4,1.5250000000000001,-6.263024109888845
ampicillin,anchor,equal,4,1.55,-6.365290294453197
ampicillin,anchor,equal,4,1.5750000000000002,-6.467510393582379
ampicillin,anchor,equal,4,1.6,-6.569680151981031
ampicillin,anchor,equal,4,1.625,-6.671794931258342
ampicillin,anchor,equal,4,1.6500000000000001,-6.773849676899105
ampicillin,anchor,equal,4,1.675,-6.875838882630883
ampicillin,anchor,equal,4,1.7000000000000002,-6.977756552025088
ampicillin,anchor,equal,4,1.725,-7.079596157170325
ampicillin,anchor,equal,4,1.75,-7.181350594255482
ampicillin,anchor,equal,4,1.7750000000000001,-7.283012135904966
ampicillin,anchor,equal,4,1.8,-7.384572380114283
ampicillin,anchor,equal,4,1.8250000000000002,-7.4860221956453445
ampicillin,anchor,equal,4,1.85,-7.587351663756557
ampicillin,anchor,equal,4,1.875,-7.6885500161638864
ampicillin,anchor,equal,4,1.9000000000000001,-7.7896055691576755
ampicillin,anchor,equal,4,1.925,-7.8905056538359215
ampicillin,anchor,equal,4,1.9500000000000002,-7.991236542460753
ampicillin,anchor,equal,4,1.975,-8.091783371001796
ampicillin,anchor,equal,4,2.0,-8.192130057998652
ampicillin,anchor,equal,4,2.025,-8.292259219958408
ampicillin,anchor,equal,4,2.0500000000000003,-8.392152083604149
ampicillin,anchor,equal,4,2.075,-8.49178839540786
ampicillin,anchor,equal,4,2.1,-8.5911463289676
ampicillin,anchor,equal,4,2.125,-8.690202390980133
ampicillin,anchor,equal,4,2.15,-8.788931326684388
ampicillin,anchor,equal,4,2.1750000000000003,-8.88730602591016
ampicillin,anchor,equal,4,2.2,-8.985297431061294
ampicillin,anchor,equal,4,2.225,-9.082874448623619
ampicillin,anchor,equal,4,2.25,-9.180003866058703
ampicillin,anchor,equal,4,2.275,-9.27665027623536
ampicillin,anchor,equal,4,2.3000000000000003,-9.372776011854993
ampicillin,anchor,equal,4,2.325,-9.46834109263846
ampicillin,anchor,equal,4,2.35,-9.563303188351089
ampicillin,anchor,equal,4,2.375,-9.657617601036456
ampicillin,anchor,equal,4,2.4000000000000004,-9.75123727009406
ampicillin,anchor,equal,4,2.4250000000000003,-9.844112804052477
ampicillin,anchor,equal,4,2.45,-9.93619254303501
ampicillin,anchor,equal,4,2.475,-10.027422655968264
ampicillin,anchor,equal,4,2.5,-10.117747276514233
ampicillin,anchor,equal,4,2.5250000000000004,-10.207108681489952
ampicillin,anchor,equal,4,2.5500000000000003,-10.295447515145135
ampicillin,anchor,equal,4,2.575,-10.382703062073558
ampicillin,anchor,equal,4,2.6,-10.468813570717943
ampicillin,anchor,equal,4,2.625,-10.553716628376325
ampicillin,anchor,equal,4,2.6500000000000004,-10.63734958733129
ampicillin,anchor,equal,4,2.6750000000000003,-10.719650040210011
ampicillin,anchor,equal,4,2.7,-10.800556340974632
ampicillin,anchor,equal,4,2.725,-10.880008166084256
ampicillin,anchor,equal,4,2.75,-10.957947108429599
ampicillin,anchor,equal,4,2.7750000000000004,-11.034317294704321
ampicillin,anchor,equal,4,2.8000000000000003,-11.109066015047265
ampicillin,anchor,equal,4,2.825,-11.18214435217704
ampicillin,anchor,equal,4,2.85,-11.253507795966694
ampicillin,anchor,equal,4,2.875,-11.323116828580762
ampicillin,anchor,equal,4,2.9000000000000004,-11.390937465019823
ampicillin,anchor,equal,4,2.9250000000000003,-11.45694173425958
ampicillin,anchor,equal,4,2.95,-11.521108087173792
ampicillin,anchor,equal,4,2.975,-11.583421719083754
ampicillin,anchor,equal,4,3.0,-11.643874797039942
ampicillin,anchor,equal,4,3.0250000000000004,-11.702466584712043
ampicillin,anchor,equal,4,3.0500000000000003,-11.75920346091537
ampicillin,anchor,equal,4,3.075,-11.814098831166596
ampicillin,anchor,equal,4,3.1,-11.867172935059136
ampicillin,anchor,equal,4,3.125,-11.918452555496366
ampicillin,anchor,equal,4,3.1500000000000004,-11.967970638745037
ampicillin,anchor,equal,4,3.1750000000000003,-12.01576583672768
ampicillin,anchor,equal,4,3.2,-12.061881984851832
ampicillin,anchor,equal,4,3.225,-12.106367529911324
ampicillin,anchor,equal,4,3.25,-12.149274923169655
ampicillin,anchor,equal,4,3.2750000000000004,-12.190659993672686
ampicillin,anchor,equal,4,3.3000000000000003,-12.230581316197657
ampicillin,anchor,equal,4,3.325,-12.26909958711908
ampicillin,anchor,equal,4,3.35,-12.306277019966766
ampicillin,anchor,equal,4,3.375,-12.342176770685453
ampicillin,anchor,equal,4,3.4000000000000004,-12.376862400693692
ampicillin,anchor,equal,4,3.4250000000000003,-12.410397383889839
ampicillin,anchor,equal,4,3.45,-12.442844661856457
ampicillin,anchor,equal,4,3.475,-12.474266249745918
ampicillin,anchor,equal,4,3.5,-12.504722893742477
ampicillin,anchor,equal,4,3.5250000000000004,-12.534273779626114
ampicillin,anchor,equal,4,3.5500000000000003,-12.56297629082729
ampicillin,anchor,equal,4,3.575,-12.59088581346226
ampicillin,anchor,equal,4,3.6,-12.618055585166806
ampicillin,anchor,equal,4,3.625,-12.644536584083367
ampicillin,anchor,equal,4,3.6500000000000004,-12.67037745407944
ampicillin,anchor,equal,4,3.6750000000000003,-12.695624462156296
ampicillin,anchor,equal,4,3.7,-12.720321484019141
ampicillin,anchor,equal,4,3.725,-12.744510013895216
ampicillin,anchor,equal,4,3.75,-12.768229194880046
ampicillin,anchor,equal,4,3.7750000000000004,-12.791515866341289
ampicillin,anchor,equal,4,3.8000000000000003,-12.814404625195001
ampicillin,anchor,equal,4,3.825,-12.836927898174176
ampicillin,anchor,equal,4,3.85,-12.859116022520963
ampicillin,anchor,equal,4,3.875,-12.880997332841753
ampicillin,anchor,equal,4,3.9000000000000004,-12.90259825216045
ampicillin,anchor,equal,4,3.9250000000000003,-12.923943385484334
ampicillin,anchor,equal,4,3.95,-12.94505561445554
ampicillin,anchor,equal,4,3.975,-12.965956191896632
ampicillin,anchor,equal,4,4.0,-12.986664835271068
ampicillin,anchor,equal,4,4.025,-13.007199818267667
ampicillin,anchor,equal,4,4.05,-13.027578059884004
ampicillin,anchor,equal,4,4.075,-13.047815210527544
ampicillin,anchor,equal,4,4.1000000000000005,-13.067925734777395
ampicillin,anchor,equal,4,4.125,-13.08792299055502
ampicillin,anchor,equal,4,4.15,-13.107819304541225
ampicillin,anchor,equal,4,4.175,-13.127626043750448
ampicillin,anchor,equal,4,4.2,-13.147353683235668
ampicillin,anchor,equal,4,4.2250000000000005,-13.167011869944528
ampicillin,anchor,equal,4,4.25,-13.186609482789143
ampicillin,anchor,equal,4,4.275,-13.20615468902178
ampicillin,anchor,equal,4,4.3,-13.225654997032768
ampicillin,anchor,equal,4,4.325,-13.245117305704651
ampicillin,anchor,equal,4,4.3500000000000005,-13.264547950468957
ampicillin,anchor,equal,4,4.375,-13.283952746220256
ampicillin,anchor,equal,4,4.4,-13.303337027246775
ampicillin,anchor,equal,4,4.425,-13.322705684338645
ampicillin,anchor,equal,4,4.45,-13.342063199234442
ampicillin,anchor,equal,4,4.4750000000000005,-13.361413676564235
ampicillin,anchor,equal,4,4.5,-13.380760873443755
ampicillin,anchor,equal,4,4.525,-13.400108226869413
ampicillin,anchor,equal,4,4.55,-13.419458879058302
ampicillin,anchor,equal,4,4.575,-13.43881570087124
ampicillin,anchor,equal,4,4.6000000000000005,-13.45818131345029
ampicillin,anchor,equal,4,4.625,-13.477558108195554
ampicillin,anchor,equal,4,4.65,-13.496948265199242
ampicillin,anchor,equal,4,4.675,-13.516353770248172
ampicillin,anchor,equal,4,4.7,-13.535776430499286
ampicillin,anchor,equal,4,4.7250000000000005,-13.555217888926151
ampicillin,anchor,equal,4,4.75,-13.574679637628224
ampicillin,anchor,equal,4,4.775,-13.594163030088493
ampicillin,anchor,equal,4,4.800000000000001,-13.61366929245937
ampicillin,anchor,equal,4,4.825,-13.633199533951208
ampicillin,anchor,equal,4,4.8500000000000005,-13.652754756392513
ampicillin,anchor,equal,4,4.875,-13.672335863026042
ampicillin,anchor,equal,4,4.9,-13.691943666600327
ampicillin,anchor,equal,4,4.925000000000001,-13.711578896811718
ampicillin,anchor,equal,4,4.95,-13.731242207148044
ampicillin,anchor,equal,4,4.9750000000000005,-13.750934181181092
ampicillin,anchor,equal,4,5.0,-13.770655338351556
ampicillin,anchor,equal,4,5.025,-13.790406139286743
ampicillin,anchor,equal,4,5.050000000000001,-13.810186990688317
ampicillin,anchor,equal,4,5.075,-13.829998249824357
ampicillin,anchor,equal,4,5.1000000000000005,-13.849840228657428
ampicillin,anchor,equal,4,5.125,-13.869713197637864
ampicillin,anchor,equal,4,5.15,-13.889617389189153
ampicillin,anchor,equal,4,5.175000000000001,-13.909553000910188
ampicillin,anchor,equal,4,5.2,-13.92952019851724
ampicillin,anchor,equal,4,5.2250000000000005,-13.949519118546618
ampicillin,anchor,equal,4,5.25,-13.969549870837376
ampicillin,anchor,equal,4,5.275,-13.989612540811835
ampicillin,anchor,equal,4,5.300000000000001,-14.009707191570298
ampicillin,anchor,equal,4,5.325,-14.02983386581499
ampicillin,anchor,equal,4,5.3500000000000005,-14.049992587617103
ampicillin,anchor,equal,4,5.375,-14.070183364039599
ampicillin,anchor,equal,4,5.4,-14.090406186627563
ampicillin,anchor,equal,4,5.425000000000001,-14.110661032776777
ampicillin,anchor,equal,4,5.45,-14.130947866990452
ampicillin,anchor,equal,4,5.4750000000000005,-14.151266642033182
ampicillin,anchor,equal,4,5.5,-14.171617299990467
ampicillin,anchor,equal,4,5.525,-14.191999773241509
ampicillin,anchor,equal,4,5.550000000000001,-14.21241398535225
ampicillin,anchor,equal,4,5.575,-14.23285985189525
ampicillin,anchor,equal,4,5.6000000000000005,-14.253337281202246
ampicillin,anchor,equal,4,5.625,-14.273846175054906
ampicillin,anchor,equal,4,5.65,-14.294386429318829
ampicillin,anchor,equal,4,5.675000000000001,-14.314957934525337
ampicillin,anchor,equal,4,5.7,-14.335560576405358
ampicillin,anchor,equal,4,5.7250000000000005,-14.356194236379288
ampicillin,anchor,equal,4,5.75,-14.376858792006361
ampicillin,anchor,equal,4,5.775,-14.397554117396885
ampicillin,anchor,equal,4,5.800000000000001,-14.4182800835903
ampicillin,anchor,equal,4,5.825,-14.43903655890189
ampicillin,anchor,equal,4,5.8500000000000005,-14.45982340924065
ampicillin,anchor,equal,4,5.875,-14.48064049840066
ampicillin,anchor,equal,4,5.9,-14.501487688328153
ampicillin,anchor,equal,4,5.925000000000001,-14.522364839366196
ampicillin,anchor,equal,4,5.95,-14.543271810478856
ampicillin,anchor,equal,4,5.9750000000000005,-14.564208459456468
ampicillin,anchor,equal,4,6.0,-14.585174643103583
ampicillin,anchor,equal,4,6.025,-14.606170217410963
ampicillin,anchor,equal,4,6.050000000000001,-14.62719503771296
ampicillin,anchor,equal,4,6.075,-14.648248958831418
ampicillin,anchor,equal,4,6.1000000000000005,-14.669331835207245
ampicillin,anchor,equal,4,6.125,-14.690443521020608
ampicillin,anchor,equal,4,6.15,-14.711583870300716
ampicillin,anchor,equal,4,6.175000000000001,-14.732752737025995
ampicillin,anchor,equal,4,6.2,-14.753949975215495
ampicillin,anchor,equal,4,6.2250000000000005,-14.775175439012157
ampicillin,anchor,equal,4,6.25,-14.796428982758709
ampicillin,anchor,equal,4,6.275,-14.817710461066678
ampicillin,anchor,equal,4,6.300000000000001,-14.839019728879169
ampicillin,anchor,equal,4,6.325,-14.860356641527869
ampicillin,anchor,equal,4,6.3500000000000005,-14.881721054784768
ampicillin,anchor,equal,4,6.375,-14.903112824909014
ampicillin,anchor,equal,4,6.4,-14.924531808689295
ampicillin,anchor,equal,4,6.425000000000001,-14.945977863482163
ampicillin,anchor,equal,4,6.45,-14.967450847246539
ampicillin,anchor,equal,4,6.4750000000000005,-14.988950618574808
ampicillin,anchor,equal,4,6.5,-15.010477036720728
ampicillin,anchor,equal,4,6.525,-15.032029961624419
ampicillin,anchor,equal,4,6.550000000000001,-15.05360925393468
ampicillin,anchor,equal,4,6.575,-15.075214775028886
ampicillin,anchor,equal,4,6.6000000000000005,-15.096846387030586
ampicillin,anchor,equal,4,6.625,-15.118503952825073
ampicillin,anchor,equal,4,6.65,-15.140187336073055
ampicillin,anchor,equal,4,6.675000000000001,-15.161896401222577
ampicillin,anchor,equal,4,6.7,-15.183631013519362
ampicillin,anchor,equal,4,6.7250000000000005,-15.20539103901571
ampicillin,anchor,equal,4,6.75,-15.227176344578014
ampicillin,anchor,equal,4,6.775,-15.248986797893119
ampicillin,anchor,equal,4,6.800000000000001,-15.2708222674735
ampicillin,anchor,equal,4,6.825,-15.292682622661447
ampicillin,anchor,equal,4,6.8500000000000005,-15.31456773363232
ampicillin,anchor,equal,4,6.875,-15.336477471396906
ampicillin,anchor,equal,4,6.9,-15.358411707803048
ampicillin,anchor,equal,4,6.925000000000001,-15.380370315536503
ampicillin,anchor,equal,4,6.95,-15.40235316812119
ampicillin,anchor,equal,4,6.9750000000000005,-15.424360139918821
ampicillin,anchor,equal,4,7.0,-15.446391106127994
